2025-10-27 18:16:09,728 - vessel_data_pipeline - INFO - VesselDataFetcher initialized. Pipeline enabled: True
2025-10-27 18:16:09,728 - vessel_data_pipeline - INFO - Starting vessel data fetch operation
2025-10-27 18:16:09,728 - vessel_data_pipeline - INFO - Discovering XML files from Hong Kong Marine Department portal
2025-10-27 18:16:09,764 - vessel_data_pipeline - WARNING - Could not verify access to Arrived_in_last_36_hours.xml: maximum recursion depth exceeded
2025-10-27 18:16:09,776 - vessel_data_pipeline - WARNING - Could not verify access to Departed_in_last_36_hours.xml: maximum recursion depth exceeded
2025-10-27 18:16:09,786 - vessel_data_pipeline - WARNING - Could not verify access to Expected_arrivals.xml: maximum recursion depth exceeded
2025-10-27 18:16:09,795 - vessel_data_pipeline - WARNING - Could not verify access to Expected_departures.xml: maximum recursion depth exceeded
2025-10-27 18:16:09,795 - vessel_data_pipeline - INFO - Discovered 4 XML files for download
2025-10-27 18:16:09,795 - vessel_data_pipeline - INFO - Downloading Arrived_in_last_36_hours.xml (attempt 1/3)
2025-10-27 18:16:09,804 - vessel_data_pipeline - ERROR - Unexpected error downloading Arrived_in_last_36_hours.xml (attempt 1): maximum recursion depth exceeded
2025-10-27 18:16:09,804 - vessel_data_pipeline - INFO - Waiting 5 seconds before retry...
2025-10-27 18:16:14,807 - vessel_data_pipeline - INFO - Downloading Arrived_in_last_36_hours.xml (attempt 2/3)
2025-10-27 18:16:14,820 - vessel_data_pipeline - ERROR - Unexpected error downloading Arrived_in_last_36_hours.xml (attempt 2): maximum recursion depth exceeded
2025-10-27 18:16:14,821 - vessel_data_pipeline - INFO - Waiting 10 seconds before retry...
2025-10-27 18:16:24,822 - vessel_data_pipeline - INFO - Downloading Arrived_in_last_36_hours.xml (attempt 3/3)
2025-10-27 18:16:24,837 - vessel_data_pipeline - ERROR - Unexpected error downloading Arrived_in_last_36_hours.xml (attempt 3): maximum recursion depth exceeded
2025-10-27 18:16:24,837 - vessel_data_pipeline - ERROR - Failed to download Arrived_in_last_36_hours.xml after 3 attempts
2025-10-27 18:16:26,842 - vessel_data_pipeline - INFO - Downloading Departed_in_last_36_hours.xml (attempt 1/3)
2025-10-27 18:16:26,858 - vessel_data_pipeline - ERROR - Unexpected error downloading Departed_in_last_36_hours.xml (attempt 1): maximum recursion depth exceeded
2025-10-27 18:16:26,858 - vessel_data_pipeline - INFO - Waiting 5 seconds before retry...
2025-10-27 18:16:31,859 - vessel_data_pipeline - INFO - Downloading Departed_in_last_36_hours.xml (attempt 2/3)
2025-10-27 18:16:31,877 - vessel_data_pipeline - ERROR - Unexpected error downloading Departed_in_last_36_hours.xml (attempt 2): maximum recursion depth exceeded
2025-10-27 18:16:31,877 - vessel_data_pipeline - INFO - Waiting 10 seconds before retry...
2025-10-27 18:16:41,879 - vessel_data_pipeline - INFO - Downloading Departed_in_last_36_hours.xml (attempt 3/3)
2025-10-27 18:16:41,894 - vessel_data_pipeline - ERROR - Unexpected error downloading Departed_in_last_36_hours.xml (attempt 3): maximum recursion depth exceeded
2025-10-27 18:16:41,895 - vessel_data_pipeline - ERROR - Failed to download Departed_in_last_36_hours.xml after 3 attempts
2025-10-27 18:16:43,899 - vessel_data_pipeline - INFO - Downloading Expected_arrivals.xml (attempt 1/3)
2025-10-27 18:16:43,916 - vessel_data_pipeline - ERROR - Unexpected error downloading Expected_arrivals.xml (attempt 1): maximum recursion depth exceeded
2025-10-27 18:16:43,916 - vessel_data_pipeline - INFO - Waiting 5 seconds before retry...
2025-10-27 18:16:48,918 - vessel_data_pipeline - INFO - Downloading Expected_arrivals.xml (attempt 2/3)
2025-10-27 18:16:48,934 - vessel_data_pipeline - ERROR - Unexpected error downloading Expected_arrivals.xml (attempt 2): maximum recursion depth exceeded
2025-10-27 18:16:48,935 - vessel_data_pipeline - INFO - Waiting 10 seconds before retry...
2025-10-27 18:16:58,940 - vessel_data_pipeline - INFO - Downloading Expected_arrivals.xml (attempt 3/3)
2025-10-27 18:16:58,955 - vessel_data_pipeline - ERROR - Unexpected error downloading Expected_arrivals.xml (attempt 3): maximum recursion depth exceeded
2025-10-27 18:16:58,956 - vessel_data_pipeline - ERROR - Failed to download Expected_arrivals.xml after 3 attempts
2025-10-27 18:17:00,957 - vessel_data_pipeline - INFO - Downloading Expected_departures.xml (attempt 1/3)
2025-10-27 18:17:00,974 - vessel_data_pipeline - ERROR - Unexpected error downloading Expected_departures.xml (attempt 1): maximum recursion depth exceeded
2025-10-27 18:17:00,974 - vessel_data_pipeline - INFO - Waiting 5 seconds before retry...
2025-10-27 18:17:05,975 - vessel_data_pipeline - INFO - Downloading Expected_departures.xml (attempt 2/3)
2025-10-27 18:17:05,994 - vessel_data_pipeline - ERROR - Unexpected error downloading Expected_departures.xml (attempt 2): maximum recursion depth exceeded
2025-10-27 18:17:05,995 - vessel_data_pipeline - INFO - Waiting 10 seconds before retry...
2025-10-27 18:17:15,998 - vessel_data_pipeline - INFO - Downloading Expected_departures.xml (attempt 3/3)
2025-10-27 18:17:16,019 - vessel_data_pipeline - ERROR - Unexpected error downloading Expected_departures.xml (attempt 3): maximum recursion depth exceeded
2025-10-27 18:17:16,019 - vessel_data_pipeline - ERROR - Failed to download Expected_departures.xml after 3 attempts
2025-10-27 18:17:18,021 - vessel_data_pipeline - INFO - Fetch operation completed. Results: {'Arrived_in_last_36_hours.xml': False, 'Departed_in_last_36_hours.xml': False, 'Expected_arrivals.xml': False, 'Expected_departures.xml': False}
2025-10-27 18:17:18,034 - vessel_data_pipeline - INFO - VesselDataFetcher initialized. Pipeline enabled: True
2025-10-27 18:17:18,035 - vessel_data_pipeline - INFO - Starting vessel data fetch operation
2025-10-27 18:17:18,035 - vessel_data_pipeline - INFO - Discovering XML files from Hong Kong Marine Department portal
2025-10-27 18:17:18,049 - vessel_data_pipeline - WARNING - Could not verify access to Arrived_in_last_36_hours.xml: maximum recursion depth exceeded
2025-10-27 18:17:18,060 - vessel_data_pipeline - WARNING - Could not verify access to Departed_in_last_36_hours.xml: maximum recursion depth exceeded
2025-10-27 18:17:18,070 - vessel_data_pipeline - WARNING - Could not verify access to Expected_arrivals.xml: maximum recursion depth exceeded
2025-10-27 18:17:18,083 - vessel_data_pipeline - WARNING - Could not verify access to Expected_departures.xml: maximum recursion depth exceeded
2025-10-27 18:17:18,083 - vessel_data_pipeline - INFO - Discovered 4 XML files for download
2025-10-27 18:17:18,083 - vessel_data_pipeline - INFO - Downloading Arrived_in_last_36_hours.xml (attempt 1/3)
2025-10-27 18:17:18,094 - vessel_data_pipeline - ERROR - Unexpected error downloading Arrived_in_last_36_hours.xml (attempt 1): maximum recursion depth exceeded
2025-10-27 18:17:18,094 - vessel_data_pipeline - INFO - Waiting 5 seconds before retry...
2025-10-27 18:17:23,095 - vessel_data_pipeline - INFO - Downloading Arrived_in_last_36_hours.xml (attempt 2/3)
2025-10-27 18:17:23,115 - vessel_data_pipeline - ERROR - Unexpected error downloading Arrived_in_last_36_hours.xml (attempt 2): maximum recursion depth exceeded
2025-10-27 18:17:23,116 - vessel_data_pipeline - INFO - Waiting 10 seconds before retry...
2025-10-27 18:17:33,117 - vessel_data_pipeline - INFO - Downloading Arrived_in_last_36_hours.xml (attempt 3/3)
2025-10-27 18:17:33,130 - vessel_data_pipeline - ERROR - Unexpected error downloading Arrived_in_last_36_hours.xml (attempt 3): maximum recursion depth exceeded
2025-10-27 18:17:33,130 - vessel_data_pipeline - ERROR - Failed to download Arrived_in_last_36_hours.xml after 3 attempts
2025-10-27 18:17:35,135 - vessel_data_pipeline - INFO - Downloading Departed_in_last_36_hours.xml (attempt 1/3)
2025-10-27 18:17:35,146 - vessel_data_pipeline - ERROR - Unexpected error downloading Departed_in_last_36_hours.xml (attempt 1): maximum recursion depth exceeded
2025-10-27 18:17:35,146 - vessel_data_pipeline - INFO - Waiting 5 seconds before retry...
2025-10-27 18:17:40,151 - vessel_data_pipeline - INFO - Downloading Departed_in_last_36_hours.xml (attempt 2/3)
2025-10-27 18:17:40,163 - vessel_data_pipeline - ERROR - Unexpected error downloading Departed_in_last_36_hours.xml (attempt 2): maximum recursion depth exceeded
2025-10-27 18:17:40,163 - vessel_data_pipeline - INFO - Waiting 10 seconds before retry...
2025-10-27 18:17:50,164 - vessel_data_pipeline - INFO - Downloading Departed_in_last_36_hours.xml (attempt 3/3)
2025-10-27 18:17:50,181 - vessel_data_pipeline - ERROR - Unexpected error downloading Departed_in_last_36_hours.xml (attempt 3): maximum recursion depth exceeded
2025-10-27 18:17:50,181 - vessel_data_pipeline - ERROR - Failed to download Departed_in_last_36_hours.xml after 3 attempts
2025-10-27 18:17:52,185 - vessel_data_pipeline - INFO - Downloading Expected_arrivals.xml (attempt 1/3)
2025-10-27 18:17:52,197 - vessel_data_pipeline - ERROR - Unexpected error downloading Expected_arrivals.xml (attempt 1): maximum recursion depth exceeded
2025-10-27 18:17:52,197 - vessel_data_pipeline - INFO - Waiting 5 seconds before retry...
2025-10-27 18:17:57,200 - vessel_data_pipeline - INFO - Downloading Expected_arrivals.xml (attempt 2/3)
2025-10-27 18:17:57,220 - vessel_data_pipeline - ERROR - Unexpected error downloading Expected_arrivals.xml (attempt 2): maximum recursion depth exceeded
2025-10-27 18:17:57,222 - vessel_data_pipeline - INFO - Waiting 10 seconds before retry...
2025-10-27 18:18:07,223 - vessel_data_pipeline - INFO - Downloading Expected_arrivals.xml (attempt 3/3)
2025-10-27 18:18:07,237 - vessel_data_pipeline - ERROR - Unexpected error downloading Expected_arrivals.xml (attempt 3): maximum recursion depth exceeded
2025-10-27 18:18:07,237 - vessel_data_pipeline - ERROR - Failed to download Expected_arrivals.xml after 3 attempts
2025-10-27 18:18:09,240 - vessel_data_pipeline - INFO - Downloading Expected_departures.xml (attempt 1/3)
2025-10-27 18:18:09,256 - vessel_data_pipeline - ERROR - Unexpected error downloading Expected_departures.xml (attempt 1): maximum recursion depth exceeded
2025-10-27 18:18:09,256 - vessel_data_pipeline - INFO - Waiting 5 seconds before retry...
2025-10-27 18:18:14,259 - vessel_data_pipeline - INFO - Downloading Expected_departures.xml (attempt 2/3)
2025-10-27 18:18:14,274 - vessel_data_pipeline - ERROR - Unexpected error downloading Expected_departures.xml (attempt 2): maximum recursion depth exceeded
2025-10-27 18:18:14,274 - vessel_data_pipeline - INFO - Waiting 10 seconds before retry...
2025-10-27 18:18:24,275 - vessel_data_pipeline - INFO - Downloading Expected_departures.xml (attempt 3/3)
2025-10-27 18:18:24,295 - vessel_data_pipeline - ERROR - Unexpected error downloading Expected_departures.xml (attempt 3): maximum recursion depth exceeded
2025-10-27 18:18:24,296 - vessel_data_pipeline - ERROR - Failed to download Expected_departures.xml after 3 attempts
2025-10-27 18:18:26,300 - vessel_data_pipeline - INFO - Fetch operation completed. Results: {'Arrived_in_last_36_hours.xml': False, 'Departed_in_last_36_hours.xml': False, 'Expected_arrivals.xml': False, 'Expected_departures.xml': False}
2025-10-27 18:18:26,312 - vessel_data_pipeline - INFO - VesselDataFetcher initialized. Pipeline enabled: True
2025-10-27 18:18:26,313 - vessel_data_pipeline - INFO - Starting vessel data fetch operation
2025-10-27 18:18:26,313 - vessel_data_pipeline - INFO - Discovering XML files from Hong Kong Marine Department portal
2025-10-27 18:18:26,324 - vessel_data_pipeline - WARNING - Could not verify access to Arrived_in_last_36_hours.xml: maximum recursion depth exceeded
2025-10-27 18:18:26,337 - vessel_data_pipeline - WARNING - Could not verify access to Departed_in_last_36_hours.xml: maximum recursion depth exceeded
2025-10-27 18:18:26,350 - vessel_data_pipeline - WARNING - Could not verify access to Expected_arrivals.xml: maximum recursion depth exceeded
2025-10-27 18:18:26,362 - vessel_data_pipeline - WARNING - Could not verify access to Expected_departures.xml: maximum recursion depth exceeded
2025-10-27 18:18:26,363 - vessel_data_pipeline - INFO - Discovered 4 XML files for download
2025-10-27 18:18:26,363 - vessel_data_pipeline - INFO - Downloading Arrived_in_last_36_hours.xml (attempt 1/3)
2025-10-27 18:18:26,372 - vessel_data_pipeline - ERROR - Unexpected error downloading Arrived_in_last_36_hours.xml (attempt 1): maximum recursion depth exceeded
2025-10-27 18:18:26,373 - vessel_data_pipeline - INFO - Waiting 5 seconds before retry...
2025-10-27 18:18:31,378 - vessel_data_pipeline - INFO - Downloading Arrived_in_last_36_hours.xml (attempt 2/3)
2025-10-27 18:18:31,399 - vessel_data_pipeline - ERROR - Unexpected error downloading Arrived_in_last_36_hours.xml (attempt 2): maximum recursion depth exceeded
2025-10-27 18:18:31,400 - vessel_data_pipeline - INFO - Waiting 10 seconds before retry...
2025-10-27 18:18:41,403 - vessel_data_pipeline - INFO - Downloading Arrived_in_last_36_hours.xml (attempt 3/3)
2025-10-27 18:18:41,424 - vessel_data_pipeline - ERROR - Unexpected error downloading Arrived_in_last_36_hours.xml (attempt 3): maximum recursion depth exceeded
2025-10-27 18:18:41,425 - vessel_data_pipeline - ERROR - Failed to download Arrived_in_last_36_hours.xml after 3 attempts
2025-10-27 18:18:43,426 - vessel_data_pipeline - INFO - Downloading Departed_in_last_36_hours.xml (attempt 1/3)
2025-10-27 18:18:43,443 - vessel_data_pipeline - ERROR - Unexpected error downloading Departed_in_last_36_hours.xml (attempt 1): maximum recursion depth exceeded
2025-10-27 18:18:43,444 - vessel_data_pipeline - INFO - Waiting 5 seconds before retry...
2025-10-27 18:18:48,449 - vessel_data_pipeline - INFO - Downloading Departed_in_last_36_hours.xml (attempt 2/3)
2025-10-27 18:18:48,459 - vessel_data_pipeline - ERROR - Unexpected error downloading Departed_in_last_36_hours.xml (attempt 2): maximum recursion depth exceeded
2025-10-27 18:18:48,459 - vessel_data_pipeline - INFO - Waiting 10 seconds before retry...
2025-10-27 18:18:58,462 - vessel_data_pipeline - INFO - Downloading Departed_in_last_36_hours.xml (attempt 3/3)
2025-10-27 18:18:58,484 - vessel_data_pipeline - ERROR - Unexpected error downloading Departed_in_last_36_hours.xml (attempt 3): maximum recursion depth exceeded
2025-10-27 18:18:58,486 - vessel_data_pipeline - ERROR - Failed to download Departed_in_last_36_hours.xml after 3 attempts
2025-10-27 18:19:00,491 - vessel_data_pipeline - INFO - Downloading Expected_arrivals.xml (attempt 1/3)
2025-10-27 18:19:00,507 - vessel_data_pipeline - ERROR - Unexpected error downloading Expected_arrivals.xml (attempt 1): maximum recursion depth exceeded
2025-10-27 18:19:00,508 - vessel_data_pipeline - INFO - Waiting 5 seconds before retry...
2025-10-27 18:19:05,513 - vessel_data_pipeline - INFO - Downloading Expected_arrivals.xml (attempt 2/3)
2025-10-27 18:19:05,523 - vessel_data_pipeline - ERROR - Unexpected error downloading Expected_arrivals.xml (attempt 2): maximum recursion depth exceeded
2025-10-27 18:19:05,523 - vessel_data_pipeline - INFO - Waiting 10 seconds before retry...
2025-10-27 18:19:15,527 - vessel_data_pipeline - INFO - Downloading Expected_arrivals.xml (attempt 3/3)
2025-10-27 18:19:15,548 - vessel_data_pipeline - ERROR - Unexpected error downloading Expected_arrivals.xml (attempt 3): maximum recursion depth exceeded
2025-10-27 18:19:15,549 - vessel_data_pipeline - ERROR - Failed to download Expected_arrivals.xml after 3 attempts
2025-10-27 18:19:17,554 - vessel_data_pipeline - INFO - Downloading Expected_departures.xml (attempt 1/3)
2025-10-27 18:19:17,566 - vessel_data_pipeline - ERROR - Unexpected error downloading Expected_departures.xml (attempt 1): maximum recursion depth exceeded
2025-10-27 18:19:17,566 - vessel_data_pipeline - INFO - Waiting 5 seconds before retry...
2025-10-27 18:19:22,571 - vessel_data_pipeline - INFO - Downloading Expected_departures.xml (attempt 2/3)
2025-10-27 18:19:22,588 - vessel_data_pipeline - ERROR - Unexpected error downloading Expected_departures.xml (attempt 2): maximum recursion depth exceeded
2025-10-27 18:19:22,589 - vessel_data_pipeline - INFO - Waiting 10 seconds before retry...
2025-10-27 18:19:32,594 - vessel_data_pipeline - INFO - Downloading Expected_departures.xml (attempt 3/3)
2025-10-27 18:19:32,615 - vessel_data_pipeline - ERROR - Unexpected error downloading Expected_departures.xml (attempt 3): maximum recursion depth exceeded
2025-10-27 18:19:32,615 - vessel_data_pipeline - ERROR - Failed to download Expected_departures.xml after 3 attempts
2025-10-27 18:19:34,620 - vessel_data_pipeline - INFO - Fetch operation completed. Results: {'Arrived_in_last_36_hours.xml': False, 'Departed_in_last_36_hours.xml': False, 'Expected_arrivals.xml': False, 'Expected_departures.xml': False}
2025-10-27 18:19:34,630 - vessel_data_pipeline - INFO - VesselDataFetcher initialized. Pipeline enabled: True
2025-10-27 18:19:34,630 - vessel_data_pipeline - INFO - Starting vessel data fetch operation
2025-10-27 18:19:34,630 - vessel_data_pipeline - INFO - Discovering XML files from Hong Kong Marine Department portal
2025-10-27 18:19:34,642 - vessel_data_pipeline - WARNING - Could not verify access to Arrived_in_last_36_hours.xml: maximum recursion depth exceeded
2025-10-27 18:19:34,653 - vessel_data_pipeline - WARNING - Could not verify access to Departed_in_last_36_hours.xml: maximum recursion depth exceeded
2025-10-27 18:19:34,672 - vessel_data_pipeline - WARNING - Could not verify access to Expected_arrivals.xml: maximum recursion depth exceeded
2025-10-27 18:19:34,685 - vessel_data_pipeline - WARNING - Could not verify access to Expected_departures.xml: maximum recursion depth exceeded
2025-10-27 18:19:34,685 - vessel_data_pipeline - INFO - Discovered 4 XML files for download
2025-10-27 18:19:34,685 - vessel_data_pipeline - INFO - Downloading Arrived_in_last_36_hours.xml (attempt 1/3)
2025-10-27 18:19:34,695 - vessel_data_pipeline - ERROR - Unexpected error downloading Arrived_in_last_36_hours.xml (attempt 1): maximum recursion depth exceeded
2025-10-27 18:19:34,695 - vessel_data_pipeline - INFO - Waiting 5 seconds before retry...
2025-10-27 18:19:39,697 - vessel_data_pipeline - INFO - Downloading Arrived_in_last_36_hours.xml (attempt 2/3)
2025-10-27 18:19:39,718 - vessel_data_pipeline - ERROR - Unexpected error downloading Arrived_in_last_36_hours.xml (attempt 2): maximum recursion depth exceeded
2025-10-27 18:19:39,719 - vessel_data_pipeline - INFO - Waiting 10 seconds before retry...
2025-10-27 18:19:49,723 - vessel_data_pipeline - INFO - Downloading Arrived_in_last_36_hours.xml (attempt 3/3)
2025-10-27 18:19:49,742 - vessel_data_pipeline - ERROR - Unexpected error downloading Arrived_in_last_36_hours.xml (attempt 3): maximum recursion depth exceeded
2025-10-27 18:19:49,742 - vessel_data_pipeline - ERROR - Failed to download Arrived_in_last_36_hours.xml after 3 attempts
2025-10-27 18:19:51,747 - vessel_data_pipeline - INFO - Downloading Departed_in_last_36_hours.xml (attempt 1/3)
2025-10-27 18:19:51,762 - vessel_data_pipeline - ERROR - Unexpected error downloading Departed_in_last_36_hours.xml (attempt 1): maximum recursion depth exceeded
2025-10-27 18:19:51,763 - vessel_data_pipeline - INFO - Waiting 5 seconds before retry...
2025-10-27 18:19:56,768 - vessel_data_pipeline - INFO - Downloading Departed_in_last_36_hours.xml (attempt 2/3)
2025-10-27 18:19:56,780 - vessel_data_pipeline - ERROR - Unexpected error downloading Departed_in_last_36_hours.xml (attempt 2): maximum recursion depth exceeded
2025-10-27 18:19:56,780 - vessel_data_pipeline - INFO - Waiting 10 seconds before retry...
2025-10-27 18:20:06,783 - vessel_data_pipeline - INFO - Downloading Departed_in_last_36_hours.xml (attempt 3/3)
2025-10-27 18:20:06,796 - vessel_data_pipeline - ERROR - Unexpected error downloading Departed_in_last_36_hours.xml (attempt 3): maximum recursion depth exceeded
2025-10-27 18:20:06,796 - vessel_data_pipeline - ERROR - Failed to download Departed_in_last_36_hours.xml after 3 attempts
2025-10-27 18:20:08,796 - vessel_data_pipeline - INFO - Downloading Expected_arrivals.xml (attempt 1/3)
2025-10-27 18:20:08,807 - vessel_data_pipeline - ERROR - Unexpected error downloading Expected_arrivals.xml (attempt 1): maximum recursion depth exceeded
2025-10-27 18:20:08,807 - vessel_data_pipeline - INFO - Waiting 5 seconds before retry...
2025-10-27 18:20:13,812 - vessel_data_pipeline - INFO - Downloading Expected_arrivals.xml (attempt 2/3)
2025-10-27 18:20:13,833 - vessel_data_pipeline - ERROR - Unexpected error downloading Expected_arrivals.xml (attempt 2): maximum recursion depth exceeded
2025-10-27 18:20:13,834 - vessel_data_pipeline - INFO - Waiting 10 seconds before retry...
2025-10-27 18:20:23,835 - vessel_data_pipeline - INFO - Downloading Expected_arrivals.xml (attempt 3/3)
2025-10-27 18:20:23,846 - vessel_data_pipeline - ERROR - Unexpected error downloading Expected_arrivals.xml (attempt 3): maximum recursion depth exceeded
2025-10-27 18:20:23,846 - vessel_data_pipeline - ERROR - Failed to download Expected_arrivals.xml after 3 attempts
2025-10-27 18:20:25,849 - vessel_data_pipeline - INFO - Downloading Expected_departures.xml (attempt 1/3)
2025-10-27 18:20:25,861 - vessel_data_pipeline - ERROR - Unexpected error downloading Expected_departures.xml (attempt 1): maximum recursion depth exceeded
2025-10-27 18:20:25,861 - vessel_data_pipeline - INFO - Waiting 5 seconds before retry...
2025-10-27 18:20:30,862 - vessel_data_pipeline - INFO - Downloading Expected_departures.xml (attempt 2/3)
2025-10-27 18:20:30,886 - vessel_data_pipeline - ERROR - Unexpected error downloading Expected_departures.xml (attempt 2): maximum recursion depth exceeded
2025-10-27 18:20:30,886 - vessel_data_pipeline - INFO - Waiting 10 seconds before retry...
2025-10-27 18:20:40,889 - vessel_data_pipeline - INFO - Downloading Expected_departures.xml (attempt 3/3)
2025-10-27 18:20:40,907 - vessel_data_pipeline - ERROR - Unexpected error downloading Expected_departures.xml (attempt 3): maximum recursion depth exceeded
2025-10-27 18:20:40,907 - vessel_data_pipeline - ERROR - Failed to download Expected_departures.xml after 3 attempts
2025-10-27 18:20:42,909 - vessel_data_pipeline - INFO - Fetch operation completed. Results: {'Arrived_in_last_36_hours.xml': False, 'Departed_in_last_36_hours.xml': False, 'Expected_arrivals.xml': False, 'Expected_departures.xml': False}
2025-10-27 18:21:35,639 - vessel_data_pipeline - INFO - VesselDataFetcher initialized. Pipeline enabled: True
2025-10-27 18:21:35,641 - vessel_data_pipeline - INFO - Starting vessel data fetch operation
2025-10-27 18:21:35,641 - vessel_data_pipeline - INFO - Discovering XML files from Hong Kong Marine Department portal
2025-10-27 18:21:35,655 - vessel_data_pipeline - WARNING - Could not verify access to Arrived_in_last_36_hours.xml: maximum recursion depth exceeded
2025-10-27 18:21:35,669 - vessel_data_pipeline - WARNING - Could not verify access to Departed_in_last_36_hours.xml: maximum recursion depth exceeded
2025-10-27 18:21:35,679 - vessel_data_pipeline - WARNING - Could not verify access to Expected_arrivals.xml: maximum recursion depth exceeded
2025-10-27 18:21:35,689 - vessel_data_pipeline - WARNING - Could not verify access to Expected_departures.xml: maximum recursion depth exceeded
2025-10-27 18:21:35,689 - vessel_data_pipeline - INFO - Discovered 4 XML files for download
2025-10-27 18:21:35,689 - vessel_data_pipeline - INFO - Downloading Arrived_in_last_36_hours.xml (attempt 1/3)
2025-10-27 18:21:35,699 - vessel_data_pipeline - ERROR - Unexpected error downloading Arrived_in_last_36_hours.xml (attempt 1): maximum recursion depth exceeded
2025-10-27 18:21:35,699 - vessel_data_pipeline - INFO - Waiting 5 seconds before retry...
2025-10-27 18:21:40,703 - vessel_data_pipeline - INFO - Downloading Arrived_in_last_36_hours.xml (attempt 2/3)
2025-10-27 18:21:40,726 - vessel_data_pipeline - ERROR - Unexpected error downloading Arrived_in_last_36_hours.xml (attempt 2): maximum recursion depth exceeded
2025-10-27 18:21:40,727 - vessel_data_pipeline - INFO - Waiting 10 seconds before retry...
2025-10-27 18:21:50,729 - vessel_data_pipeline - INFO - Downloading Arrived_in_last_36_hours.xml (attempt 3/3)
2025-10-27 18:21:50,751 - vessel_data_pipeline - ERROR - Unexpected error downloading Arrived_in_last_36_hours.xml (attempt 3): maximum recursion depth exceeded
2025-10-27 18:21:50,751 - vessel_data_pipeline - ERROR - Failed to download Arrived_in_last_36_hours.xml after 3 attempts
2025-10-27 18:21:52,757 - vessel_data_pipeline - INFO - Downloading Departed_in_last_36_hours.xml (attempt 1/3)
2025-10-27 18:21:52,776 - vessel_data_pipeline - ERROR - Unexpected error downloading Departed_in_last_36_hours.xml (attempt 1): maximum recursion depth exceeded
2025-10-27 18:21:52,777 - vessel_data_pipeline - INFO - Waiting 5 seconds before retry...
2025-10-27 18:21:57,780 - vessel_data_pipeline - INFO - Downloading Departed_in_last_36_hours.xml (attempt 2/3)
2025-10-27 18:21:57,800 - vessel_data_pipeline - ERROR - Unexpected error downloading Departed_in_last_36_hours.xml (attempt 2): maximum recursion depth exceeded
2025-10-27 18:21:57,801 - vessel_data_pipeline - INFO - Waiting 10 seconds before retry...
2025-10-27 18:22:07,806 - vessel_data_pipeline - INFO - Downloading Departed_in_last_36_hours.xml (attempt 3/3)
2025-10-27 18:22:07,826 - vessel_data_pipeline - ERROR - Unexpected error downloading Departed_in_last_36_hours.xml (attempt 3): maximum recursion depth exceeded
2025-10-27 18:22:07,827 - vessel_data_pipeline - ERROR - Failed to download Departed_in_last_36_hours.xml after 3 attempts
2025-10-27 18:22:09,828 - vessel_data_pipeline - INFO - Downloading Expected_arrivals.xml (attempt 1/3)
2025-10-27 18:22:09,840 - vessel_data_pipeline - ERROR - Unexpected error downloading Expected_arrivals.xml (attempt 1): maximum recursion depth exceeded
2025-10-27 18:22:09,841 - vessel_data_pipeline - INFO - Waiting 5 seconds before retry...
2025-10-27 18:22:14,846 - vessel_data_pipeline - INFO - Downloading Expected_arrivals.xml (attempt 2/3)
2025-10-27 18:22:14,869 - vessel_data_pipeline - ERROR - Unexpected error downloading Expected_arrivals.xml (attempt 2): maximum recursion depth exceeded
2025-10-27 18:22:14,869 - vessel_data_pipeline - INFO - Waiting 10 seconds before retry...
2025-10-27 18:22:24,873 - vessel_data_pipeline - INFO - Downloading Expected_arrivals.xml (attempt 3/3)
2025-10-27 18:22:24,894 - vessel_data_pipeline - ERROR - Unexpected error downloading Expected_arrivals.xml (attempt 3): maximum recursion depth exceeded
2025-10-27 18:22:24,895 - vessel_data_pipeline - ERROR - Failed to download Expected_arrivals.xml after 3 attempts
2025-10-27 18:22:26,900 - vessel_data_pipeline - INFO - Downloading Expected_departures.xml (attempt 1/3)
2025-10-27 18:22:26,914 - vessel_data_pipeline - ERROR - Unexpected error downloading Expected_departures.xml (attempt 1): maximum recursion depth exceeded
2025-10-27 18:22:26,915 - vessel_data_pipeline - INFO - Waiting 5 seconds before retry...
2025-10-27 18:22:31,920 - vessel_data_pipeline - INFO - Downloading Expected_departures.xml (attempt 2/3)
2025-10-27 18:22:31,944 - vessel_data_pipeline - ERROR - Unexpected error downloading Expected_departures.xml (attempt 2): maximum recursion depth exceeded
2025-10-27 18:22:31,945 - vessel_data_pipeline - INFO - Waiting 10 seconds before retry...
2025-10-27 18:22:41,946 - vessel_data_pipeline - INFO - Downloading Expected_departures.xml (attempt 3/3)
2025-10-27 18:22:41,973 - vessel_data_pipeline - ERROR - Unexpected error downloading Expected_departures.xml (attempt 3): maximum recursion depth exceeded
2025-10-27 18:22:41,975 - vessel_data_pipeline - ERROR - Failed to download Expected_departures.xml after 3 attempts
2025-10-27 18:22:43,980 - vessel_data_pipeline - INFO - Fetch operation completed. Results: {'Arrived_in_last_36_hours.xml': False, 'Departed_in_last_36_hours.xml': False, 'Expected_arrivals.xml': False, 'Expected_departures.xml': False}
2025-10-27 18:22:43,991 - vessel_data_pipeline - INFO - VesselDataFetcher initialized. Pipeline enabled: True
2025-10-27 18:22:43,991 - vessel_data_pipeline - INFO - Starting vessel data fetch operation
2025-10-27 18:22:43,991 - vessel_data_pipeline - INFO - Discovering XML files from Hong Kong Marine Department portal
2025-10-27 18:22:44,023 - vessel_data_pipeline - WARNING - Could not verify access to Arrived_in_last_36_hours.xml: maximum recursion depth exceeded
2025-10-27 18:22:44,042 - vessel_data_pipeline - WARNING - Could not verify access to Departed_in_last_36_hours.xml: maximum recursion depth exceeded
2025-10-27 18:22:44,061 - vessel_data_pipeline - WARNING - Could not verify access to Expected_arrivals.xml: maximum recursion depth exceeded
2025-10-27 18:22:44,076 - vessel_data_pipeline - WARNING - Could not verify access to Expected_departures.xml: maximum recursion depth exceeded
2025-10-27 18:22:44,076 - vessel_data_pipeline - INFO - Discovered 4 XML files for download
2025-10-27 18:22:44,076 - vessel_data_pipeline - INFO - Downloading Arrived_in_last_36_hours.xml (attempt 1/3)
2025-10-27 18:22:44,093 - vessel_data_pipeline - ERROR - Unexpected error downloading Arrived_in_last_36_hours.xml (attempt 1): maximum recursion depth exceeded
2025-10-27 18:22:44,093 - vessel_data_pipeline - INFO - Waiting 5 seconds before retry...
2025-10-27 18:22:49,098 - vessel_data_pipeline - INFO - Downloading Arrived_in_last_36_hours.xml (attempt 2/3)
2025-10-27 18:22:49,117 - vessel_data_pipeline - ERROR - Unexpected error downloading Arrived_in_last_36_hours.xml (attempt 2): maximum recursion depth exceeded
2025-10-27 18:22:49,118 - vessel_data_pipeline - INFO - Waiting 10 seconds before retry...
2025-10-27 18:22:59,119 - vessel_data_pipeline - INFO - Downloading Arrived_in_last_36_hours.xml (attempt 3/3)
2025-10-27 18:22:59,134 - vessel_data_pipeline - ERROR - Unexpected error downloading Arrived_in_last_36_hours.xml (attempt 3): maximum recursion depth exceeded
2025-10-27 18:22:59,135 - vessel_data_pipeline - ERROR - Failed to download Arrived_in_last_36_hours.xml after 3 attempts
2025-10-27 18:23:01,140 - vessel_data_pipeline - INFO - Downloading Departed_in_last_36_hours.xml (attempt 1/3)
2025-10-27 18:23:01,154 - vessel_data_pipeline - ERROR - Unexpected error downloading Departed_in_last_36_hours.xml (attempt 1): maximum recursion depth exceeded
2025-10-27 18:23:01,155 - vessel_data_pipeline - INFO - Waiting 5 seconds before retry...
2025-10-27 18:23:06,157 - vessel_data_pipeline - INFO - Downloading Departed_in_last_36_hours.xml (attempt 2/3)
2025-10-27 18:23:06,170 - vessel_data_pipeline - ERROR - Unexpected error downloading Departed_in_last_36_hours.xml (attempt 2): maximum recursion depth exceeded
2025-10-27 18:23:06,170 - vessel_data_pipeline - INFO - Waiting 10 seconds before retry...
2025-10-27 18:23:16,171 - vessel_data_pipeline - INFO - Downloading Departed_in_last_36_hours.xml (attempt 3/3)
2025-10-27 18:23:16,182 - vessel_data_pipeline - ERROR - Unexpected error downloading Departed_in_last_36_hours.xml (attempt 3): maximum recursion depth exceeded
2025-10-27 18:23:16,183 - vessel_data_pipeline - ERROR - Failed to download Departed_in_last_36_hours.xml after 3 attempts
2025-10-27 18:23:18,188 - vessel_data_pipeline - INFO - Downloading Expected_arrivals.xml (attempt 1/3)
2025-10-27 18:23:18,205 - vessel_data_pipeline - ERROR - Unexpected error downloading Expected_arrivals.xml (attempt 1): maximum recursion depth exceeded
2025-10-27 18:23:18,206 - vessel_data_pipeline - INFO - Waiting 5 seconds before retry...
2025-10-27 18:23:23,212 - vessel_data_pipeline - INFO - Downloading Expected_arrivals.xml (attempt 2/3)
2025-10-27 18:23:23,225 - vessel_data_pipeline - ERROR - Unexpected error downloading Expected_arrivals.xml (attempt 2): maximum recursion depth exceeded
2025-10-27 18:23:23,225 - vessel_data_pipeline - INFO - Waiting 10 seconds before retry...
2025-10-27 18:23:33,228 - vessel_data_pipeline - INFO - Downloading Expected_arrivals.xml (attempt 3/3)
2025-10-27 18:23:33,241 - vessel_data_pipeline - ERROR - Unexpected error downloading Expected_arrivals.xml (attempt 3): maximum recursion depth exceeded
2025-10-27 18:23:33,241 - vessel_data_pipeline - ERROR - Failed to download Expected_arrivals.xml after 3 attempts
2025-10-27 18:23:35,242 - vessel_data_pipeline - INFO - Downloading Expected_departures.xml (attempt 1/3)
2025-10-27 18:23:35,253 - vessel_data_pipeline - ERROR - Unexpected error downloading Expected_departures.xml (attempt 1): maximum recursion depth exceeded
2025-10-27 18:23:35,253 - vessel_data_pipeline - INFO - Waiting 5 seconds before retry...
2025-10-27 18:23:40,256 - vessel_data_pipeline - INFO - Downloading Expected_departures.xml (attempt 2/3)
2025-10-27 18:23:40,279 - vessel_data_pipeline - ERROR - Unexpected error downloading Expected_departures.xml (attempt 2): maximum recursion depth exceeded
2025-10-27 18:23:40,280 - vessel_data_pipeline - INFO - Waiting 10 seconds before retry...
2025-10-27 18:23:50,282 - vessel_data_pipeline - INFO - Downloading Expected_departures.xml (attempt 3/3)
2025-10-27 18:23:50,306 - vessel_data_pipeline - ERROR - Unexpected error downloading Expected_departures.xml (attempt 3): maximum recursion depth exceeded
2025-10-27 18:23:50,307 - vessel_data_pipeline - ERROR - Failed to download Expected_departures.xml after 3 attempts
2025-10-27 18:23:52,311 - vessel_data_pipeline - INFO - Fetch operation completed. Results: {'Arrived_in_last_36_hours.xml': False, 'Departed_in_last_36_hours.xml': False, 'Expected_arrivals.xml': False, 'Expected_departures.xml': False}
2025-10-27 18:23:52,317 - vessel_data_pipeline - INFO - VesselDataFetcher initialized. Pipeline enabled: True
2025-10-27 18:23:52,317 - vessel_data_pipeline - INFO - Starting vessel data fetch operation
2025-10-27 18:23:52,317 - vessel_data_pipeline - INFO - Discovering XML files from Hong Kong Marine Department portal
2025-10-27 18:23:52,333 - vessel_data_pipeline - WARNING - Could not verify access to Arrived_in_last_36_hours.xml: maximum recursion depth exceeded
2025-10-27 18:23:52,351 - vessel_data_pipeline - WARNING - Could not verify access to Departed_in_last_36_hours.xml: maximum recursion depth exceeded
2025-10-27 18:23:52,367 - vessel_data_pipeline - WARNING - Could not verify access to Expected_arrivals.xml: maximum recursion depth exceeded
2025-10-27 18:23:52,378 - vessel_data_pipeline - WARNING - Could not verify access to Expected_departures.xml: maximum recursion depth exceeded
2025-10-27 18:23:52,378 - vessel_data_pipeline - INFO - Discovered 4 XML files for download
2025-10-27 18:23:52,378 - vessel_data_pipeline - INFO - Downloading Arrived_in_last_36_hours.xml (attempt 1/3)
2025-10-27 18:23:52,390 - vessel_data_pipeline - ERROR - Unexpected error downloading Arrived_in_last_36_hours.xml (attempt 1): maximum recursion depth exceeded
2025-10-27 18:23:52,390 - vessel_data_pipeline - INFO - Waiting 5 seconds before retry...
2025-10-27 18:23:57,392 - vessel_data_pipeline - INFO - Downloading Arrived_in_last_36_hours.xml (attempt 2/3)
2025-10-27 18:23:57,407 - vessel_data_pipeline - ERROR - Unexpected error downloading Arrived_in_last_36_hours.xml (attempt 2): maximum recursion depth exceeded
2025-10-27 18:23:57,408 - vessel_data_pipeline - INFO - Waiting 10 seconds before retry...
2025-10-27 18:24:07,413 - vessel_data_pipeline - INFO - Downloading Arrived_in_last_36_hours.xml (attempt 3/3)
2025-10-27 18:24:07,429 - vessel_data_pipeline - ERROR - Unexpected error downloading Arrived_in_last_36_hours.xml (attempt 3): maximum recursion depth exceeded
2025-10-27 18:24:07,430 - vessel_data_pipeline - ERROR - Failed to download Arrived_in_last_36_hours.xml after 3 attempts
2025-10-27 18:24:09,435 - vessel_data_pipeline - INFO - Downloading Departed_in_last_36_hours.xml (attempt 1/3)
2025-10-27 18:24:09,445 - vessel_data_pipeline - ERROR - Unexpected error downloading Departed_in_last_36_hours.xml (attempt 1): maximum recursion depth exceeded
2025-10-27 18:24:09,446 - vessel_data_pipeline - INFO - Waiting 5 seconds before retry...
2025-10-27 18:24:14,451 - vessel_data_pipeline - INFO - Downloading Departed_in_last_36_hours.xml (attempt 2/3)
2025-10-27 18:24:14,467 - vessel_data_pipeline - ERROR - Unexpected error downloading Departed_in_last_36_hours.xml (attempt 2): maximum recursion depth exceeded
2025-10-27 18:24:14,467 - vessel_data_pipeline - INFO - Waiting 10 seconds before retry...
2025-10-27 18:24:24,470 - vessel_data_pipeline - INFO - Downloading Departed_in_last_36_hours.xml (attempt 3/3)
2025-10-27 18:24:24,493 - vessel_data_pipeline - ERROR - Unexpected error downloading Departed_in_last_36_hours.xml (attempt 3): maximum recursion depth exceeded
2025-10-27 18:24:24,494 - vessel_data_pipeline - ERROR - Failed to download Departed_in_last_36_hours.xml after 3 attempts
2025-10-27 18:24:26,500 - vessel_data_pipeline - INFO - Downloading Expected_arrivals.xml (attempt 1/3)
2025-10-27 18:24:26,517 - vessel_data_pipeline - ERROR - Unexpected error downloading Expected_arrivals.xml (attempt 1): maximum recursion depth exceeded
2025-10-27 18:24:26,517 - vessel_data_pipeline - INFO - Waiting 5 seconds before retry...
2025-10-27 18:24:31,520 - vessel_data_pipeline - INFO - Downloading Expected_arrivals.xml (attempt 2/3)
2025-10-27 18:24:31,533 - vessel_data_pipeline - ERROR - Unexpected error downloading Expected_arrivals.xml (attempt 2): maximum recursion depth exceeded
2025-10-27 18:24:31,533 - vessel_data_pipeline - INFO - Waiting 10 seconds before retry...
2025-10-27 18:24:41,539 - vessel_data_pipeline - INFO - Downloading Expected_arrivals.xml (attempt 3/3)
2025-10-27 18:24:41,551 - vessel_data_pipeline - ERROR - Unexpected error downloading Expected_arrivals.xml (attempt 3): maximum recursion depth exceeded
2025-10-27 18:24:41,551 - vessel_data_pipeline - ERROR - Failed to download Expected_arrivals.xml after 3 attempts
2025-10-27 18:24:43,552 - vessel_data_pipeline - INFO - Downloading Expected_departures.xml (attempt 1/3)
2025-10-27 18:24:43,572 - vessel_data_pipeline - ERROR - Unexpected error downloading Expected_departures.xml (attempt 1): maximum recursion depth exceeded
2025-10-27 18:24:43,572 - vessel_data_pipeline - INFO - Waiting 5 seconds before retry...
2025-10-27 18:24:48,578 - vessel_data_pipeline - INFO - Downloading Expected_departures.xml (attempt 2/3)
2025-10-27 18:24:48,594 - vessel_data_pipeline - ERROR - Unexpected error downloading Expected_departures.xml (attempt 2): maximum recursion depth exceeded
2025-10-27 18:24:48,594 - vessel_data_pipeline - INFO - Waiting 10 seconds before retry...
2025-10-27 18:24:58,596 - vessel_data_pipeline - INFO - Downloading Expected_departures.xml (attempt 3/3)
2025-10-27 18:24:58,618 - vessel_data_pipeline - ERROR - Unexpected error downloading Expected_departures.xml (attempt 3): maximum recursion depth exceeded
2025-10-27 18:24:58,618 - vessel_data_pipeline - ERROR - Failed to download Expected_departures.xml after 3 attempts
2025-10-27 18:25:00,620 - vessel_data_pipeline - INFO - Fetch operation completed. Results: {'Arrived_in_last_36_hours.xml': False, 'Departed_in_last_36_hours.xml': False, 'Expected_arrivals.xml': False, 'Expected_departures.xml': False}
2025-10-27 18:25:00,633 - vessel_data_pipeline - INFO - VesselDataFetcher initialized. Pipeline enabled: True
2025-10-27 18:25:00,634 - vessel_data_pipeline - INFO - Starting vessel data fetch operation
2025-10-27 18:25:00,634 - vessel_data_pipeline - INFO - Discovering XML files from Hong Kong Marine Department portal
2025-10-27 18:25:00,653 - vessel_data_pipeline - WARNING - Could not verify access to Arrived_in_last_36_hours.xml: maximum recursion depth exceeded
2025-10-27 18:25:00,665 - vessel_data_pipeline - WARNING - Could not verify access to Departed_in_last_36_hours.xml: maximum recursion depth exceeded
2025-10-27 18:25:00,677 - vessel_data_pipeline - WARNING - Could not verify access to Expected_arrivals.xml: maximum recursion depth exceeded
2025-10-27 18:25:00,687 - vessel_data_pipeline - WARNING - Could not verify access to Expected_departures.xml: maximum recursion depth exceeded
2025-10-27 18:25:00,688 - vessel_data_pipeline - INFO - Discovered 4 XML files for download
2025-10-27 18:25:00,688 - vessel_data_pipeline - INFO - Downloading Arrived_in_last_36_hours.xml (attempt 1/3)
2025-10-27 18:25:00,699 - vessel_data_pipeline - ERROR - Unexpected error downloading Arrived_in_last_36_hours.xml (attempt 1): maximum recursion depth exceeded
2025-10-27 18:25:00,699 - vessel_data_pipeline - INFO - Waiting 5 seconds before retry...
2025-10-27 18:25:05,703 - vessel_data_pipeline - INFO - Downloading Arrived_in_last_36_hours.xml (attempt 2/3)
2025-10-27 18:25:05,726 - vessel_data_pipeline - ERROR - Unexpected error downloading Arrived_in_last_36_hours.xml (attempt 2): maximum recursion depth exceeded
2025-10-27 18:25:05,727 - vessel_data_pipeline - INFO - Waiting 10 seconds before retry...
2025-10-27 18:25:15,729 - vessel_data_pipeline - INFO - Downloading Arrived_in_last_36_hours.xml (attempt 3/3)
2025-10-27 18:25:15,752 - vessel_data_pipeline - ERROR - Unexpected error downloading Arrived_in_last_36_hours.xml (attempt 3): maximum recursion depth exceeded
2025-10-27 18:25:15,753 - vessel_data_pipeline - ERROR - Failed to download Arrived_in_last_36_hours.xml after 3 attempts
2025-10-27 18:25:17,758 - vessel_data_pipeline - INFO - Downloading Departed_in_last_36_hours.xml (attempt 1/3)
2025-10-27 18:25:17,775 - vessel_data_pipeline - ERROR - Unexpected error downloading Departed_in_last_36_hours.xml (attempt 1): maximum recursion depth exceeded
2025-10-27 18:25:17,776 - vessel_data_pipeline - INFO - Waiting 5 seconds before retry...
2025-10-27 18:25:22,781 - vessel_data_pipeline - INFO - Downloading Departed_in_last_36_hours.xml (attempt 2/3)
2025-10-27 18:25:22,796 - vessel_data_pipeline - ERROR - Unexpected error downloading Departed_in_last_36_hours.xml (attempt 2): maximum recursion depth exceeded
2025-10-27 18:25:22,796 - vessel_data_pipeline - INFO - Waiting 10 seconds before retry...
2025-10-27 18:25:32,802 - vessel_data_pipeline - INFO - Downloading Departed_in_last_36_hours.xml (attempt 3/3)
2025-10-27 18:25:32,820 - vessel_data_pipeline - ERROR - Unexpected error downloading Departed_in_last_36_hours.xml (attempt 3): maximum recursion depth exceeded
2025-10-27 18:25:32,820 - vessel_data_pipeline - ERROR - Failed to download Departed_in_last_36_hours.xml after 3 attempts
2025-10-27 18:25:34,823 - vessel_data_pipeline - INFO - Downloading Expected_arrivals.xml (attempt 1/3)
2025-10-27 18:25:34,840 - vessel_data_pipeline - ERROR - Unexpected error downloading Expected_arrivals.xml (attempt 1): maximum recursion depth exceeded
2025-10-27 18:25:34,840 - vessel_data_pipeline - INFO - Waiting 5 seconds before retry...
2025-10-27 18:25:39,844 - vessel_data_pipeline - INFO - Downloading Expected_arrivals.xml (attempt 2/3)
2025-10-27 18:25:39,862 - vessel_data_pipeline - ERROR - Unexpected error downloading Expected_arrivals.xml (attempt 2): maximum recursion depth exceeded
2025-10-27 18:25:39,863 - vessel_data_pipeline - INFO - Waiting 10 seconds before retry...
2025-10-27 18:25:49,865 - vessel_data_pipeline - INFO - Downloading Expected_arrivals.xml (attempt 3/3)
2025-10-27 18:25:49,880 - vessel_data_pipeline - ERROR - Unexpected error downloading Expected_arrivals.xml (attempt 3): maximum recursion depth exceeded
2025-10-27 18:25:49,880 - vessel_data_pipeline - ERROR - Failed to download Expected_arrivals.xml after 3 attempts
2025-10-27 18:25:51,882 - vessel_data_pipeline - INFO - Downloading Expected_departures.xml (attempt 1/3)
2025-10-27 18:25:51,893 - vessel_data_pipeline - ERROR - Unexpected error downloading Expected_departures.xml (attempt 1): maximum recursion depth exceeded
2025-10-27 18:25:51,893 - vessel_data_pipeline - INFO - Waiting 5 seconds before retry...
2025-10-27 18:25:56,896 - vessel_data_pipeline - INFO - Downloading Expected_departures.xml (attempt 2/3)
2025-10-27 18:25:56,911 - vessel_data_pipeline - ERROR - Unexpected error downloading Expected_departures.xml (attempt 2): maximum recursion depth exceeded
2025-10-27 18:25:56,912 - vessel_data_pipeline - INFO - Waiting 10 seconds before retry...
2025-10-27 18:26:06,916 - vessel_data_pipeline - INFO - Downloading Expected_departures.xml (attempt 3/3)
2025-10-27 18:26:06,938 - vessel_data_pipeline - ERROR - Unexpected error downloading Expected_departures.xml (attempt 3): maximum recursion depth exceeded
2025-10-27 18:26:06,939 - vessel_data_pipeline - ERROR - Failed to download Expected_departures.xml after 3 attempts
2025-10-27 18:26:08,944 - vessel_data_pipeline - INFO - Fetch operation completed. Results: {'Arrived_in_last_36_hours.xml': False, 'Departed_in_last_36_hours.xml': False, 'Expected_arrivals.xml': False, 'Expected_departures.xml': False}
2025-10-27 18:27:47,606 - vessel_data_pipeline - INFO - VesselDataFetcher initialized. Pipeline enabled: True
2025-10-27 18:27:47,607 - vessel_data_pipeline - INFO - Starting vessel data fetch operation
2025-10-27 18:27:47,607 - vessel_data_pipeline - INFO - Discovering XML files from Hong Kong Marine Department portal
2025-10-27 18:27:47,624 - vessel_data_pipeline - WARNING - Could not verify access to Arrived_in_last_36_hours.xml: maximum recursion depth exceeded
2025-10-27 18:27:47,634 - vessel_data_pipeline - WARNING - Could not verify access to Departed_in_last_36_hours.xml: maximum recursion depth exceeded
2025-10-27 18:27:47,646 - vessel_data_pipeline - WARNING - Could not verify access to Expected_arrivals.xml: maximum recursion depth exceeded
2025-10-27 18:27:47,658 - vessel_data_pipeline - WARNING - Could not verify access to Expected_departures.xml: maximum recursion depth exceeded
2025-10-27 18:27:47,658 - vessel_data_pipeline - INFO - Discovered 4 XML files for download
2025-10-27 18:27:47,658 - vessel_data_pipeline - INFO - Downloading Arrived_in_last_36_hours.xml (attempt 1/3)
2025-10-27 18:27:47,672 - vessel_data_pipeline - ERROR - Unexpected error downloading Arrived_in_last_36_hours.xml (attempt 1): maximum recursion depth exceeded
2025-10-27 18:27:47,672 - vessel_data_pipeline - INFO - Waiting 5 seconds before retry...
2025-10-27 18:27:52,676 - vessel_data_pipeline - INFO - Downloading Arrived_in_last_36_hours.xml (attempt 2/3)
2025-10-27 18:27:52,689 - vessel_data_pipeline - ERROR - Unexpected error downloading Arrived_in_last_36_hours.xml (attempt 2): maximum recursion depth exceeded
2025-10-27 18:27:52,689 - vessel_data_pipeline - INFO - Waiting 10 seconds before retry...
2025-10-27 18:28:02,694 - vessel_data_pipeline - INFO - Downloading Arrived_in_last_36_hours.xml (attempt 3/3)
2025-10-27 18:28:02,718 - vessel_data_pipeline - ERROR - Unexpected error downloading Arrived_in_last_36_hours.xml (attempt 3): maximum recursion depth exceeded
2025-10-27 18:28:02,719 - vessel_data_pipeline - ERROR - Failed to download Arrived_in_last_36_hours.xml after 3 attempts
2025-10-27 18:28:04,724 - vessel_data_pipeline - INFO - Downloading Departed_in_last_36_hours.xml (attempt 1/3)
2025-10-27 18:28:04,737 - vessel_data_pipeline - ERROR - Unexpected error downloading Departed_in_last_36_hours.xml (attempt 1): maximum recursion depth exceeded
2025-10-27 18:28:04,738 - vessel_data_pipeline - INFO - Waiting 5 seconds before retry...
2025-10-27 18:28:09,738 - vessel_data_pipeline - INFO - Downloading Departed_in_last_36_hours.xml (attempt 2/3)
2025-10-27 18:28:09,766 - vessel_data_pipeline - ERROR - Unexpected error downloading Departed_in_last_36_hours.xml (attempt 2): maximum recursion depth exceeded
2025-10-27 18:28:09,766 - vessel_data_pipeline - INFO - Waiting 10 seconds before retry...
2025-10-27 18:28:19,772 - vessel_data_pipeline - INFO - Downloading Departed_in_last_36_hours.xml (attempt 3/3)
2025-10-27 18:28:19,789 - vessel_data_pipeline - ERROR - Unexpected error downloading Departed_in_last_36_hours.xml (attempt 3): maximum recursion depth exceeded
2025-10-27 18:28:19,790 - vessel_data_pipeline - ERROR - Failed to download Departed_in_last_36_hours.xml after 3 attempts
2025-10-27 18:28:21,794 - vessel_data_pipeline - INFO - Downloading Expected_arrivals.xml (attempt 1/3)
2025-10-27 18:28:21,813 - vessel_data_pipeline - ERROR - Unexpected error downloading Expected_arrivals.xml (attempt 1): maximum recursion depth exceeded
2025-10-27 18:28:21,813 - vessel_data_pipeline - INFO - Waiting 5 seconds before retry...
2025-10-27 18:28:26,818 - vessel_data_pipeline - INFO - Downloading Expected_arrivals.xml (attempt 2/3)
2025-10-27 18:28:26,833 - vessel_data_pipeline - ERROR - Unexpected error downloading Expected_arrivals.xml (attempt 2): maximum recursion depth exceeded
2025-10-27 18:28:26,833 - vessel_data_pipeline - INFO - Waiting 10 seconds before retry...
2025-10-27 18:28:36,834 - vessel_data_pipeline - INFO - Downloading Expected_arrivals.xml (attempt 3/3)
2025-10-27 18:28:36,847 - vessel_data_pipeline - ERROR - Unexpected error downloading Expected_arrivals.xml (attempt 3): maximum recursion depth exceeded
2025-10-27 18:28:36,847 - vessel_data_pipeline - ERROR - Failed to download Expected_arrivals.xml after 3 attempts
2025-10-27 18:28:38,849 - vessel_data_pipeline - INFO - Downloading Expected_departures.xml (attempt 1/3)
2025-10-27 18:28:38,862 - vessel_data_pipeline - ERROR - Unexpected error downloading Expected_departures.xml (attempt 1): maximum recursion depth exceeded
2025-10-27 18:28:38,862 - vessel_data_pipeline - INFO - Waiting 5 seconds before retry...
2025-10-27 18:28:43,868 - vessel_data_pipeline - INFO - Downloading Expected_departures.xml (attempt 2/3)
2025-10-27 18:28:43,888 - vessel_data_pipeline - ERROR - Unexpected error downloading Expected_departures.xml (attempt 2): maximum recursion depth exceeded
2025-10-27 18:28:43,889 - vessel_data_pipeline - INFO - Waiting 10 seconds before retry...
2025-10-27 18:28:53,891 - vessel_data_pipeline - INFO - Downloading Expected_departures.xml (attempt 3/3)
2025-10-27 18:28:53,906 - vessel_data_pipeline - ERROR - Unexpected error downloading Expected_departures.xml (attempt 3): maximum recursion depth exceeded
2025-10-27 18:28:53,906 - vessel_data_pipeline - ERROR - Failed to download Expected_departures.xml after 3 attempts
2025-10-27 18:28:55,911 - vessel_data_pipeline - INFO - Fetch operation completed. Results: {'Arrived_in_last_36_hours.xml': False, 'Departed_in_last_36_hours.xml': False, 'Expected_arrivals.xml': False, 'Expected_departures.xml': False}
2025-10-27 18:28:55,917 - vessel_data_pipeline - INFO - VesselDataFetcher initialized. Pipeline enabled: True
2025-10-27 18:28:55,918 - vessel_data_pipeline - INFO - Starting vessel data fetch operation
2025-10-27 18:28:55,918 - vessel_data_pipeline - INFO - Discovering XML files from Hong Kong Marine Department portal
2025-10-27 18:28:55,930 - vessel_data_pipeline - WARNING - Could not verify access to Arrived_in_last_36_hours.xml: maximum recursion depth exceeded
2025-10-27 18:28:55,944 - vessel_data_pipeline - WARNING - Could not verify access to Departed_in_last_36_hours.xml: maximum recursion depth exceeded
2025-10-27 18:28:55,957 - vessel_data_pipeline - WARNING - Could not verify access to Expected_arrivals.xml: maximum recursion depth exceeded
2025-10-27 18:28:55,968 - vessel_data_pipeline - WARNING - Could not verify access to Expected_departures.xml: maximum recursion depth exceeded
2025-10-27 18:28:55,968 - vessel_data_pipeline - INFO - Discovered 4 XML files for download
2025-10-27 18:28:55,968 - vessel_data_pipeline - INFO - Downloading Arrived_in_last_36_hours.xml (attempt 1/3)
2025-10-27 18:28:55,977 - vessel_data_pipeline - ERROR - Unexpected error downloading Arrived_in_last_36_hours.xml (attempt 1): maximum recursion depth exceeded
2025-10-27 18:28:55,977 - vessel_data_pipeline - INFO - Waiting 5 seconds before retry...
2025-10-27 18:29:00,979 - vessel_data_pipeline - INFO - Downloading Arrived_in_last_36_hours.xml (attempt 2/3)
2025-10-27 18:29:00,997 - vessel_data_pipeline - ERROR - Unexpected error downloading Arrived_in_last_36_hours.xml (attempt 2): maximum recursion depth exceeded
2025-10-27 18:29:00,998 - vessel_data_pipeline - INFO - Waiting 10 seconds before retry...
2025-10-27 18:29:11,003 - vessel_data_pipeline - INFO - Downloading Arrived_in_last_36_hours.xml (attempt 3/3)
2025-10-27 18:29:11,021 - vessel_data_pipeline - ERROR - Unexpected error downloading Arrived_in_last_36_hours.xml (attempt 3): maximum recursion depth exceeded
2025-10-27 18:29:11,021 - vessel_data_pipeline - ERROR - Failed to download Arrived_in_last_36_hours.xml after 3 attempts
2025-10-27 18:29:13,027 - vessel_data_pipeline - INFO - Downloading Departed_in_last_36_hours.xml (attempt 1/3)
2025-10-27 18:29:13,040 - vessel_data_pipeline - ERROR - Unexpected error downloading Departed_in_last_36_hours.xml (attempt 1): maximum recursion depth exceeded
2025-10-27 18:29:13,040 - vessel_data_pipeline - INFO - Waiting 5 seconds before retry...
2025-10-27 18:29:18,045 - vessel_data_pipeline - INFO - Downloading Departed_in_last_36_hours.xml (attempt 2/3)
2025-10-27 18:29:18,055 - vessel_data_pipeline - ERROR - Unexpected error downloading Departed_in_last_36_hours.xml (attempt 2): maximum recursion depth exceeded
2025-10-27 18:29:18,055 - vessel_data_pipeline - INFO - Waiting 10 seconds before retry...
2025-10-27 18:29:28,059 - vessel_data_pipeline - INFO - Downloading Departed_in_last_36_hours.xml (attempt 3/3)
2025-10-27 18:29:28,079 - vessel_data_pipeline - ERROR - Unexpected error downloading Departed_in_last_36_hours.xml (attempt 3): maximum recursion depth exceeded
2025-10-27 18:29:28,080 - vessel_data_pipeline - ERROR - Failed to download Departed_in_last_36_hours.xml after 3 attempts
2025-10-27 18:29:30,083 - vessel_data_pipeline - INFO - Downloading Expected_arrivals.xml (attempt 1/3)
2025-10-27 18:29:30,102 - vessel_data_pipeline - ERROR - Unexpected error downloading Expected_arrivals.xml (attempt 1): maximum recursion depth exceeded
2025-10-27 18:29:30,103 - vessel_data_pipeline - INFO - Waiting 5 seconds before retry...
2025-10-27 18:29:35,108 - vessel_data_pipeline - INFO - Downloading Expected_arrivals.xml (attempt 2/3)
2025-10-27 18:29:35,126 - vessel_data_pipeline - ERROR - Unexpected error downloading Expected_arrivals.xml (attempt 2): maximum recursion depth exceeded
2025-10-27 18:29:35,127 - vessel_data_pipeline - INFO - Waiting 10 seconds before retry...
2025-10-27 18:29:45,127 - vessel_data_pipeline - INFO - Downloading Expected_arrivals.xml (attempt 3/3)
2025-10-27 18:29:45,140 - vessel_data_pipeline - ERROR - Unexpected error downloading Expected_arrivals.xml (attempt 3): maximum recursion depth exceeded
2025-10-27 18:29:45,140 - vessel_data_pipeline - ERROR - Failed to download Expected_arrivals.xml after 3 attempts
2025-10-27 18:29:47,146 - vessel_data_pipeline - INFO - Downloading Expected_departures.xml (attempt 1/3)
2025-10-27 18:29:47,161 - vessel_data_pipeline - ERROR - Unexpected error downloading Expected_departures.xml (attempt 1): maximum recursion depth exceeded
2025-10-27 18:29:47,161 - vessel_data_pipeline - INFO - Waiting 5 seconds before retry...
2025-10-27 18:29:52,167 - vessel_data_pipeline - INFO - Downloading Expected_departures.xml (attempt 2/3)
2025-10-27 18:29:52,187 - vessel_data_pipeline - ERROR - Unexpected error downloading Expected_departures.xml (attempt 2): maximum recursion depth exceeded
2025-10-27 18:29:52,188 - vessel_data_pipeline - INFO - Waiting 10 seconds before retry...
2025-10-27 18:30:02,191 - vessel_data_pipeline - INFO - Downloading Expected_departures.xml (attempt 3/3)
2025-10-27 18:30:02,211 - vessel_data_pipeline - ERROR - Unexpected error downloading Expected_departures.xml (attempt 3): maximum recursion depth exceeded
2025-10-27 18:30:02,212 - vessel_data_pipeline - ERROR - Failed to download Expected_departures.xml after 3 attempts
2025-10-27 18:30:04,213 - vessel_data_pipeline - INFO - Fetch operation completed. Results: {'Arrived_in_last_36_hours.xml': False, 'Departed_in_last_36_hours.xml': False, 'Expected_arrivals.xml': False, 'Expected_departures.xml': False}
2025-10-27 18:30:04,223 - vessel_data_pipeline - INFO - VesselDataFetcher initialized. Pipeline enabled: True
2025-10-27 18:30:04,223 - vessel_data_pipeline - INFO - Starting vessel data fetch operation
2025-10-27 18:30:04,224 - vessel_data_pipeline - INFO - Discovering XML files from Hong Kong Marine Department portal
2025-10-27 18:30:04,235 - vessel_data_pipeline - WARNING - Could not verify access to Arrived_in_last_36_hours.xml: maximum recursion depth exceeded
2025-10-27 18:30:04,253 - vessel_data_pipeline - WARNING - Could not verify access to Departed_in_last_36_hours.xml: maximum recursion depth exceeded
2025-10-27 18:30:04,275 - vessel_data_pipeline - WARNING - Could not verify access to Expected_arrivals.xml: maximum recursion depth exceeded
2025-10-27 18:30:04,288 - vessel_data_pipeline - WARNING - Could not verify access to Expected_departures.xml: maximum recursion depth exceeded
2025-10-27 18:30:04,288 - vessel_data_pipeline - INFO - Discovered 4 XML files for download
2025-10-27 18:30:04,288 - vessel_data_pipeline - INFO - Downloading Arrived_in_last_36_hours.xml (attempt 1/3)
2025-10-27 18:30:04,298 - vessel_data_pipeline - ERROR - Unexpected error downloading Arrived_in_last_36_hours.xml (attempt 1): maximum recursion depth exceeded
2025-10-27 18:30:04,298 - vessel_data_pipeline - INFO - Waiting 5 seconds before retry...
2025-10-27 18:30:09,304 - vessel_data_pipeline - INFO - Downloading Arrived_in_last_36_hours.xml (attempt 2/3)
2025-10-27 18:30:09,327 - vessel_data_pipeline - ERROR - Unexpected error downloading Arrived_in_last_36_hours.xml (attempt 2): maximum recursion depth exceeded
2025-10-27 18:30:09,328 - vessel_data_pipeline - INFO - Waiting 10 seconds before retry...
2025-10-27 18:30:19,333 - vessel_data_pipeline - INFO - Downloading Arrived_in_last_36_hours.xml (attempt 3/3)
2025-10-27 18:30:19,347 - vessel_data_pipeline - ERROR - Unexpected error downloading Arrived_in_last_36_hours.xml (attempt 3): maximum recursion depth exceeded
2025-10-27 18:30:19,348 - vessel_data_pipeline - ERROR - Failed to download Arrived_in_last_36_hours.xml after 3 attempts
2025-10-27 18:30:21,352 - vessel_data_pipeline - INFO - Downloading Departed_in_last_36_hours.xml (attempt 1/3)
2025-10-27 18:30:21,363 - vessel_data_pipeline - ERROR - Unexpected error downloading Departed_in_last_36_hours.xml (attempt 1): maximum recursion depth exceeded
2025-10-27 18:30:21,363 - vessel_data_pipeline - INFO - Waiting 5 seconds before retry...
2025-10-27 18:30:26,365 - vessel_data_pipeline - INFO - Downloading Departed_in_last_36_hours.xml (attempt 2/3)
2025-10-27 18:30:26,384 - vessel_data_pipeline - ERROR - Unexpected error downloading Departed_in_last_36_hours.xml (attempt 2): maximum recursion depth exceeded
2025-10-27 18:30:26,385 - vessel_data_pipeline - INFO - Waiting 10 seconds before retry...
2025-10-27 18:30:36,386 - vessel_data_pipeline - INFO - Downloading Departed_in_last_36_hours.xml (attempt 3/3)
2025-10-27 18:30:36,408 - vessel_data_pipeline - ERROR - Unexpected error downloading Departed_in_last_36_hours.xml (attempt 3): maximum recursion depth exceeded
2025-10-27 18:30:36,409 - vessel_data_pipeline - ERROR - Failed to download Departed_in_last_36_hours.xml after 3 attempts
2025-10-27 18:30:38,415 - vessel_data_pipeline - INFO - Downloading Expected_arrivals.xml (attempt 1/3)
2025-10-27 18:30:38,435 - vessel_data_pipeline - ERROR - Unexpected error downloading Expected_arrivals.xml (attempt 1): maximum recursion depth exceeded
2025-10-27 18:30:38,436 - vessel_data_pipeline - INFO - Waiting 5 seconds before retry...
2025-10-27 18:30:43,441 - vessel_data_pipeline - INFO - Downloading Expected_arrivals.xml (attempt 2/3)
2025-10-27 18:30:43,455 - vessel_data_pipeline - ERROR - Unexpected error downloading Expected_arrivals.xml (attempt 2): maximum recursion depth exceeded
2025-10-27 18:30:43,456 - vessel_data_pipeline - INFO - Waiting 10 seconds before retry...
2025-10-27 18:30:53,460 - vessel_data_pipeline - INFO - Downloading Expected_arrivals.xml (attempt 3/3)
2025-10-27 18:30:53,477 - vessel_data_pipeline - ERROR - Unexpected error downloading Expected_arrivals.xml (attempt 3): maximum recursion depth exceeded
2025-10-27 18:30:53,477 - vessel_data_pipeline - ERROR - Failed to download Expected_arrivals.xml after 3 attempts
2025-10-27 18:30:55,482 - vessel_data_pipeline - INFO - Downloading Expected_departures.xml (attempt 1/3)
2025-10-27 18:30:55,503 - vessel_data_pipeline - ERROR - Unexpected error downloading Expected_departures.xml (attempt 1): maximum recursion depth exceeded
2025-10-27 18:30:55,504 - vessel_data_pipeline - INFO - Waiting 5 seconds before retry...
2025-10-27 18:31:00,509 - vessel_data_pipeline - INFO - Downloading Expected_departures.xml (attempt 2/3)
2025-10-27 18:31:00,526 - vessel_data_pipeline - ERROR - Unexpected error downloading Expected_departures.xml (attempt 2): maximum recursion depth exceeded
2025-10-27 18:31:00,527 - vessel_data_pipeline - INFO - Waiting 10 seconds before retry...
2025-10-27 18:31:10,529 - vessel_data_pipeline - INFO - Downloading Expected_departures.xml (attempt 3/3)
2025-10-27 18:31:10,543 - vessel_data_pipeline - ERROR - Unexpected error downloading Expected_departures.xml (attempt 3): maximum recursion depth exceeded
2025-10-27 18:31:10,543 - vessel_data_pipeline - ERROR - Failed to download Expected_departures.xml after 3 attempts
2025-10-27 18:31:12,545 - vessel_data_pipeline - INFO - Fetch operation completed. Results: {'Arrived_in_last_36_hours.xml': False, 'Departed_in_last_36_hours.xml': False, 'Expected_arrivals.xml': False, 'Expected_departures.xml': False}
2025-10-27 18:31:12,556 - vessel_data_pipeline - INFO - VesselDataFetcher initialized. Pipeline enabled: True
2025-10-27 18:31:12,557 - vessel_data_pipeline - INFO - Starting vessel data fetch operation
2025-10-27 18:31:12,557 - vessel_data_pipeline - INFO - Discovering XML files from Hong Kong Marine Department portal
2025-10-27 18:31:12,571 - vessel_data_pipeline - WARNING - Could not verify access to Arrived_in_last_36_hours.xml: maximum recursion depth exceeded
2025-10-27 18:31:12,584 - vessel_data_pipeline - WARNING - Could not verify access to Departed_in_last_36_hours.xml: maximum recursion depth exceeded
2025-10-27 18:31:12,594 - vessel_data_pipeline - WARNING - Could not verify access to Expected_arrivals.xml: maximum recursion depth exceeded
2025-10-27 18:31:12,605 - vessel_data_pipeline - WARNING - Could not verify access to Expected_departures.xml: maximum recursion depth exceeded
2025-10-27 18:31:12,605 - vessel_data_pipeline - INFO - Discovered 4 XML files for download
2025-10-27 18:31:12,605 - vessel_data_pipeline - INFO - Downloading Arrived_in_last_36_hours.xml (attempt 1/3)
2025-10-27 18:31:12,617 - vessel_data_pipeline - ERROR - Unexpected error downloading Arrived_in_last_36_hours.xml (attempt 1): maximum recursion depth exceeded
2025-10-27 18:31:12,617 - vessel_data_pipeline - INFO - Waiting 5 seconds before retry...
2025-10-27 18:31:17,623 - vessel_data_pipeline - INFO - Downloading Arrived_in_last_36_hours.xml (attempt 2/3)
2025-10-27 18:31:17,657 - vessel_data_pipeline - ERROR - Unexpected error downloading Arrived_in_last_36_hours.xml (attempt 2): maximum recursion depth exceeded
2025-10-27 18:31:17,657 - vessel_data_pipeline - INFO - Waiting 10 seconds before retry...
2025-10-27 18:31:27,662 - vessel_data_pipeline - INFO - Downloading Arrived_in_last_36_hours.xml (attempt 3/3)
2025-10-27 18:31:27,676 - vessel_data_pipeline - ERROR - Unexpected error downloading Arrived_in_last_36_hours.xml (attempt 3): maximum recursion depth exceeded
2025-10-27 18:31:27,677 - vessel_data_pipeline - ERROR - Failed to download Arrived_in_last_36_hours.xml after 3 attempts
2025-10-27 18:31:29,682 - vessel_data_pipeline - INFO - Downloading Departed_in_last_36_hours.xml (attempt 1/3)
2025-10-27 18:31:29,699 - vessel_data_pipeline - ERROR - Unexpected error downloading Departed_in_last_36_hours.xml (attempt 1): maximum recursion depth exceeded
2025-10-27 18:31:29,699 - vessel_data_pipeline - INFO - Waiting 5 seconds before retry...
2025-10-27 18:31:34,705 - vessel_data_pipeline - INFO - Downloading Departed_in_last_36_hours.xml (attempt 2/3)
2025-10-27 18:31:34,724 - vessel_data_pipeline - ERROR - Unexpected error downloading Departed_in_last_36_hours.xml (attempt 2): maximum recursion depth exceeded
2025-10-27 18:31:34,724 - vessel_data_pipeline - INFO - Waiting 10 seconds before retry...
2025-10-27 18:31:44,725 - vessel_data_pipeline - INFO - Downloading Departed_in_last_36_hours.xml (attempt 3/3)
2025-10-27 18:31:44,741 - vessel_data_pipeline - ERROR - Unexpected error downloading Departed_in_last_36_hours.xml (attempt 3): maximum recursion depth exceeded
2025-10-27 18:31:44,742 - vessel_data_pipeline - ERROR - Failed to download Departed_in_last_36_hours.xml after 3 attempts
2025-10-27 18:31:46,748 - vessel_data_pipeline - INFO - Downloading Expected_arrivals.xml (attempt 1/3)
2025-10-27 18:31:46,765 - vessel_data_pipeline - ERROR - Unexpected error downloading Expected_arrivals.xml (attempt 1): maximum recursion depth exceeded
2025-10-27 18:31:46,765 - vessel_data_pipeline - INFO - Waiting 5 seconds before retry...
2025-10-27 18:31:51,770 - vessel_data_pipeline - INFO - Downloading Expected_arrivals.xml (attempt 2/3)
2025-10-27 18:31:51,783 - vessel_data_pipeline - ERROR - Unexpected error downloading Expected_arrivals.xml (attempt 2): maximum recursion depth exceeded
2025-10-27 18:31:51,783 - vessel_data_pipeline - INFO - Waiting 10 seconds before retry...
2025-10-27 18:32:01,784 - vessel_data_pipeline - INFO - Downloading Expected_arrivals.xml (attempt 3/3)
2025-10-27 18:32:01,806 - vessel_data_pipeline - ERROR - Unexpected error downloading Expected_arrivals.xml (attempt 3): maximum recursion depth exceeded
2025-10-27 18:32:01,806 - vessel_data_pipeline - ERROR - Failed to download Expected_arrivals.xml after 3 attempts
2025-10-27 18:32:03,812 - vessel_data_pipeline - INFO - Downloading Expected_departures.xml (attempt 1/3)
2025-10-27 18:32:03,831 - vessel_data_pipeline - ERROR - Unexpected error downloading Expected_departures.xml (attempt 1): maximum recursion depth exceeded
2025-10-27 18:32:03,832 - vessel_data_pipeline - INFO - Waiting 5 seconds before retry...
2025-10-27 18:32:08,837 - vessel_data_pipeline - INFO - Downloading Expected_departures.xml (attempt 2/3)
2025-10-27 18:32:08,851 - vessel_data_pipeline - ERROR - Unexpected error downloading Expected_departures.xml (attempt 2): maximum recursion depth exceeded
2025-10-27 18:32:08,851 - vessel_data_pipeline - INFO - Waiting 10 seconds before retry...
2025-10-27 18:32:18,855 - vessel_data_pipeline - INFO - Downloading Expected_departures.xml (attempt 3/3)
2025-10-27 18:32:18,871 - vessel_data_pipeline - ERROR - Unexpected error downloading Expected_departures.xml (attempt 3): maximum recursion depth exceeded
2025-10-27 18:32:18,872 - vessel_data_pipeline - ERROR - Failed to download Expected_departures.xml after 3 attempts
2025-10-27 18:32:20,874 - vessel_data_pipeline - INFO - Fetch operation completed. Results: {'Arrived_in_last_36_hours.xml': False, 'Departed_in_last_36_hours.xml': False, 'Expected_arrivals.xml': False, 'Expected_departures.xml': False}
2025-10-27 18:34:03,122 - vessel_data_pipeline - INFO - VesselDataFetcher initialized. Pipeline enabled: True
2025-10-27 18:34:03,124 - vessel_data_pipeline - INFO - Starting vessel data fetch operation
2025-10-27 18:34:03,124 - vessel_data_pipeline - INFO - Discovering XML files from Hong Kong Marine Department portal
2025-10-27 18:34:03,354 - vessel_data_pipeline - INFO - Verified access to Arrived_in_last_36_hours.xml
2025-10-27 18:34:03,494 - vessel_data_pipeline - INFO - Verified access to Departed_in_last_36_hours.xml
2025-10-27 18:34:03,635 - vessel_data_pipeline - INFO - Verified access to Expected_arrivals.xml
2025-10-27 18:34:03,868 - vessel_data_pipeline - INFO - Verified access to Expected_departures.xml
2025-10-27 18:34:03,868 - vessel_data_pipeline - INFO - Discovered 4 XML files for download
2025-10-27 18:34:03,868 - vessel_data_pipeline - INFO - Downloading Arrived_in_last_36_hours.xml (attempt 1/3)
2025-10-27 18:34:04,040 - vessel_data_pipeline - INFO - File temp_Arrived_in_last_36_hours.xml passed validation checks
2025-10-27 18:34:04,040 - vessel_data_pipeline - INFO - Created backup: Arrived_in_last_36_hours_20251027_183404.xml
2025-10-27 18:34:04,041 - vessel_data_pipeline - INFO - Updated metadata for Arrived_in_last_36_hours.xml
2025-10-27 18:34:04,041 - vessel_data_pipeline - INFO - Successfully downloaded and validated Arrived_in_last_36_hours.xml
2025-10-27 18:34:06,043 - vessel_data_pipeline - INFO - Downloading Departed_in_last_36_hours.xml (attempt 1/3)
2025-10-27 18:34:06,218 - vessel_data_pipeline - INFO - File temp_Departed_in_last_36_hours.xml passed validation checks
2025-10-27 18:34:06,218 - vessel_data_pipeline - INFO - Created backup: Departed_in_last_36_hours_20251027_183406.xml
2025-10-27 18:34:06,218 - vessel_data_pipeline - INFO - Updated metadata for Departed_in_last_36_hours.xml
2025-10-27 18:34:06,218 - vessel_data_pipeline - INFO - Successfully downloaded and validated Departed_in_last_36_hours.xml
2025-10-27 18:34:08,223 - vessel_data_pipeline - INFO - Downloading Expected_arrivals.xml (attempt 1/3)
2025-10-27 18:34:08,398 - vessel_data_pipeline - INFO - File temp_Expected_arrivals.xml passed validation checks
2025-10-27 18:34:08,398 - vessel_data_pipeline - INFO - Created backup: Expected_arrivals_20251027_183408.xml
2025-10-27 18:34:08,399 - vessel_data_pipeline - INFO - Updated metadata for Expected_arrivals.xml
2025-10-27 18:34:08,399 - vessel_data_pipeline - INFO - Successfully downloaded and validated Expected_arrivals.xml
2025-10-27 18:34:10,404 - vessel_data_pipeline - INFO - Downloading Expected_departures.xml (attempt 1/3)
2025-10-27 18:34:10,560 - vessel_data_pipeline - INFO - File temp_Expected_departures.xml passed validation checks
2025-10-27 18:34:10,560 - vessel_data_pipeline - INFO - Created backup: Expected_departures_20251027_183410.xml
2025-10-27 18:34:10,560 - vessel_data_pipeline - INFO - Updated metadata for Expected_departures.xml
2025-10-27 18:34:10,560 - vessel_data_pipeline - INFO - Successfully downloaded and validated Expected_departures.xml
2025-10-27 18:34:12,562 - vessel_data_pipeline - INFO - Fetch operation completed. Results: {'Arrived_in_last_36_hours.xml': True, 'Departed_in_last_36_hours.xml': True, 'Expected_arrivals.xml': True, 'Expected_departures.xml': True}
2025-10-27 18:34:12,567 - vessel_data_pipeline - INFO - VesselDataFetcher initialized. Pipeline enabled: True
2025-10-27 18:34:12,567 - vessel_data_pipeline - INFO - Starting vessel data fetch operation
2025-10-27 18:34:12,567 - vessel_data_pipeline - INFO - Discovering XML files from Hong Kong Marine Department portal
2025-10-27 18:34:12,724 - vessel_data_pipeline - INFO - Verified access to Arrived_in_last_36_hours.xml
2025-10-27 18:34:12,850 - vessel_data_pipeline - INFO - Verified access to Departed_in_last_36_hours.xml
2025-10-27 18:34:13,059 - vessel_data_pipeline - INFO - Verified access to Expected_arrivals.xml
2025-10-27 18:34:13,192 - vessel_data_pipeline - INFO - Verified access to Expected_departures.xml
2025-10-27 18:34:13,192 - vessel_data_pipeline - INFO - Discovered 4 XML files for download
2025-10-27 18:34:13,192 - vessel_data_pipeline - INFO - Downloading Arrived_in_last_36_hours.xml (attempt 1/3)
2025-10-27 18:34:13,399 - vessel_data_pipeline - INFO - File temp_Arrived_in_last_36_hours.xml passed validation checks
2025-10-27 18:34:13,400 - vessel_data_pipeline - INFO - Created backup: Arrived_in_last_36_hours_20251027_183413.xml
2025-10-27 18:34:13,401 - vessel_data_pipeline - INFO - Updated metadata for Arrived_in_last_36_hours.xml
2025-10-27 18:34:13,401 - vessel_data_pipeline - INFO - Successfully downloaded and validated Arrived_in_last_36_hours.xml
2025-10-27 18:34:15,402 - vessel_data_pipeline - INFO - Downloading Departed_in_last_36_hours.xml (attempt 1/3)
2025-10-27 18:34:15,508 - vessel_data_pipeline - INFO - File temp_Departed_in_last_36_hours.xml passed validation checks
2025-10-27 18:34:15,508 - vessel_data_pipeline - INFO - Created backup: Departed_in_last_36_hours_20251027_183415.xml
2025-10-27 18:34:15,509 - vessel_data_pipeline - INFO - Updated metadata for Departed_in_last_36_hours.xml
2025-10-27 18:34:15,509 - vessel_data_pipeline - INFO - Successfully downloaded and validated Departed_in_last_36_hours.xml
2025-10-27 18:34:17,509 - vessel_data_pipeline - INFO - Downloading Expected_arrivals.xml (attempt 1/3)
2025-10-27 18:34:17,581 - vessel_data_pipeline - INFO - File temp_Expected_arrivals.xml passed validation checks
2025-10-27 18:34:17,583 - vessel_data_pipeline - INFO - Created backup: Expected_arrivals_20251027_183417.xml
2025-10-27 18:34:17,584 - vessel_data_pipeline - INFO - Updated metadata for Expected_arrivals.xml
2025-10-27 18:34:17,584 - vessel_data_pipeline - INFO - Successfully downloaded and validated Expected_arrivals.xml
2025-10-27 18:34:19,584 - vessel_data_pipeline - INFO - Downloading Expected_departures.xml (attempt 1/3)
2025-10-27 18:34:19,636 - vessel_data_pipeline - INFO - File temp_Expected_departures.xml passed validation checks
2025-10-27 18:34:19,636 - vessel_data_pipeline - INFO - Created backup: Expected_departures_20251027_183419.xml
2025-10-27 18:34:19,637 - vessel_data_pipeline - INFO - Updated metadata for Expected_departures.xml
2025-10-27 18:34:19,637 - vessel_data_pipeline - INFO - Successfully downloaded and validated Expected_departures.xml
2025-10-27 18:34:21,642 - vessel_data_pipeline - INFO - Fetch operation completed. Results: {'Arrived_in_last_36_hours.xml': True, 'Departed_in_last_36_hours.xml': True, 'Expected_arrivals.xml': True, 'Expected_departures.xml': True}
2025-10-27 18:34:21,646 - vessel_data_pipeline - INFO - VesselDataFetcher initialized. Pipeline enabled: True
2025-10-27 18:34:21,646 - vessel_data_pipeline - INFO - Starting vessel data fetch operation
2025-10-27 18:34:21,646 - vessel_data_pipeline - INFO - Discovering XML files from Hong Kong Marine Department portal
2025-10-27 18:34:21,703 - vessel_data_pipeline - INFO - Verified access to Arrived_in_last_36_hours.xml
2025-10-27 18:34:21,732 - vessel_data_pipeline - INFO - Verified access to Departed_in_last_36_hours.xml
2025-10-27 18:34:21,787 - vessel_data_pipeline - INFO - Verified access to Expected_arrivals.xml
2025-10-27 18:34:21,821 - vessel_data_pipeline - INFO - Verified access to Expected_departures.xml
2025-10-27 18:34:21,821 - vessel_data_pipeline - INFO - Discovered 4 XML files for download
2025-10-27 18:34:21,821 - vessel_data_pipeline - INFO - Downloading Arrived_in_last_36_hours.xml (attempt 1/3)
2025-10-27 18:34:21,882 - vessel_data_pipeline - INFO - File temp_Arrived_in_last_36_hours.xml passed validation checks
2025-10-27 18:34:21,883 - vessel_data_pipeline - INFO - Created backup: Arrived_in_last_36_hours_20251027_183421.xml
2025-10-27 18:34:21,883 - vessel_data_pipeline - INFO - Updated metadata for Arrived_in_last_36_hours.xml
2025-10-27 18:34:21,883 - vessel_data_pipeline - INFO - Successfully downloaded and validated Arrived_in_last_36_hours.xml
2025-10-27 18:34:23,883 - vessel_data_pipeline - INFO - Downloading Departed_in_last_36_hours.xml (attempt 1/3)
2025-10-27 18:34:23,980 - vessel_data_pipeline - INFO - File temp_Departed_in_last_36_hours.xml passed validation checks
2025-10-27 18:34:23,980 - vessel_data_pipeline - INFO - Created backup: Departed_in_last_36_hours_20251027_183423.xml
2025-10-27 18:34:23,981 - vessel_data_pipeline - INFO - Updated metadata for Departed_in_last_36_hours.xml
2025-10-27 18:34:23,981 - vessel_data_pipeline - INFO - Successfully downloaded and validated Departed_in_last_36_hours.xml
2025-10-27 18:34:25,986 - vessel_data_pipeline - INFO - Downloading Expected_arrivals.xml (attempt 1/3)
2025-10-27 18:34:26,029 - vessel_data_pipeline - INFO - File temp_Expected_arrivals.xml passed validation checks
2025-10-27 18:34:26,030 - vessel_data_pipeline - INFO - Created backup: Expected_arrivals_20251027_183426.xml
2025-10-27 18:34:26,030 - vessel_data_pipeline - INFO - Updated metadata for Expected_arrivals.xml
2025-10-27 18:34:26,030 - vessel_data_pipeline - INFO - Successfully downloaded and validated Expected_arrivals.xml
2025-10-27 18:34:28,032 - vessel_data_pipeline - INFO - Downloading Expected_departures.xml (attempt 1/3)
2025-10-27 18:34:28,179 - vessel_data_pipeline - INFO - File temp_Expected_departures.xml passed validation checks
2025-10-27 18:34:28,179 - vessel_data_pipeline - INFO - Created backup: Expected_departures_20251027_183428.xml
2025-10-27 18:34:28,179 - vessel_data_pipeline - INFO - Updated metadata for Expected_departures.xml
2025-10-27 18:34:28,179 - vessel_data_pipeline - INFO - Successfully downloaded and validated Expected_departures.xml
2025-10-27 18:34:30,185 - vessel_data_pipeline - INFO - Fetch operation completed. Results: {'Arrived_in_last_36_hours.xml': True, 'Departed_in_last_36_hours.xml': True, 'Expected_arrivals.xml': True, 'Expected_departures.xml': True}
2025-10-27 18:34:30,188 - vessel_data_pipeline - INFO - VesselDataFetcher initialized. Pipeline enabled: True
2025-10-27 18:34:30,189 - vessel_data_pipeline - INFO - Starting vessel data fetch operation
2025-10-27 18:34:30,189 - vessel_data_pipeline - INFO - Discovering XML files from Hong Kong Marine Department portal
2025-10-27 18:34:30,247 - vessel_data_pipeline - INFO - Verified access to Arrived_in_last_36_hours.xml
2025-10-27 18:34:30,291 - vessel_data_pipeline - INFO - Verified access to Departed_in_last_36_hours.xml
2025-10-27 18:34:30,344 - vessel_data_pipeline - INFO - Verified access to Expected_arrivals.xml
2025-10-27 18:34:30,377 - vessel_data_pipeline - INFO - Verified access to Expected_departures.xml
2025-10-27 18:34:30,377 - vessel_data_pipeline - INFO - Discovered 4 XML files for download
2025-10-27 18:34:30,377 - vessel_data_pipeline - INFO - Downloading Arrived_in_last_36_hours.xml (attempt 1/3)
2025-10-27 18:34:30,425 - vessel_data_pipeline - INFO - File temp_Arrived_in_last_36_hours.xml passed validation checks
2025-10-27 18:34:30,425 - vessel_data_pipeline - INFO - Created backup: Arrived_in_last_36_hours_20251027_183430.xml
2025-10-27 18:34:30,426 - vessel_data_pipeline - INFO - Updated metadata for Arrived_in_last_36_hours.xml
2025-10-27 18:34:30,426 - vessel_data_pipeline - INFO - Successfully downloaded and validated Arrived_in_last_36_hours.xml
2025-10-27 18:34:32,430 - vessel_data_pipeline - INFO - Downloading Departed_in_last_36_hours.xml (attempt 1/3)
2025-10-27 18:34:32,503 - vessel_data_pipeline - INFO - File temp_Departed_in_last_36_hours.xml passed validation checks
2025-10-27 18:34:32,504 - vessel_data_pipeline - INFO - Created backup: Departed_in_last_36_hours_20251027_183432.xml
2025-10-27 18:34:32,504 - vessel_data_pipeline - INFO - Updated metadata for Departed_in_last_36_hours.xml
2025-10-27 18:34:32,504 - vessel_data_pipeline - INFO - Successfully downloaded and validated Departed_in_last_36_hours.xml
2025-10-27 18:34:34,505 - vessel_data_pipeline - INFO - Downloading Expected_arrivals.xml (attempt 1/3)
2025-10-27 18:34:34,588 - vessel_data_pipeline - INFO - File temp_Expected_arrivals.xml passed validation checks
2025-10-27 18:34:34,588 - vessel_data_pipeline - INFO - Created backup: Expected_arrivals_20251027_183434.xml
2025-10-27 18:34:34,589 - vessel_data_pipeline - INFO - Updated metadata for Expected_arrivals.xml
2025-10-27 18:34:34,589 - vessel_data_pipeline - INFO - Successfully downloaded and validated Expected_arrivals.xml
2025-10-27 18:34:36,594 - vessel_data_pipeline - INFO - Downloading Expected_departures.xml (attempt 1/3)
2025-10-27 18:34:36,647 - vessel_data_pipeline - INFO - File temp_Expected_departures.xml passed validation checks
2025-10-27 18:34:36,647 - vessel_data_pipeline - INFO - Created backup: Expected_departures_20251027_183436.xml
2025-10-27 18:34:36,647 - vessel_data_pipeline - INFO - Updated metadata for Expected_departures.xml
2025-10-27 18:34:36,647 - vessel_data_pipeline - INFO - Successfully downloaded and validated Expected_departures.xml
2025-10-27 18:34:38,650 - vessel_data_pipeline - INFO - Fetch operation completed. Results: {'Arrived_in_last_36_hours.xml': True, 'Departed_in_last_36_hours.xml': True, 'Expected_arrivals.xml': True, 'Expected_departures.xml': True}
2025-10-27 18:37:59,534 - vessel_data_pipeline - INFO - VesselDataFetcher initialized. Pipeline enabled: True
2025-10-27 18:37:59,535 - vessel_data_pipeline - INFO - Starting vessel data fetch operation
2025-10-27 18:37:59,535 - vessel_data_pipeline - INFO - Discovering XML files from Hong Kong Marine Department portal
2025-10-27 18:37:59,772 - vessel_data_pipeline - INFO - Verified access to Arrived_in_last_36_hours.xml
2025-10-27 18:37:59,949 - vessel_data_pipeline - INFO - Verified access to Departed_in_last_36_hours.xml
2025-10-27 18:38:00,163 - vessel_data_pipeline - INFO - Verified access to Expected_arrivals.xml
2025-10-27 18:38:00,422 - vessel_data_pipeline - INFO - Verified access to Expected_departures.xml
2025-10-27 18:38:00,422 - vessel_data_pipeline - INFO - Discovered 4 XML files for download
2025-10-27 18:38:00,422 - vessel_data_pipeline - INFO - Downloading Arrived_in_last_36_hours.xml (attempt 1/3)
2025-10-27 18:38:00,486 - vessel_data_pipeline - INFO - File temp_Arrived_in_last_36_hours.xml passed validation checks
2025-10-27 18:38:00,488 - vessel_data_pipeline - INFO - Created backup: Arrived_in_last_36_hours_20251027_183800.xml
2025-10-27 18:38:00,489 - vessel_data_pipeline - INFO - Updated metadata for Arrived_in_last_36_hours.xml
2025-10-27 18:38:00,490 - vessel_data_pipeline - INFO - Successfully downloaded and validated Arrived_in_last_36_hours.xml
2025-10-27 18:38:02,491 - vessel_data_pipeline - INFO - Downloading Departed_in_last_36_hours.xml (attempt 1/3)
2025-10-27 18:38:02,692 - vessel_data_pipeline - INFO - File temp_Departed_in_last_36_hours.xml passed validation checks
2025-10-27 18:38:02,693 - vessel_data_pipeline - INFO - Created backup: Departed_in_last_36_hours_20251027_183802.xml
2025-10-27 18:38:02,693 - vessel_data_pipeline - INFO - Updated metadata for Departed_in_last_36_hours.xml
2025-10-27 18:38:02,693 - vessel_data_pipeline - INFO - Successfully downloaded and validated Departed_in_last_36_hours.xml
2025-10-27 18:38:04,695 - vessel_data_pipeline - INFO - Downloading Expected_arrivals.xml (attempt 1/3)
2025-10-27 18:38:04,742 - vessel_data_pipeline - INFO - File temp_Expected_arrivals.xml passed validation checks
2025-10-27 18:38:04,743 - vessel_data_pipeline - INFO - Created backup: Expected_arrivals_20251027_183804.xml
2025-10-27 18:38:04,743 - vessel_data_pipeline - INFO - Updated metadata for Expected_arrivals.xml
2025-10-27 18:38:04,743 - vessel_data_pipeline - INFO - Successfully downloaded and validated Expected_arrivals.xml
2025-10-27 18:38:06,748 - vessel_data_pipeline - INFO - Downloading Expected_departures.xml (attempt 1/3)
2025-10-27 18:38:06,828 - vessel_data_pipeline - INFO - File temp_Expected_departures.xml passed validation checks
2025-10-27 18:38:06,828 - vessel_data_pipeline - INFO - Created backup: Expected_departures_20251027_183806.xml
2025-10-27 18:38:06,829 - vessel_data_pipeline - INFO - Updated metadata for Expected_departures.xml
2025-10-27 18:38:06,829 - vessel_data_pipeline - INFO - Successfully downloaded and validated Expected_departures.xml
2025-10-27 18:38:08,834 - vessel_data_pipeline - INFO - Fetch operation completed. Results: {'Arrived_in_last_36_hours.xml': True, 'Departed_in_last_36_hours.xml': True, 'Expected_arrivals.xml': True, 'Expected_departures.xml': True}
2025-10-27 18:38:08,842 - vessel_data_pipeline - INFO - VesselDataFetcher initialized. Pipeline enabled: True
2025-10-27 18:38:08,843 - vessel_data_pipeline - INFO - Starting vessel data fetch operation
2025-10-27 18:38:08,843 - vessel_data_pipeline - INFO - Discovering XML files from Hong Kong Marine Department portal
2025-10-27 18:38:09,132 - vessel_data_pipeline - INFO - Verified access to Arrived_in_last_36_hours.xml
2025-10-27 18:38:09,174 - vessel_data_pipeline - INFO - Verified access to Departed_in_last_36_hours.xml
2025-10-27 18:38:09,212 - vessel_data_pipeline - INFO - Verified access to Expected_arrivals.xml
2025-10-27 18:38:09,276 - vessel_data_pipeline - INFO - Verified access to Expected_departures.xml
2025-10-27 18:38:09,276 - vessel_data_pipeline - INFO - Discovered 4 XML files for download
2025-10-27 18:38:09,276 - vessel_data_pipeline - INFO - Downloading Arrived_in_last_36_hours.xml (attempt 1/3)
2025-10-27 18:38:09,328 - vessel_data_pipeline - INFO - File temp_Arrived_in_last_36_hours.xml passed validation checks
2025-10-27 18:38:09,329 - vessel_data_pipeline - INFO - Created backup: Arrived_in_last_36_hours_20251027_183809.xml
2025-10-27 18:38:09,329 - vessel_data_pipeline - INFO - Updated metadata for Arrived_in_last_36_hours.xml
2025-10-27 18:38:09,329 - vessel_data_pipeline - INFO - Successfully downloaded and validated Arrived_in_last_36_hours.xml
2025-10-27 18:38:11,332 - vessel_data_pipeline - INFO - Downloading Departed_in_last_36_hours.xml (attempt 1/3)
2025-10-27 18:38:11,398 - vessel_data_pipeline - INFO - File temp_Departed_in_last_36_hours.xml passed validation checks
2025-10-27 18:38:11,399 - vessel_data_pipeline - INFO - Created backup: Departed_in_last_36_hours_20251027_183811.xml
2025-10-27 18:38:11,399 - vessel_data_pipeline - INFO - Updated metadata for Departed_in_last_36_hours.xml
2025-10-27 18:38:11,399 - vessel_data_pipeline - INFO - Successfully downloaded and validated Departed_in_last_36_hours.xml
2025-10-27 18:38:13,403 - vessel_data_pipeline - INFO - Downloading Expected_arrivals.xml (attempt 1/3)
2025-10-27 18:38:13,459 - vessel_data_pipeline - INFO - File temp_Expected_arrivals.xml passed validation checks
2025-10-27 18:38:13,460 - vessel_data_pipeline - INFO - Created backup: Expected_arrivals_20251027_183813.xml
2025-10-27 18:38:13,460 - vessel_data_pipeline - INFO - Updated metadata for Expected_arrivals.xml
2025-10-27 18:38:13,460 - vessel_data_pipeline - INFO - Successfully downloaded and validated Expected_arrivals.xml
2025-10-27 18:38:15,460 - vessel_data_pipeline - INFO - Downloading Expected_departures.xml (attempt 1/3)
2025-10-27 18:38:15,525 - vessel_data_pipeline - INFO - File temp_Expected_departures.xml passed validation checks
2025-10-27 18:38:15,526 - vessel_data_pipeline - INFO - Created backup: Expected_departures_20251027_183815.xml
2025-10-27 18:38:15,526 - vessel_data_pipeline - INFO - Updated metadata for Expected_departures.xml
2025-10-27 18:38:15,526 - vessel_data_pipeline - INFO - Successfully downloaded and validated Expected_departures.xml
2025-10-27 18:38:17,527 - vessel_data_pipeline - INFO - Fetch operation completed. Results: {'Arrived_in_last_36_hours.xml': True, 'Departed_in_last_36_hours.xml': True, 'Expected_arrivals.xml': True, 'Expected_departures.xml': True}
2025-10-27 18:38:17,532 - vessel_data_pipeline - INFO - VesselDataFetcher initialized. Pipeline enabled: True
2025-10-27 18:38:17,532 - vessel_data_pipeline - INFO - Starting vessel data fetch operation
2025-10-27 18:38:17,532 - vessel_data_pipeline - INFO - Discovering XML files from Hong Kong Marine Department portal
2025-10-27 18:38:17,601 - vessel_data_pipeline - INFO - Verified access to Arrived_in_last_36_hours.xml
2025-10-27 18:38:17,642 - vessel_data_pipeline - INFO - Verified access to Departed_in_last_36_hours.xml
2025-10-27 18:38:17,705 - vessel_data_pipeline - INFO - Verified access to Expected_arrivals.xml
2025-10-27 18:38:17,742 - vessel_data_pipeline - INFO - Verified access to Expected_departures.xml
2025-10-27 18:38:17,742 - vessel_data_pipeline - INFO - Discovered 4 XML files for download
2025-10-27 18:38:17,742 - vessel_data_pipeline - INFO - Downloading Arrived_in_last_36_hours.xml (attempt 1/3)
2025-10-27 18:38:17,902 - vessel_data_pipeline - INFO - File temp_Arrived_in_last_36_hours.xml passed validation checks
2025-10-27 18:38:17,903 - vessel_data_pipeline - INFO - Created backup: Arrived_in_last_36_hours_20251027_183817.xml
2025-10-27 18:38:17,903 - vessel_data_pipeline - INFO - Updated metadata for Arrived_in_last_36_hours.xml
2025-10-27 18:38:17,903 - vessel_data_pipeline - INFO - Successfully downloaded and validated Arrived_in_last_36_hours.xml
2025-10-27 18:38:19,906 - vessel_data_pipeline - INFO - Downloading Departed_in_last_36_hours.xml (attempt 1/3)
2025-10-27 18:38:20,047 - vessel_data_pipeline - INFO - File temp_Departed_in_last_36_hours.xml passed validation checks
2025-10-27 18:38:20,047 - vessel_data_pipeline - INFO - Created backup: Departed_in_last_36_hours_20251027_183820.xml
2025-10-27 18:38:20,047 - vessel_data_pipeline - INFO - Updated metadata for Departed_in_last_36_hours.xml
2025-10-27 18:38:20,047 - vessel_data_pipeline - INFO - Successfully downloaded and validated Departed_in_last_36_hours.xml
2025-10-27 18:38:22,052 - vessel_data_pipeline - INFO - Downloading Expected_arrivals.xml (attempt 1/3)
2025-10-27 18:38:22,145 - vessel_data_pipeline - INFO - File temp_Expected_arrivals.xml passed validation checks
2025-10-27 18:38:22,145 - vessel_data_pipeline - INFO - Created backup: Expected_arrivals_20251027_183822.xml
2025-10-27 18:38:22,146 - vessel_data_pipeline - INFO - Updated metadata for Expected_arrivals.xml
2025-10-27 18:38:22,146 - vessel_data_pipeline - INFO - Successfully downloaded and validated Expected_arrivals.xml
2025-10-27 18:38:24,147 - vessel_data_pipeline - INFO - Downloading Expected_departures.xml (attempt 1/3)
2025-10-27 18:38:24,203 - vessel_data_pipeline - INFO - File temp_Expected_departures.xml passed validation checks
2025-10-27 18:38:24,204 - vessel_data_pipeline - INFO - Created backup: Expected_departures_20251027_183824.xml
2025-10-27 18:38:24,204 - vessel_data_pipeline - INFO - Updated metadata for Expected_departures.xml
2025-10-27 18:38:24,204 - vessel_data_pipeline - INFO - Successfully downloaded and validated Expected_departures.xml
2025-10-27 18:38:26,209 - vessel_data_pipeline - INFO - Fetch operation completed. Results: {'Arrived_in_last_36_hours.xml': True, 'Departed_in_last_36_hours.xml': True, 'Expected_arrivals.xml': True, 'Expected_departures.xml': True}
2025-10-27 18:38:26,213 - vessel_data_pipeline - INFO - VesselDataFetcher initialized. Pipeline enabled: True
2025-10-27 18:38:26,214 - vessel_data_pipeline - INFO - Starting vessel data fetch operation
2025-10-27 18:38:26,214 - vessel_data_pipeline - INFO - Discovering XML files from Hong Kong Marine Department portal
2025-10-27 18:38:26,272 - vessel_data_pipeline - INFO - Verified access to Arrived_in_last_36_hours.xml
2025-10-27 18:38:26,308 - vessel_data_pipeline - INFO - Verified access to Departed_in_last_36_hours.xml
2025-10-27 18:38:26,350 - vessel_data_pipeline - INFO - Verified access to Expected_arrivals.xml
2025-10-27 18:38:26,389 - vessel_data_pipeline - INFO - Verified access to Expected_departures.xml
2025-10-27 18:38:26,389 - vessel_data_pipeline - INFO - Discovered 4 XML files for download
2025-10-27 18:38:26,389 - vessel_data_pipeline - INFO - Downloading Arrived_in_last_36_hours.xml (attempt 1/3)
2025-10-27 18:38:26,440 - vessel_data_pipeline - INFO - File temp_Arrived_in_last_36_hours.xml passed validation checks
2025-10-27 18:38:26,441 - vessel_data_pipeline - INFO - Created backup: Arrived_in_last_36_hours_20251027_183826.xml
2025-10-27 18:38:26,441 - vessel_data_pipeline - INFO - Updated metadata for Arrived_in_last_36_hours.xml
2025-10-27 18:38:26,441 - vessel_data_pipeline - INFO - Successfully downloaded and validated Arrived_in_last_36_hours.xml
2025-10-27 18:38:28,443 - vessel_data_pipeline - INFO - Downloading Departed_in_last_36_hours.xml (attempt 1/3)
2025-10-27 18:38:28,518 - vessel_data_pipeline - INFO - File temp_Departed_in_last_36_hours.xml passed validation checks
2025-10-27 18:38:28,519 - vessel_data_pipeline - INFO - Created backup: Departed_in_last_36_hours_20251027_183828.xml
2025-10-27 18:38:28,519 - vessel_data_pipeline - INFO - Updated metadata for Departed_in_last_36_hours.xml
2025-10-27 18:38:28,519 - vessel_data_pipeline - INFO - Successfully downloaded and validated Departed_in_last_36_hours.xml
2025-10-27 18:38:30,519 - vessel_data_pipeline - INFO - Downloading Expected_arrivals.xml (attempt 1/3)
2025-10-27 18:38:30,626 - vessel_data_pipeline - INFO - File temp_Expected_arrivals.xml passed validation checks
2025-10-27 18:38:30,626 - vessel_data_pipeline - INFO - Created backup: Expected_arrivals_20251027_183830.xml
2025-10-27 18:38:30,626 - vessel_data_pipeline - INFO - Updated metadata for Expected_arrivals.xml
2025-10-27 18:38:30,626 - vessel_data_pipeline - INFO - Successfully downloaded and validated Expected_arrivals.xml
2025-10-27 18:38:32,629 - vessel_data_pipeline - INFO - Downloading Expected_departures.xml (attempt 1/3)
2025-10-27 18:38:32,694 - vessel_data_pipeline - INFO - File temp_Expected_departures.xml passed validation checks
2025-10-27 18:38:32,694 - vessel_data_pipeline - INFO - Created backup: Expected_departures_20251027_183832.xml
2025-10-27 18:38:32,695 - vessel_data_pipeline - INFO - Updated metadata for Expected_departures.xml
2025-10-27 18:38:32,695 - vessel_data_pipeline - INFO - Successfully downloaded and validated Expected_departures.xml
2025-10-27 18:38:34,697 - vessel_data_pipeline - INFO - Fetch operation completed. Results: {'Arrived_in_last_36_hours.xml': True, 'Departed_in_last_36_hours.xml': True, 'Expected_arrivals.xml': True, 'Expected_departures.xml': True}
2025-10-27 18:40:43,705 - vessel_data_pipeline - INFO - VesselDataFetcher initialized. Pipeline enabled: True
2025-10-27 18:40:43,707 - vessel_data_pipeline - INFO - Starting vessel data fetch operation
2025-10-27 18:40:43,707 - vessel_data_pipeline - INFO - Discovering XML files from Hong Kong Marine Department portal
2025-10-27 18:40:44,015 - vessel_data_pipeline - INFO - Verified access to Arrived_in_last_36_hours.xml
2025-10-27 18:40:44,217 - vessel_data_pipeline - INFO - Verified access to Departed_in_last_36_hours.xml
2025-10-27 18:40:44,420 - vessel_data_pipeline - INFO - Verified access to Expected_arrivals.xml
2025-10-27 18:40:44,602 - vessel_data_pipeline - INFO - Verified access to Expected_departures.xml
2025-10-27 18:40:44,602 - vessel_data_pipeline - INFO - Discovered 4 XML files for download
2025-10-27 18:40:44,603 - vessel_data_pipeline - INFO - Downloading Arrived_in_last_36_hours.xml (attempt 1/3)
2025-10-27 18:40:44,787 - vessel_data_pipeline - INFO - File temp_Arrived_in_last_36_hours.xml passed validation checks
2025-10-27 18:40:44,789 - vessel_data_pipeline - INFO - Created backup: Arrived_in_last_36_hours_20251027_184044.xml
2025-10-27 18:40:44,789 - vessel_data_pipeline - INFO - Updated metadata for Arrived_in_last_36_hours.xml
2025-10-27 18:40:44,790 - vessel_data_pipeline - INFO - Successfully downloaded and validated Arrived_in_last_36_hours.xml
2025-10-27 18:40:46,795 - vessel_data_pipeline - INFO - Downloading Departed_in_last_36_hours.xml (attempt 1/3)
2025-10-27 18:40:46,961 - vessel_data_pipeline - INFO - File temp_Departed_in_last_36_hours.xml passed validation checks
2025-10-27 18:40:46,962 - vessel_data_pipeline - INFO - Created backup: Departed_in_last_36_hours_20251027_184046.xml
2025-10-27 18:40:46,962 - vessel_data_pipeline - INFO - Updated metadata for Departed_in_last_36_hours.xml
2025-10-27 18:40:46,962 - vessel_data_pipeline - INFO - Successfully downloaded and validated Departed_in_last_36_hours.xml
2025-10-27 18:40:48,964 - vessel_data_pipeline - INFO - Downloading Expected_arrivals.xml (attempt 1/3)
2025-10-27 18:40:49,111 - vessel_data_pipeline - INFO - File temp_Expected_arrivals.xml passed validation checks
2025-10-27 18:40:49,111 - vessel_data_pipeline - INFO - Created backup: Expected_arrivals_20251027_184049.xml
2025-10-27 18:40:49,112 - vessel_data_pipeline - INFO - Updated metadata for Expected_arrivals.xml
2025-10-27 18:40:49,112 - vessel_data_pipeline - INFO - Successfully downloaded and validated Expected_arrivals.xml
2025-10-27 18:40:51,114 - vessel_data_pipeline - INFO - Downloading Expected_departures.xml (attempt 1/3)
2025-10-27 18:40:51,309 - vessel_data_pipeline - INFO - File temp_Expected_departures.xml passed validation checks
2025-10-27 18:40:51,309 - vessel_data_pipeline - INFO - Created backup: Expected_departures_20251027_184051.xml
2025-10-27 18:40:51,312 - vessel_data_pipeline - INFO - Updated metadata for Expected_departures.xml
2025-10-27 18:40:51,312 - vessel_data_pipeline - INFO - Successfully downloaded and validated Expected_departures.xml
2025-10-27 18:40:53,317 - vessel_data_pipeline - INFO - Fetch operation completed. Results: {'Arrived_in_last_36_hours.xml': True, 'Departed_in_last_36_hours.xml': True, 'Expected_arrivals.xml': True, 'Expected_departures.xml': True}
2025-10-27 18:40:53,321 - vessel_data_pipeline - INFO - VesselDataFetcher initialized. Pipeline enabled: True
2025-10-27 18:40:53,321 - vessel_data_pipeline - INFO - Starting vessel data fetch operation
2025-10-27 18:40:53,321 - vessel_data_pipeline - INFO - Discovering XML files from Hong Kong Marine Department portal
2025-10-27 18:40:53,487 - vessel_data_pipeline - INFO - Verified access to Arrived_in_last_36_hours.xml
2025-10-27 18:40:54,715 - vessel_data_pipeline - INFO - Verified access to Departed_in_last_36_hours.xml
2025-10-27 18:40:54,845 - vessel_data_pipeline - INFO - Verified access to Expected_arrivals.xml
2025-10-27 18:40:54,998 - vessel_data_pipeline - INFO - Verified access to Expected_departures.xml
2025-10-27 18:40:54,998 - vessel_data_pipeline - INFO - Discovered 4 XML files for download
2025-10-27 18:40:54,999 - vessel_data_pipeline - INFO - Downloading Arrived_in_last_36_hours.xml (attempt 1/3)
2025-10-27 18:40:55,169 - vessel_data_pipeline - INFO - File temp_Arrived_in_last_36_hours.xml passed validation checks
2025-10-27 18:40:55,169 - vessel_data_pipeline - INFO - Created backup: Arrived_in_last_36_hours_20251027_184055.xml
2025-10-27 18:40:55,170 - vessel_data_pipeline - INFO - Updated metadata for Arrived_in_last_36_hours.xml
2025-10-27 18:40:55,170 - vessel_data_pipeline - INFO - Successfully downloaded and validated Arrived_in_last_36_hours.xml
2025-10-27 18:40:57,175 - vessel_data_pipeline - INFO - Downloading Departed_in_last_36_hours.xml (attempt 1/3)
2025-10-27 18:40:57,339 - vessel_data_pipeline - INFO - File temp_Departed_in_last_36_hours.xml passed validation checks
2025-10-27 18:40:57,339 - vessel_data_pipeline - INFO - Created backup: Departed_in_last_36_hours_20251027_184057.xml
2025-10-27 18:40:57,340 - vessel_data_pipeline - INFO - Updated metadata for Departed_in_last_36_hours.xml
2025-10-27 18:40:57,340 - vessel_data_pipeline - INFO - Successfully downloaded and validated Departed_in_last_36_hours.xml
2025-10-27 18:40:59,345 - vessel_data_pipeline - INFO - Downloading Expected_arrivals.xml (attempt 1/3)
2025-10-27 18:40:59,494 - vessel_data_pipeline - INFO - File temp_Expected_arrivals.xml passed validation checks
2025-10-27 18:40:59,494 - vessel_data_pipeline - INFO - Created backup: Expected_arrivals_20251027_184059.xml
2025-10-27 18:40:59,495 - vessel_data_pipeline - INFO - Updated metadata for Expected_arrivals.xml
2025-10-27 18:40:59,495 - vessel_data_pipeline - INFO - Successfully downloaded and validated Expected_arrivals.xml
2025-10-27 18:41:01,500 - vessel_data_pipeline - INFO - Downloading Expected_departures.xml (attempt 1/3)
2025-10-27 18:41:01,674 - vessel_data_pipeline - INFO - File temp_Expected_departures.xml passed validation checks
2025-10-27 18:41:01,675 - vessel_data_pipeline - INFO - Created backup: Expected_departures_20251027_184101.xml
2025-10-27 18:41:01,675 - vessel_data_pipeline - INFO - Updated metadata for Expected_departures.xml
2025-10-27 18:41:01,675 - vessel_data_pipeline - INFO - Successfully downloaded and validated Expected_departures.xml
2025-10-27 18:41:03,680 - vessel_data_pipeline - INFO - Fetch operation completed. Results: {'Arrived_in_last_36_hours.xml': True, 'Departed_in_last_36_hours.xml': True, 'Expected_arrivals.xml': True, 'Expected_departures.xml': True}
2025-10-27 18:41:03,685 - vessel_data_pipeline - INFO - VesselDataFetcher initialized. Pipeline enabled: True
2025-10-27 18:41:03,686 - vessel_data_pipeline - INFO - Starting vessel data fetch operation
2025-10-27 18:41:03,686 - vessel_data_pipeline - INFO - Discovering XML files from Hong Kong Marine Department portal
2025-10-27 18:41:03,853 - vessel_data_pipeline - INFO - Verified access to Arrived_in_last_36_hours.xml
2025-10-27 18:41:03,992 - vessel_data_pipeline - INFO - Verified access to Departed_in_last_36_hours.xml
2025-10-27 18:41:04,322 - vessel_data_pipeline - INFO - Verified access to Expected_arrivals.xml
2025-10-27 18:41:04,476 - vessel_data_pipeline - INFO - Verified access to Expected_departures.xml
2025-10-27 18:41:04,476 - vessel_data_pipeline - INFO - Discovered 4 XML files for download
2025-10-27 18:41:04,476 - vessel_data_pipeline - INFO - Downloading Arrived_in_last_36_hours.xml (attempt 1/3)
2025-10-27 18:41:04,642 - vessel_data_pipeline - INFO - File temp_Arrived_in_last_36_hours.xml passed validation checks
2025-10-27 18:41:04,643 - vessel_data_pipeline - INFO - Created backup: Arrived_in_last_36_hours_20251027_184104.xml
2025-10-27 18:41:04,644 - vessel_data_pipeline - INFO - Updated metadata for Arrived_in_last_36_hours.xml
2025-10-27 18:41:04,644 - vessel_data_pipeline - INFO - Successfully downloaded and validated Arrived_in_last_36_hours.xml
2025-10-27 18:41:06,646 - vessel_data_pipeline - INFO - Downloading Departed_in_last_36_hours.xml (attempt 1/3)
2025-10-27 18:41:06,837 - vessel_data_pipeline - INFO - File temp_Departed_in_last_36_hours.xml passed validation checks
2025-10-27 18:41:06,838 - vessel_data_pipeline - INFO - Created backup: Departed_in_last_36_hours_20251027_184106.xml
2025-10-27 18:41:06,838 - vessel_data_pipeline - INFO - Updated metadata for Departed_in_last_36_hours.xml
2025-10-27 18:41:06,838 - vessel_data_pipeline - INFO - Successfully downloaded and validated Departed_in_last_36_hours.xml
2025-10-27 18:41:08,843 - vessel_data_pipeline - INFO - Downloading Expected_arrivals.xml (attempt 1/3)
2025-10-27 18:41:08,987 - vessel_data_pipeline - INFO - File temp_Expected_arrivals.xml passed validation checks
2025-10-27 18:41:08,988 - vessel_data_pipeline - INFO - Created backup: Expected_arrivals_20251027_184108.xml
2025-10-27 18:41:08,988 - vessel_data_pipeline - INFO - Updated metadata for Expected_arrivals.xml
2025-10-27 18:41:08,988 - vessel_data_pipeline - INFO - Successfully downloaded and validated Expected_arrivals.xml
2025-10-27 18:41:10,993 - vessel_data_pipeline - INFO - Downloading Expected_departures.xml (attempt 1/3)
2025-10-27 18:41:11,177 - vessel_data_pipeline - INFO - File temp_Expected_departures.xml passed validation checks
2025-10-27 18:41:11,177 - vessel_data_pipeline - INFO - Created backup: Expected_departures_20251027_184111.xml
2025-10-27 18:41:11,178 - vessel_data_pipeline - INFO - Updated metadata for Expected_departures.xml
2025-10-27 18:41:11,178 - vessel_data_pipeline - INFO - Successfully downloaded and validated Expected_departures.xml
2025-10-27 18:41:13,178 - vessel_data_pipeline - INFO - Fetch operation completed. Results: {'Arrived_in_last_36_hours.xml': True, 'Departed_in_last_36_hours.xml': True, 'Expected_arrivals.xml': True, 'Expected_departures.xml': True}
2025-10-27 18:41:13,182 - vessel_data_pipeline - INFO - VesselDataFetcher initialized. Pipeline enabled: True
2025-10-27 18:41:13,183 - vessel_data_pipeline - INFO - Starting vessel data fetch operation
2025-10-27 18:41:13,183 - vessel_data_pipeline - INFO - Discovering XML files from Hong Kong Marine Department portal
2025-10-27 18:41:13,351 - vessel_data_pipeline - INFO - Verified access to Arrived_in_last_36_hours.xml
2025-10-27 18:41:13,560 - vessel_data_pipeline - INFO - Verified access to Departed_in_last_36_hours.xml
2025-10-27 18:41:13,697 - vessel_data_pipeline - INFO - Verified access to Expected_arrivals.xml
2025-10-27 18:41:13,850 - vessel_data_pipeline - INFO - Verified access to Expected_departures.xml
2025-10-27 18:41:13,850 - vessel_data_pipeline - INFO - Discovered 4 XML files for download
2025-10-27 18:41:13,850 - vessel_data_pipeline - INFO - Downloading Arrived_in_last_36_hours.xml (attempt 1/3)
2025-10-27 18:41:14,004 - vessel_data_pipeline - INFO - File temp_Arrived_in_last_36_hours.xml passed validation checks
2025-10-27 18:41:14,004 - vessel_data_pipeline - INFO - Created backup: Arrived_in_last_36_hours_20251027_184114.xml
2025-10-27 18:41:14,005 - vessel_data_pipeline - INFO - Updated metadata for Arrived_in_last_36_hours.xml
2025-10-27 18:41:14,005 - vessel_data_pipeline - INFO - Successfully downloaded and validated Arrived_in_last_36_hours.xml
2025-10-27 18:41:16,010 - vessel_data_pipeline - INFO - Downloading Departed_in_last_36_hours.xml (attempt 1/3)
2025-10-27 18:41:16,170 - vessel_data_pipeline - INFO - File temp_Departed_in_last_36_hours.xml passed validation checks
2025-10-27 18:41:16,170 - vessel_data_pipeline - INFO - Created backup: Departed_in_last_36_hours_20251027_184116.xml
2025-10-27 18:41:16,171 - vessel_data_pipeline - INFO - Updated metadata for Departed_in_last_36_hours.xml
2025-10-27 18:41:16,171 - vessel_data_pipeline - INFO - Successfully downloaded and validated Departed_in_last_36_hours.xml
2025-10-27 18:41:18,173 - vessel_data_pipeline - INFO - Downloading Expected_arrivals.xml (attempt 1/3)
2025-10-27 18:41:18,326 - vessel_data_pipeline - INFO - File temp_Expected_arrivals.xml passed validation checks
2025-10-27 18:41:18,327 - vessel_data_pipeline - INFO - Created backup: Expected_arrivals_20251027_184118.xml
2025-10-27 18:41:18,327 - vessel_data_pipeline - INFO - Updated metadata for Expected_arrivals.xml
2025-10-27 18:41:18,327 - vessel_data_pipeline - INFO - Successfully downloaded and validated Expected_arrivals.xml
2025-10-27 18:41:20,328 - vessel_data_pipeline - INFO - Downloading Expected_departures.xml (attempt 1/3)
2025-10-27 18:41:20,521 - vessel_data_pipeline - INFO - File temp_Expected_departures.xml passed validation checks
2025-10-27 18:41:20,521 - vessel_data_pipeline - INFO - Created backup: Expected_departures_20251027_184120.xml
2025-10-27 18:41:20,522 - vessel_data_pipeline - INFO - Updated metadata for Expected_departures.xml
2025-10-27 18:41:20,522 - vessel_data_pipeline - INFO - Successfully downloaded and validated Expected_departures.xml
2025-10-27 18:41:22,522 - vessel_data_pipeline - INFO - Fetch operation completed. Results: {'Arrived_in_last_36_hours.xml': True, 'Departed_in_last_36_hours.xml': True, 'Expected_arrivals.xml': True, 'Expected_departures.xml': True}
2025-10-27 18:41:48,647 - vessel_data_pipeline - INFO - VesselDataFetcher initialized. Pipeline enabled: True
2025-10-27 18:41:48,648 - vessel_data_pipeline - INFO - Starting vessel data fetch operation
2025-10-27 18:41:48,649 - vessel_data_pipeline - INFO - Discovering XML files from Hong Kong Marine Department portal
2025-10-27 18:41:48,731 - vessel_data_pipeline - INFO - Verified access to Arrived_in_last_36_hours.xml
2025-10-27 18:41:48,807 - vessel_data_pipeline - INFO - Verified access to Departed_in_last_36_hours.xml
2025-10-27 18:41:48,841 - vessel_data_pipeline - INFO - Verified access to Expected_arrivals.xml
2025-10-27 18:41:48,889 - vessel_data_pipeline - INFO - Verified access to Expected_departures.xml
2025-10-27 18:41:48,890 - vessel_data_pipeline - INFO - Discovered 4 XML files for download
2025-10-27 18:41:48,891 - vessel_data_pipeline - INFO - Downloading Arrived_in_last_36_hours.xml (attempt 1/3)
2025-10-27 18:41:48,976 - vessel_data_pipeline - INFO - File temp_Arrived_in_last_36_hours.xml passed validation checks
2025-10-27 18:41:48,978 - vessel_data_pipeline - INFO - Created backup: Arrived_in_last_36_hours_20251027_184148.xml
2025-10-27 18:41:48,978 - vessel_data_pipeline - INFO - Updated metadata for Arrived_in_last_36_hours.xml
2025-10-27 18:41:48,978 - vessel_data_pipeline - INFO - Successfully downloaded and validated Arrived_in_last_36_hours.xml
2025-10-27 18:41:50,980 - vessel_data_pipeline - INFO - Downloading Departed_in_last_36_hours.xml (attempt 1/3)
2025-10-27 18:41:51,049 - vessel_data_pipeline - INFO - File temp_Departed_in_last_36_hours.xml passed validation checks
2025-10-27 18:41:51,049 - vessel_data_pipeline - INFO - Created backup: Departed_in_last_36_hours_20251027_184151.xml
2025-10-27 18:41:51,050 - vessel_data_pipeline - INFO - Updated metadata for Departed_in_last_36_hours.xml
2025-10-27 18:41:51,050 - vessel_data_pipeline - INFO - Successfully downloaded and validated Departed_in_last_36_hours.xml
2025-10-27 18:41:53,055 - vessel_data_pipeline - INFO - Downloading Expected_arrivals.xml (attempt 1/3)
2025-10-27 18:41:53,108 - vessel_data_pipeline - INFO - File temp_Expected_arrivals.xml passed validation checks
2025-10-27 18:41:53,108 - vessel_data_pipeline - INFO - Created backup: Expected_arrivals_20251027_184153.xml
2025-10-27 18:41:53,109 - vessel_data_pipeline - INFO - Updated metadata for Expected_arrivals.xml
2025-10-27 18:41:53,109 - vessel_data_pipeline - INFO - Successfully downloaded and validated Expected_arrivals.xml
2025-10-27 18:41:55,114 - vessel_data_pipeline - INFO - Downloading Expected_departures.xml (attempt 1/3)
2025-10-27 18:41:55,169 - vessel_data_pipeline - INFO - File temp_Expected_departures.xml passed validation checks
2025-10-27 18:41:55,169 - vessel_data_pipeline - INFO - Created backup: Expected_departures_20251027_184155.xml
2025-10-27 18:41:55,170 - vessel_data_pipeline - INFO - Updated metadata for Expected_departures.xml
2025-10-27 18:41:55,170 - vessel_data_pipeline - INFO - Successfully downloaded and validated Expected_departures.xml
2025-10-27 18:41:57,171 - vessel_data_pipeline - INFO - Fetch operation completed. Results: {'Arrived_in_last_36_hours.xml': True, 'Departed_in_last_36_hours.xml': True, 'Expected_arrivals.xml': True, 'Expected_departures.xml': True}
2025-10-27 18:41:57,176 - vessel_data_pipeline - INFO - VesselDataFetcher initialized. Pipeline enabled: True
2025-10-27 18:41:57,176 - vessel_data_pipeline - INFO - Starting vessel data fetch operation
2025-10-27 18:41:57,176 - vessel_data_pipeline - INFO - Discovering XML files from Hong Kong Marine Department portal
2025-10-27 18:41:57,235 - vessel_data_pipeline - INFO - Verified access to Arrived_in_last_36_hours.xml
2025-10-27 18:41:57,281 - vessel_data_pipeline - INFO - Verified access to Departed_in_last_36_hours.xml
2025-10-27 18:41:57,311 - vessel_data_pipeline - INFO - Verified access to Expected_arrivals.xml
2025-10-27 18:41:57,367 - vessel_data_pipeline - INFO - Verified access to Expected_departures.xml
2025-10-27 18:41:57,367 - vessel_data_pipeline - INFO - Discovered 4 XML files for download
2025-10-27 18:41:57,367 - vessel_data_pipeline - INFO - Downloading Arrived_in_last_36_hours.xml (attempt 1/3)
2025-10-27 18:41:57,418 - vessel_data_pipeline - INFO - File temp_Arrived_in_last_36_hours.xml passed validation checks
2025-10-27 18:41:57,418 - vessel_data_pipeline - INFO - Created backup: Arrived_in_last_36_hours_20251027_184157.xml
2025-10-27 18:41:57,419 - vessel_data_pipeline - INFO - Updated metadata for Arrived_in_last_36_hours.xml
2025-10-27 18:41:57,419 - vessel_data_pipeline - INFO - Successfully downloaded and validated Arrived_in_last_36_hours.xml
2025-10-27 18:41:59,424 - vessel_data_pipeline - INFO - Downloading Departed_in_last_36_hours.xml (attempt 1/3)
2025-10-27 18:41:59,480 - vessel_data_pipeline - INFO - File temp_Departed_in_last_36_hours.xml passed validation checks
2025-10-27 18:41:59,481 - vessel_data_pipeline - INFO - Created backup: Departed_in_last_36_hours_20251027_184159.xml
2025-10-27 18:41:59,481 - vessel_data_pipeline - INFO - Updated metadata for Departed_in_last_36_hours.xml
2025-10-27 18:41:59,481 - vessel_data_pipeline - INFO - Successfully downloaded and validated Departed_in_last_36_hours.xml
2025-10-27 18:42:01,484 - vessel_data_pipeline - INFO - Downloading Expected_arrivals.xml (attempt 1/3)
2025-10-27 18:42:01,541 - vessel_data_pipeline - INFO - File temp_Expected_arrivals.xml passed validation checks
2025-10-27 18:42:01,541 - vessel_data_pipeline - INFO - Created backup: Expected_arrivals_20251027_184201.xml
2025-10-27 18:42:01,541 - vessel_data_pipeline - INFO - Updated metadata for Expected_arrivals.xml
2025-10-27 18:42:01,541 - vessel_data_pipeline - INFO - Successfully downloaded and validated Expected_arrivals.xml
2025-10-27 18:42:03,547 - vessel_data_pipeline - INFO - Downloading Expected_departures.xml (attempt 1/3)
2025-10-27 18:42:03,608 - vessel_data_pipeline - INFO - File temp_Expected_departures.xml passed validation checks
2025-10-27 18:42:03,609 - vessel_data_pipeline - INFO - Created backup: Expected_departures_20251027_184203.xml
2025-10-27 18:42:03,609 - vessel_data_pipeline - INFO - Updated metadata for Expected_departures.xml
2025-10-27 18:42:03,609 - vessel_data_pipeline - INFO - Successfully downloaded and validated Expected_departures.xml
2025-10-27 18:42:05,611 - vessel_data_pipeline - INFO - Fetch operation completed. Results: {'Arrived_in_last_36_hours.xml': True, 'Departed_in_last_36_hours.xml': True, 'Expected_arrivals.xml': True, 'Expected_departures.xml': True}
2025-10-27 18:42:05,617 - vessel_data_pipeline - INFO - VesselDataFetcher initialized. Pipeline enabled: True
2025-10-27 18:42:05,618 - vessel_data_pipeline - INFO - Starting vessel data fetch operation
2025-10-27 18:42:05,618 - vessel_data_pipeline - INFO - Discovering XML files from Hong Kong Marine Department portal
2025-10-27 18:42:05,709 - vessel_data_pipeline - INFO - Verified access to Arrived_in_last_36_hours.xml
2025-10-27 18:42:05,742 - vessel_data_pipeline - INFO - Verified access to Departed_in_last_36_hours.xml
2025-10-27 18:42:05,777 - vessel_data_pipeline - INFO - Verified access to Expected_arrivals.xml
2025-10-27 18:42:05,838 - vessel_data_pipeline - INFO - Verified access to Expected_departures.xml
2025-10-27 18:42:05,838 - vessel_data_pipeline - INFO - Discovered 4 XML files for download
2025-10-27 18:42:05,838 - vessel_data_pipeline - INFO - Downloading Arrived_in_last_36_hours.xml (attempt 1/3)
2025-10-27 18:42:05,895 - vessel_data_pipeline - INFO - File temp_Arrived_in_last_36_hours.xml passed validation checks
2025-10-27 18:42:05,896 - vessel_data_pipeline - INFO - Created backup: Arrived_in_last_36_hours_20251027_184205.xml
2025-10-27 18:42:05,896 - vessel_data_pipeline - INFO - Updated metadata for Arrived_in_last_36_hours.xml
2025-10-27 18:42:05,896 - vessel_data_pipeline - INFO - Successfully downloaded and validated Arrived_in_last_36_hours.xml
2025-10-27 18:42:07,899 - vessel_data_pipeline - INFO - Downloading Departed_in_last_36_hours.xml (attempt 1/3)
2025-10-27 18:42:07,957 - vessel_data_pipeline - INFO - File temp_Departed_in_last_36_hours.xml passed validation checks
2025-10-27 18:42:07,957 - vessel_data_pipeline - INFO - Created backup: Departed_in_last_36_hours_20251027_184207.xml
2025-10-27 18:42:07,957 - vessel_data_pipeline - INFO - Updated metadata for Departed_in_last_36_hours.xml
2025-10-27 18:42:07,957 - vessel_data_pipeline - INFO - Successfully downloaded and validated Departed_in_last_36_hours.xml
2025-10-27 18:42:09,963 - vessel_data_pipeline - INFO - Downloading Expected_arrivals.xml (attempt 1/3)
2025-10-27 18:42:10,008 - vessel_data_pipeline - INFO - File temp_Expected_arrivals.xml passed validation checks
2025-10-27 18:42:10,009 - vessel_data_pipeline - INFO - Created backup: Expected_arrivals_20251027_184210.xml
2025-10-27 18:42:10,010 - vessel_data_pipeline - INFO - Updated metadata for Expected_arrivals.xml
2025-10-27 18:42:10,010 - vessel_data_pipeline - INFO - Successfully downloaded and validated Expected_arrivals.xml
2025-10-27 18:42:12,015 - vessel_data_pipeline - INFO - Downloading Expected_departures.xml (attempt 1/3)
2025-10-27 18:42:12,065 - vessel_data_pipeline - INFO - File temp_Expected_departures.xml passed validation checks
2025-10-27 18:42:12,065 - vessel_data_pipeline - INFO - Created backup: Expected_departures_20251027_184212.xml
2025-10-27 18:42:12,066 - vessel_data_pipeline - INFO - Updated metadata for Expected_departures.xml
2025-10-27 18:42:12,066 - vessel_data_pipeline - INFO - Successfully downloaded and validated Expected_departures.xml
2025-10-27 18:42:14,071 - vessel_data_pipeline - INFO - Fetch operation completed. Results: {'Arrived_in_last_36_hours.xml': True, 'Departed_in_last_36_hours.xml': True, 'Expected_arrivals.xml': True, 'Expected_departures.xml': True}
2025-10-27 18:42:14,075 - vessel_data_pipeline - INFO - VesselDataFetcher initialized. Pipeline enabled: True
2025-10-27 18:42:14,075 - vessel_data_pipeline - INFO - Starting vessel data fetch operation
2025-10-27 18:42:14,075 - vessel_data_pipeline - INFO - Discovering XML files from Hong Kong Marine Department portal
2025-10-27 18:42:14,255 - vessel_data_pipeline - INFO - Verified access to Arrived_in_last_36_hours.xml
2025-10-27 18:42:14,457 - vessel_data_pipeline - INFO - Verified access to Departed_in_last_36_hours.xml
2025-10-27 18:42:14,604 - vessel_data_pipeline - INFO - Verified access to Expected_arrivals.xml
2025-10-27 18:42:14,746 - vessel_data_pipeline - INFO - Verified access to Expected_departures.xml
2025-10-27 18:42:14,746 - vessel_data_pipeline - INFO - Discovered 4 XML files for download
2025-10-27 18:42:14,746 - vessel_data_pipeline - INFO - Downloading Arrived_in_last_36_hours.xml (attempt 1/3)
2025-10-27 18:42:14,916 - vessel_data_pipeline - INFO - File temp_Arrived_in_last_36_hours.xml passed validation checks
2025-10-27 18:42:14,916 - vessel_data_pipeline - INFO - Created backup: Arrived_in_last_36_hours_20251027_184214.xml
2025-10-27 18:42:14,917 - vessel_data_pipeline - INFO - Updated metadata for Arrived_in_last_36_hours.xml
2025-10-27 18:42:14,917 - vessel_data_pipeline - INFO - Successfully downloaded and validated Arrived_in_last_36_hours.xml
2025-10-27 18:42:16,922 - vessel_data_pipeline - INFO - Downloading Departed_in_last_36_hours.xml (attempt 1/3)
2025-10-27 18:42:17,089 - vessel_data_pipeline - INFO - File temp_Departed_in_last_36_hours.xml passed validation checks
2025-10-27 18:42:17,089 - vessel_data_pipeline - INFO - Created backup: Departed_in_last_36_hours_20251027_184217.xml
2025-10-27 18:42:17,090 - vessel_data_pipeline - INFO - Updated metadata for Departed_in_last_36_hours.xml
2025-10-27 18:42:17,090 - vessel_data_pipeline - INFO - Successfully downloaded and validated Departed_in_last_36_hours.xml
2025-10-27 18:42:19,095 - vessel_data_pipeline - INFO - Downloading Expected_arrivals.xml (attempt 1/3)
2025-10-27 18:42:19,252 - vessel_data_pipeline - INFO - File temp_Expected_arrivals.xml passed validation checks
2025-10-27 18:42:19,253 - vessel_data_pipeline - INFO - Created backup: Expected_arrivals_20251027_184219.xml
2025-10-27 18:42:19,253 - vessel_data_pipeline - INFO - Updated metadata for Expected_arrivals.xml
2025-10-27 18:42:19,253 - vessel_data_pipeline - INFO - Successfully downloaded and validated Expected_arrivals.xml
2025-10-27 18:42:21,258 - vessel_data_pipeline - INFO - Downloading Expected_departures.xml (attempt 1/3)
2025-10-27 18:42:21,405 - vessel_data_pipeline - INFO - File temp_Expected_departures.xml passed validation checks
2025-10-27 18:42:21,405 - vessel_data_pipeline - INFO - Created backup: Expected_departures_20251027_184221.xml
2025-10-27 18:42:21,405 - vessel_data_pipeline - INFO - Updated metadata for Expected_departures.xml
2025-10-27 18:42:21,405 - vessel_data_pipeline - INFO - Successfully downloaded and validated Expected_departures.xml
2025-10-27 18:42:23,410 - vessel_data_pipeline - INFO - Fetch operation completed. Results: {'Arrived_in_last_36_hours.xml': True, 'Departed_in_last_36_hours.xml': True, 'Expected_arrivals.xml': True, 'Expected_departures.xml': True}
2025-10-27 18:44:05,132 - vessel_data_pipeline - INFO - VesselDataFetcher initialized. Pipeline enabled: True
2025-10-27 18:44:05,134 - vessel_data_pipeline - INFO - Starting vessel data fetch operation
2025-10-27 18:44:05,134 - vessel_data_pipeline - INFO - Discovering XML files from Hong Kong Marine Department portal
2025-10-27 18:44:05,486 - vessel_data_pipeline - INFO - Verified access to Arrived_in_last_36_hours.xml
2025-10-27 18:44:05,628 - vessel_data_pipeline - INFO - Verified access to Departed_in_last_36_hours.xml
2025-10-27 18:44:05,791 - vessel_data_pipeline - INFO - Verified access to Expected_arrivals.xml
2025-10-27 18:44:05,931 - vessel_data_pipeline - INFO - Verified access to Expected_departures.xml
2025-10-27 18:44:05,931 - vessel_data_pipeline - INFO - Discovered 4 XML files for download
2025-10-27 18:44:05,931 - vessel_data_pipeline - INFO - Downloading Arrived_in_last_36_hours.xml (attempt 1/3)
2025-10-27 18:44:06,087 - vessel_data_pipeline - INFO - File temp_Arrived_in_last_36_hours.xml passed validation checks
2025-10-27 18:44:06,088 - vessel_data_pipeline - INFO - Created backup: Arrived_in_last_36_hours_20251027_184406.xml
2025-10-27 18:44:06,090 - vessel_data_pipeline - INFO - Updated metadata for Arrived_in_last_36_hours.xml
2025-10-27 18:44:06,090 - vessel_data_pipeline - INFO - Successfully downloaded and validated Arrived_in_last_36_hours.xml
2025-10-27 18:44:08,093 - vessel_data_pipeline - INFO - Downloading Departed_in_last_36_hours.xml (attempt 1/3)
2025-10-27 18:44:08,289 - vessel_data_pipeline - INFO - File temp_Departed_in_last_36_hours.xml passed validation checks
2025-10-27 18:44:08,289 - vessel_data_pipeline - INFO - Created backup: Departed_in_last_36_hours_20251027_184408.xml
2025-10-27 18:44:08,289 - vessel_data_pipeline - INFO - Updated metadata for Departed_in_last_36_hours.xml
2025-10-27 18:44:08,289 - vessel_data_pipeline - INFO - Successfully downloaded and validated Departed_in_last_36_hours.xml
2025-10-27 18:44:10,294 - vessel_data_pipeline - INFO - Downloading Expected_arrivals.xml (attempt 1/3)
2025-10-27 18:44:10,439 - vessel_data_pipeline - INFO - File temp_Expected_arrivals.xml passed validation checks
2025-10-27 18:44:10,439 - vessel_data_pipeline - INFO - Created backup: Expected_arrivals_20251027_184410.xml
2025-10-27 18:44:10,440 - vessel_data_pipeline - INFO - Updated metadata for Expected_arrivals.xml
2025-10-27 18:44:10,440 - vessel_data_pipeline - INFO - Successfully downloaded and validated Expected_arrivals.xml
2025-10-27 18:44:12,445 - vessel_data_pipeline - INFO - Downloading Expected_departures.xml (attempt 1/3)
2025-10-27 18:44:12,628 - vessel_data_pipeline - INFO - File temp_Expected_departures.xml passed validation checks
2025-10-27 18:44:12,629 - vessel_data_pipeline - INFO - Created backup: Expected_departures_20251027_184412.xml
2025-10-27 18:44:12,629 - vessel_data_pipeline - INFO - Updated metadata for Expected_departures.xml
2025-10-27 18:44:12,629 - vessel_data_pipeline - INFO - Successfully downloaded and validated Expected_departures.xml
2025-10-27 18:44:14,629 - vessel_data_pipeline - INFO - Fetch operation completed. Results: {'Arrived_in_last_36_hours.xml': True, 'Departed_in_last_36_hours.xml': True, 'Expected_arrivals.xml': True, 'Expected_departures.xml': True}
2025-10-27 18:44:14,633 - vessel_data_pipeline - INFO - VesselDataFetcher initialized. Pipeline enabled: True
2025-10-27 18:44:14,634 - vessel_data_pipeline - INFO - Starting vessel data fetch operation
2025-10-27 18:44:14,634 - vessel_data_pipeline - INFO - Discovering XML files from Hong Kong Marine Department portal
2025-10-27 18:44:14,791 - vessel_data_pipeline - INFO - Verified access to Arrived_in_last_36_hours.xml
2025-10-27 18:44:15,018 - vessel_data_pipeline - INFO - Verified access to Departed_in_last_36_hours.xml
2025-10-27 18:44:15,156 - vessel_data_pipeline - INFO - Verified access to Expected_arrivals.xml
2025-10-27 18:44:15,294 - vessel_data_pipeline - INFO - Verified access to Expected_departures.xml
2025-10-27 18:44:15,294 - vessel_data_pipeline - INFO - Discovered 4 XML files for download
2025-10-27 18:44:15,294 - vessel_data_pipeline - INFO - Downloading Arrived_in_last_36_hours.xml (attempt 1/3)
2025-10-27 18:44:15,480 - vessel_data_pipeline - INFO - File temp_Arrived_in_last_36_hours.xml passed validation checks
2025-10-27 18:44:15,480 - vessel_data_pipeline - INFO - Created backup: Arrived_in_last_36_hours_20251027_184415.xml
2025-10-27 18:44:15,480 - vessel_data_pipeline - INFO - Updated metadata for Arrived_in_last_36_hours.xml
2025-10-27 18:44:15,480 - vessel_data_pipeline - INFO - Successfully downloaded and validated Arrived_in_last_36_hours.xml
2025-10-27 18:44:17,486 - vessel_data_pipeline - INFO - Downloading Departed_in_last_36_hours.xml (attempt 1/3)
2025-10-27 18:44:17,651 - vessel_data_pipeline - INFO - File temp_Departed_in_last_36_hours.xml passed validation checks
2025-10-27 18:44:17,651 - vessel_data_pipeline - INFO - Created backup: Departed_in_last_36_hours_20251027_184417.xml
2025-10-27 18:44:17,651 - vessel_data_pipeline - INFO - Updated metadata for Departed_in_last_36_hours.xml
2025-10-27 18:44:17,651 - vessel_data_pipeline - INFO - Successfully downloaded and validated Departed_in_last_36_hours.xml
2025-10-27 18:44:19,657 - vessel_data_pipeline - INFO - Downloading Expected_arrivals.xml (attempt 1/3)
2025-10-27 18:44:19,815 - vessel_data_pipeline - INFO - File temp_Expected_arrivals.xml passed validation checks
2025-10-27 18:44:19,816 - vessel_data_pipeline - INFO - Created backup: Expected_arrivals_20251027_184419.xml
2025-10-27 18:44:19,816 - vessel_data_pipeline - INFO - Updated metadata for Expected_arrivals.xml
2025-10-27 18:44:19,816 - vessel_data_pipeline - INFO - Successfully downloaded and validated Expected_arrivals.xml
2025-10-27 18:44:21,818 - vessel_data_pipeline - INFO - Downloading Expected_departures.xml (attempt 1/3)
2025-10-27 18:44:21,993 - vessel_data_pipeline - INFO - File temp_Expected_departures.xml passed validation checks
2025-10-27 18:44:21,993 - vessel_data_pipeline - INFO - Created backup: Expected_departures_20251027_184421.xml
2025-10-27 18:44:21,994 - vessel_data_pipeline - INFO - Updated metadata for Expected_departures.xml
2025-10-27 18:44:21,994 - vessel_data_pipeline - INFO - Successfully downloaded and validated Expected_departures.xml
2025-10-27 18:44:23,999 - vessel_data_pipeline - INFO - Fetch operation completed. Results: {'Arrived_in_last_36_hours.xml': True, 'Departed_in_last_36_hours.xml': True, 'Expected_arrivals.xml': True, 'Expected_departures.xml': True}
2025-10-27 18:44:24,010 - vessel_data_pipeline - INFO - VesselDataFetcher initialized. Pipeline enabled: True
2025-10-27 18:44:24,011 - vessel_data_pipeline - INFO - Starting vessel data fetch operation
2025-10-27 18:44:24,011 - vessel_data_pipeline - INFO - Discovering XML files from Hong Kong Marine Department portal
2025-10-27 18:44:24,180 - vessel_data_pipeline - INFO - Verified access to Arrived_in_last_36_hours.xml
2025-10-27 18:44:24,321 - vessel_data_pipeline - INFO - Verified access to Departed_in_last_36_hours.xml
2025-10-27 18:44:24,695 - vessel_data_pipeline - INFO - Verified access to Expected_arrivals.xml
2025-10-27 18:44:24,834 - vessel_data_pipeline - INFO - Verified access to Expected_departures.xml
2025-10-27 18:44:24,834 - vessel_data_pipeline - INFO - Discovered 4 XML files for download
2025-10-27 18:44:24,834 - vessel_data_pipeline - INFO - Downloading Arrived_in_last_36_hours.xml (attempt 1/3)
2025-10-27 18:44:24,980 - vessel_data_pipeline - INFO - File temp_Arrived_in_last_36_hours.xml passed validation checks
2025-10-27 18:44:24,982 - vessel_data_pipeline - INFO - Created backup: Arrived_in_last_36_hours_20251027_184424.xml
2025-10-27 18:44:24,983 - vessel_data_pipeline - INFO - Updated metadata for Arrived_in_last_36_hours.xml
2025-10-27 18:44:24,983 - vessel_data_pipeline - INFO - Successfully downloaded and validated Arrived_in_last_36_hours.xml
2025-10-27 18:44:26,988 - vessel_data_pipeline - INFO - Downloading Departed_in_last_36_hours.xml (attempt 1/3)
2025-10-27 18:44:27,146 - vessel_data_pipeline - INFO - File temp_Departed_in_last_36_hours.xml passed validation checks
2025-10-27 18:44:27,146 - vessel_data_pipeline - INFO - Created backup: Departed_in_last_36_hours_20251027_184427.xml
2025-10-27 18:44:27,146 - vessel_data_pipeline - INFO - Updated metadata for Departed_in_last_36_hours.xml
2025-10-27 18:44:27,146 - vessel_data_pipeline - INFO - Successfully downloaded and validated Departed_in_last_36_hours.xml
2025-10-27 18:44:29,152 - vessel_data_pipeline - INFO - Downloading Expected_arrivals.xml (attempt 1/3)
2025-10-27 18:44:29,328 - vessel_data_pipeline - INFO - File temp_Expected_arrivals.xml passed validation checks
2025-10-27 18:44:29,328 - vessel_data_pipeline - INFO - Created backup: Expected_arrivals_20251027_184429.xml
2025-10-27 18:44:29,329 - vessel_data_pipeline - INFO - Updated metadata for Expected_arrivals.xml
2025-10-27 18:44:29,329 - vessel_data_pipeline - INFO - Successfully downloaded and validated Expected_arrivals.xml
2025-10-27 18:44:31,330 - vessel_data_pipeline - INFO - Downloading Expected_departures.xml (attempt 1/3)
2025-10-27 18:44:31,489 - vessel_data_pipeline - INFO - File temp_Expected_departures.xml passed validation checks
2025-10-27 18:44:31,490 - vessel_data_pipeline - INFO - Created backup: Expected_departures_20251027_184431.xml
2025-10-27 18:44:31,490 - vessel_data_pipeline - INFO - Updated metadata for Expected_departures.xml
2025-10-27 18:44:31,490 - vessel_data_pipeline - INFO - Successfully downloaded and validated Expected_departures.xml
2025-10-27 18:44:33,495 - vessel_data_pipeline - INFO - Fetch operation completed. Results: {'Arrived_in_last_36_hours.xml': True, 'Departed_in_last_36_hours.xml': True, 'Expected_arrivals.xml': True, 'Expected_departures.xml': True}
2025-10-27 18:44:33,498 - vessel_data_pipeline - INFO - VesselDataFetcher initialized. Pipeline enabled: True
2025-10-27 18:44:33,499 - vessel_data_pipeline - INFO - Starting vessel data fetch operation
2025-10-27 18:44:33,499 - vessel_data_pipeline - INFO - Discovering XML files from Hong Kong Marine Department portal
2025-10-27 18:44:33,670 - vessel_data_pipeline - INFO - Verified access to Arrived_in_last_36_hours.xml
2025-10-27 18:44:33,937 - vessel_data_pipeline - INFO - Verified access to Departed_in_last_36_hours.xml
2025-10-27 18:44:34,180 - vessel_data_pipeline - INFO - Verified access to Expected_arrivals.xml
2025-10-27 18:44:34,407 - vessel_data_pipeline - INFO - Verified access to Expected_departures.xml
2025-10-27 18:44:34,407 - vessel_data_pipeline - INFO - Discovered 4 XML files for download
2025-10-27 18:44:34,407 - vessel_data_pipeline - INFO - Downloading Arrived_in_last_36_hours.xml (attempt 1/3)
2025-10-27 18:44:34,545 - vessel_data_pipeline - INFO - File temp_Arrived_in_last_36_hours.xml passed validation checks
2025-10-27 18:44:34,545 - vessel_data_pipeline - INFO - Created backup: Arrived_in_last_36_hours_20251027_184434.xml
2025-10-27 18:44:34,545 - vessel_data_pipeline - INFO - Updated metadata for Arrived_in_last_36_hours.xml
2025-10-27 18:44:34,545 - vessel_data_pipeline - INFO - Successfully downloaded and validated Arrived_in_last_36_hours.xml
2025-10-27 18:44:36,546 - vessel_data_pipeline - INFO - Downloading Departed_in_last_36_hours.xml (attempt 1/3)
2025-10-27 18:44:36,701 - vessel_data_pipeline - INFO - File temp_Departed_in_last_36_hours.xml passed validation checks
2025-10-27 18:44:36,702 - vessel_data_pipeline - INFO - Created backup: Departed_in_last_36_hours_20251027_184436.xml
2025-10-27 18:44:36,702 - vessel_data_pipeline - INFO - Updated metadata for Departed_in_last_36_hours.xml
2025-10-27 18:44:36,702 - vessel_data_pipeline - INFO - Successfully downloaded and validated Departed_in_last_36_hours.xml
2025-10-27 18:44:38,703 - vessel_data_pipeline - INFO - Downloading Expected_arrivals.xml (attempt 1/3)
2025-10-27 18:44:38,867 - vessel_data_pipeline - INFO - File temp_Expected_arrivals.xml passed validation checks
2025-10-27 18:44:38,868 - vessel_data_pipeline - INFO - Created backup: Expected_arrivals_20251027_184438.xml
2025-10-27 18:44:38,868 - vessel_data_pipeline - INFO - Updated metadata for Expected_arrivals.xml
2025-10-27 18:44:38,868 - vessel_data_pipeline - INFO - Successfully downloaded and validated Expected_arrivals.xml
2025-10-27 18:44:40,869 - vessel_data_pipeline - INFO - Downloading Expected_departures.xml (attempt 1/3)
2025-10-27 18:44:41,056 - vessel_data_pipeline - INFO - File temp_Expected_departures.xml passed validation checks
2025-10-27 18:44:41,056 - vessel_data_pipeline - INFO - Created backup: Expected_departures_20251027_184441.xml
2025-10-27 18:44:41,056 - vessel_data_pipeline - INFO - Updated metadata for Expected_departures.xml
2025-10-27 18:44:41,056 - vessel_data_pipeline - INFO - Successfully downloaded and validated Expected_departures.xml
2025-10-27 18:44:43,057 - vessel_data_pipeline - INFO - Fetch operation completed. Results: {'Arrived_in_last_36_hours.xml': True, 'Departed_in_last_36_hours.xml': True, 'Expected_arrivals.xml': True, 'Expected_departures.xml': True}
2025-10-27 18:45:38,937 - vessel_data_pipeline - INFO - VesselDataFetcher initialized. Pipeline enabled: True
2025-10-27 18:45:38,939 - vessel_data_pipeline - INFO - Starting vessel data fetch operation
2025-10-27 18:45:38,939 - vessel_data_pipeline - INFO - Discovering XML files from Hong Kong Marine Department portal
2025-10-27 18:45:39,136 - vessel_data_pipeline - INFO - Verified access to Arrived_in_last_36_hours.xml
2025-10-27 18:45:39,313 - vessel_data_pipeline - INFO - Verified access to Departed_in_last_36_hours.xml
2025-10-27 18:45:39,440 - vessel_data_pipeline - INFO - Verified access to Expected_arrivals.xml
2025-10-27 18:45:39,596 - vessel_data_pipeline - INFO - Verified access to Expected_departures.xml
2025-10-27 18:45:39,597 - vessel_data_pipeline - INFO - Discovered 4 XML files for download
2025-10-27 18:45:39,597 - vessel_data_pipeline - INFO - Downloading Arrived_in_last_36_hours.xml (attempt 1/3)
2025-10-27 18:45:39,760 - vessel_data_pipeline - INFO - File temp_Arrived_in_last_36_hours.xml passed validation checks
2025-10-27 18:45:39,762 - vessel_data_pipeline - INFO - Created backup: Arrived_in_last_36_hours_20251027_184539.xml
2025-10-27 18:45:39,762 - vessel_data_pipeline - INFO - Updated metadata for Arrived_in_last_36_hours.xml
2025-10-27 18:45:39,762 - vessel_data_pipeline - INFO - Successfully downloaded and validated Arrived_in_last_36_hours.xml
2025-10-27 18:45:41,763 - vessel_data_pipeline - INFO - Downloading Departed_in_last_36_hours.xml (attempt 1/3)
2025-10-27 18:45:41,969 - vessel_data_pipeline - INFO - File temp_Departed_in_last_36_hours.xml passed validation checks
2025-10-27 18:45:41,970 - vessel_data_pipeline - INFO - Created backup: Departed_in_last_36_hours_20251027_184541.xml
2025-10-27 18:45:41,970 - vessel_data_pipeline - INFO - Updated metadata for Departed_in_last_36_hours.xml
2025-10-27 18:45:41,970 - vessel_data_pipeline - INFO - Successfully downloaded and validated Departed_in_last_36_hours.xml
2025-10-27 18:45:43,971 - vessel_data_pipeline - INFO - Downloading Expected_arrivals.xml (attempt 1/3)
2025-10-27 18:45:44,170 - vessel_data_pipeline - INFO - File temp_Expected_arrivals.xml passed validation checks
2025-10-27 18:45:44,171 - vessel_data_pipeline - INFO - Created backup: Expected_arrivals_20251027_184544.xml
2025-10-27 18:45:44,171 - vessel_data_pipeline - INFO - Updated metadata for Expected_arrivals.xml
2025-10-27 18:45:44,171 - vessel_data_pipeline - INFO - Successfully downloaded and validated Expected_arrivals.xml
2025-10-27 18:45:46,174 - vessel_data_pipeline - INFO - Downloading Expected_departures.xml (attempt 1/3)
2025-10-27 18:45:46,446 - vessel_data_pipeline - INFO - File temp_Expected_departures.xml passed validation checks
2025-10-27 18:45:46,447 - vessel_data_pipeline - INFO - Created backup: Expected_departures_20251027_184546.xml
2025-10-27 18:45:46,447 - vessel_data_pipeline - INFO - Updated metadata for Expected_departures.xml
2025-10-27 18:45:46,447 - vessel_data_pipeline - INFO - Successfully downloaded and validated Expected_departures.xml
2025-10-27 18:45:48,452 - vessel_data_pipeline - INFO - Fetch operation completed. Results: {'Arrived_in_last_36_hours.xml': True, 'Departed_in_last_36_hours.xml': True, 'Expected_arrivals.xml': True, 'Expected_departures.xml': True}
2025-10-27 18:45:48,462 - vessel_data_pipeline - INFO - VesselDataFetcher initialized. Pipeline enabled: True
2025-10-27 18:45:48,463 - vessel_data_pipeline - INFO - Starting vessel data fetch operation
2025-10-27 18:45:48,463 - vessel_data_pipeline - INFO - Discovering XML files from Hong Kong Marine Department portal
2025-10-27 18:45:48,670 - vessel_data_pipeline - INFO - Verified access to Arrived_in_last_36_hours.xml
2025-10-27 18:45:48,863 - vessel_data_pipeline - INFO - Verified access to Departed_in_last_36_hours.xml
2025-10-27 18:45:49,022 - vessel_data_pipeline - INFO - Verified access to Expected_arrivals.xml
2025-10-27 18:45:49,159 - vessel_data_pipeline - INFO - Verified access to Expected_departures.xml
2025-10-27 18:45:49,159 - vessel_data_pipeline - INFO - Discovered 4 XML files for download
2025-10-27 18:45:49,159 - vessel_data_pipeline - INFO - Downloading Arrived_in_last_36_hours.xml (attempt 1/3)
2025-10-27 18:45:49,501 - vessel_data_pipeline - INFO - File temp_Arrived_in_last_36_hours.xml passed validation checks
2025-10-27 18:45:49,501 - vessel_data_pipeline - INFO - Created backup: Arrived_in_last_36_hours_20251027_184549.xml
2025-10-27 18:45:49,502 - vessel_data_pipeline - INFO - Updated metadata for Arrived_in_last_36_hours.xml
2025-10-27 18:45:49,502 - vessel_data_pipeline - INFO - Successfully downloaded and validated Arrived_in_last_36_hours.xml
2025-10-27 18:45:51,507 - vessel_data_pipeline - INFO - Downloading Departed_in_last_36_hours.xml (attempt 1/3)
2025-10-27 18:45:51,680 - vessel_data_pipeline - INFO - File temp_Departed_in_last_36_hours.xml passed validation checks
2025-10-27 18:45:51,681 - vessel_data_pipeline - INFO - Created backup: Departed_in_last_36_hours_20251027_184551.xml
2025-10-27 18:45:51,681 - vessel_data_pipeline - INFO - Updated metadata for Departed_in_last_36_hours.xml
2025-10-27 18:45:51,681 - vessel_data_pipeline - INFO - Successfully downloaded and validated Departed_in_last_36_hours.xml
2025-10-27 18:45:53,683 - vessel_data_pipeline - INFO - Downloading Expected_arrivals.xml (attempt 1/3)
2025-10-27 18:45:53,828 - vessel_data_pipeline - INFO - File temp_Expected_arrivals.xml passed validation checks
2025-10-27 18:45:53,828 - vessel_data_pipeline - INFO - Created backup: Expected_arrivals_20251027_184553.xml
2025-10-27 18:45:53,828 - vessel_data_pipeline - INFO - Updated metadata for Expected_arrivals.xml
2025-10-27 18:45:53,829 - vessel_data_pipeline - INFO - Successfully downloaded and validated Expected_arrivals.xml
2025-10-27 18:45:55,834 - vessel_data_pipeline - INFO - Downloading Expected_departures.xml (attempt 1/3)
2025-10-27 18:45:55,980 - vessel_data_pipeline - INFO - File temp_Expected_departures.xml passed validation checks
2025-10-27 18:45:55,981 - vessel_data_pipeline - INFO - Created backup: Expected_departures_20251027_184555.xml
2025-10-27 18:45:55,981 - vessel_data_pipeline - INFO - Updated metadata for Expected_departures.xml
2025-10-27 18:45:55,981 - vessel_data_pipeline - INFO - Successfully downloaded and validated Expected_departures.xml
2025-10-27 18:45:57,985 - vessel_data_pipeline - INFO - Fetch operation completed. Results: {'Arrived_in_last_36_hours.xml': True, 'Departed_in_last_36_hours.xml': True, 'Expected_arrivals.xml': True, 'Expected_departures.xml': True}
2025-10-27 18:45:57,990 - vessel_data_pipeline - INFO - VesselDataFetcher initialized. Pipeline enabled: True
2025-10-27 18:45:57,991 - vessel_data_pipeline - INFO - Starting vessel data fetch operation
2025-10-27 18:45:57,991 - vessel_data_pipeline - INFO - Discovering XML files from Hong Kong Marine Department portal
2025-10-27 18:45:58,225 - vessel_data_pipeline - INFO - Verified access to Arrived_in_last_36_hours.xml
2025-10-27 18:45:58,371 - vessel_data_pipeline - INFO - Verified access to Departed_in_last_36_hours.xml
2025-10-27 18:45:58,610 - vessel_data_pipeline - INFO - Verified access to Expected_arrivals.xml
2025-10-27 18:45:58,763 - vessel_data_pipeline - INFO - Verified access to Expected_departures.xml
2025-10-27 18:45:58,763 - vessel_data_pipeline - INFO - Discovered 4 XML files for download
2025-10-27 18:45:58,763 - vessel_data_pipeline - INFO - Downloading Arrived_in_last_36_hours.xml (attempt 1/3)
2025-10-27 18:45:58,911 - vessel_data_pipeline - INFO - File temp_Arrived_in_last_36_hours.xml passed validation checks
2025-10-27 18:45:58,912 - vessel_data_pipeline - INFO - Created backup: Arrived_in_last_36_hours_20251027_184558.xml
2025-10-27 18:45:58,913 - vessel_data_pipeline - INFO - Updated metadata for Arrived_in_last_36_hours.xml
2025-10-27 18:45:58,913 - vessel_data_pipeline - INFO - Successfully downloaded and validated Arrived_in_last_36_hours.xml
2025-10-27 18:46:00,918 - vessel_data_pipeline - INFO - Downloading Departed_in_last_36_hours.xml (attempt 1/3)
2025-10-27 18:46:01,101 - vessel_data_pipeline - INFO - File temp_Departed_in_last_36_hours.xml passed validation checks
2025-10-27 18:46:01,101 - vessel_data_pipeline - INFO - Created backup: Departed_in_last_36_hours_20251027_184601.xml
2025-10-27 18:46:01,101 - vessel_data_pipeline - INFO - Updated metadata for Departed_in_last_36_hours.xml
2025-10-27 18:46:01,102 - vessel_data_pipeline - INFO - Successfully downloaded and validated Departed_in_last_36_hours.xml
2025-10-27 18:46:03,104 - vessel_data_pipeline - INFO - Downloading Expected_arrivals.xml (attempt 1/3)
2025-10-27 18:46:03,252 - vessel_data_pipeline - INFO - File temp_Expected_arrivals.xml passed validation checks
2025-10-27 18:46:03,253 - vessel_data_pipeline - INFO - Created backup: Expected_arrivals_20251027_184603.xml
2025-10-27 18:46:03,253 - vessel_data_pipeline - INFO - Updated metadata for Expected_arrivals.xml
2025-10-27 18:46:03,253 - vessel_data_pipeline - INFO - Successfully downloaded and validated Expected_arrivals.xml
2025-10-27 18:46:05,258 - vessel_data_pipeline - INFO - Downloading Expected_departures.xml (attempt 1/3)
2025-10-27 18:46:05,409 - vessel_data_pipeline - INFO - File temp_Expected_departures.xml passed validation checks
2025-10-27 18:46:05,409 - vessel_data_pipeline - INFO - Created backup: Expected_departures_20251027_184605.xml
2025-10-27 18:46:05,410 - vessel_data_pipeline - INFO - Updated metadata for Expected_departures.xml
2025-10-27 18:46:05,410 - vessel_data_pipeline - INFO - Successfully downloaded and validated Expected_departures.xml
2025-10-27 18:46:07,415 - vessel_data_pipeline - INFO - Fetch operation completed. Results: {'Arrived_in_last_36_hours.xml': True, 'Departed_in_last_36_hours.xml': True, 'Expected_arrivals.xml': True, 'Expected_departures.xml': True}
2025-10-27 18:46:07,419 - vessel_data_pipeline - INFO - VesselDataFetcher initialized. Pipeline enabled: True
2025-10-27 18:46:07,420 - vessel_data_pipeline - INFO - Starting vessel data fetch operation
2025-10-27 18:46:07,420 - vessel_data_pipeline - INFO - Discovering XML files from Hong Kong Marine Department portal
2025-10-27 18:46:07,618 - vessel_data_pipeline - INFO - Verified access to Arrived_in_last_36_hours.xml
2025-10-27 18:46:07,757 - vessel_data_pipeline - INFO - Verified access to Departed_in_last_36_hours.xml
2025-10-27 18:46:07,898 - vessel_data_pipeline - INFO - Verified access to Expected_arrivals.xml
2025-10-27 18:46:08,042 - vessel_data_pipeline - INFO - Verified access to Expected_departures.xml
2025-10-27 18:46:08,042 - vessel_data_pipeline - INFO - Discovered 4 XML files for download
2025-10-27 18:46:08,042 - vessel_data_pipeline - INFO - Downloading Arrived_in_last_36_hours.xml (attempt 1/3)
2025-10-27 18:46:08,385 - vessel_data_pipeline - INFO - File temp_Arrived_in_last_36_hours.xml passed validation checks
2025-10-27 18:46:08,386 - vessel_data_pipeline - INFO - Created backup: Arrived_in_last_36_hours_20251027_184608.xml
2025-10-27 18:46:08,386 - vessel_data_pipeline - INFO - Updated metadata for Arrived_in_last_36_hours.xml
2025-10-27 18:46:08,386 - vessel_data_pipeline - INFO - Successfully downloaded and validated Arrived_in_last_36_hours.xml
2025-10-27 18:46:10,391 - vessel_data_pipeline - INFO - Downloading Departed_in_last_36_hours.xml (attempt 1/3)
2025-10-27 18:46:10,650 - vessel_data_pipeline - INFO - File temp_Departed_in_last_36_hours.xml passed validation checks
2025-10-27 18:46:10,650 - vessel_data_pipeline - INFO - Created backup: Departed_in_last_36_hours_20251027_184610.xml
2025-10-27 18:46:10,650 - vessel_data_pipeline - INFO - Updated metadata for Departed_in_last_36_hours.xml
2025-10-27 18:46:10,651 - vessel_data_pipeline - INFO - Successfully downloaded and validated Departed_in_last_36_hours.xml
2025-10-27 18:46:12,654 - vessel_data_pipeline - INFO - Downloading Expected_arrivals.xml (attempt 1/3)
2025-10-27 18:46:12,819 - vessel_data_pipeline - INFO - File temp_Expected_arrivals.xml passed validation checks
2025-10-27 18:46:12,820 - vessel_data_pipeline - INFO - Created backup: Expected_arrivals_20251027_184612.xml
2025-10-27 18:46:12,820 - vessel_data_pipeline - INFO - Updated metadata for Expected_arrivals.xml
2025-10-27 18:46:12,820 - vessel_data_pipeline - INFO - Successfully downloaded and validated Expected_arrivals.xml
2025-10-27 18:46:14,825 - vessel_data_pipeline - INFO - Downloading Expected_departures.xml (attempt 1/3)
2025-10-27 18:46:15,002 - vessel_data_pipeline - INFO - File temp_Expected_departures.xml passed validation checks
2025-10-27 18:46:15,002 - vessel_data_pipeline - INFO - Created backup: Expected_departures_20251027_184615.xml
2025-10-27 18:46:15,003 - vessel_data_pipeline - INFO - Updated metadata for Expected_departures.xml
2025-10-27 18:46:15,003 - vessel_data_pipeline - INFO - Successfully downloaded and validated Expected_departures.xml
2025-10-27 18:46:17,006 - vessel_data_pipeline - INFO - Fetch operation completed. Results: {'Arrived_in_last_36_hours.xml': True, 'Departed_in_last_36_hours.xml': True, 'Expected_arrivals.xml': True, 'Expected_departures.xml': True}
2025-10-27 18:46:48,799 - vessel_data_pipeline - INFO - VesselDataFetcher initialized. Pipeline enabled: True
2025-10-27 18:46:48,801 - vessel_data_pipeline - INFO - Starting vessel data fetch operation
2025-10-27 18:46:48,801 - vessel_data_pipeline - INFO - Discovering XML files from Hong Kong Marine Department portal
2025-10-27 18:46:48,983 - vessel_data_pipeline - INFO - Verified access to Arrived_in_last_36_hours.xml
2025-10-27 18:46:49,120 - vessel_data_pipeline - INFO - Verified access to Departed_in_last_36_hours.xml
2025-10-27 18:46:49,255 - vessel_data_pipeline - INFO - Verified access to Expected_arrivals.xml
2025-10-27 18:46:49,420 - vessel_data_pipeline - INFO - Verified access to Expected_departures.xml
2025-10-27 18:46:49,420 - vessel_data_pipeline - INFO - Discovered 4 XML files for download
2025-10-27 18:46:49,420 - vessel_data_pipeline - INFO - Downloading Arrived_in_last_36_hours.xml (attempt 1/3)
2025-10-27 18:46:49,569 - vessel_data_pipeline - INFO - File temp_Arrived_in_last_36_hours.xml passed validation checks
2025-10-27 18:46:49,570 - vessel_data_pipeline - INFO - Created backup: Arrived_in_last_36_hours_20251027_184649.xml
2025-10-27 18:46:49,571 - vessel_data_pipeline - INFO - Updated metadata for Arrived_in_last_36_hours.xml
2025-10-27 18:46:49,571 - vessel_data_pipeline - INFO - Successfully downloaded and validated Arrived_in_last_36_hours.xml
2025-10-27 18:46:51,575 - vessel_data_pipeline - INFO - Downloading Departed_in_last_36_hours.xml (attempt 1/3)
2025-10-27 18:46:51,749 - vessel_data_pipeline - INFO - File temp_Departed_in_last_36_hours.xml passed validation checks
2025-10-27 18:46:51,750 - vessel_data_pipeline - INFO - Created backup: Departed_in_last_36_hours_20251027_184651.xml
2025-10-27 18:46:51,750 - vessel_data_pipeline - INFO - Updated metadata for Departed_in_last_36_hours.xml
2025-10-27 18:46:51,750 - vessel_data_pipeline - INFO - Successfully downloaded and validated Departed_in_last_36_hours.xml
2025-10-27 18:46:53,753 - vessel_data_pipeline - INFO - Downloading Expected_arrivals.xml (attempt 1/3)
2025-10-27 18:46:53,900 - vessel_data_pipeline - INFO - File temp_Expected_arrivals.xml passed validation checks
2025-10-27 18:46:53,901 - vessel_data_pipeline - INFO - Created backup: Expected_arrivals_20251027_184653.xml
2025-10-27 18:46:53,901 - vessel_data_pipeline - INFO - Updated metadata for Expected_arrivals.xml
2025-10-27 18:46:53,901 - vessel_data_pipeline - INFO - Successfully downloaded and validated Expected_arrivals.xml
2025-10-27 18:46:55,902 - vessel_data_pipeline - INFO - Downloading Expected_departures.xml (attempt 1/3)
2025-10-27 18:46:56,061 - vessel_data_pipeline - INFO - File temp_Expected_departures.xml passed validation checks
2025-10-27 18:46:56,063 - vessel_data_pipeline - INFO - Created backup: Expected_departures_20251027_184656.xml
2025-10-27 18:46:56,063 - vessel_data_pipeline - INFO - Updated metadata for Expected_departures.xml
2025-10-27 18:46:56,064 - vessel_data_pipeline - INFO - Successfully downloaded and validated Expected_departures.xml
2025-10-27 18:46:58,069 - vessel_data_pipeline - INFO - Fetch operation completed. Results: {'Arrived_in_last_36_hours.xml': True, 'Departed_in_last_36_hours.xml': True, 'Expected_arrivals.xml': True, 'Expected_departures.xml': True}
2025-10-27 18:46:58,074 - vessel_data_pipeline - INFO - VesselDataFetcher initialized. Pipeline enabled: True
2025-10-27 18:46:58,075 - vessel_data_pipeline - INFO - Starting vessel data fetch operation
2025-10-27 18:46:58,075 - vessel_data_pipeline - INFO - Discovering XML files from Hong Kong Marine Department portal
2025-10-27 18:46:58,232 - vessel_data_pipeline - INFO - Verified access to Arrived_in_last_36_hours.xml
2025-10-27 18:46:58,394 - vessel_data_pipeline - INFO - Verified access to Departed_in_last_36_hours.xml
2025-10-27 18:46:58,541 - vessel_data_pipeline - INFO - Verified access to Expected_arrivals.xml
2025-10-27 18:46:58,677 - vessel_data_pipeline - INFO - Verified access to Expected_departures.xml
2025-10-27 18:46:58,677 - vessel_data_pipeline - INFO - Discovered 4 XML files for download
2025-10-27 18:46:58,677 - vessel_data_pipeline - INFO - Downloading Arrived_in_last_36_hours.xml (attempt 1/3)
2025-10-27 18:46:59,079 - vessel_data_pipeline - INFO - File temp_Arrived_in_last_36_hours.xml passed validation checks
2025-10-27 18:46:59,079 - vessel_data_pipeline - INFO - Created backup: Arrived_in_last_36_hours_20251027_184659.xml
2025-10-27 18:46:59,080 - vessel_data_pipeline - INFO - Updated metadata for Arrived_in_last_36_hours.xml
2025-10-27 18:46:59,080 - vessel_data_pipeline - INFO - Successfully downloaded and validated Arrived_in_last_36_hours.xml
2025-10-27 18:47:01,085 - vessel_data_pipeline - INFO - Downloading Departed_in_last_36_hours.xml (attempt 1/3)
2025-10-27 18:47:01,260 - vessel_data_pipeline - INFO - File temp_Departed_in_last_36_hours.xml passed validation checks
2025-10-27 18:47:01,260 - vessel_data_pipeline - INFO - Created backup: Departed_in_last_36_hours_20251027_184701.xml
2025-10-27 18:47:01,261 - vessel_data_pipeline - INFO - Updated metadata for Departed_in_last_36_hours.xml
2025-10-27 18:47:01,261 - vessel_data_pipeline - INFO - Successfully downloaded and validated Departed_in_last_36_hours.xml
2025-10-27 18:47:03,266 - vessel_data_pipeline - INFO - Downloading Expected_arrivals.xml (attempt 1/3)
2025-10-27 18:47:03,422 - vessel_data_pipeline - INFO - File temp_Expected_arrivals.xml passed validation checks
2025-10-27 18:47:03,423 - vessel_data_pipeline - INFO - Created backup: Expected_arrivals_20251027_184703.xml
2025-10-27 18:47:03,423 - vessel_data_pipeline - INFO - Updated metadata for Expected_arrivals.xml
2025-10-27 18:47:03,423 - vessel_data_pipeline - INFO - Successfully downloaded and validated Expected_arrivals.xml
2025-10-27 18:47:05,425 - vessel_data_pipeline - INFO - Downloading Expected_departures.xml (attempt 1/3)
2025-10-27 18:47:05,597 - vessel_data_pipeline - INFO - File temp_Expected_departures.xml passed validation checks
2025-10-27 18:47:05,597 - vessel_data_pipeline - INFO - Created backup: Expected_departures_20251027_184705.xml
2025-10-27 18:47:05,597 - vessel_data_pipeline - INFO - Updated metadata for Expected_departures.xml
2025-10-27 18:47:05,597 - vessel_data_pipeline - INFO - Successfully downloaded and validated Expected_departures.xml
2025-10-27 18:47:07,603 - vessel_data_pipeline - INFO - Fetch operation completed. Results: {'Arrived_in_last_36_hours.xml': True, 'Departed_in_last_36_hours.xml': True, 'Expected_arrivals.xml': True, 'Expected_departures.xml': True}
2025-10-27 18:47:07,607 - vessel_data_pipeline - INFO - VesselDataFetcher initialized. Pipeline enabled: True
2025-10-27 18:47:07,607 - vessel_data_pipeline - INFO - Starting vessel data fetch operation
2025-10-27 18:47:07,607 - vessel_data_pipeline - INFO - Discovering XML files from Hong Kong Marine Department portal
2025-10-27 18:47:07,801 - vessel_data_pipeline - INFO - Verified access to Arrived_in_last_36_hours.xml
2025-10-27 18:47:08,021 - vessel_data_pipeline - INFO - Verified access to Departed_in_last_36_hours.xml
2025-10-27 18:47:08,159 - vessel_data_pipeline - INFO - Verified access to Expected_arrivals.xml
2025-10-27 18:47:08,317 - vessel_data_pipeline - INFO - Verified access to Expected_departures.xml
2025-10-27 18:47:08,317 - vessel_data_pipeline - INFO - Discovered 4 XML files for download
2025-10-27 18:47:08,317 - vessel_data_pipeline - INFO - Downloading Arrived_in_last_36_hours.xml (attempt 1/3)
2025-10-27 18:47:08,482 - vessel_data_pipeline - INFO - File temp_Arrived_in_last_36_hours.xml passed validation checks
2025-10-27 18:47:08,482 - vessel_data_pipeline - INFO - Created backup: Arrived_in_last_36_hours_20251027_184708.xml
2025-10-27 18:47:08,482 - vessel_data_pipeline - INFO - Updated metadata for Arrived_in_last_36_hours.xml
2025-10-27 18:47:08,483 - vessel_data_pipeline - INFO - Successfully downloaded and validated Arrived_in_last_36_hours.xml
2025-10-27 18:47:10,486 - vessel_data_pipeline - INFO - Downloading Departed_in_last_36_hours.xml (attempt 1/3)
2025-10-27 18:47:10,648 - vessel_data_pipeline - INFO - File temp_Departed_in_last_36_hours.xml passed validation checks
2025-10-27 18:47:10,649 - vessel_data_pipeline - INFO - Created backup: Departed_in_last_36_hours_20251027_184710.xml
2025-10-27 18:47:10,649 - vessel_data_pipeline - INFO - Updated metadata for Departed_in_last_36_hours.xml
2025-10-27 18:47:10,649 - vessel_data_pipeline - INFO - Successfully downloaded and validated Departed_in_last_36_hours.xml
2025-10-27 18:47:12,654 - vessel_data_pipeline - INFO - Downloading Expected_arrivals.xml (attempt 1/3)
2025-10-27 18:47:12,827 - vessel_data_pipeline - INFO - File temp_Expected_arrivals.xml passed validation checks
2025-10-27 18:47:12,827 - vessel_data_pipeline - INFO - Created backup: Expected_arrivals_20251027_184712.xml
2025-10-27 18:47:12,827 - vessel_data_pipeline - INFO - Updated metadata for Expected_arrivals.xml
2025-10-27 18:47:12,828 - vessel_data_pipeline - INFO - Successfully downloaded and validated Expected_arrivals.xml
2025-10-27 18:47:14,829 - vessel_data_pipeline - INFO - Downloading Expected_departures.xml (attempt 1/3)
2025-10-27 18:47:15,005 - vessel_data_pipeline - INFO - File temp_Expected_departures.xml passed validation checks
2025-10-27 18:47:15,006 - vessel_data_pipeline - INFO - Created backup: Expected_departures_20251027_184715.xml
2025-10-27 18:47:15,006 - vessel_data_pipeline - INFO - Updated metadata for Expected_departures.xml
2025-10-27 18:47:15,006 - vessel_data_pipeline - INFO - Successfully downloaded and validated Expected_departures.xml
2025-10-27 18:47:17,007 - vessel_data_pipeline - INFO - Fetch operation completed. Results: {'Arrived_in_last_36_hours.xml': True, 'Departed_in_last_36_hours.xml': True, 'Expected_arrivals.xml': True, 'Expected_departures.xml': True}
2025-10-27 18:47:17,011 - vessel_data_pipeline - INFO - VesselDataFetcher initialized. Pipeline enabled: True
2025-10-27 18:47:17,011 - vessel_data_pipeline - INFO - Starting vessel data fetch operation
2025-10-27 18:47:17,011 - vessel_data_pipeline - INFO - Discovering XML files from Hong Kong Marine Department portal
2025-10-27 18:47:17,172 - vessel_data_pipeline - INFO - Verified access to Arrived_in_last_36_hours.xml
2025-10-27 18:47:17,359 - vessel_data_pipeline - INFO - Verified access to Departed_in_last_36_hours.xml
2025-10-27 18:47:17,515 - vessel_data_pipeline - INFO - Verified access to Expected_arrivals.xml
2025-10-27 18:47:17,643 - vessel_data_pipeline - INFO - Verified access to Expected_departures.xml
2025-10-27 18:47:17,643 - vessel_data_pipeline - INFO - Discovered 4 XML files for download
2025-10-27 18:47:17,643 - vessel_data_pipeline - INFO - Downloading Arrived_in_last_36_hours.xml (attempt 1/3)
2025-10-27 18:47:17,825 - vessel_data_pipeline - INFO - File temp_Arrived_in_last_36_hours.xml passed validation checks
2025-10-27 18:47:17,827 - vessel_data_pipeline - INFO - Created backup: Arrived_in_last_36_hours_20251027_184717.xml
2025-10-27 18:47:17,828 - vessel_data_pipeline - INFO - Updated metadata for Arrived_in_last_36_hours.xml
2025-10-27 18:47:17,828 - vessel_data_pipeline - INFO - Successfully downloaded and validated Arrived_in_last_36_hours.xml
2025-10-27 18:47:19,834 - vessel_data_pipeline - INFO - Downloading Departed_in_last_36_hours.xml (attempt 1/3)
2025-10-27 18:47:20,022 - vessel_data_pipeline - INFO - File temp_Departed_in_last_36_hours.xml passed validation checks
2025-10-27 18:47:20,023 - vessel_data_pipeline - INFO - Created backup: Departed_in_last_36_hours_20251027_184720.xml
2025-10-27 18:47:20,023 - vessel_data_pipeline - INFO - Updated metadata for Departed_in_last_36_hours.xml
2025-10-27 18:47:20,023 - vessel_data_pipeline - INFO - Successfully downloaded and validated Departed_in_last_36_hours.xml
2025-10-27 18:47:22,028 - vessel_data_pipeline - INFO - Downloading Expected_arrivals.xml (attempt 1/3)
2025-10-27 18:47:22,183 - vessel_data_pipeline - INFO - File temp_Expected_arrivals.xml passed validation checks
2025-10-27 18:47:22,183 - vessel_data_pipeline - INFO - Created backup: Expected_arrivals_20251027_184722.xml
2025-10-27 18:47:22,183 - vessel_data_pipeline - INFO - Updated metadata for Expected_arrivals.xml
2025-10-27 18:47:22,183 - vessel_data_pipeline - INFO - Successfully downloaded and validated Expected_arrivals.xml
2025-10-27 18:47:24,188 - vessel_data_pipeline - INFO - Downloading Expected_departures.xml (attempt 1/3)
2025-10-27 18:47:24,336 - vessel_data_pipeline - INFO - File temp_Expected_departures.xml passed validation checks
2025-10-27 18:47:24,337 - vessel_data_pipeline - INFO - Created backup: Expected_departures_20251027_184724.xml
2025-10-27 18:47:24,337 - vessel_data_pipeline - INFO - Updated metadata for Expected_departures.xml
2025-10-27 18:47:24,337 - vessel_data_pipeline - INFO - Successfully downloaded and validated Expected_departures.xml
2025-10-27 18:47:26,337 - vessel_data_pipeline - INFO - Fetch operation completed. Results: {'Arrived_in_last_36_hours.xml': True, 'Departed_in_last_36_hours.xml': True, 'Expected_arrivals.xml': True, 'Expected_departures.xml': True}
2025-10-27 18:49:00,602 - vessel_data_pipeline - INFO - VesselDataFetcher initialized. Pipeline enabled: True
2025-10-27 18:49:00,603 - vessel_data_pipeline - INFO - Starting vessel data fetch operation
2025-10-27 18:49:00,603 - vessel_data_pipeline - INFO - Discovering XML files from Hong Kong Marine Department portal
2025-10-27 18:49:00,627 - vessel_data_pipeline - WARNING - Could not verify access to Arrived_in_last_36_hours.xml: maximum recursion depth exceeded
2025-10-27 18:49:00,638 - vessel_data_pipeline - WARNING - Could not verify access to Departed_in_last_36_hours.xml: maximum recursion depth exceeded
2025-10-27 18:49:00,648 - vessel_data_pipeline - WARNING - Could not verify access to Expected_arrivals.xml: maximum recursion depth exceeded
2025-10-27 18:49:00,659 - vessel_data_pipeline - WARNING - Could not verify access to Expected_departures.xml: maximum recursion depth exceeded
2025-10-27 18:49:00,659 - vessel_data_pipeline - INFO - Discovered 4 XML files for download
2025-10-27 18:49:00,659 - vessel_data_pipeline - INFO - Downloading Arrived_in_last_36_hours.xml (attempt 1/3)
2025-10-27 18:49:00,668 - vessel_data_pipeline - ERROR - Unexpected error downloading Arrived_in_last_36_hours.xml (attempt 1): maximum recursion depth exceeded
2025-10-27 18:49:00,669 - vessel_data_pipeline - INFO - Waiting 5 seconds before retry...
2025-10-27 18:49:05,672 - vessel_data_pipeline - INFO - Downloading Arrived_in_last_36_hours.xml (attempt 2/3)
2025-10-27 18:49:05,681 - vessel_data_pipeline - ERROR - Unexpected error downloading Arrived_in_last_36_hours.xml (attempt 2): maximum recursion depth exceeded
2025-10-27 18:49:05,682 - vessel_data_pipeline - INFO - Waiting 10 seconds before retry...
2025-10-27 18:49:15,687 - vessel_data_pipeline - INFO - Downloading Arrived_in_last_36_hours.xml (attempt 3/3)
2025-10-27 18:49:15,705 - vessel_data_pipeline - ERROR - Unexpected error downloading Arrived_in_last_36_hours.xml (attempt 3): maximum recursion depth exceeded
2025-10-27 18:49:15,706 - vessel_data_pipeline - ERROR - Failed to download Arrived_in_last_36_hours.xml after 3 attempts
2025-10-27 18:49:17,708 - vessel_data_pipeline - INFO - Downloading Departed_in_last_36_hours.xml (attempt 1/3)
2025-10-27 18:49:17,720 - vessel_data_pipeline - ERROR - Unexpected error downloading Departed_in_last_36_hours.xml (attempt 1): maximum recursion depth exceeded
2025-10-27 18:49:17,720 - vessel_data_pipeline - INFO - Waiting 5 seconds before retry...
2025-10-27 18:49:22,724 - vessel_data_pipeline - INFO - Downloading Departed_in_last_36_hours.xml (attempt 2/3)
2025-10-27 18:49:22,739 - vessel_data_pipeline - ERROR - Unexpected error downloading Departed_in_last_36_hours.xml (attempt 2): maximum recursion depth exceeded
2025-10-27 18:49:22,739 - vessel_data_pipeline - INFO - Waiting 10 seconds before retry...
2025-10-27 18:49:32,743 - vessel_data_pipeline - INFO - Downloading Departed_in_last_36_hours.xml (attempt 3/3)
2025-10-27 18:49:32,762 - vessel_data_pipeline - ERROR - Unexpected error downloading Departed_in_last_36_hours.xml (attempt 3): maximum recursion depth exceeded
2025-10-27 18:49:32,762 - vessel_data_pipeline - ERROR - Failed to download Departed_in_last_36_hours.xml after 3 attempts
2025-10-27 18:49:34,768 - vessel_data_pipeline - INFO - Downloading Expected_arrivals.xml (attempt 1/3)
2025-10-27 18:49:34,784 - vessel_data_pipeline - ERROR - Unexpected error downloading Expected_arrivals.xml (attempt 1): maximum recursion depth exceeded
2025-10-27 18:49:34,785 - vessel_data_pipeline - INFO - Waiting 5 seconds before retry...
2025-10-27 18:49:39,788 - vessel_data_pipeline - INFO - Downloading Expected_arrivals.xml (attempt 2/3)
2025-10-27 18:49:39,806 - vessel_data_pipeline - ERROR - Unexpected error downloading Expected_arrivals.xml (attempt 2): maximum recursion depth exceeded
2025-10-27 18:49:39,807 - vessel_data_pipeline - INFO - Waiting 10 seconds before retry...
2025-10-27 18:49:49,808 - vessel_data_pipeline - INFO - Downloading Expected_arrivals.xml (attempt 3/3)
2025-10-27 18:49:49,827 - vessel_data_pipeline - ERROR - Unexpected error downloading Expected_arrivals.xml (attempt 3): maximum recursion depth exceeded
2025-10-27 18:49:49,828 - vessel_data_pipeline - ERROR - Failed to download Expected_arrivals.xml after 3 attempts
2025-10-27 18:49:51,833 - vessel_data_pipeline - INFO - Downloading Expected_departures.xml (attempt 1/3)
2025-10-27 18:49:51,853 - vessel_data_pipeline - ERROR - Unexpected error downloading Expected_departures.xml (attempt 1): maximum recursion depth exceeded
2025-10-27 18:49:51,854 - vessel_data_pipeline - INFO - Waiting 5 seconds before retry...
2025-10-27 18:49:56,857 - vessel_data_pipeline - INFO - Downloading Expected_departures.xml (attempt 2/3)
2025-10-27 18:49:56,879 - vessel_data_pipeline - ERROR - Unexpected error downloading Expected_departures.xml (attempt 2): maximum recursion depth exceeded
2025-10-27 18:49:56,880 - vessel_data_pipeline - INFO - Waiting 10 seconds before retry...
2025-10-27 18:50:06,885 - vessel_data_pipeline - INFO - Downloading Expected_departures.xml (attempt 3/3)
2025-10-27 18:50:06,899 - vessel_data_pipeline - ERROR - Unexpected error downloading Expected_departures.xml (attempt 3): maximum recursion depth exceeded
2025-10-27 18:50:06,899 - vessel_data_pipeline - ERROR - Failed to download Expected_departures.xml after 3 attempts
2025-10-27 18:50:08,901 - vessel_data_pipeline - INFO - Fetch operation completed. Results: {'Arrived_in_last_36_hours.xml': False, 'Departed_in_last_36_hours.xml': False, 'Expected_arrivals.xml': False, 'Expected_departures.xml': False}
2025-10-27 18:50:08,914 - vessel_data_pipeline - INFO - VesselDataFetcher initialized. Pipeline enabled: True
2025-10-27 18:50:08,914 - vessel_data_pipeline - INFO - Starting vessel data fetch operation
2025-10-27 18:50:08,914 - vessel_data_pipeline - INFO - Discovering XML files from Hong Kong Marine Department portal
2025-10-27 18:50:08,927 - vessel_data_pipeline - WARNING - Could not verify access to Arrived_in_last_36_hours.xml: maximum recursion depth exceeded
2025-10-27 18:50:08,939 - vessel_data_pipeline - WARNING - Could not verify access to Departed_in_last_36_hours.xml: maximum recursion depth exceeded
2025-10-27 18:50:08,950 - vessel_data_pipeline - WARNING - Could not verify access to Expected_arrivals.xml: maximum recursion depth exceeded
2025-10-27 18:50:08,960 - vessel_data_pipeline - WARNING - Could not verify access to Expected_departures.xml: maximum recursion depth exceeded
2025-10-27 18:50:08,960 - vessel_data_pipeline - INFO - Discovered 4 XML files for download
2025-10-27 18:50:08,960 - vessel_data_pipeline - INFO - Downloading Arrived_in_last_36_hours.xml (attempt 1/3)
2025-10-27 18:50:08,971 - vessel_data_pipeline - ERROR - Unexpected error downloading Arrived_in_last_36_hours.xml (attempt 1): maximum recursion depth exceeded
2025-10-27 18:50:08,971 - vessel_data_pipeline - INFO - Waiting 5 seconds before retry...
2025-10-27 18:50:13,973 - vessel_data_pipeline - INFO - Downloading Arrived_in_last_36_hours.xml (attempt 2/3)
2025-10-27 18:50:13,987 - vessel_data_pipeline - ERROR - Unexpected error downloading Arrived_in_last_36_hours.xml (attempt 2): maximum recursion depth exceeded
2025-10-27 18:50:13,988 - vessel_data_pipeline - INFO - Waiting 10 seconds before retry...
2025-10-27 18:50:23,991 - vessel_data_pipeline - INFO - Downloading Arrived_in_last_36_hours.xml (attempt 3/3)
2025-10-27 18:50:24,002 - vessel_data_pipeline - ERROR - Unexpected error downloading Arrived_in_last_36_hours.xml (attempt 3): maximum recursion depth exceeded
2025-10-27 18:50:24,002 - vessel_data_pipeline - ERROR - Failed to download Arrived_in_last_36_hours.xml after 3 attempts
2025-10-27 18:50:26,006 - vessel_data_pipeline - INFO - Downloading Departed_in_last_36_hours.xml (attempt 1/3)
2025-10-27 18:50:26,020 - vessel_data_pipeline - ERROR - Unexpected error downloading Departed_in_last_36_hours.xml (attempt 1): maximum recursion depth exceeded
2025-10-27 18:50:26,020 - vessel_data_pipeline - INFO - Waiting 5 seconds before retry...
2025-10-27 18:50:31,022 - vessel_data_pipeline - INFO - Downloading Departed_in_last_36_hours.xml (attempt 2/3)
2025-10-27 18:50:31,037 - vessel_data_pipeline - ERROR - Unexpected error downloading Departed_in_last_36_hours.xml (attempt 2): maximum recursion depth exceeded
2025-10-27 18:50:31,037 - vessel_data_pipeline - INFO - Waiting 10 seconds before retry...
2025-10-27 18:50:41,038 - vessel_data_pipeline - INFO - Downloading Departed_in_last_36_hours.xml (attempt 3/3)
2025-10-27 18:50:41,066 - vessel_data_pipeline - ERROR - Unexpected error downloading Departed_in_last_36_hours.xml (attempt 3): maximum recursion depth exceeded
2025-10-27 18:50:41,067 - vessel_data_pipeline - ERROR - Failed to download Departed_in_last_36_hours.xml after 3 attempts
2025-10-27 18:50:43,068 - vessel_data_pipeline - INFO - Downloading Expected_arrivals.xml (attempt 1/3)
2025-10-27 18:50:43,083 - vessel_data_pipeline - ERROR - Unexpected error downloading Expected_arrivals.xml (attempt 1): maximum recursion depth exceeded
2025-10-27 18:50:43,083 - vessel_data_pipeline - INFO - Waiting 5 seconds before retry...
2025-10-27 18:50:48,085 - vessel_data_pipeline - INFO - Downloading Expected_arrivals.xml (attempt 2/3)
2025-10-27 18:50:48,104 - vessel_data_pipeline - ERROR - Unexpected error downloading Expected_arrivals.xml (attempt 2): maximum recursion depth exceeded
2025-10-27 18:50:48,104 - vessel_data_pipeline - INFO - Waiting 10 seconds before retry...
2025-10-27 18:50:58,105 - vessel_data_pipeline - INFO - Downloading Expected_arrivals.xml (attempt 3/3)
2025-10-27 18:50:58,125 - vessel_data_pipeline - ERROR - Unexpected error downloading Expected_arrivals.xml (attempt 3): maximum recursion depth exceeded
2025-10-27 18:50:58,125 - vessel_data_pipeline - ERROR - Failed to download Expected_arrivals.xml after 3 attempts
2025-10-27 18:51:00,127 - vessel_data_pipeline - INFO - Downloading Expected_departures.xml (attempt 1/3)
2025-10-27 18:51:00,145 - vessel_data_pipeline - ERROR - Unexpected error downloading Expected_departures.xml (attempt 1): maximum recursion depth exceeded
2025-10-27 18:51:00,146 - vessel_data_pipeline - INFO - Waiting 5 seconds before retry...
2025-10-27 18:51:05,148 - vessel_data_pipeline - INFO - Downloading Expected_departures.xml (attempt 2/3)
2025-10-27 18:51:05,161 - vessel_data_pipeline - ERROR - Unexpected error downloading Expected_departures.xml (attempt 2): maximum recursion depth exceeded
2025-10-27 18:51:05,162 - vessel_data_pipeline - INFO - Waiting 10 seconds before retry...
2025-10-27 18:51:15,166 - vessel_data_pipeline - INFO - Downloading Expected_departures.xml (attempt 3/3)
2025-10-27 18:51:15,180 - vessel_data_pipeline - ERROR - Unexpected error downloading Expected_departures.xml (attempt 3): maximum recursion depth exceeded
2025-10-27 18:51:15,181 - vessel_data_pipeline - ERROR - Failed to download Expected_departures.xml after 3 attempts
2025-10-27 18:51:17,185 - vessel_data_pipeline - INFO - Fetch operation completed. Results: {'Arrived_in_last_36_hours.xml': False, 'Departed_in_last_36_hours.xml': False, 'Expected_arrivals.xml': False, 'Expected_departures.xml': False}
2025-10-27 18:51:17,196 - vessel_data_pipeline - INFO - VesselDataFetcher initialized. Pipeline enabled: True
2025-10-27 18:51:17,197 - vessel_data_pipeline - INFO - Starting vessel data fetch operation
2025-10-27 18:51:17,197 - vessel_data_pipeline - INFO - Discovering XML files from Hong Kong Marine Department portal
2025-10-27 18:51:17,208 - vessel_data_pipeline - WARNING - Could not verify access to Arrived_in_last_36_hours.xml: maximum recursion depth exceeded
2025-10-27 18:51:17,219 - vessel_data_pipeline - WARNING - Could not verify access to Departed_in_last_36_hours.xml: maximum recursion depth exceeded
2025-10-27 18:51:17,230 - vessel_data_pipeline - WARNING - Could not verify access to Expected_arrivals.xml: maximum recursion depth exceeded
2025-10-27 18:51:17,285 - vessel_data_pipeline - WARNING - Could not verify access to Expected_departures.xml: maximum recursion depth exceeded
2025-10-27 18:51:17,285 - vessel_data_pipeline - INFO - Discovered 4 XML files for download
2025-10-27 18:51:17,285 - vessel_data_pipeline - INFO - Downloading Arrived_in_last_36_hours.xml (attempt 1/3)
2025-10-27 18:51:17,313 - vessel_data_pipeline - ERROR - Unexpected error downloading Arrived_in_last_36_hours.xml (attempt 1): maximum recursion depth exceeded
2025-10-27 18:51:17,313 - vessel_data_pipeline - INFO - Waiting 5 seconds before retry...
2025-10-27 18:51:22,318 - vessel_data_pipeline - INFO - Downloading Arrived_in_last_36_hours.xml (attempt 2/3)
2025-10-27 18:51:22,338 - vessel_data_pipeline - ERROR - Unexpected error downloading Arrived_in_last_36_hours.xml (attempt 2): maximum recursion depth exceeded
2025-10-27 18:51:22,338 - vessel_data_pipeline - INFO - Waiting 10 seconds before retry...
2025-10-27 18:51:32,340 - vessel_data_pipeline - INFO - Downloading Arrived_in_last_36_hours.xml (attempt 3/3)
2025-10-27 18:51:32,367 - vessel_data_pipeline - ERROR - Unexpected error downloading Arrived_in_last_36_hours.xml (attempt 3): maximum recursion depth exceeded
2025-10-27 18:51:32,368 - vessel_data_pipeline - ERROR - Failed to download Arrived_in_last_36_hours.xml after 3 attempts
2025-10-27 18:51:34,373 - vessel_data_pipeline - INFO - Downloading Departed_in_last_36_hours.xml (attempt 1/3)
2025-10-27 18:51:34,387 - vessel_data_pipeline - ERROR - Unexpected error downloading Departed_in_last_36_hours.xml (attempt 1): maximum recursion depth exceeded
2025-10-27 18:51:34,388 - vessel_data_pipeline - INFO - Waiting 5 seconds before retry...
2025-10-27 18:51:39,393 - vessel_data_pipeline - INFO - Downloading Departed_in_last_36_hours.xml (attempt 2/3)
2025-10-27 18:51:39,412 - vessel_data_pipeline - ERROR - Unexpected error downloading Departed_in_last_36_hours.xml (attempt 2): maximum recursion depth exceeded
2025-10-27 18:51:39,412 - vessel_data_pipeline - INFO - Waiting 10 seconds before retry...
2025-10-27 18:51:49,417 - vessel_data_pipeline - INFO - Downloading Departed_in_last_36_hours.xml (attempt 3/3)
2025-10-27 18:51:49,444 - vessel_data_pipeline - ERROR - Unexpected error downloading Departed_in_last_36_hours.xml (attempt 3): maximum recursion depth exceeded
2025-10-27 18:51:49,445 - vessel_data_pipeline - ERROR - Failed to download Departed_in_last_36_hours.xml after 3 attempts
2025-10-27 18:51:51,446 - vessel_data_pipeline - INFO - Downloading Expected_arrivals.xml (attempt 1/3)
2025-10-27 18:51:51,460 - vessel_data_pipeline - ERROR - Unexpected error downloading Expected_arrivals.xml (attempt 1): maximum recursion depth exceeded
2025-10-27 18:51:51,460 - vessel_data_pipeline - INFO - Waiting 5 seconds before retry...
2025-10-27 18:51:56,463 - vessel_data_pipeline - INFO - Downloading Expected_arrivals.xml (attempt 2/3)
2025-10-27 18:51:56,477 - vessel_data_pipeline - ERROR - Unexpected error downloading Expected_arrivals.xml (attempt 2): maximum recursion depth exceeded
2025-10-27 18:51:56,478 - vessel_data_pipeline - INFO - Waiting 10 seconds before retry...
2025-10-27 18:52:06,479 - vessel_data_pipeline - INFO - Downloading Expected_arrivals.xml (attempt 3/3)
2025-10-27 18:52:06,491 - vessel_data_pipeline - ERROR - Unexpected error downloading Expected_arrivals.xml (attempt 3): maximum recursion depth exceeded
2025-10-27 18:52:06,491 - vessel_data_pipeline - ERROR - Failed to download Expected_arrivals.xml after 3 attempts
2025-10-27 18:52:08,495 - vessel_data_pipeline - INFO - Downloading Expected_departures.xml (attempt 1/3)
2025-10-27 18:52:08,507 - vessel_data_pipeline - ERROR - Unexpected error downloading Expected_departures.xml (attempt 1): maximum recursion depth exceeded
2025-10-27 18:52:08,508 - vessel_data_pipeline - INFO - Waiting 5 seconds before retry...
2025-10-27 18:52:13,512 - vessel_data_pipeline - INFO - Downloading Expected_departures.xml (attempt 2/3)
2025-10-27 18:52:13,539 - vessel_data_pipeline - ERROR - Unexpected error downloading Expected_departures.xml (attempt 2): maximum recursion depth exceeded
2025-10-27 18:52:13,540 - vessel_data_pipeline - INFO - Waiting 10 seconds before retry...
2025-10-27 18:52:23,545 - vessel_data_pipeline - INFO - Downloading Expected_departures.xml (attempt 3/3)
2025-10-27 18:52:23,559 - vessel_data_pipeline - ERROR - Unexpected error downloading Expected_departures.xml (attempt 3): maximum recursion depth exceeded
2025-10-27 18:52:23,560 - vessel_data_pipeline - ERROR - Failed to download Expected_departures.xml after 3 attempts
2025-10-27 18:52:25,561 - vessel_data_pipeline - INFO - Fetch operation completed. Results: {'Arrived_in_last_36_hours.xml': False, 'Departed_in_last_36_hours.xml': False, 'Expected_arrivals.xml': False, 'Expected_departures.xml': False}
2025-10-27 18:52:25,567 - vessel_data_pipeline - INFO - VesselDataFetcher initialized. Pipeline enabled: True
2025-10-27 18:52:25,568 - vessel_data_pipeline - INFO - Starting vessel data fetch operation
2025-10-27 18:52:25,568 - vessel_data_pipeline - INFO - Discovering XML files from Hong Kong Marine Department portal
2025-10-27 18:52:25,584 - vessel_data_pipeline - WARNING - Could not verify access to Arrived_in_last_36_hours.xml: maximum recursion depth exceeded
2025-10-27 18:52:25,597 - vessel_data_pipeline - WARNING - Could not verify access to Departed_in_last_36_hours.xml: maximum recursion depth exceeded
2025-10-27 18:52:25,610 - vessel_data_pipeline - WARNING - Could not verify access to Expected_arrivals.xml: maximum recursion depth exceeded
2025-10-27 18:52:25,621 - vessel_data_pipeline - WARNING - Could not verify access to Expected_departures.xml: maximum recursion depth exceeded
2025-10-27 18:52:25,621 - vessel_data_pipeline - INFO - Discovered 4 XML files for download
2025-10-27 18:52:25,621 - vessel_data_pipeline - INFO - Downloading Arrived_in_last_36_hours.xml (attempt 1/3)
2025-10-27 18:52:25,631 - vessel_data_pipeline - ERROR - Unexpected error downloading Arrived_in_last_36_hours.xml (attempt 1): maximum recursion depth exceeded
2025-10-27 18:52:25,631 - vessel_data_pipeline - INFO - Waiting 5 seconds before retry...
2025-10-27 18:52:30,635 - vessel_data_pipeline - INFO - Downloading Arrived_in_last_36_hours.xml (attempt 2/3)
2025-10-27 18:52:30,654 - vessel_data_pipeline - ERROR - Unexpected error downloading Arrived_in_last_36_hours.xml (attempt 2): maximum recursion depth exceeded
2025-10-27 18:52:30,655 - vessel_data_pipeline - INFO - Waiting 10 seconds before retry...
2025-10-27 18:52:40,660 - vessel_data_pipeline - INFO - Downloading Arrived_in_last_36_hours.xml (attempt 3/3)
2025-10-27 18:52:40,689 - vessel_data_pipeline - ERROR - Unexpected error downloading Arrived_in_last_36_hours.xml (attempt 3): maximum recursion depth exceeded
2025-10-27 18:52:40,690 - vessel_data_pipeline - ERROR - Failed to download Arrived_in_last_36_hours.xml after 3 attempts
2025-10-27 18:52:42,696 - vessel_data_pipeline - INFO - Downloading Departed_in_last_36_hours.xml (attempt 1/3)
2025-10-27 18:52:42,719 - vessel_data_pipeline - ERROR - Unexpected error downloading Departed_in_last_36_hours.xml (attempt 1): maximum recursion depth exceeded
2025-10-27 18:52:42,720 - vessel_data_pipeline - INFO - Waiting 5 seconds before retry...
2025-10-27 18:52:47,722 - vessel_data_pipeline - INFO - Downloading Departed_in_last_36_hours.xml (attempt 2/3)
2025-10-27 18:52:47,747 - vessel_data_pipeline - ERROR - Unexpected error downloading Departed_in_last_36_hours.xml (attempt 2): maximum recursion depth exceeded
2025-10-27 18:52:47,748 - vessel_data_pipeline - INFO - Waiting 10 seconds before retry...
2025-10-27 18:52:57,755 - vessel_data_pipeline - INFO - Downloading Departed_in_last_36_hours.xml (attempt 3/3)
2025-10-27 18:52:57,771 - vessel_data_pipeline - ERROR - Unexpected error downloading Departed_in_last_36_hours.xml (attempt 3): maximum recursion depth exceeded
2025-10-27 18:52:57,772 - vessel_data_pipeline - ERROR - Failed to download Departed_in_last_36_hours.xml after 3 attempts
2025-10-27 18:52:59,777 - vessel_data_pipeline - INFO - Downloading Expected_arrivals.xml (attempt 1/3)
2025-10-27 18:52:59,795 - vessel_data_pipeline - ERROR - Unexpected error downloading Expected_arrivals.xml (attempt 1): maximum recursion depth exceeded
2025-10-27 18:52:59,796 - vessel_data_pipeline - INFO - Waiting 5 seconds before retry...
2025-10-27 18:53:04,797 - vessel_data_pipeline - INFO - Downloading Expected_arrivals.xml (attempt 2/3)
2025-10-27 18:53:04,810 - vessel_data_pipeline - ERROR - Unexpected error downloading Expected_arrivals.xml (attempt 2): maximum recursion depth exceeded
2025-10-27 18:53:04,810 - vessel_data_pipeline - INFO - Waiting 10 seconds before retry...
2025-10-27 18:53:14,813 - vessel_data_pipeline - INFO - Downloading Expected_arrivals.xml (attempt 3/3)
2025-10-27 18:53:14,831 - vessel_data_pipeline - ERROR - Unexpected error downloading Expected_arrivals.xml (attempt 3): maximum recursion depth exceeded
2025-10-27 18:53:14,832 - vessel_data_pipeline - ERROR - Failed to download Expected_arrivals.xml after 3 attempts
2025-10-27 18:53:16,833 - vessel_data_pipeline - INFO - Downloading Expected_departures.xml (attempt 1/3)
2025-10-27 18:53:16,846 - vessel_data_pipeline - ERROR - Unexpected error downloading Expected_departures.xml (attempt 1): maximum recursion depth exceeded
2025-10-27 18:53:16,846 - vessel_data_pipeline - INFO - Waiting 5 seconds before retry...
2025-10-27 18:53:21,852 - vessel_data_pipeline - INFO - Downloading Expected_departures.xml (attempt 2/3)
2025-10-27 18:53:21,872 - vessel_data_pipeline - ERROR - Unexpected error downloading Expected_departures.xml (attempt 2): maximum recursion depth exceeded
2025-10-27 18:53:21,873 - vessel_data_pipeline - INFO - Waiting 10 seconds before retry...
2025-10-27 18:53:31,874 - vessel_data_pipeline - INFO - Downloading Expected_departures.xml (attempt 3/3)
2025-10-27 18:53:31,890 - vessel_data_pipeline - ERROR - Unexpected error downloading Expected_departures.xml (attempt 3): maximum recursion depth exceeded
2025-10-27 18:53:31,891 - vessel_data_pipeline - ERROR - Failed to download Expected_departures.xml after 3 attempts
2025-10-27 18:53:33,895 - vessel_data_pipeline - INFO - Fetch operation completed. Results: {'Arrived_in_last_36_hours.xml': False, 'Departed_in_last_36_hours.xml': False, 'Expected_arrivals.xml': False, 'Expected_departures.xml': False}
2025-10-27 18:54:27,860 - vessel_data_pipeline - INFO - VesselDataFetcher initialized. Pipeline enabled: True
2025-10-27 18:54:27,861 - vessel_data_pipeline - INFO - Starting vessel data fetch operation
2025-10-27 18:54:27,861 - vessel_data_pipeline - INFO - Discovering XML files from Hong Kong Marine Department portal
2025-10-27 18:54:27,880 - vessel_data_pipeline - WARNING - Could not verify access to Arrived_in_last_36_hours.xml: maximum recursion depth exceeded
2025-10-27 18:54:27,890 - vessel_data_pipeline - WARNING - Could not verify access to Departed_in_last_36_hours.xml: maximum recursion depth exceeded
2025-10-27 18:54:27,900 - vessel_data_pipeline - WARNING - Could not verify access to Expected_arrivals.xml: maximum recursion depth exceeded
2025-10-27 18:54:27,910 - vessel_data_pipeline - WARNING - Could not verify access to Expected_departures.xml: maximum recursion depth exceeded
2025-10-27 18:54:27,910 - vessel_data_pipeline - INFO - Discovered 4 XML files for download
2025-10-27 18:54:27,910 - vessel_data_pipeline - INFO - Downloading Arrived_in_last_36_hours.xml (attempt 1/3)
2025-10-27 18:54:27,921 - vessel_data_pipeline - ERROR - Unexpected error downloading Arrived_in_last_36_hours.xml (attempt 1): maximum recursion depth exceeded
2025-10-27 18:54:27,922 - vessel_data_pipeline - INFO - Waiting 5 seconds before retry...
2025-10-27 18:54:32,924 - vessel_data_pipeline - INFO - Downloading Arrived_in_last_36_hours.xml (attempt 2/3)
2025-10-27 18:54:32,945 - vessel_data_pipeline - ERROR - Unexpected error downloading Arrived_in_last_36_hours.xml (attempt 2): maximum recursion depth exceeded
2025-10-27 18:54:32,946 - vessel_data_pipeline - INFO - Waiting 10 seconds before retry...
2025-10-27 18:54:42,951 - vessel_data_pipeline - INFO - Downloading Arrived_in_last_36_hours.xml (attempt 3/3)
2025-10-27 18:54:42,968 - vessel_data_pipeline - ERROR - Unexpected error downloading Arrived_in_last_36_hours.xml (attempt 3): maximum recursion depth exceeded
2025-10-27 18:54:42,968 - vessel_data_pipeline - ERROR - Failed to download Arrived_in_last_36_hours.xml after 3 attempts
2025-10-27 18:54:44,974 - vessel_data_pipeline - INFO - Downloading Departed_in_last_36_hours.xml (attempt 1/3)
2025-10-27 18:54:44,993 - vessel_data_pipeline - ERROR - Unexpected error downloading Departed_in_last_36_hours.xml (attempt 1): maximum recursion depth exceeded
2025-10-27 18:54:44,994 - vessel_data_pipeline - INFO - Waiting 5 seconds before retry...
2025-10-27 18:54:49,995 - vessel_data_pipeline - INFO - Downloading Departed_in_last_36_hours.xml (attempt 2/3)
2025-10-27 18:54:50,008 - vessel_data_pipeline - ERROR - Unexpected error downloading Departed_in_last_36_hours.xml (attempt 2): maximum recursion depth exceeded
2025-10-27 18:54:50,009 - vessel_data_pipeline - INFO - Waiting 10 seconds before retry...
2025-10-27 18:55:00,013 - vessel_data_pipeline - INFO - Downloading Departed_in_last_36_hours.xml (attempt 3/3)
2025-10-27 18:55:00,024 - vessel_data_pipeline - ERROR - Unexpected error downloading Departed_in_last_36_hours.xml (attempt 3): maximum recursion depth exceeded
2025-10-27 18:55:00,024 - vessel_data_pipeline - ERROR - Failed to download Departed_in_last_36_hours.xml after 3 attempts
2025-10-27 18:55:02,030 - vessel_data_pipeline - INFO - Downloading Expected_arrivals.xml (attempt 1/3)
2025-10-27 18:55:02,051 - vessel_data_pipeline - ERROR - Unexpected error downloading Expected_arrivals.xml (attempt 1): maximum recursion depth exceeded
2025-10-27 18:55:02,051 - vessel_data_pipeline - INFO - Waiting 5 seconds before retry...
2025-10-27 18:55:07,054 - vessel_data_pipeline - INFO - Downloading Expected_arrivals.xml (attempt 2/3)
2025-10-27 18:55:07,078 - vessel_data_pipeline - ERROR - Unexpected error downloading Expected_arrivals.xml (attempt 2): maximum recursion depth exceeded
2025-10-27 18:55:07,079 - vessel_data_pipeline - INFO - Waiting 10 seconds before retry...
2025-10-27 18:55:17,082 - vessel_data_pipeline - INFO - Downloading Expected_arrivals.xml (attempt 3/3)
2025-10-27 18:55:17,100 - vessel_data_pipeline - ERROR - Unexpected error downloading Expected_arrivals.xml (attempt 3): maximum recursion depth exceeded
2025-10-27 18:55:17,101 - vessel_data_pipeline - ERROR - Failed to download Expected_arrivals.xml after 3 attempts
2025-10-27 18:55:19,106 - vessel_data_pipeline - INFO - Downloading Expected_departures.xml (attempt 1/3)
2025-10-27 18:55:19,122 - vessel_data_pipeline - ERROR - Unexpected error downloading Expected_departures.xml (attempt 1): maximum recursion depth exceeded
2025-10-27 18:55:19,122 - vessel_data_pipeline - INFO - Waiting 5 seconds before retry...
2025-10-27 18:55:24,126 - vessel_data_pipeline - INFO - Downloading Expected_departures.xml (attempt 2/3)
2025-10-27 18:55:24,143 - vessel_data_pipeline - ERROR - Unexpected error downloading Expected_departures.xml (attempt 2): maximum recursion depth exceeded
2025-10-27 18:55:24,143 - vessel_data_pipeline - INFO - Waiting 10 seconds before retry...
2025-10-27 18:55:34,148 - vessel_data_pipeline - INFO - Downloading Expected_departures.xml (attempt 3/3)
2025-10-27 18:55:34,164 - vessel_data_pipeline - ERROR - Unexpected error downloading Expected_departures.xml (attempt 3): maximum recursion depth exceeded
2025-10-27 18:55:34,165 - vessel_data_pipeline - ERROR - Failed to download Expected_departures.xml after 3 attempts
2025-10-27 18:55:36,166 - vessel_data_pipeline - INFO - Fetch operation completed. Results: {'Arrived_in_last_36_hours.xml': False, 'Departed_in_last_36_hours.xml': False, 'Expected_arrivals.xml': False, 'Expected_departures.xml': False}
2025-10-27 18:55:36,179 - vessel_data_pipeline - INFO - VesselDataFetcher initialized. Pipeline enabled: True
2025-10-27 18:55:36,179 - vessel_data_pipeline - INFO - Starting vessel data fetch operation
2025-10-27 18:55:36,179 - vessel_data_pipeline - INFO - Discovering XML files from Hong Kong Marine Department portal
2025-10-27 18:55:36,203 - vessel_data_pipeline - WARNING - Could not verify access to Arrived_in_last_36_hours.xml: maximum recursion depth exceeded
2025-10-27 18:55:36,219 - vessel_data_pipeline - WARNING - Could not verify access to Departed_in_last_36_hours.xml: maximum recursion depth exceeded
2025-10-27 18:55:36,233 - vessel_data_pipeline - WARNING - Could not verify access to Expected_arrivals.xml: maximum recursion depth exceeded
2025-10-27 18:55:36,245 - vessel_data_pipeline - WARNING - Could not verify access to Expected_departures.xml: maximum recursion depth exceeded
2025-10-27 18:55:36,245 - vessel_data_pipeline - INFO - Discovered 4 XML files for download
2025-10-27 18:55:36,245 - vessel_data_pipeline - INFO - Downloading Arrived_in_last_36_hours.xml (attempt 1/3)
2025-10-27 18:55:36,262 - vessel_data_pipeline - ERROR - Unexpected error downloading Arrived_in_last_36_hours.xml (attempt 1): maximum recursion depth exceeded
2025-10-27 18:55:36,262 - vessel_data_pipeline - INFO - Waiting 5 seconds before retry...
2025-10-27 18:55:41,268 - vessel_data_pipeline - INFO - Downloading Arrived_in_last_36_hours.xml (attempt 2/3)
2025-10-27 18:55:41,283 - vessel_data_pipeline - ERROR - Unexpected error downloading Arrived_in_last_36_hours.xml (attempt 2): maximum recursion depth exceeded
2025-10-27 18:55:41,283 - vessel_data_pipeline - INFO - Waiting 10 seconds before retry...
2025-10-27 18:55:51,287 - vessel_data_pipeline - INFO - Downloading Arrived_in_last_36_hours.xml (attempt 3/3)
2025-10-27 18:55:51,298 - vessel_data_pipeline - ERROR - Unexpected error downloading Arrived_in_last_36_hours.xml (attempt 3): maximum recursion depth exceeded
2025-10-27 18:55:51,299 - vessel_data_pipeline - ERROR - Failed to download Arrived_in_last_36_hours.xml after 3 attempts
2025-10-27 18:55:53,304 - vessel_data_pipeline - INFO - Downloading Departed_in_last_36_hours.xml (attempt 1/3)
2025-10-27 18:55:53,319 - vessel_data_pipeline - ERROR - Unexpected error downloading Departed_in_last_36_hours.xml (attempt 1): maximum recursion depth exceeded
2025-10-27 18:55:53,320 - vessel_data_pipeline - INFO - Waiting 5 seconds before retry...
2025-10-27 18:55:58,324 - vessel_data_pipeline - INFO - Downloading Departed_in_last_36_hours.xml (attempt 2/3)
2025-10-27 18:55:58,339 - vessel_data_pipeline - ERROR - Unexpected error downloading Departed_in_last_36_hours.xml (attempt 2): maximum recursion depth exceeded
2025-10-27 18:55:58,340 - vessel_data_pipeline - INFO - Waiting 10 seconds before retry...
2025-10-27 18:56:08,341 - vessel_data_pipeline - INFO - Downloading Departed_in_last_36_hours.xml (attempt 3/3)
2025-10-27 18:56:08,356 - vessel_data_pipeline - ERROR - Unexpected error downloading Departed_in_last_36_hours.xml (attempt 3): maximum recursion depth exceeded
2025-10-27 18:56:08,359 - vessel_data_pipeline - ERROR - Failed to download Departed_in_last_36_hours.xml after 3 attempts
2025-10-27 18:56:10,363 - vessel_data_pipeline - INFO - Downloading Expected_arrivals.xml (attempt 1/3)
2025-10-27 18:56:10,381 - vessel_data_pipeline - ERROR - Unexpected error downloading Expected_arrivals.xml (attempt 1): maximum recursion depth exceeded
2025-10-27 18:56:10,382 - vessel_data_pipeline - INFO - Waiting 5 seconds before retry...
2025-10-27 18:56:15,385 - vessel_data_pipeline - INFO - Downloading Expected_arrivals.xml (attempt 2/3)
2025-10-27 18:56:15,398 - vessel_data_pipeline - ERROR - Unexpected error downloading Expected_arrivals.xml (attempt 2): maximum recursion depth exceeded
2025-10-27 18:56:15,398 - vessel_data_pipeline - INFO - Waiting 10 seconds before retry...
2025-10-27 18:56:25,403 - vessel_data_pipeline - INFO - Downloading Expected_arrivals.xml (attempt 3/3)
2025-10-27 18:56:25,422 - vessel_data_pipeline - ERROR - Unexpected error downloading Expected_arrivals.xml (attempt 3): maximum recursion depth exceeded
2025-10-27 18:56:25,423 - vessel_data_pipeline - ERROR - Failed to download Expected_arrivals.xml after 3 attempts
2025-10-27 18:56:27,427 - vessel_data_pipeline - INFO - Downloading Expected_departures.xml (attempt 1/3)
2025-10-27 18:56:27,446 - vessel_data_pipeline - ERROR - Unexpected error downloading Expected_departures.xml (attempt 1): maximum recursion depth exceeded
2025-10-27 18:56:27,447 - vessel_data_pipeline - INFO - Waiting 5 seconds before retry...
2025-10-27 18:56:32,449 - vessel_data_pipeline - INFO - Downloading Expected_departures.xml (attempt 2/3)
2025-10-27 18:56:32,466 - vessel_data_pipeline - ERROR - Unexpected error downloading Expected_departures.xml (attempt 2): maximum recursion depth exceeded
2025-10-27 18:56:32,466 - vessel_data_pipeline - INFO - Waiting 10 seconds before retry...
2025-10-27 18:56:42,471 - vessel_data_pipeline - INFO - Downloading Expected_departures.xml (attempt 3/3)
2025-10-27 18:56:42,492 - vessel_data_pipeline - ERROR - Unexpected error downloading Expected_departures.xml (attempt 3): maximum recursion depth exceeded
2025-10-27 18:56:42,492 - vessel_data_pipeline - ERROR - Failed to download Expected_departures.xml after 3 attempts
2025-10-27 18:56:44,497 - vessel_data_pipeline - INFO - Fetch operation completed. Results: {'Arrived_in_last_36_hours.xml': False, 'Departed_in_last_36_hours.xml': False, 'Expected_arrivals.xml': False, 'Expected_departures.xml': False}
2025-10-27 18:56:44,502 - vessel_data_pipeline - INFO - VesselDataFetcher initialized. Pipeline enabled: True
2025-10-27 18:56:44,502 - vessel_data_pipeline - INFO - Starting vessel data fetch operation
2025-10-27 18:56:44,502 - vessel_data_pipeline - INFO - Discovering XML files from Hong Kong Marine Department portal
2025-10-27 18:56:44,517 - vessel_data_pipeline - WARNING - Could not verify access to Arrived_in_last_36_hours.xml: maximum recursion depth exceeded
2025-10-27 18:56:44,526 - vessel_data_pipeline - WARNING - Could not verify access to Departed_in_last_36_hours.xml: maximum recursion depth exceeded
2025-10-27 18:56:44,537 - vessel_data_pipeline - WARNING - Could not verify access to Expected_arrivals.xml: maximum recursion depth exceeded
2025-10-27 18:56:44,547 - vessel_data_pipeline - WARNING - Could not verify access to Expected_departures.xml: maximum recursion depth exceeded
2025-10-27 18:56:44,547 - vessel_data_pipeline - INFO - Discovered 4 XML files for download
2025-10-27 18:56:44,547 - vessel_data_pipeline - INFO - Downloading Arrived_in_last_36_hours.xml (attempt 1/3)
2025-10-27 18:56:44,560 - vessel_data_pipeline - ERROR - Unexpected error downloading Arrived_in_last_36_hours.xml (attempt 1): maximum recursion depth exceeded
2025-10-27 18:56:44,560 - vessel_data_pipeline - INFO - Waiting 5 seconds before retry...
2025-10-27 18:56:49,562 - vessel_data_pipeline - INFO - Downloading Arrived_in_last_36_hours.xml (attempt 2/3)
2025-10-27 18:56:49,576 - vessel_data_pipeline - ERROR - Unexpected error downloading Arrived_in_last_36_hours.xml (attempt 2): maximum recursion depth exceeded
2025-10-27 18:56:49,577 - vessel_data_pipeline - INFO - Waiting 10 seconds before retry...
2025-10-27 18:56:59,578 - vessel_data_pipeline - INFO - Downloading Arrived_in_last_36_hours.xml (attempt 3/3)
2025-10-27 18:56:59,606 - vessel_data_pipeline - ERROR - Unexpected error downloading Arrived_in_last_36_hours.xml (attempt 3): maximum recursion depth exceeded
2025-10-27 18:56:59,606 - vessel_data_pipeline - ERROR - Failed to download Arrived_in_last_36_hours.xml after 3 attempts
2025-10-27 18:57:01,611 - vessel_data_pipeline - INFO - Downloading Departed_in_last_36_hours.xml (attempt 1/3)
2025-10-27 18:57:01,644 - vessel_data_pipeline - ERROR - Unexpected error downloading Departed_in_last_36_hours.xml (attempt 1): maximum recursion depth exceeded
2025-10-27 18:57:01,644 - vessel_data_pipeline - INFO - Waiting 5 seconds before retry...
2025-10-27 18:57:06,649 - vessel_data_pipeline - INFO - Downloading Departed_in_last_36_hours.xml (attempt 2/3)
2025-10-27 18:57:06,664 - vessel_data_pipeline - ERROR - Unexpected error downloading Departed_in_last_36_hours.xml (attempt 2): maximum recursion depth exceeded
2025-10-27 18:57:06,664 - vessel_data_pipeline - INFO - Waiting 10 seconds before retry...
2025-10-27 18:57:16,668 - vessel_data_pipeline - INFO - Downloading Departed_in_last_36_hours.xml (attempt 3/3)
2025-10-27 18:57:16,682 - vessel_data_pipeline - ERROR - Unexpected error downloading Departed_in_last_36_hours.xml (attempt 3): maximum recursion depth exceeded
2025-10-27 18:57:16,683 - vessel_data_pipeline - ERROR - Failed to download Departed_in_last_36_hours.xml after 3 attempts
2025-10-27 18:57:18,687 - vessel_data_pipeline - INFO - Downloading Expected_arrivals.xml (attempt 1/3)
2025-10-27 18:57:18,704 - vessel_data_pipeline - ERROR - Unexpected error downloading Expected_arrivals.xml (attempt 1): maximum recursion depth exceeded
2025-10-27 18:57:18,704 - vessel_data_pipeline - INFO - Waiting 5 seconds before retry...
2025-10-27 18:57:23,705 - vessel_data_pipeline - INFO - Downloading Expected_arrivals.xml (attempt 2/3)
2025-10-27 18:57:23,718 - vessel_data_pipeline - ERROR - Unexpected error downloading Expected_arrivals.xml (attempt 2): maximum recursion depth exceeded
2025-10-27 18:57:23,718 - vessel_data_pipeline - INFO - Waiting 10 seconds before retry...
2025-10-27 18:57:33,720 - vessel_data_pipeline - INFO - Downloading Expected_arrivals.xml (attempt 3/3)
2025-10-27 18:57:33,746 - vessel_data_pipeline - ERROR - Unexpected error downloading Expected_arrivals.xml (attempt 3): maximum recursion depth exceeded
2025-10-27 18:57:33,746 - vessel_data_pipeline - ERROR - Failed to download Expected_arrivals.xml after 3 attempts
2025-10-27 18:57:35,751 - vessel_data_pipeline - INFO - Downloading Expected_departures.xml (attempt 1/3)
2025-10-27 18:57:35,769 - vessel_data_pipeline - ERROR - Unexpected error downloading Expected_departures.xml (attempt 1): maximum recursion depth exceeded
2025-10-27 18:57:35,769 - vessel_data_pipeline - INFO - Waiting 5 seconds before retry...
2025-10-27 18:57:40,775 - vessel_data_pipeline - INFO - Downloading Expected_departures.xml (attempt 2/3)
2025-10-27 18:57:40,792 - vessel_data_pipeline - ERROR - Unexpected error downloading Expected_departures.xml (attempt 2): maximum recursion depth exceeded
2025-10-27 18:57:40,792 - vessel_data_pipeline - INFO - Waiting 10 seconds before retry...
2025-10-27 18:57:50,794 - vessel_data_pipeline - INFO - Downloading Expected_departures.xml (attempt 3/3)
2025-10-27 18:57:50,814 - vessel_data_pipeline - ERROR - Unexpected error downloading Expected_departures.xml (attempt 3): maximum recursion depth exceeded
2025-10-27 18:57:50,815 - vessel_data_pipeline - ERROR - Failed to download Expected_departures.xml after 3 attempts
2025-10-27 18:57:52,820 - vessel_data_pipeline - INFO - Fetch operation completed. Results: {'Arrived_in_last_36_hours.xml': False, 'Departed_in_last_36_hours.xml': False, 'Expected_arrivals.xml': False, 'Expected_departures.xml': False}
2025-10-27 18:57:52,832 - vessel_data_pipeline - INFO - VesselDataFetcher initialized. Pipeline enabled: True
2025-10-27 18:57:52,833 - vessel_data_pipeline - INFO - Starting vessel data fetch operation
2025-10-27 18:57:52,834 - vessel_data_pipeline - INFO - Discovering XML files from Hong Kong Marine Department portal
2025-10-27 18:57:52,845 - vessel_data_pipeline - WARNING - Could not verify access to Arrived_in_last_36_hours.xml: maximum recursion depth exceeded
2025-10-27 18:57:52,856 - vessel_data_pipeline - WARNING - Could not verify access to Departed_in_last_36_hours.xml: maximum recursion depth exceeded
2025-10-27 18:57:52,865 - vessel_data_pipeline - WARNING - Could not verify access to Expected_arrivals.xml: maximum recursion depth exceeded
2025-10-27 18:57:52,879 - vessel_data_pipeline - WARNING - Could not verify access to Expected_departures.xml: maximum recursion depth exceeded
2025-10-27 18:57:52,879 - vessel_data_pipeline - INFO - Discovered 4 XML files for download
2025-10-27 18:57:52,879 - vessel_data_pipeline - INFO - Downloading Arrived_in_last_36_hours.xml (attempt 1/3)
2025-10-27 18:57:52,889 - vessel_data_pipeline - ERROR - Unexpected error downloading Arrived_in_last_36_hours.xml (attempt 1): maximum recursion depth exceeded
2025-10-27 18:57:52,890 - vessel_data_pipeline - INFO - Waiting 5 seconds before retry...
2025-10-27 18:57:57,895 - vessel_data_pipeline - INFO - Downloading Arrived_in_last_36_hours.xml (attempt 2/3)
2025-10-27 18:57:57,914 - vessel_data_pipeline - ERROR - Unexpected error downloading Arrived_in_last_36_hours.xml (attempt 2): maximum recursion depth exceeded
2025-10-27 18:57:57,915 - vessel_data_pipeline - INFO - Waiting 10 seconds before retry...
2025-10-27 18:58:07,919 - vessel_data_pipeline - INFO - Downloading Arrived_in_last_36_hours.xml (attempt 3/3)
2025-10-27 18:58:07,933 - vessel_data_pipeline - ERROR - Unexpected error downloading Arrived_in_last_36_hours.xml (attempt 3): maximum recursion depth exceeded
2025-10-27 18:58:07,933 - vessel_data_pipeline - ERROR - Failed to download Arrived_in_last_36_hours.xml after 3 attempts
2025-10-27 18:58:09,935 - vessel_data_pipeline - INFO - Downloading Departed_in_last_36_hours.xml (attempt 1/3)
2025-10-27 18:58:09,961 - vessel_data_pipeline - ERROR - Unexpected error downloading Departed_in_last_36_hours.xml (attempt 1): maximum recursion depth exceeded
2025-10-27 18:58:09,962 - vessel_data_pipeline - INFO - Waiting 5 seconds before retry...
2025-10-27 18:58:14,965 - vessel_data_pipeline - INFO - Downloading Departed_in_last_36_hours.xml (attempt 2/3)
2025-10-27 18:58:14,989 - vessel_data_pipeline - ERROR - Unexpected error downloading Departed_in_last_36_hours.xml (attempt 2): maximum recursion depth exceeded
2025-10-27 18:58:14,990 - vessel_data_pipeline - INFO - Waiting 10 seconds before retry...
2025-10-27 18:58:24,995 - vessel_data_pipeline - INFO - Downloading Departed_in_last_36_hours.xml (attempt 3/3)
2025-10-27 18:58:25,022 - vessel_data_pipeline - ERROR - Unexpected error downloading Departed_in_last_36_hours.xml (attempt 3): maximum recursion depth exceeded
2025-10-27 18:58:25,022 - vessel_data_pipeline - ERROR - Failed to download Departed_in_last_36_hours.xml after 3 attempts
2025-10-27 18:58:27,026 - vessel_data_pipeline - INFO - Downloading Expected_arrivals.xml (attempt 1/3)
2025-10-27 18:58:27,045 - vessel_data_pipeline - ERROR - Unexpected error downloading Expected_arrivals.xml (attempt 1): maximum recursion depth exceeded
2025-10-27 18:58:27,046 - vessel_data_pipeline - INFO - Waiting 5 seconds before retry...
2025-10-27 18:58:32,050 - vessel_data_pipeline - INFO - Downloading Expected_arrivals.xml (attempt 2/3)
2025-10-27 18:58:32,063 - vessel_data_pipeline - ERROR - Unexpected error downloading Expected_arrivals.xml (attempt 2): maximum recursion depth exceeded
2025-10-27 18:58:32,063 - vessel_data_pipeline - INFO - Waiting 10 seconds before retry...
2025-10-27 18:58:42,067 - vessel_data_pipeline - INFO - Downloading Expected_arrivals.xml (attempt 3/3)
2025-10-27 18:58:42,090 - vessel_data_pipeline - ERROR - Unexpected error downloading Expected_arrivals.xml (attempt 3): maximum recursion depth exceeded
2025-10-27 18:58:42,090 - vessel_data_pipeline - ERROR - Failed to download Expected_arrivals.xml after 3 attempts
2025-10-27 18:58:44,095 - vessel_data_pipeline - INFO - Downloading Expected_departures.xml (attempt 1/3)
2025-10-27 18:58:44,107 - vessel_data_pipeline - ERROR - Unexpected error downloading Expected_departures.xml (attempt 1): maximum recursion depth exceeded
2025-10-27 18:58:44,107 - vessel_data_pipeline - INFO - Waiting 5 seconds before retry...
2025-10-27 18:58:49,111 - vessel_data_pipeline - INFO - Downloading Expected_departures.xml (attempt 2/3)
2025-10-27 18:58:49,127 - vessel_data_pipeline - ERROR - Unexpected error downloading Expected_departures.xml (attempt 2): maximum recursion depth exceeded
2025-10-27 18:58:49,128 - vessel_data_pipeline - INFO - Waiting 10 seconds before retry...
2025-10-27 18:58:59,133 - vessel_data_pipeline - INFO - Downloading Expected_departures.xml (attempt 3/3)
2025-10-27 18:58:59,151 - vessel_data_pipeline - ERROR - Unexpected error downloading Expected_departures.xml (attempt 3): maximum recursion depth exceeded
2025-10-27 18:58:59,151 - vessel_data_pipeline - ERROR - Failed to download Expected_departures.xml after 3 attempts
2025-10-27 18:59:01,156 - vessel_data_pipeline - INFO - Fetch operation completed. Results: {'Arrived_in_last_36_hours.xml': False, 'Departed_in_last_36_hours.xml': False, 'Expected_arrivals.xml': False, 'Expected_departures.xml': False}
2025-10-27 18:59:54,919 - vessel_data_pipeline - INFO - VesselDataFetcher initialized. Pipeline enabled: True
2025-10-27 18:59:54,921 - vessel_data_pipeline - INFO - Starting vessel data fetch operation
2025-10-27 18:59:54,921 - vessel_data_pipeline - INFO - Discovering XML files from Hong Kong Marine Department portal
2025-10-27 18:59:54,939 - vessel_data_pipeline - WARNING - Could not verify access to Arrived_in_last_36_hours.xml: maximum recursion depth exceeded
2025-10-27 18:59:54,949 - vessel_data_pipeline - WARNING - Could not verify access to Departed_in_last_36_hours.xml: maximum recursion depth exceeded
2025-10-27 18:59:54,960 - vessel_data_pipeline - WARNING - Could not verify access to Expected_arrivals.xml: maximum recursion depth exceeded
2025-10-27 18:59:54,973 - vessel_data_pipeline - WARNING - Could not verify access to Expected_departures.xml: maximum recursion depth exceeded
2025-10-27 18:59:54,973 - vessel_data_pipeline - INFO - Discovered 4 XML files for download
2025-10-27 18:59:54,973 - vessel_data_pipeline - INFO - Downloading Arrived_in_last_36_hours.xml (attempt 1/3)
2025-10-27 18:59:54,984 - vessel_data_pipeline - ERROR - Unexpected error downloading Arrived_in_last_36_hours.xml (attempt 1): maximum recursion depth exceeded
2025-10-27 18:59:54,985 - vessel_data_pipeline - INFO - Waiting 5 seconds before retry...
2025-10-27 18:59:59,989 - vessel_data_pipeline - INFO - Downloading Arrived_in_last_36_hours.xml (attempt 2/3)
2025-10-27 19:00:00,012 - vessel_data_pipeline - ERROR - Unexpected error downloading Arrived_in_last_36_hours.xml (attempt 2): maximum recursion depth exceeded
2025-10-27 19:00:00,013 - vessel_data_pipeline - INFO - Waiting 10 seconds before retry...
2025-10-27 19:00:10,015 - vessel_data_pipeline - INFO - Downloading Arrived_in_last_36_hours.xml (attempt 3/3)
2025-10-27 19:00:10,033 - vessel_data_pipeline - ERROR - Unexpected error downloading Arrived_in_last_36_hours.xml (attempt 3): maximum recursion depth exceeded
2025-10-27 19:00:10,034 - vessel_data_pipeline - ERROR - Failed to download Arrived_in_last_36_hours.xml after 3 attempts
2025-10-27 19:00:12,040 - vessel_data_pipeline - INFO - Downloading Departed_in_last_36_hours.xml (attempt 1/3)
2025-10-27 19:00:12,054 - vessel_data_pipeline - ERROR - Unexpected error downloading Departed_in_last_36_hours.xml (attempt 1): maximum recursion depth exceeded
2025-10-27 19:00:12,055 - vessel_data_pipeline - INFO - Waiting 5 seconds before retry...
2025-10-27 19:00:17,056 - vessel_data_pipeline - INFO - Downloading Departed_in_last_36_hours.xml (attempt 2/3)
2025-10-27 19:00:17,077 - vessel_data_pipeline - ERROR - Unexpected error downloading Departed_in_last_36_hours.xml (attempt 2): maximum recursion depth exceeded
2025-10-27 19:00:17,078 - vessel_data_pipeline - INFO - Waiting 10 seconds before retry...
2025-10-27 19:00:27,080 - vessel_data_pipeline - INFO - Downloading Departed_in_last_36_hours.xml (attempt 3/3)
2025-10-27 19:00:27,096 - vessel_data_pipeline - ERROR - Unexpected error downloading Departed_in_last_36_hours.xml (attempt 3): maximum recursion depth exceeded
2025-10-27 19:00:27,097 - vessel_data_pipeline - ERROR - Failed to download Departed_in_last_36_hours.xml after 3 attempts
2025-10-27 19:00:29,102 - vessel_data_pipeline - INFO - Downloading Expected_arrivals.xml (attempt 1/3)
2025-10-27 19:00:29,118 - vessel_data_pipeline - ERROR - Unexpected error downloading Expected_arrivals.xml (attempt 1): maximum recursion depth exceeded
2025-10-27 19:00:29,118 - vessel_data_pipeline - INFO - Waiting 5 seconds before retry...
2025-10-27 19:00:34,124 - vessel_data_pipeline - INFO - Downloading Expected_arrivals.xml (attempt 2/3)
2025-10-27 19:00:34,135 - vessel_data_pipeline - ERROR - Unexpected error downloading Expected_arrivals.xml (attempt 2): maximum recursion depth exceeded
2025-10-27 19:00:34,135 - vessel_data_pipeline - INFO - Waiting 10 seconds before retry...
2025-10-27 19:00:44,138 - vessel_data_pipeline - INFO - Downloading Expected_arrivals.xml (attempt 3/3)
2025-10-27 19:00:44,152 - vessel_data_pipeline - ERROR - Unexpected error downloading Expected_arrivals.xml (attempt 3): maximum recursion depth exceeded
2025-10-27 19:00:44,152 - vessel_data_pipeline - ERROR - Failed to download Expected_arrivals.xml after 3 attempts
2025-10-27 19:00:46,158 - vessel_data_pipeline - INFO - Downloading Expected_departures.xml (attempt 1/3)
2025-10-27 19:00:46,179 - vessel_data_pipeline - ERROR - Unexpected error downloading Expected_departures.xml (attempt 1): maximum recursion depth exceeded
2025-10-27 19:00:46,180 - vessel_data_pipeline - INFO - Waiting 5 seconds before retry...
2025-10-27 19:00:51,185 - vessel_data_pipeline - INFO - Downloading Expected_departures.xml (attempt 2/3)
2025-10-27 19:00:51,200 - vessel_data_pipeline - ERROR - Unexpected error downloading Expected_departures.xml (attempt 2): maximum recursion depth exceeded
2025-10-27 19:00:51,201 - vessel_data_pipeline - INFO - Waiting 10 seconds before retry...
2025-10-27 19:01:01,203 - vessel_data_pipeline - INFO - Downloading Expected_departures.xml (attempt 3/3)
2025-10-27 19:01:01,218 - vessel_data_pipeline - ERROR - Unexpected error downloading Expected_departures.xml (attempt 3): maximum recursion depth exceeded
2025-10-27 19:01:01,218 - vessel_data_pipeline - ERROR - Failed to download Expected_departures.xml after 3 attempts
2025-10-27 19:01:03,220 - vessel_data_pipeline - INFO - Fetch operation completed. Results: {'Arrived_in_last_36_hours.xml': False, 'Departed_in_last_36_hours.xml': False, 'Expected_arrivals.xml': False, 'Expected_departures.xml': False}
2025-10-27 19:01:03,231 - vessel_data_pipeline - INFO - VesselDataFetcher initialized. Pipeline enabled: True
2025-10-27 19:01:03,231 - vessel_data_pipeline - INFO - Starting vessel data fetch operation
2025-10-27 19:01:03,231 - vessel_data_pipeline - INFO - Discovering XML files from Hong Kong Marine Department portal
2025-10-27 19:01:03,267 - vessel_data_pipeline - WARNING - Could not verify access to Arrived_in_last_36_hours.xml: maximum recursion depth exceeded
2025-10-27 19:01:03,279 - vessel_data_pipeline - WARNING - Could not verify access to Departed_in_last_36_hours.xml: maximum recursion depth exceeded
2025-10-27 19:01:03,290 - vessel_data_pipeline - WARNING - Could not verify access to Expected_arrivals.xml: maximum recursion depth exceeded
2025-10-27 19:01:03,301 - vessel_data_pipeline - WARNING - Could not verify access to Expected_departures.xml: maximum recursion depth exceeded
2025-10-27 19:01:03,301 - vessel_data_pipeline - INFO - Discovered 4 XML files for download
2025-10-27 19:01:03,301 - vessel_data_pipeline - INFO - Downloading Arrived_in_last_36_hours.xml (attempt 1/3)
2025-10-27 19:01:03,310 - vessel_data_pipeline - ERROR - Unexpected error downloading Arrived_in_last_36_hours.xml (attempt 1): maximum recursion depth exceeded
2025-10-27 19:01:03,310 - vessel_data_pipeline - INFO - Waiting 5 seconds before retry...
2025-10-27 19:01:08,310 - vessel_data_pipeline - INFO - Downloading Arrived_in_last_36_hours.xml (attempt 2/3)
2025-10-27 19:01:08,325 - vessel_data_pipeline - ERROR - Unexpected error downloading Arrived_in_last_36_hours.xml (attempt 2): maximum recursion depth exceeded
2025-10-27 19:01:08,326 - vessel_data_pipeline - INFO - Waiting 10 seconds before retry...
2025-10-27 19:01:18,330 - vessel_data_pipeline - INFO - Downloading Arrived_in_last_36_hours.xml (attempt 3/3)
2025-10-27 19:01:18,347 - vessel_data_pipeline - ERROR - Unexpected error downloading Arrived_in_last_36_hours.xml (attempt 3): maximum recursion depth exceeded
2025-10-27 19:01:18,348 - vessel_data_pipeline - ERROR - Failed to download Arrived_in_last_36_hours.xml after 3 attempts
2025-10-27 19:01:20,353 - vessel_data_pipeline - INFO - Downloading Departed_in_last_36_hours.xml (attempt 1/3)
2025-10-27 19:01:20,370 - vessel_data_pipeline - ERROR - Unexpected error downloading Departed_in_last_36_hours.xml (attempt 1): maximum recursion depth exceeded
2025-10-27 19:01:20,370 - vessel_data_pipeline - INFO - Waiting 5 seconds before retry...
2025-10-27 19:01:25,376 - vessel_data_pipeline - INFO - Downloading Departed_in_last_36_hours.xml (attempt 2/3)
2025-10-27 19:01:25,391 - vessel_data_pipeline - ERROR - Unexpected error downloading Departed_in_last_36_hours.xml (attempt 2): maximum recursion depth exceeded
2025-10-27 19:01:25,391 - vessel_data_pipeline - INFO - Waiting 10 seconds before retry...
2025-10-27 19:01:35,395 - vessel_data_pipeline - INFO - Downloading Departed_in_last_36_hours.xml (attempt 3/3)
2025-10-27 19:01:35,417 - vessel_data_pipeline - ERROR - Unexpected error downloading Departed_in_last_36_hours.xml (attempt 3): maximum recursion depth exceeded
2025-10-27 19:01:35,417 - vessel_data_pipeline - ERROR - Failed to download Departed_in_last_36_hours.xml after 3 attempts
2025-10-27 19:01:37,423 - vessel_data_pipeline - INFO - Downloading Expected_arrivals.xml (attempt 1/3)
2025-10-27 19:01:37,437 - vessel_data_pipeline - ERROR - Unexpected error downloading Expected_arrivals.xml (attempt 1): maximum recursion depth exceeded
2025-10-27 19:01:37,437 - vessel_data_pipeline - INFO - Waiting 5 seconds before retry...
2025-10-27 19:01:42,438 - vessel_data_pipeline - INFO - Downloading Expected_arrivals.xml (attempt 2/3)
2025-10-27 19:01:42,448 - vessel_data_pipeline - ERROR - Unexpected error downloading Expected_arrivals.xml (attempt 2): maximum recursion depth exceeded
2025-10-27 19:01:42,448 - vessel_data_pipeline - INFO - Waiting 10 seconds before retry...
2025-10-27 19:01:52,450 - vessel_data_pipeline - INFO - Downloading Expected_arrivals.xml (attempt 3/3)
2025-10-27 19:01:52,472 - vessel_data_pipeline - ERROR - Unexpected error downloading Expected_arrivals.xml (attempt 3): maximum recursion depth exceeded
2025-10-27 19:01:52,472 - vessel_data_pipeline - ERROR - Failed to download Expected_arrivals.xml after 3 attempts
2025-10-27 19:01:54,474 - vessel_data_pipeline - INFO - Downloading Expected_departures.xml (attempt 1/3)
2025-10-27 19:01:54,495 - vessel_data_pipeline - ERROR - Unexpected error downloading Expected_departures.xml (attempt 1): maximum recursion depth exceeded
2025-10-27 19:01:54,496 - vessel_data_pipeline - INFO - Waiting 5 seconds before retry...
2025-10-27 19:01:59,497 - vessel_data_pipeline - INFO - Downloading Expected_departures.xml (attempt 2/3)
2025-10-27 19:01:59,515 - vessel_data_pipeline - ERROR - Unexpected error downloading Expected_departures.xml (attempt 2): maximum recursion depth exceeded
2025-10-27 19:01:59,516 - vessel_data_pipeline - INFO - Waiting 10 seconds before retry...
2025-10-27 19:02:09,521 - vessel_data_pipeline - INFO - Downloading Expected_departures.xml (attempt 3/3)
2025-10-27 19:02:09,533 - vessel_data_pipeline - ERROR - Unexpected error downloading Expected_departures.xml (attempt 3): maximum recursion depth exceeded
2025-10-27 19:02:09,534 - vessel_data_pipeline - ERROR - Failed to download Expected_departures.xml after 3 attempts
2025-10-27 19:02:11,539 - vessel_data_pipeline - INFO - Fetch operation completed. Results: {'Arrived_in_last_36_hours.xml': False, 'Departed_in_last_36_hours.xml': False, 'Expected_arrivals.xml': False, 'Expected_departures.xml': False}
2025-10-27 19:02:11,550 - vessel_data_pipeline - INFO - VesselDataFetcher initialized. Pipeline enabled: True
2025-10-27 19:02:11,551 - vessel_data_pipeline - INFO - Starting vessel data fetch operation
2025-10-27 19:02:11,551 - vessel_data_pipeline - INFO - Discovering XML files from Hong Kong Marine Department portal
2025-10-27 19:02:11,571 - vessel_data_pipeline - WARNING - Could not verify access to Arrived_in_last_36_hours.xml: maximum recursion depth exceeded
2025-10-27 19:02:11,588 - vessel_data_pipeline - WARNING - Could not verify access to Departed_in_last_36_hours.xml: maximum recursion depth exceeded
2025-10-27 19:02:11,601 - vessel_data_pipeline - WARNING - Could not verify access to Expected_arrivals.xml: maximum recursion depth exceeded
2025-10-27 19:02:11,613 - vessel_data_pipeline - WARNING - Could not verify access to Expected_departures.xml: maximum recursion depth exceeded
2025-10-27 19:02:11,613 - vessel_data_pipeline - INFO - Discovered 4 XML files for download
2025-10-27 19:02:11,613 - vessel_data_pipeline - INFO - Downloading Arrived_in_last_36_hours.xml (attempt 1/3)
2025-10-27 19:02:11,626 - vessel_data_pipeline - ERROR - Unexpected error downloading Arrived_in_last_36_hours.xml (attempt 1): maximum recursion depth exceeded
2025-10-27 19:02:11,626 - vessel_data_pipeline - INFO - Waiting 5 seconds before retry...
2025-10-27 19:02:16,632 - vessel_data_pipeline - INFO - Downloading Arrived_in_last_36_hours.xml (attempt 2/3)
2025-10-27 19:02:16,659 - vessel_data_pipeline - ERROR - Unexpected error downloading Arrived_in_last_36_hours.xml (attempt 2): maximum recursion depth exceeded
2025-10-27 19:02:16,660 - vessel_data_pipeline - INFO - Waiting 10 seconds before retry...
2025-10-27 19:02:26,665 - vessel_data_pipeline - INFO - Downloading Arrived_in_last_36_hours.xml (attempt 3/3)
2025-10-27 19:02:26,682 - vessel_data_pipeline - ERROR - Unexpected error downloading Arrived_in_last_36_hours.xml (attempt 3): maximum recursion depth exceeded
2025-10-27 19:02:26,683 - vessel_data_pipeline - ERROR - Failed to download Arrived_in_last_36_hours.xml after 3 attempts
2025-10-27 19:02:28,689 - vessel_data_pipeline - INFO - Downloading Departed_in_last_36_hours.xml (attempt 1/3)
2025-10-27 19:02:28,705 - vessel_data_pipeline - ERROR - Unexpected error downloading Departed_in_last_36_hours.xml (attempt 1): maximum recursion depth exceeded
2025-10-27 19:02:28,705 - vessel_data_pipeline - INFO - Waiting 5 seconds before retry...
2025-10-27 19:02:33,707 - vessel_data_pipeline - INFO - Downloading Departed_in_last_36_hours.xml (attempt 2/3)
2025-10-27 19:02:33,732 - vessel_data_pipeline - ERROR - Unexpected error downloading Departed_in_last_36_hours.xml (attempt 2): maximum recursion depth exceeded
2025-10-27 19:02:33,732 - vessel_data_pipeline - INFO - Waiting 10 seconds before retry...
2025-10-27 19:02:43,733 - vessel_data_pipeline - INFO - Downloading Departed_in_last_36_hours.xml (attempt 3/3)
2025-10-27 19:02:43,754 - vessel_data_pipeline - ERROR - Unexpected error downloading Departed_in_last_36_hours.xml (attempt 3): maximum recursion depth exceeded
2025-10-27 19:02:43,755 - vessel_data_pipeline - ERROR - Failed to download Departed_in_last_36_hours.xml after 3 attempts
2025-10-27 19:02:45,758 - vessel_data_pipeline - INFO - Downloading Expected_arrivals.xml (attempt 1/3)
2025-10-27 19:02:45,771 - vessel_data_pipeline - ERROR - Unexpected error downloading Expected_arrivals.xml (attempt 1): maximum recursion depth exceeded
2025-10-27 19:02:45,772 - vessel_data_pipeline - INFO - Waiting 5 seconds before retry...
2025-10-27 19:02:50,775 - vessel_data_pipeline - INFO - Downloading Expected_arrivals.xml (attempt 2/3)
2025-10-27 19:02:50,785 - vessel_data_pipeline - ERROR - Unexpected error downloading Expected_arrivals.xml (attempt 2): maximum recursion depth exceeded
2025-10-27 19:02:50,785 - vessel_data_pipeline - INFO - Waiting 10 seconds before retry...
2025-10-27 19:03:00,789 - vessel_data_pipeline - INFO - Downloading Expected_arrivals.xml (attempt 3/3)
2025-10-27 19:03:00,807 - vessel_data_pipeline - ERROR - Unexpected error downloading Expected_arrivals.xml (attempt 3): maximum recursion depth exceeded
2025-10-27 19:03:00,808 - vessel_data_pipeline - ERROR - Failed to download Expected_arrivals.xml after 3 attempts
2025-10-27 19:03:02,808 - vessel_data_pipeline - INFO - Downloading Expected_departures.xml (attempt 1/3)
2025-10-27 19:03:02,819 - vessel_data_pipeline - ERROR - Unexpected error downloading Expected_departures.xml (attempt 1): maximum recursion depth exceeded
2025-10-27 19:03:02,820 - vessel_data_pipeline - INFO - Waiting 5 seconds before retry...
2025-10-27 19:03:07,825 - vessel_data_pipeline - INFO - Downloading Expected_departures.xml (attempt 2/3)
2025-10-27 19:03:07,838 - vessel_data_pipeline - ERROR - Unexpected error downloading Expected_departures.xml (attempt 2): maximum recursion depth exceeded
2025-10-27 19:03:07,838 - vessel_data_pipeline - INFO - Waiting 10 seconds before retry...
2025-10-27 19:03:17,839 - vessel_data_pipeline - INFO - Downloading Expected_departures.xml (attempt 3/3)
2025-10-27 19:03:17,866 - vessel_data_pipeline - ERROR - Unexpected error downloading Expected_departures.xml (attempt 3): maximum recursion depth exceeded
2025-10-27 19:03:17,867 - vessel_data_pipeline - ERROR - Failed to download Expected_departures.xml after 3 attempts
2025-10-27 19:03:19,868 - vessel_data_pipeline - INFO - Fetch operation completed. Results: {'Arrived_in_last_36_hours.xml': False, 'Departed_in_last_36_hours.xml': False, 'Expected_arrivals.xml': False, 'Expected_departures.xml': False}
2025-10-27 19:03:19,878 - vessel_data_pipeline - INFO - VesselDataFetcher initialized. Pipeline enabled: True
2025-10-27 19:03:19,878 - vessel_data_pipeline - INFO - Starting vessel data fetch operation
2025-10-27 19:03:19,878 - vessel_data_pipeline - INFO - Discovering XML files from Hong Kong Marine Department portal
2025-10-27 19:03:19,898 - vessel_data_pipeline - WARNING - Could not verify access to Arrived_in_last_36_hours.xml: maximum recursion depth exceeded
2025-10-27 19:03:19,910 - vessel_data_pipeline - WARNING - Could not verify access to Departed_in_last_36_hours.xml: maximum recursion depth exceeded
2025-10-27 19:03:19,922 - vessel_data_pipeline - WARNING - Could not verify access to Expected_arrivals.xml: maximum recursion depth exceeded
2025-10-27 19:03:19,935 - vessel_data_pipeline - WARNING - Could not verify access to Expected_departures.xml: maximum recursion depth exceeded
2025-10-27 19:03:19,935 - vessel_data_pipeline - INFO - Discovered 4 XML files for download
2025-10-27 19:03:19,935 - vessel_data_pipeline - INFO - Downloading Arrived_in_last_36_hours.xml (attempt 1/3)
2025-10-27 19:03:19,947 - vessel_data_pipeline - ERROR - Unexpected error downloading Arrived_in_last_36_hours.xml (attempt 1): maximum recursion depth exceeded
2025-10-27 19:03:19,947 - vessel_data_pipeline - INFO - Waiting 5 seconds before retry...
2025-10-27 19:03:24,953 - vessel_data_pipeline - INFO - Downloading Arrived_in_last_36_hours.xml (attempt 2/3)
2025-10-27 19:03:24,967 - vessel_data_pipeline - ERROR - Unexpected error downloading Arrived_in_last_36_hours.xml (attempt 2): maximum recursion depth exceeded
2025-10-27 19:03:24,967 - vessel_data_pipeline - INFO - Waiting 10 seconds before retry...
2025-10-27 19:03:34,973 - vessel_data_pipeline - INFO - Downloading Arrived_in_last_36_hours.xml (attempt 3/3)
2025-10-27 19:03:34,990 - vessel_data_pipeline - ERROR - Unexpected error downloading Arrived_in_last_36_hours.xml (attempt 3): maximum recursion depth exceeded
2025-10-27 19:03:34,991 - vessel_data_pipeline - ERROR - Failed to download Arrived_in_last_36_hours.xml after 3 attempts
2025-10-27 19:03:36,995 - vessel_data_pipeline - INFO - Downloading Departed_in_last_36_hours.xml (attempt 1/3)
2025-10-27 19:03:37,017 - vessel_data_pipeline - ERROR - Unexpected error downloading Departed_in_last_36_hours.xml (attempt 1): maximum recursion depth exceeded
2025-10-27 19:03:37,018 - vessel_data_pipeline - INFO - Waiting 5 seconds before retry...
2025-10-27 19:03:42,022 - vessel_data_pipeline - INFO - Downloading Departed_in_last_36_hours.xml (attempt 2/3)
2025-10-27 19:03:42,042 - vessel_data_pipeline - ERROR - Unexpected error downloading Departed_in_last_36_hours.xml (attempt 2): maximum recursion depth exceeded
2025-10-27 19:03:42,042 - vessel_data_pipeline - INFO - Waiting 10 seconds before retry...
2025-10-27 19:03:52,044 - vessel_data_pipeline - INFO - Downloading Departed_in_last_36_hours.xml (attempt 3/3)
2025-10-27 19:03:52,060 - vessel_data_pipeline - ERROR - Unexpected error downloading Departed_in_last_36_hours.xml (attempt 3): maximum recursion depth exceeded
2025-10-27 19:03:52,060 - vessel_data_pipeline - ERROR - Failed to download Departed_in_last_36_hours.xml after 3 attempts
2025-10-27 19:03:54,065 - vessel_data_pipeline - INFO - Downloading Expected_arrivals.xml (attempt 1/3)
2025-10-27 19:03:54,082 - vessel_data_pipeline - ERROR - Unexpected error downloading Expected_arrivals.xml (attempt 1): maximum recursion depth exceeded
2025-10-27 19:03:54,083 - vessel_data_pipeline - INFO - Waiting 5 seconds before retry...
2025-10-27 19:03:59,087 - vessel_data_pipeline - INFO - Downloading Expected_arrivals.xml (attempt 2/3)
2025-10-27 19:03:59,102 - vessel_data_pipeline - ERROR - Unexpected error downloading Expected_arrivals.xml (attempt 2): maximum recursion depth exceeded
2025-10-27 19:03:59,102 - vessel_data_pipeline - INFO - Waiting 10 seconds before retry...
2025-10-27 19:04:09,104 - vessel_data_pipeline - INFO - Downloading Expected_arrivals.xml (attempt 3/3)
2025-10-27 19:04:09,118 - vessel_data_pipeline - ERROR - Unexpected error downloading Expected_arrivals.xml (attempt 3): maximum recursion depth exceeded
2025-10-27 19:04:09,118 - vessel_data_pipeline - ERROR - Failed to download Expected_arrivals.xml after 3 attempts
2025-10-27 19:04:11,122 - vessel_data_pipeline - INFO - Downloading Expected_departures.xml (attempt 1/3)
2025-10-27 19:04:11,144 - vessel_data_pipeline - ERROR - Unexpected error downloading Expected_departures.xml (attempt 1): maximum recursion depth exceeded
2025-10-27 19:04:11,145 - vessel_data_pipeline - INFO - Waiting 5 seconds before retry...
2025-10-27 19:04:16,150 - vessel_data_pipeline - INFO - Downloading Expected_departures.xml (attempt 2/3)
2025-10-27 19:04:16,173 - vessel_data_pipeline - ERROR - Unexpected error downloading Expected_departures.xml (attempt 2): maximum recursion depth exceeded
2025-10-27 19:04:16,173 - vessel_data_pipeline - INFO - Waiting 10 seconds before retry...
2025-10-27 19:04:26,176 - vessel_data_pipeline - INFO - Downloading Expected_departures.xml (attempt 3/3)
2025-10-27 19:04:26,194 - vessel_data_pipeline - ERROR - Unexpected error downloading Expected_departures.xml (attempt 3): maximum recursion depth exceeded
2025-10-27 19:04:26,194 - vessel_data_pipeline - ERROR - Failed to download Expected_departures.xml after 3 attempts
2025-10-27 19:04:28,198 - vessel_data_pipeline - INFO - Fetch operation completed. Results: {'Arrived_in_last_36_hours.xml': False, 'Departed_in_last_36_hours.xml': False, 'Expected_arrivals.xml': False, 'Expected_departures.xml': False}
2025-10-27 19:06:31,121 - vessel_data_pipeline - INFO - VesselDataFetcher initialized. Pipeline enabled: True
2025-10-27 19:06:31,122 - vessel_data_pipeline - INFO - Starting vessel data fetch operation
2025-10-27 19:06:31,122 - vessel_data_pipeline - INFO - Discovering XML files from Hong Kong Marine Department portal
2025-10-27 19:06:31,334 - vessel_data_pipeline - INFO - Verified access to Arrived_in_last_36_hours.xml
2025-10-27 19:06:31,541 - vessel_data_pipeline - INFO - Verified access to Departed_in_last_36_hours.xml
2025-10-27 19:06:31,729 - vessel_data_pipeline - INFO - Verified access to Expected_arrivals.xml
2025-10-27 19:06:31,925 - vessel_data_pipeline - INFO - Verified access to Expected_departures.xml
2025-10-27 19:06:31,925 - vessel_data_pipeline - INFO - Discovered 4 XML files for download
2025-10-27 19:06:31,926 - vessel_data_pipeline - INFO - Downloading Arrived_in_last_36_hours.xml (attempt 1/3)
2025-10-27 19:06:32,019 - vessel_data_pipeline - INFO - File temp_Arrived_in_last_36_hours.xml passed validation checks
2025-10-27 19:06:32,021 - vessel_data_pipeline - INFO - Created backup: Arrived_in_last_36_hours_20251027_190632.xml
2025-10-27 19:06:32,022 - vessel_data_pipeline - INFO - Updated metadata for Arrived_in_last_36_hours.xml
2025-10-27 19:06:32,022 - vessel_data_pipeline - INFO - Successfully downloaded and validated Arrived_in_last_36_hours.xml
2025-10-27 19:06:34,023 - vessel_data_pipeline - INFO - Downloading Departed_in_last_36_hours.xml (attempt 1/3)
2025-10-27 19:06:34,090 - vessel_data_pipeline - INFO - File temp_Departed_in_last_36_hours.xml passed validation checks
2025-10-27 19:06:34,091 - vessel_data_pipeline - INFO - Created backup: Departed_in_last_36_hours_20251027_190634.xml
2025-10-27 19:06:34,091 - vessel_data_pipeline - INFO - Updated metadata for Departed_in_last_36_hours.xml
2025-10-27 19:06:34,091 - vessel_data_pipeline - INFO - Successfully downloaded and validated Departed_in_last_36_hours.xml
2025-10-27 19:06:36,091 - vessel_data_pipeline - INFO - Downloading Expected_arrivals.xml (attempt 1/3)
2025-10-27 19:06:36,149 - vessel_data_pipeline - INFO - File temp_Expected_arrivals.xml passed validation checks
2025-10-27 19:06:36,149 - vessel_data_pipeline - INFO - Created backup: Expected_arrivals_20251027_190636.xml
2025-10-27 19:06:36,149 - vessel_data_pipeline - INFO - Updated metadata for Expected_arrivals.xml
2025-10-27 19:06:36,149 - vessel_data_pipeline - INFO - Successfully downloaded and validated Expected_arrivals.xml
2025-10-27 19:06:38,150 - vessel_data_pipeline - INFO - Downloading Expected_departures.xml (attempt 1/3)
2025-10-27 19:06:38,198 - vessel_data_pipeline - INFO - File temp_Expected_departures.xml passed validation checks
2025-10-27 19:06:38,199 - vessel_data_pipeline - INFO - Created backup: Expected_departures_20251027_190638.xml
2025-10-27 19:06:38,199 - vessel_data_pipeline - INFO - Updated metadata for Expected_departures.xml
2025-10-27 19:06:38,199 - vessel_data_pipeline - INFO - Successfully downloaded and validated Expected_departures.xml
2025-10-27 19:06:40,204 - vessel_data_pipeline - INFO - Fetch operation completed. Results: {'Arrived_in_last_36_hours.xml': True, 'Departed_in_last_36_hours.xml': True, 'Expected_arrivals.xml': True, 'Expected_departures.xml': True}
2025-10-27 19:06:40,209 - vessel_data_pipeline - INFO - VesselDataFetcher initialized. Pipeline enabled: True
2025-10-27 19:06:40,210 - vessel_data_pipeline - INFO - Starting vessel data fetch operation
2025-10-27 19:06:40,210 - vessel_data_pipeline - INFO - Discovering XML files from Hong Kong Marine Department portal
2025-10-27 19:06:40,287 - vessel_data_pipeline - INFO - Verified access to Arrived_in_last_36_hours.xml
2025-10-27 19:06:40,341 - vessel_data_pipeline - INFO - Verified access to Departed_in_last_36_hours.xml
2025-10-27 19:06:40,384 - vessel_data_pipeline - INFO - Verified access to Expected_arrivals.xml
2025-10-27 19:06:40,452 - vessel_data_pipeline - INFO - Verified access to Expected_departures.xml
2025-10-27 19:06:40,452 - vessel_data_pipeline - INFO - Discovered 4 XML files for download
2025-10-27 19:06:40,452 - vessel_data_pipeline - INFO - Downloading Arrived_in_last_36_hours.xml (attempt 1/3)
2025-10-27 19:06:40,643 - vessel_data_pipeline - INFO - File temp_Arrived_in_last_36_hours.xml passed validation checks
2025-10-27 19:06:40,644 - vessel_data_pipeline - INFO - Created backup: Arrived_in_last_36_hours_20251027_190640.xml
2025-10-27 19:06:40,644 - vessel_data_pipeline - INFO - Updated metadata for Arrived_in_last_36_hours.xml
2025-10-27 19:06:40,644 - vessel_data_pipeline - INFO - Successfully downloaded and validated Arrived_in_last_36_hours.xml
2025-10-27 19:06:42,649 - vessel_data_pipeline - INFO - Downloading Departed_in_last_36_hours.xml (attempt 1/3)
2025-10-27 19:06:42,723 - vessel_data_pipeline - INFO - File temp_Departed_in_last_36_hours.xml passed validation checks
2025-10-27 19:06:42,724 - vessel_data_pipeline - INFO - Created backup: Departed_in_last_36_hours_20251027_190642.xml
2025-10-27 19:06:42,724 - vessel_data_pipeline - INFO - Updated metadata for Departed_in_last_36_hours.xml
2025-10-27 19:06:42,724 - vessel_data_pipeline - INFO - Successfully downloaded and validated Departed_in_last_36_hours.xml
2025-10-27 19:06:44,727 - vessel_data_pipeline - INFO - Downloading Expected_arrivals.xml (attempt 1/3)
2025-10-27 19:06:44,784 - vessel_data_pipeline - INFO - File temp_Expected_arrivals.xml passed validation checks
2025-10-27 19:06:44,784 - vessel_data_pipeline - INFO - Created backup: Expected_arrivals_20251027_190644.xml
2025-10-27 19:06:44,784 - vessel_data_pipeline - INFO - Updated metadata for Expected_arrivals.xml
2025-10-27 19:06:44,784 - vessel_data_pipeline - INFO - Successfully downloaded and validated Expected_arrivals.xml
2025-10-27 19:06:46,788 - vessel_data_pipeline - INFO - Downloading Expected_departures.xml (attempt 1/3)
2025-10-27 19:06:46,847 - vessel_data_pipeline - INFO - File temp_Expected_departures.xml passed validation checks
2025-10-27 19:06:46,847 - vessel_data_pipeline - INFO - Created backup: Expected_departures_20251027_190646.xml
2025-10-27 19:06:46,848 - vessel_data_pipeline - INFO - Updated metadata for Expected_departures.xml
2025-10-27 19:06:46,848 - vessel_data_pipeline - INFO - Successfully downloaded and validated Expected_departures.xml
2025-10-27 19:06:48,849 - vessel_data_pipeline - INFO - Fetch operation completed. Results: {'Arrived_in_last_36_hours.xml': True, 'Departed_in_last_36_hours.xml': True, 'Expected_arrivals.xml': True, 'Expected_departures.xml': True}
2025-10-27 19:06:48,856 - vessel_data_pipeline - INFO - VesselDataFetcher initialized. Pipeline enabled: True
2025-10-27 19:06:48,857 - vessel_data_pipeline - INFO - Starting vessel data fetch operation
2025-10-27 19:06:48,857 - vessel_data_pipeline - INFO - Discovering XML files from Hong Kong Marine Department portal
2025-10-27 19:06:48,911 - vessel_data_pipeline - INFO - Verified access to Arrived_in_last_36_hours.xml
2025-10-27 19:06:48,967 - vessel_data_pipeline - INFO - Verified access to Departed_in_last_36_hours.xml
2025-10-27 19:06:49,000 - vessel_data_pipeline - INFO - Verified access to Expected_arrivals.xml
2025-10-27 19:06:49,043 - vessel_data_pipeline - INFO - Verified access to Expected_departures.xml
2025-10-27 19:06:49,043 - vessel_data_pipeline - INFO - Discovered 4 XML files for download
2025-10-27 19:06:49,043 - vessel_data_pipeline - INFO - Downloading Arrived_in_last_36_hours.xml (attempt 1/3)
2025-10-27 19:06:49,138 - vessel_data_pipeline - INFO - File temp_Arrived_in_last_36_hours.xml passed validation checks
2025-10-27 19:06:49,139 - vessel_data_pipeline - INFO - Created backup: Arrived_in_last_36_hours_20251027_190649.xml
2025-10-27 19:06:49,139 - vessel_data_pipeline - INFO - Updated metadata for Arrived_in_last_36_hours.xml
2025-10-27 19:06:49,139 - vessel_data_pipeline - INFO - Successfully downloaded and validated Arrived_in_last_36_hours.xml
2025-10-27 19:06:51,144 - vessel_data_pipeline - INFO - Downloading Departed_in_last_36_hours.xml (attempt 1/3)
2025-10-27 19:06:51,205 - vessel_data_pipeline - INFO - File temp_Departed_in_last_36_hours.xml passed validation checks
2025-10-27 19:06:51,205 - vessel_data_pipeline - INFO - Created backup: Departed_in_last_36_hours_20251027_190651.xml
2025-10-27 19:06:51,205 - vessel_data_pipeline - INFO - Updated metadata for Departed_in_last_36_hours.xml
2025-10-27 19:06:51,205 - vessel_data_pipeline - INFO - Successfully downloaded and validated Departed_in_last_36_hours.xml
2025-10-27 19:06:53,207 - vessel_data_pipeline - INFO - Downloading Expected_arrivals.xml (attempt 1/3)
2025-10-27 19:06:53,263 - vessel_data_pipeline - INFO - File temp_Expected_arrivals.xml passed validation checks
2025-10-27 19:06:53,263 - vessel_data_pipeline - INFO - Created backup: Expected_arrivals_20251027_190653.xml
2025-10-27 19:06:53,264 - vessel_data_pipeline - INFO - Updated metadata for Expected_arrivals.xml
2025-10-27 19:06:53,264 - vessel_data_pipeline - INFO - Successfully downloaded and validated Expected_arrivals.xml
2025-10-27 19:06:55,269 - vessel_data_pipeline - INFO - Downloading Expected_departures.xml (attempt 1/3)
2025-10-27 19:06:55,314 - vessel_data_pipeline - INFO - File temp_Expected_departures.xml passed validation checks
2025-10-27 19:06:55,315 - vessel_data_pipeline - INFO - Created backup: Expected_departures_20251027_190655.xml
2025-10-27 19:06:55,315 - vessel_data_pipeline - INFO - Updated metadata for Expected_departures.xml
2025-10-27 19:06:55,315 - vessel_data_pipeline - INFO - Successfully downloaded and validated Expected_departures.xml
2025-10-27 19:06:57,318 - vessel_data_pipeline - INFO - Fetch operation completed. Results: {'Arrived_in_last_36_hours.xml': True, 'Departed_in_last_36_hours.xml': True, 'Expected_arrivals.xml': True, 'Expected_departures.xml': True}
2025-10-27 19:06:57,322 - vessel_data_pipeline - INFO - VesselDataFetcher initialized. Pipeline enabled: True
2025-10-27 19:06:57,322 - vessel_data_pipeline - INFO - Starting vessel data fetch operation
2025-10-27 19:06:57,322 - vessel_data_pipeline - INFO - Discovering XML files from Hong Kong Marine Department portal
2025-10-27 19:06:57,415 - vessel_data_pipeline - INFO - Verified access to Arrived_in_last_36_hours.xml
2025-10-27 19:06:57,452 - vessel_data_pipeline - INFO - Verified access to Departed_in_last_36_hours.xml
2025-10-27 19:06:57,488 - vessel_data_pipeline - INFO - Verified access to Expected_arrivals.xml
2025-10-27 19:06:57,542 - vessel_data_pipeline - INFO - Verified access to Expected_departures.xml
2025-10-27 19:06:57,542 - vessel_data_pipeline - INFO - Discovered 4 XML files for download
2025-10-27 19:06:57,542 - vessel_data_pipeline - INFO - Downloading Arrived_in_last_36_hours.xml (attempt 1/3)
2025-10-27 19:06:57,609 - vessel_data_pipeline - INFO - File temp_Arrived_in_last_36_hours.xml passed validation checks
2025-10-27 19:06:57,609 - vessel_data_pipeline - INFO - Created backup: Arrived_in_last_36_hours_20251027_190657.xml
2025-10-27 19:06:57,609 - vessel_data_pipeline - INFO - Updated metadata for Arrived_in_last_36_hours.xml
2025-10-27 19:06:57,609 - vessel_data_pipeline - INFO - Successfully downloaded and validated Arrived_in_last_36_hours.xml
2025-10-27 19:06:59,611 - vessel_data_pipeline - INFO - Downloading Departed_in_last_36_hours.xml (attempt 1/3)
2025-10-27 19:06:59,686 - vessel_data_pipeline - INFO - File temp_Departed_in_last_36_hours.xml passed validation checks
2025-10-27 19:06:59,686 - vessel_data_pipeline - INFO - Created backup: Departed_in_last_36_hours_20251027_190659.xml
2025-10-27 19:06:59,687 - vessel_data_pipeline - INFO - Updated metadata for Departed_in_last_36_hours.xml
2025-10-27 19:06:59,687 - vessel_data_pipeline - INFO - Successfully downloaded and validated Departed_in_last_36_hours.xml
2025-10-27 19:07:01,691 - vessel_data_pipeline - INFO - Downloading Expected_arrivals.xml (attempt 1/3)
2025-10-27 19:07:01,751 - vessel_data_pipeline - INFO - File temp_Expected_arrivals.xml passed validation checks
2025-10-27 19:07:01,752 - vessel_data_pipeline - INFO - Created backup: Expected_arrivals_20251027_190701.xml
2025-10-27 19:07:01,752 - vessel_data_pipeline - INFO - Updated metadata for Expected_arrivals.xml
2025-10-27 19:07:01,752 - vessel_data_pipeline - INFO - Successfully downloaded and validated Expected_arrivals.xml
2025-10-27 19:07:03,752 - vessel_data_pipeline - INFO - Downloading Expected_departures.xml (attempt 1/3)
2025-10-27 19:07:03,830 - vessel_data_pipeline - INFO - File temp_Expected_departures.xml passed validation checks
2025-10-27 19:07:03,831 - vessel_data_pipeline - INFO - Created backup: Expected_departures_20251027_190703.xml
2025-10-27 19:07:03,831 - vessel_data_pipeline - INFO - Updated metadata for Expected_departures.xml
2025-10-27 19:07:03,831 - vessel_data_pipeline - INFO - Successfully downloaded and validated Expected_departures.xml
2025-10-27 19:07:05,835 - vessel_data_pipeline - INFO - Fetch operation completed. Results: {'Arrived_in_last_36_hours.xml': True, 'Departed_in_last_36_hours.xml': True, 'Expected_arrivals.xml': True, 'Expected_departures.xml': True}
2025-10-27 19:07:27,595 - vessel_data_pipeline - INFO - VesselDataFetcher initialized. Pipeline enabled: True
2025-10-27 19:07:27,597 - vessel_data_pipeline - INFO - Starting vessel data fetch operation
2025-10-27 19:07:27,597 - vessel_data_pipeline - INFO - Discovering XML files from Hong Kong Marine Department portal
2025-10-27 19:07:27,675 - vessel_data_pipeline - INFO - Verified access to Arrived_in_last_36_hours.xml
2025-10-27 19:07:27,725 - vessel_data_pipeline - INFO - Verified access to Departed_in_last_36_hours.xml
2025-10-27 19:07:27,825 - vessel_data_pipeline - INFO - Verified access to Expected_arrivals.xml
2025-10-27 19:07:27,861 - vessel_data_pipeline - INFO - Verified access to Expected_departures.xml
2025-10-27 19:07:27,861 - vessel_data_pipeline - INFO - Discovered 4 XML files for download
2025-10-27 19:07:27,862 - vessel_data_pipeline - INFO - Downloading Arrived_in_last_36_hours.xml (attempt 1/3)
2025-10-27 19:07:27,939 - vessel_data_pipeline - INFO - File temp_Arrived_in_last_36_hours.xml passed validation checks
2025-10-27 19:07:27,939 - vessel_data_pipeline - INFO - Created backup: Arrived_in_last_36_hours_20251027_190727.xml
2025-10-27 19:07:27,940 - vessel_data_pipeline - INFO - Updated metadata for Arrived_in_last_36_hours.xml
2025-10-27 19:07:27,940 - vessel_data_pipeline - INFO - Successfully downloaded and validated Arrived_in_last_36_hours.xml
2025-10-27 19:07:29,945 - vessel_data_pipeline - INFO - Downloading Departed_in_last_36_hours.xml (attempt 1/3)
2025-10-27 19:07:30,123 - vessel_data_pipeline - INFO - File temp_Departed_in_last_36_hours.xml passed validation checks
2025-10-27 19:07:30,124 - vessel_data_pipeline - INFO - Created backup: Departed_in_last_36_hours_20251027_190730.xml
2025-10-27 19:07:30,124 - vessel_data_pipeline - INFO - Updated metadata for Departed_in_last_36_hours.xml
2025-10-27 19:07:30,124 - vessel_data_pipeline - INFO - Successfully downloaded and validated Departed_in_last_36_hours.xml
2025-10-27 19:07:32,129 - vessel_data_pipeline - INFO - Downloading Expected_arrivals.xml (attempt 1/3)
2025-10-27 19:07:32,191 - vessel_data_pipeline - INFO - File temp_Expected_arrivals.xml passed validation checks
2025-10-27 19:07:32,191 - vessel_data_pipeline - INFO - Created backup: Expected_arrivals_20251027_190732.xml
2025-10-27 19:07:32,191 - vessel_data_pipeline - INFO - Updated metadata for Expected_arrivals.xml
2025-10-27 19:07:32,191 - vessel_data_pipeline - INFO - Successfully downloaded and validated Expected_arrivals.xml
2025-10-27 19:07:34,197 - vessel_data_pipeline - INFO - Downloading Expected_departures.xml (attempt 1/3)
2025-10-27 19:07:34,339 - vessel_data_pipeline - INFO - File temp_Expected_departures.xml passed validation checks
2025-10-27 19:07:34,339 - vessel_data_pipeline - INFO - Created backup: Expected_departures_20251027_190734.xml
2025-10-27 19:07:34,340 - vessel_data_pipeline - INFO - Updated metadata for Expected_departures.xml
2025-10-27 19:07:34,340 - vessel_data_pipeline - INFO - Successfully downloaded and validated Expected_departures.xml
2025-10-27 19:07:36,340 - vessel_data_pipeline - INFO - Fetch operation completed. Results: {'Arrived_in_last_36_hours.xml': True, 'Departed_in_last_36_hours.xml': True, 'Expected_arrivals.xml': True, 'Expected_departures.xml': True}
2025-10-27 19:07:36,346 - vessel_data_pipeline - INFO - VesselDataFetcher initialized. Pipeline enabled: True
2025-10-27 19:07:36,347 - vessel_data_pipeline - INFO - Starting vessel data fetch operation
2025-10-27 19:07:36,347 - vessel_data_pipeline - INFO - Discovering XML files from Hong Kong Marine Department portal
2025-10-27 19:07:36,405 - vessel_data_pipeline - INFO - Verified access to Arrived_in_last_36_hours.xml
2025-10-27 19:07:36,457 - vessel_data_pipeline - INFO - Verified access to Departed_in_last_36_hours.xml
2025-10-27 19:07:36,490 - vessel_data_pipeline - INFO - Verified access to Expected_arrivals.xml
2025-10-27 19:07:36,538 - vessel_data_pipeline - INFO - Verified access to Expected_departures.xml
2025-10-27 19:07:36,538 - vessel_data_pipeline - INFO - Discovered 4 XML files for download
2025-10-27 19:07:36,538 - vessel_data_pipeline - INFO - Downloading Arrived_in_last_36_hours.xml (attempt 1/3)
2025-10-27 19:07:36,606 - vessel_data_pipeline - INFO - File temp_Arrived_in_last_36_hours.xml passed validation checks
2025-10-27 19:07:36,606 - vessel_data_pipeline - INFO - Created backup: Arrived_in_last_36_hours_20251027_190736.xml
2025-10-27 19:07:36,607 - vessel_data_pipeline - INFO - Updated metadata for Arrived_in_last_36_hours.xml
2025-10-27 19:07:36,607 - vessel_data_pipeline - INFO - Successfully downloaded and validated Arrived_in_last_36_hours.xml
2025-10-27 19:07:38,609 - vessel_data_pipeline - INFO - Downloading Departed_in_last_36_hours.xml (attempt 1/3)
2025-10-27 19:07:38,668 - vessel_data_pipeline - INFO - File temp_Departed_in_last_36_hours.xml passed validation checks
2025-10-27 19:07:38,669 - vessel_data_pipeline - INFO - Created backup: Departed_in_last_36_hours_20251027_190738.xml
2025-10-27 19:07:38,669 - vessel_data_pipeline - INFO - Updated metadata for Departed_in_last_36_hours.xml
2025-10-27 19:07:38,669 - vessel_data_pipeline - INFO - Successfully downloaded and validated Departed_in_last_36_hours.xml
2025-10-27 19:07:40,674 - vessel_data_pipeline - INFO - Downloading Expected_arrivals.xml (attempt 1/3)
2025-10-27 19:07:40,731 - vessel_data_pipeline - INFO - File temp_Expected_arrivals.xml passed validation checks
2025-10-27 19:07:40,732 - vessel_data_pipeline - INFO - Created backup: Expected_arrivals_20251027_190740.xml
2025-10-27 19:07:40,732 - vessel_data_pipeline - INFO - Updated metadata for Expected_arrivals.xml
2025-10-27 19:07:40,732 - vessel_data_pipeline - INFO - Successfully downloaded and validated Expected_arrivals.xml
2025-10-27 19:07:42,735 - vessel_data_pipeline - INFO - Downloading Expected_departures.xml (attempt 1/3)
2025-10-27 19:07:42,830 - vessel_data_pipeline - INFO - File temp_Expected_departures.xml passed validation checks
2025-10-27 19:07:42,830 - vessel_data_pipeline - INFO - Created backup: Expected_departures_20251027_190742.xml
2025-10-27 19:07:42,831 - vessel_data_pipeline - INFO - Updated metadata for Expected_departures.xml
2025-10-27 19:07:42,831 - vessel_data_pipeline - INFO - Successfully downloaded and validated Expected_departures.xml
2025-10-27 19:07:44,836 - vessel_data_pipeline - INFO - Fetch operation completed. Results: {'Arrived_in_last_36_hours.xml': True, 'Departed_in_last_36_hours.xml': True, 'Expected_arrivals.xml': True, 'Expected_departures.xml': True}
2025-10-27 19:07:44,841 - vessel_data_pipeline - INFO - VesselDataFetcher initialized. Pipeline enabled: True
2025-10-27 19:07:44,841 - vessel_data_pipeline - INFO - Starting vessel data fetch operation
2025-10-27 19:07:44,841 - vessel_data_pipeline - INFO - Discovering XML files from Hong Kong Marine Department portal
2025-10-27 19:07:44,895 - vessel_data_pipeline - INFO - Verified access to Arrived_in_last_36_hours.xml
2025-10-27 19:07:44,929 - vessel_data_pipeline - INFO - Verified access to Departed_in_last_36_hours.xml
2025-10-27 19:07:44,979 - vessel_data_pipeline - INFO - Verified access to Expected_arrivals.xml
2025-10-27 19:07:45,291 - vessel_data_pipeline - INFO - Verified access to Expected_departures.xml
2025-10-27 19:07:45,291 - vessel_data_pipeline - INFO - Discovered 4 XML files for download
2025-10-27 19:07:45,291 - vessel_data_pipeline - INFO - Downloading Arrived_in_last_36_hours.xml (attempt 1/3)
2025-10-27 19:07:45,350 - vessel_data_pipeline - INFO - File temp_Arrived_in_last_36_hours.xml passed validation checks
2025-10-27 19:07:45,350 - vessel_data_pipeline - INFO - Created backup: Arrived_in_last_36_hours_20251027_190745.xml
2025-10-27 19:07:45,350 - vessel_data_pipeline - INFO - Updated metadata for Arrived_in_last_36_hours.xml
2025-10-27 19:07:45,350 - vessel_data_pipeline - INFO - Successfully downloaded and validated Arrived_in_last_36_hours.xml
2025-10-27 19:07:47,352 - vessel_data_pipeline - INFO - Downloading Departed_in_last_36_hours.xml (attempt 1/3)
2025-10-27 19:07:47,457 - vessel_data_pipeline - INFO - File temp_Departed_in_last_36_hours.xml passed validation checks
2025-10-27 19:07:47,458 - vessel_data_pipeline - INFO - Created backup: Departed_in_last_36_hours_20251027_190747.xml
2025-10-27 19:07:47,458 - vessel_data_pipeline - INFO - Updated metadata for Departed_in_last_36_hours.xml
2025-10-27 19:07:47,459 - vessel_data_pipeline - INFO - Successfully downloaded and validated Departed_in_last_36_hours.xml
2025-10-27 19:07:49,464 - vessel_data_pipeline - INFO - Downloading Expected_arrivals.xml (attempt 1/3)
2025-10-27 19:07:49,522 - vessel_data_pipeline - INFO - File temp_Expected_arrivals.xml passed validation checks
2025-10-27 19:07:49,522 - vessel_data_pipeline - INFO - Created backup: Expected_arrivals_20251027_190749.xml
2025-10-27 19:07:49,522 - vessel_data_pipeline - INFO - Updated metadata for Expected_arrivals.xml
2025-10-27 19:07:49,522 - vessel_data_pipeline - INFO - Successfully downloaded and validated Expected_arrivals.xml
2025-10-27 19:07:51,527 - vessel_data_pipeline - INFO - Downloading Expected_departures.xml (attempt 1/3)
2025-10-27 19:07:51,586 - vessel_data_pipeline - INFO - File temp_Expected_departures.xml passed validation checks
2025-10-27 19:07:51,586 - vessel_data_pipeline - INFO - Created backup: Expected_departures_20251027_190751.xml
2025-10-27 19:07:51,586 - vessel_data_pipeline - INFO - Updated metadata for Expected_departures.xml
2025-10-27 19:07:51,587 - vessel_data_pipeline - INFO - Successfully downloaded and validated Expected_departures.xml
2025-10-27 19:07:53,591 - vessel_data_pipeline - INFO - Fetch operation completed. Results: {'Arrived_in_last_36_hours.xml': True, 'Departed_in_last_36_hours.xml': True, 'Expected_arrivals.xml': True, 'Expected_departures.xml': True}
2025-10-27 19:07:53,596 - vessel_data_pipeline - INFO - VesselDataFetcher initialized. Pipeline enabled: True
2025-10-27 19:07:53,596 - vessel_data_pipeline - INFO - Starting vessel data fetch operation
2025-10-27 19:07:53,596 - vessel_data_pipeline - INFO - Discovering XML files from Hong Kong Marine Department portal
2025-10-27 19:07:53,653 - vessel_data_pipeline - INFO - Verified access to Arrived_in_last_36_hours.xml
2025-10-27 19:07:53,808 - vessel_data_pipeline - INFO - Verified access to Departed_in_last_36_hours.xml
2025-10-27 19:07:53,846 - vessel_data_pipeline - INFO - Verified access to Expected_arrivals.xml
2025-10-27 19:07:54,115 - vessel_data_pipeline - INFO - Verified access to Expected_departures.xml
2025-10-27 19:07:54,115 - vessel_data_pipeline - INFO - Discovered 4 XML files for download
2025-10-27 19:07:54,115 - vessel_data_pipeline - INFO - Downloading Arrived_in_last_36_hours.xml (attempt 1/3)
2025-10-27 19:07:54,244 - vessel_data_pipeline - INFO - File temp_Arrived_in_last_36_hours.xml passed validation checks
2025-10-27 19:07:54,245 - vessel_data_pipeline - INFO - Created backup: Arrived_in_last_36_hours_20251027_190754.xml
2025-10-27 19:07:54,245 - vessel_data_pipeline - INFO - Updated metadata for Arrived_in_last_36_hours.xml
2025-10-27 19:07:54,245 - vessel_data_pipeline - INFO - Successfully downloaded and validated Arrived_in_last_36_hours.xml
2025-10-27 19:07:56,247 - vessel_data_pipeline - INFO - Downloading Departed_in_last_36_hours.xml (attempt 1/3)
2025-10-27 19:07:56,337 - vessel_data_pipeline - INFO - File temp_Departed_in_last_36_hours.xml passed validation checks
2025-10-27 19:07:56,337 - vessel_data_pipeline - INFO - Created backup: Departed_in_last_36_hours_20251027_190756.xml
2025-10-27 19:07:56,337 - vessel_data_pipeline - INFO - Updated metadata for Departed_in_last_36_hours.xml
2025-10-27 19:07:56,338 - vessel_data_pipeline - INFO - Successfully downloaded and validated Departed_in_last_36_hours.xml
2025-10-27 19:07:58,340 - vessel_data_pipeline - INFO - Downloading Expected_arrivals.xml (attempt 1/3)
2025-10-27 19:07:58,463 - vessel_data_pipeline - INFO - File temp_Expected_arrivals.xml passed validation checks
2025-10-27 19:07:58,464 - vessel_data_pipeline - INFO - Created backup: Expected_arrivals_20251027_190758.xml
2025-10-27 19:07:58,464 - vessel_data_pipeline - INFO - Updated metadata for Expected_arrivals.xml
2025-10-27 19:07:58,464 - vessel_data_pipeline - INFO - Successfully downloaded and validated Expected_arrivals.xml
2025-10-27 19:08:00,464 - vessel_data_pipeline - INFO - Downloading Expected_departures.xml (attempt 1/3)
2025-10-27 19:08:00,512 - vessel_data_pipeline - INFO - File temp_Expected_departures.xml passed validation checks
2025-10-27 19:08:00,512 - vessel_data_pipeline - INFO - Created backup: Expected_departures_20251027_190800.xml
2025-10-27 19:08:00,512 - vessel_data_pipeline - INFO - Updated metadata for Expected_departures.xml
2025-10-27 19:08:00,512 - vessel_data_pipeline - INFO - Successfully downloaded and validated Expected_departures.xml
2025-10-27 19:08:02,518 - vessel_data_pipeline - INFO - Fetch operation completed. Results: {'Arrived_in_last_36_hours.xml': True, 'Departed_in_last_36_hours.xml': True, 'Expected_arrivals.xml': True, 'Expected_departures.xml': True}
2025-10-27 19:08:24,600 - vessel_data_pipeline - INFO - VesselDataFetcher initialized. Pipeline enabled: True
2025-10-27 19:08:24,601 - vessel_data_pipeline - INFO - Starting vessel data fetch operation
2025-10-27 19:08:24,601 - vessel_data_pipeline - INFO - Discovering XML files from Hong Kong Marine Department portal
2025-10-27 19:08:24,674 - vessel_data_pipeline - INFO - Verified access to Arrived_in_last_36_hours.xml
2025-10-27 19:08:24,714 - vessel_data_pipeline - INFO - Verified access to Departed_in_last_36_hours.xml
2025-10-27 19:08:24,771 - vessel_data_pipeline - INFO - Verified access to Expected_arrivals.xml
2025-10-27 19:08:24,807 - vessel_data_pipeline - INFO - Verified access to Expected_departures.xml
2025-10-27 19:08:24,807 - vessel_data_pipeline - INFO - Discovered 4 XML files for download
2025-10-27 19:08:24,807 - vessel_data_pipeline - INFO - Downloading Arrived_in_last_36_hours.xml (attempt 1/3)
2025-10-27 19:08:24,865 - vessel_data_pipeline - INFO - File temp_Arrived_in_last_36_hours.xml passed validation checks
2025-10-27 19:08:24,867 - vessel_data_pipeline - INFO - Created backup: Arrived_in_last_36_hours_20251027_190824.xml
2025-10-27 19:08:24,868 - vessel_data_pipeline - INFO - Updated metadata for Arrived_in_last_36_hours.xml
2025-10-27 19:08:24,868 - vessel_data_pipeline - INFO - Successfully downloaded and validated Arrived_in_last_36_hours.xml
2025-10-27 19:08:26,872 - vessel_data_pipeline - INFO - Downloading Departed_in_last_36_hours.xml (attempt 1/3)
2025-10-27 19:08:27,039 - vessel_data_pipeline - INFO - File temp_Departed_in_last_36_hours.xml passed validation checks
2025-10-27 19:08:27,040 - vessel_data_pipeline - INFO - Created backup: Departed_in_last_36_hours_20251027_190827.xml
2025-10-27 19:08:27,040 - vessel_data_pipeline - INFO - Updated metadata for Departed_in_last_36_hours.xml
2025-10-27 19:08:27,040 - vessel_data_pipeline - INFO - Successfully downloaded and validated Departed_in_last_36_hours.xml
2025-10-27 19:08:29,042 - vessel_data_pipeline - INFO - Downloading Expected_arrivals.xml (attempt 1/3)
2025-10-27 19:08:29,099 - vessel_data_pipeline - INFO - File temp_Expected_arrivals.xml passed validation checks
2025-10-27 19:08:29,100 - vessel_data_pipeline - INFO - Created backup: Expected_arrivals_20251027_190829.xml
2025-10-27 19:08:29,100 - vessel_data_pipeline - INFO - Updated metadata for Expected_arrivals.xml
2025-10-27 19:08:29,100 - vessel_data_pipeline - INFO - Successfully downloaded and validated Expected_arrivals.xml
2025-10-27 19:08:31,105 - vessel_data_pipeline - INFO - Downloading Expected_departures.xml (attempt 1/3)
2025-10-27 19:08:31,166 - vessel_data_pipeline - INFO - File temp_Expected_departures.xml passed validation checks
2025-10-27 19:08:31,167 - vessel_data_pipeline - INFO - Created backup: Expected_departures_20251027_190831.xml
2025-10-27 19:08:31,167 - vessel_data_pipeline - INFO - Updated metadata for Expected_departures.xml
2025-10-27 19:08:31,167 - vessel_data_pipeline - INFO - Successfully downloaded and validated Expected_departures.xml
2025-10-27 19:08:33,168 - vessel_data_pipeline - INFO - Fetch operation completed. Results: {'Arrived_in_last_36_hours.xml': True, 'Departed_in_last_36_hours.xml': True, 'Expected_arrivals.xml': True, 'Expected_departures.xml': True}
2025-10-27 19:08:33,173 - vessel_data_pipeline - INFO - VesselDataFetcher initialized. Pipeline enabled: True
2025-10-27 19:08:33,174 - vessel_data_pipeline - INFO - Starting vessel data fetch operation
2025-10-27 19:08:33,174 - vessel_data_pipeline - INFO - Discovering XML files from Hong Kong Marine Department portal
2025-10-27 19:08:33,287 - vessel_data_pipeline - INFO - Verified access to Arrived_in_last_36_hours.xml
2025-10-27 19:08:33,346 - vessel_data_pipeline - INFO - Verified access to Departed_in_last_36_hours.xml
2025-10-27 19:08:33,381 - vessel_data_pipeline - INFO - Verified access to Expected_arrivals.xml
2025-10-27 19:08:33,413 - vessel_data_pipeline - INFO - Verified access to Expected_departures.xml
2025-10-27 19:08:33,413 - vessel_data_pipeline - INFO - Discovered 4 XML files for download
2025-10-27 19:08:33,414 - vessel_data_pipeline - INFO - Downloading Arrived_in_last_36_hours.xml (attempt 1/3)
2025-10-27 19:08:33,512 - vessel_data_pipeline - INFO - File temp_Arrived_in_last_36_hours.xml passed validation checks
2025-10-27 19:08:33,512 - vessel_data_pipeline - INFO - Created backup: Arrived_in_last_36_hours_20251027_190833.xml
2025-10-27 19:08:33,513 - vessel_data_pipeline - INFO - Updated metadata for Arrived_in_last_36_hours.xml
2025-10-27 19:08:33,513 - vessel_data_pipeline - INFO - Successfully downloaded and validated Arrived_in_last_36_hours.xml
2025-10-27 19:08:35,518 - vessel_data_pipeline - INFO - Downloading Departed_in_last_36_hours.xml (attempt 1/3)
2025-10-27 19:08:35,589 - vessel_data_pipeline - INFO - File temp_Departed_in_last_36_hours.xml passed validation checks
2025-10-27 19:08:35,590 - vessel_data_pipeline - INFO - Created backup: Departed_in_last_36_hours_20251027_190835.xml
2025-10-27 19:08:35,590 - vessel_data_pipeline - INFO - Updated metadata for Departed_in_last_36_hours.xml
2025-10-27 19:08:35,590 - vessel_data_pipeline - INFO - Successfully downloaded and validated Departed_in_last_36_hours.xml
2025-10-27 19:08:37,591 - vessel_data_pipeline - INFO - Downloading Expected_arrivals.xml (attempt 1/3)
2025-10-27 19:08:37,640 - vessel_data_pipeline - INFO - File temp_Expected_arrivals.xml passed validation checks
2025-10-27 19:08:37,640 - vessel_data_pipeline - INFO - Created backup: Expected_arrivals_20251027_190837.xml
2025-10-27 19:08:37,641 - vessel_data_pipeline - INFO - Updated metadata for Expected_arrivals.xml
2025-10-27 19:08:37,641 - vessel_data_pipeline - INFO - Successfully downloaded and validated Expected_arrivals.xml
2025-10-27 19:08:39,646 - vessel_data_pipeline - INFO - Downloading Expected_departures.xml (attempt 1/3)
2025-10-27 19:08:39,884 - vessel_data_pipeline - INFO - File temp_Expected_departures.xml passed validation checks
2025-10-27 19:08:39,885 - vessel_data_pipeline - INFO - Created backup: Expected_departures_20251027_190839.xml
2025-10-27 19:08:39,885 - vessel_data_pipeline - INFO - Updated metadata for Expected_departures.xml
2025-10-27 19:08:39,885 - vessel_data_pipeline - INFO - Successfully downloaded and validated Expected_departures.xml
2025-10-27 19:08:41,888 - vessel_data_pipeline - INFO - Fetch operation completed. Results: {'Arrived_in_last_36_hours.xml': True, 'Departed_in_last_36_hours.xml': True, 'Expected_arrivals.xml': True, 'Expected_departures.xml': True}
2025-10-27 19:08:41,893 - vessel_data_pipeline - INFO - VesselDataFetcher initialized. Pipeline enabled: True
2025-10-27 19:08:41,893 - vessel_data_pipeline - INFO - Starting vessel data fetch operation
2025-10-27 19:08:41,893 - vessel_data_pipeline - INFO - Discovering XML files from Hong Kong Marine Department portal
2025-10-27 19:08:41,991 - vessel_data_pipeline - INFO - Verified access to Arrived_in_last_36_hours.xml
2025-10-27 19:08:42,042 - vessel_data_pipeline - INFO - Verified access to Departed_in_last_36_hours.xml
2025-10-27 19:08:42,076 - vessel_data_pipeline - INFO - Verified access to Expected_arrivals.xml
2025-10-27 19:08:42,118 - vessel_data_pipeline - INFO - Verified access to Expected_departures.xml
2025-10-27 19:08:42,118 - vessel_data_pipeline - INFO - Discovered 4 XML files for download
2025-10-27 19:08:42,118 - vessel_data_pipeline - INFO - Downloading Arrived_in_last_36_hours.xml (attempt 1/3)
2025-10-27 19:08:42,169 - vessel_data_pipeline - INFO - File temp_Arrived_in_last_36_hours.xml passed validation checks
2025-10-27 19:08:42,169 - vessel_data_pipeline - INFO - Created backup: Arrived_in_last_36_hours_20251027_190842.xml
2025-10-27 19:08:42,169 - vessel_data_pipeline - INFO - Updated metadata for Arrived_in_last_36_hours.xml
2025-10-27 19:08:42,169 - vessel_data_pipeline - INFO - Successfully downloaded and validated Arrived_in_last_36_hours.xml
2025-10-27 19:08:44,175 - vessel_data_pipeline - INFO - Downloading Departed_in_last_36_hours.xml (attempt 1/3)
2025-10-27 19:08:44,247 - vessel_data_pipeline - INFO - File temp_Departed_in_last_36_hours.xml passed validation checks
2025-10-27 19:08:44,248 - vessel_data_pipeline - INFO - Created backup: Departed_in_last_36_hours_20251027_190844.xml
2025-10-27 19:08:44,248 - vessel_data_pipeline - INFO - Updated metadata for Departed_in_last_36_hours.xml
2025-10-27 19:08:44,248 - vessel_data_pipeline - INFO - Successfully downloaded and validated Departed_in_last_36_hours.xml
2025-10-27 19:08:46,253 - vessel_data_pipeline - INFO - Downloading Expected_arrivals.xml (attempt 1/3)
2025-10-27 19:08:46,383 - vessel_data_pipeline - INFO - File temp_Expected_arrivals.xml passed validation checks
2025-10-27 19:08:46,383 - vessel_data_pipeline - INFO - Created backup: Expected_arrivals_20251027_190846.xml
2025-10-27 19:08:46,384 - vessel_data_pipeline - INFO - Updated metadata for Expected_arrivals.xml
2025-10-27 19:08:46,384 - vessel_data_pipeline - INFO - Successfully downloaded and validated Expected_arrivals.xml
2025-10-27 19:08:48,386 - vessel_data_pipeline - INFO - Downloading Expected_departures.xml (attempt 1/3)
2025-10-27 19:08:48,482 - vessel_data_pipeline - INFO - File temp_Expected_departures.xml passed validation checks
2025-10-27 19:08:48,483 - vessel_data_pipeline - INFO - Created backup: Expected_departures_20251027_190848.xml
2025-10-27 19:08:48,483 - vessel_data_pipeline - INFO - Updated metadata for Expected_departures.xml
2025-10-27 19:08:48,483 - vessel_data_pipeline - INFO - Successfully downloaded and validated Expected_departures.xml
2025-10-27 19:08:50,485 - vessel_data_pipeline - INFO - Fetch operation completed. Results: {'Arrived_in_last_36_hours.xml': True, 'Departed_in_last_36_hours.xml': True, 'Expected_arrivals.xml': True, 'Expected_departures.xml': True}
2025-10-27 19:08:50,493 - vessel_data_pipeline - INFO - VesselDataFetcher initialized. Pipeline enabled: True
2025-10-27 19:08:50,494 - vessel_data_pipeline - INFO - Starting vessel data fetch operation
2025-10-27 19:08:50,495 - vessel_data_pipeline - INFO - Discovering XML files from Hong Kong Marine Department portal
2025-10-27 19:08:50,558 - vessel_data_pipeline - INFO - Verified access to Arrived_in_last_36_hours.xml
2025-10-27 19:08:50,599 - vessel_data_pipeline - INFO - Verified access to Departed_in_last_36_hours.xml
2025-10-27 19:08:50,629 - vessel_data_pipeline - INFO - Verified access to Expected_arrivals.xml
2025-10-27 19:08:50,676 - vessel_data_pipeline - INFO - Verified access to Expected_departures.xml
2025-10-27 19:08:50,676 - vessel_data_pipeline - INFO - Discovered 4 XML files for download
2025-10-27 19:08:50,676 - vessel_data_pipeline - INFO - Downloading Arrived_in_last_36_hours.xml (attempt 1/3)
2025-10-27 19:08:50,728 - vessel_data_pipeline - INFO - File temp_Arrived_in_last_36_hours.xml passed validation checks
2025-10-27 19:08:50,728 - vessel_data_pipeline - INFO - Created backup: Arrived_in_last_36_hours_20251027_190850.xml
2025-10-27 19:08:50,728 - vessel_data_pipeline - INFO - Updated metadata for Arrived_in_last_36_hours.xml
2025-10-27 19:08:50,728 - vessel_data_pipeline - INFO - Successfully downloaded and validated Arrived_in_last_36_hours.xml
2025-10-27 19:08:52,733 - vessel_data_pipeline - INFO - Downloading Departed_in_last_36_hours.xml (attempt 1/3)
2025-10-27 19:08:52,798 - vessel_data_pipeline - INFO - File temp_Departed_in_last_36_hours.xml passed validation checks
2025-10-27 19:08:52,799 - vessel_data_pipeline - INFO - Created backup: Departed_in_last_36_hours_20251027_190852.xml
2025-10-27 19:08:52,799 - vessel_data_pipeline - INFO - Updated metadata for Departed_in_last_36_hours.xml
2025-10-27 19:08:52,800 - vessel_data_pipeline - INFO - Successfully downloaded and validated Departed_in_last_36_hours.xml
2025-10-27 19:08:54,803 - vessel_data_pipeline - INFO - Downloading Expected_arrivals.xml (attempt 1/3)
2025-10-27 19:08:54,858 - vessel_data_pipeline - INFO - File temp_Expected_arrivals.xml passed validation checks
2025-10-27 19:08:54,859 - vessel_data_pipeline - INFO - Created backup: Expected_arrivals_20251027_190854.xml
2025-10-27 19:08:54,859 - vessel_data_pipeline - INFO - Updated metadata for Expected_arrivals.xml
2025-10-27 19:08:54,859 - vessel_data_pipeline - INFO - Successfully downloaded and validated Expected_arrivals.xml
2025-10-27 19:08:56,864 - vessel_data_pipeline - INFO - Downloading Expected_departures.xml (attempt 1/3)
2025-10-27 19:08:56,920 - vessel_data_pipeline - INFO - File temp_Expected_departures.xml passed validation checks
2025-10-27 19:08:56,921 - vessel_data_pipeline - INFO - Created backup: Expected_departures_20251027_190856.xml
2025-10-27 19:08:56,921 - vessel_data_pipeline - INFO - Updated metadata for Expected_departures.xml
2025-10-27 19:08:56,921 - vessel_data_pipeline - INFO - Successfully downloaded and validated Expected_departures.xml
2025-10-27 19:08:58,925 - vessel_data_pipeline - INFO - Fetch operation completed. Results: {'Arrived_in_last_36_hours.xml': True, 'Departed_in_last_36_hours.xml': True, 'Expected_arrivals.xml': True, 'Expected_departures.xml': True}
2025-10-27 19:15:17,487 - vessel_data_pipeline - INFO - VesselDataFetcher initialized. Pipeline enabled: True
2025-10-27 19:15:17,489 - vessel_data_pipeline - INFO - Starting vessel data fetch operation
2025-10-27 19:15:17,489 - vessel_data_pipeline - INFO - Discovering XML files from Hong Kong Marine Department portal
2025-10-27 19:15:17,787 - vessel_data_pipeline - INFO - Verified access to Arrived_in_last_36_hours.xml
2025-10-27 19:15:18,185 - vessel_data_pipeline - INFO - Verified access to Departed_in_last_36_hours.xml
2025-10-27 19:15:18,383 - vessel_data_pipeline - INFO - Verified access to Expected_arrivals.xml
2025-10-27 19:15:18,697 - vessel_data_pipeline - INFO - Verified access to Expected_departures.xml
2025-10-27 19:15:18,698 - vessel_data_pipeline - INFO - Discovered 4 XML files for download
2025-10-27 19:15:18,698 - vessel_data_pipeline - INFO - Downloading Arrived_in_last_36_hours.xml (attempt 1/3)
2025-10-27 19:15:18,786 - vessel_data_pipeline - INFO - File temp_Arrived_in_last_36_hours.xml passed validation checks
2025-10-27 19:15:18,787 - vessel_data_pipeline - INFO - Created backup: Arrived_in_last_36_hours_20251027_191518.xml
2025-10-27 19:15:18,788 - vessel_data_pipeline - INFO - Updated metadata for Arrived_in_last_36_hours.xml
2025-10-27 19:15:18,788 - vessel_data_pipeline - INFO - Successfully downloaded and validated Arrived_in_last_36_hours.xml
2025-10-27 19:15:20,793 - vessel_data_pipeline - INFO - Downloading Departed_in_last_36_hours.xml (attempt 1/3)
2025-10-27 19:15:20,882 - vessel_data_pipeline - INFO - File temp_Departed_in_last_36_hours.xml passed validation checks
2025-10-27 19:15:20,883 - vessel_data_pipeline - INFO - Created backup: Departed_in_last_36_hours_20251027_191520.xml
2025-10-27 19:15:20,883 - vessel_data_pipeline - INFO - Updated metadata for Departed_in_last_36_hours.xml
2025-10-27 19:15:20,883 - vessel_data_pipeline - INFO - Successfully downloaded and validated Departed_in_last_36_hours.xml
2025-10-27 19:15:22,888 - vessel_data_pipeline - INFO - Downloading Expected_arrivals.xml (attempt 1/3)
2025-10-27 19:15:22,985 - vessel_data_pipeline - INFO - File temp_Expected_arrivals.xml passed validation checks
2025-10-27 19:15:22,985 - vessel_data_pipeline - INFO - Created backup: Expected_arrivals_20251027_191522.xml
2025-10-27 19:15:22,986 - vessel_data_pipeline - INFO - Updated metadata for Expected_arrivals.xml
2025-10-27 19:15:22,986 - vessel_data_pipeline - INFO - Successfully downloaded and validated Expected_arrivals.xml
2025-10-27 19:15:24,991 - vessel_data_pipeline - INFO - Downloading Expected_departures.xml (attempt 1/3)
2025-10-27 19:15:25,051 - vessel_data_pipeline - INFO - File temp_Expected_departures.xml passed validation checks
2025-10-27 19:15:25,052 - vessel_data_pipeline - INFO - Created backup: Expected_departures_20251027_191525.xml
2025-10-27 19:15:25,052 - vessel_data_pipeline - INFO - Updated metadata for Expected_departures.xml
2025-10-27 19:15:25,052 - vessel_data_pipeline - INFO - Successfully downloaded and validated Expected_departures.xml
2025-10-27 19:15:27,056 - vessel_data_pipeline - INFO - Fetch operation completed. Results: {'Arrived_in_last_36_hours.xml': True, 'Departed_in_last_36_hours.xml': True, 'Expected_arrivals.xml': True, 'Expected_departures.xml': True}
2025-10-27 19:15:27,062 - vessel_data_pipeline - INFO - VesselDataFetcher initialized. Pipeline enabled: True
2025-10-27 19:15:27,063 - vessel_data_pipeline - INFO - Starting vessel data fetch operation
2025-10-27 19:15:27,063 - vessel_data_pipeline - INFO - Discovering XML files from Hong Kong Marine Department portal
2025-10-27 19:15:27,134 - vessel_data_pipeline - INFO - Verified access to Arrived_in_last_36_hours.xml
2025-10-27 19:15:27,183 - vessel_data_pipeline - INFO - Verified access to Departed_in_last_36_hours.xml
2025-10-27 19:15:27,221 - vessel_data_pipeline - INFO - Verified access to Expected_arrivals.xml
2025-10-27 19:15:27,262 - vessel_data_pipeline - INFO - Verified access to Expected_departures.xml
2025-10-27 19:15:27,262 - vessel_data_pipeline - INFO - Discovered 4 XML files for download
2025-10-27 19:15:27,262 - vessel_data_pipeline - INFO - Downloading Arrived_in_last_36_hours.xml (attempt 1/3)
2025-10-27 19:15:27,348 - vessel_data_pipeline - INFO - File temp_Arrived_in_last_36_hours.xml passed validation checks
2025-10-27 19:15:27,348 - vessel_data_pipeline - INFO - Created backup: Arrived_in_last_36_hours_20251027_191527.xml
2025-10-27 19:15:27,348 - vessel_data_pipeline - INFO - Updated metadata for Arrived_in_last_36_hours.xml
2025-10-27 19:15:27,348 - vessel_data_pipeline - INFO - Successfully downloaded and validated Arrived_in_last_36_hours.xml
2025-10-27 19:15:29,350 - vessel_data_pipeline - INFO - Downloading Departed_in_last_36_hours.xml (attempt 1/3)
2025-10-27 19:15:29,419 - vessel_data_pipeline - INFO - File temp_Departed_in_last_36_hours.xml passed validation checks
2025-10-27 19:15:29,419 - vessel_data_pipeline - INFO - Created backup: Departed_in_last_36_hours_20251027_191529.xml
2025-10-27 19:15:29,420 - vessel_data_pipeline - INFO - Updated metadata for Departed_in_last_36_hours.xml
2025-10-27 19:15:29,420 - vessel_data_pipeline - INFO - Successfully downloaded and validated Departed_in_last_36_hours.xml
2025-10-27 19:15:31,425 - vessel_data_pipeline - INFO - Downloading Expected_arrivals.xml (attempt 1/3)
2025-10-27 19:15:31,477 - vessel_data_pipeline - INFO - File temp_Expected_arrivals.xml passed validation checks
2025-10-27 19:15:31,477 - vessel_data_pipeline - INFO - Created backup: Expected_arrivals_20251027_191531.xml
2025-10-27 19:15:31,477 - vessel_data_pipeline - INFO - Updated metadata for Expected_arrivals.xml
2025-10-27 19:15:31,477 - vessel_data_pipeline - INFO - Successfully downloaded and validated Expected_arrivals.xml
2025-10-27 19:15:33,482 - vessel_data_pipeline - INFO - Downloading Expected_departures.xml (attempt 1/3)
2025-10-27 19:15:33,534 - vessel_data_pipeline - INFO - File temp_Expected_departures.xml passed validation checks
2025-10-27 19:15:33,534 - vessel_data_pipeline - INFO - Created backup: Expected_departures_20251027_191533.xml
2025-10-27 19:15:33,535 - vessel_data_pipeline - INFO - Updated metadata for Expected_departures.xml
2025-10-27 19:15:33,535 - vessel_data_pipeline - INFO - Successfully downloaded and validated Expected_departures.xml
2025-10-27 19:15:35,540 - vessel_data_pipeline - INFO - Fetch operation completed. Results: {'Arrived_in_last_36_hours.xml': True, 'Departed_in_last_36_hours.xml': True, 'Expected_arrivals.xml': True, 'Expected_departures.xml': True}
2025-10-27 19:15:35,556 - vessel_data_pipeline - INFO - VesselDataFetcher initialized. Pipeline enabled: True
2025-10-27 19:15:35,557 - vessel_data_pipeline - INFO - Starting vessel data fetch operation
2025-10-27 19:15:35,557 - vessel_data_pipeline - INFO - Discovering XML files from Hong Kong Marine Department portal
2025-10-27 19:15:35,686 - vessel_data_pipeline - INFO - Verified access to Arrived_in_last_36_hours.xml
2025-10-27 19:15:35,729 - vessel_data_pipeline - INFO - Verified access to Departed_in_last_36_hours.xml
2025-10-27 19:15:35,799 - vessel_data_pipeline - INFO - Verified access to Expected_arrivals.xml
2025-10-27 19:15:35,833 - vessel_data_pipeline - INFO - Verified access to Expected_departures.xml
2025-10-27 19:15:35,833 - vessel_data_pipeline - INFO - Discovered 4 XML files for download
2025-10-27 19:15:35,833 - vessel_data_pipeline - INFO - Downloading Arrived_in_last_36_hours.xml (attempt 1/3)
2025-10-27 19:15:35,912 - vessel_data_pipeline - INFO - File temp_Arrived_in_last_36_hours.xml passed validation checks
2025-10-27 19:15:35,912 - vessel_data_pipeline - INFO - Created backup: Arrived_in_last_36_hours_20251027_191535.xml
2025-10-27 19:15:35,912 - vessel_data_pipeline - INFO - Updated metadata for Arrived_in_last_36_hours.xml
2025-10-27 19:15:35,912 - vessel_data_pipeline - INFO - Successfully downloaded and validated Arrived_in_last_36_hours.xml
2025-10-27 19:15:37,913 - vessel_data_pipeline - INFO - Downloading Departed_in_last_36_hours.xml (attempt 1/3)
2025-10-27 19:15:37,986 - vessel_data_pipeline - INFO - File temp_Departed_in_last_36_hours.xml passed validation checks
2025-10-27 19:15:37,986 - vessel_data_pipeline - INFO - Created backup: Departed_in_last_36_hours_20251027_191537.xml
2025-10-27 19:15:37,986 - vessel_data_pipeline - INFO - Updated metadata for Departed_in_last_36_hours.xml
2025-10-27 19:15:37,986 - vessel_data_pipeline - INFO - Successfully downloaded and validated Departed_in_last_36_hours.xml
2025-10-27 19:15:39,987 - vessel_data_pipeline - INFO - Downloading Expected_arrivals.xml (attempt 1/3)
2025-10-27 19:15:40,076 - vessel_data_pipeline - INFO - File temp_Expected_arrivals.xml passed validation checks
2025-10-27 19:15:40,076 - vessel_data_pipeline - INFO - Created backup: Expected_arrivals_20251027_191540.xml
2025-10-27 19:15:40,077 - vessel_data_pipeline - INFO - Updated metadata for Expected_arrivals.xml
2025-10-27 19:15:40,077 - vessel_data_pipeline - INFO - Successfully downloaded and validated Expected_arrivals.xml
2025-10-27 19:15:42,082 - vessel_data_pipeline - INFO - Downloading Expected_departures.xml (attempt 1/3)
2025-10-27 19:15:42,149 - vessel_data_pipeline - INFO - File temp_Expected_departures.xml passed validation checks
2025-10-27 19:15:42,150 - vessel_data_pipeline - INFO - Created backup: Expected_departures_20251027_191542.xml
2025-10-27 19:15:42,150 - vessel_data_pipeline - INFO - Updated metadata for Expected_departures.xml
2025-10-27 19:15:42,150 - vessel_data_pipeline - INFO - Successfully downloaded and validated Expected_departures.xml
2025-10-27 19:15:44,155 - vessel_data_pipeline - INFO - Fetch operation completed. Results: {'Arrived_in_last_36_hours.xml': True, 'Departed_in_last_36_hours.xml': True, 'Expected_arrivals.xml': True, 'Expected_departures.xml': True}
2025-10-27 19:15:44,159 - vessel_data_pipeline - INFO - VesselDataFetcher initialized. Pipeline enabled: True
2025-10-27 19:15:44,159 - vessel_data_pipeline - INFO - Starting vessel data fetch operation
2025-10-27 19:15:44,159 - vessel_data_pipeline - INFO - Discovering XML files from Hong Kong Marine Department portal
2025-10-27 19:15:44,226 - vessel_data_pipeline - INFO - Verified access to Arrived_in_last_36_hours.xml
2025-10-27 19:15:44,259 - vessel_data_pipeline - INFO - Verified access to Departed_in_last_36_hours.xml
2025-10-27 19:15:44,318 - vessel_data_pipeline - INFO - Verified access to Expected_arrivals.xml
2025-10-27 19:15:44,350 - vessel_data_pipeline - INFO - Verified access to Expected_departures.xml
2025-10-27 19:15:44,351 - vessel_data_pipeline - INFO - Discovered 4 XML files for download
2025-10-27 19:15:44,351 - vessel_data_pipeline - INFO - Downloading Arrived_in_last_36_hours.xml (attempt 1/3)
2025-10-27 19:15:44,398 - vessel_data_pipeline - INFO - File temp_Arrived_in_last_36_hours.xml passed validation checks
2025-10-27 19:15:44,399 - vessel_data_pipeline - INFO - Created backup: Arrived_in_last_36_hours_20251027_191544.xml
2025-10-27 19:15:44,400 - vessel_data_pipeline - INFO - Updated metadata for Arrived_in_last_36_hours.xml
2025-10-27 19:15:44,400 - vessel_data_pipeline - INFO - Successfully downloaded and validated Arrived_in_last_36_hours.xml
2025-10-27 19:15:46,404 - vessel_data_pipeline - INFO - Downloading Departed_in_last_36_hours.xml (attempt 1/3)
2025-10-27 19:15:46,473 - vessel_data_pipeline - INFO - File temp_Departed_in_last_36_hours.xml passed validation checks
2025-10-27 19:15:46,473 - vessel_data_pipeline - INFO - Created backup: Departed_in_last_36_hours_20251027_191546.xml
2025-10-27 19:15:46,474 - vessel_data_pipeline - INFO - Updated metadata for Departed_in_last_36_hours.xml
2025-10-27 19:15:46,474 - vessel_data_pipeline - INFO - Successfully downloaded and validated Departed_in_last_36_hours.xml
2025-10-27 19:15:48,474 - vessel_data_pipeline - INFO - Downloading Expected_arrivals.xml (attempt 1/3)
2025-10-27 19:15:48,546 - vessel_data_pipeline - INFO - File temp_Expected_arrivals.xml passed validation checks
2025-10-27 19:15:48,547 - vessel_data_pipeline - INFO - Created backup: Expected_arrivals_20251027_191548.xml
2025-10-27 19:15:48,547 - vessel_data_pipeline - INFO - Updated metadata for Expected_arrivals.xml
2025-10-27 19:15:48,547 - vessel_data_pipeline - INFO - Successfully downloaded and validated Expected_arrivals.xml
2025-10-27 19:15:50,552 - vessel_data_pipeline - INFO - Downloading Expected_departures.xml (attempt 1/3)
2025-10-27 19:15:50,600 - vessel_data_pipeline - INFO - File temp_Expected_departures.xml passed validation checks
2025-10-27 19:15:50,600 - vessel_data_pipeline - INFO - Created backup: Expected_departures_20251027_191550.xml
2025-10-27 19:15:50,601 - vessel_data_pipeline - INFO - Updated metadata for Expected_departures.xml
2025-10-27 19:15:50,601 - vessel_data_pipeline - INFO - Successfully downloaded and validated Expected_departures.xml
2025-10-27 19:15:52,601 - vessel_data_pipeline - INFO - Fetch operation completed. Results: {'Arrived_in_last_36_hours.xml': True, 'Departed_in_last_36_hours.xml': True, 'Expected_arrivals.xml': True, 'Expected_departures.xml': True}
2025-10-27 19:16:07,085 - vessel_data_pipeline - INFO - VesselDataFetcher initialized. Pipeline enabled: True
2025-10-27 19:16:07,087 - vessel_data_pipeline - INFO - Starting vessel data fetch operation
2025-10-27 19:16:07,087 - vessel_data_pipeline - INFO - Discovering XML files from Hong Kong Marine Department portal
2025-10-27 19:16:07,158 - vessel_data_pipeline - INFO - Verified access to Arrived_in_last_36_hours.xml
2025-10-27 19:16:07,200 - vessel_data_pipeline - INFO - Verified access to Departed_in_last_36_hours.xml
2025-10-27 19:16:07,235 - vessel_data_pipeline - INFO - Verified access to Expected_arrivals.xml
2025-10-27 19:16:07,294 - vessel_data_pipeline - INFO - Verified access to Expected_departures.xml
2025-10-27 19:16:07,294 - vessel_data_pipeline - INFO - Discovered 4 XML files for download
2025-10-27 19:16:07,294 - vessel_data_pipeline - INFO - Downloading Arrived_in_last_36_hours.xml (attempt 1/3)
2025-10-27 19:16:07,345 - vessel_data_pipeline - INFO - File temp_Arrived_in_last_36_hours.xml passed validation checks
2025-10-27 19:16:07,346 - vessel_data_pipeline - INFO - Created backup: Arrived_in_last_36_hours_20251027_191607.xml
2025-10-27 19:16:07,347 - vessel_data_pipeline - INFO - Updated metadata for Arrived_in_last_36_hours.xml
2025-10-27 19:16:07,347 - vessel_data_pipeline - INFO - Successfully downloaded and validated Arrived_in_last_36_hours.xml
2025-10-27 19:16:09,348 - vessel_data_pipeline - INFO - Downloading Departed_in_last_36_hours.xml (attempt 1/3)
2025-10-27 19:16:09,478 - vessel_data_pipeline - INFO - File temp_Departed_in_last_36_hours.xml passed validation checks
2025-10-27 19:16:09,479 - vessel_data_pipeline - INFO - Created backup: Departed_in_last_36_hours_20251027_191609.xml
2025-10-27 19:16:09,479 - vessel_data_pipeline - INFO - Updated metadata for Departed_in_last_36_hours.xml
2025-10-27 19:16:09,479 - vessel_data_pipeline - INFO - Successfully downloaded and validated Departed_in_last_36_hours.xml
2025-10-27 19:16:11,485 - vessel_data_pipeline - INFO - Downloading Expected_arrivals.xml (attempt 1/3)
2025-10-27 19:16:11,583 - vessel_data_pipeline - INFO - File temp_Expected_arrivals.xml passed validation checks
2025-10-27 19:16:11,584 - vessel_data_pipeline - INFO - Created backup: Expected_arrivals_20251027_191611.xml
2025-10-27 19:16:11,584 - vessel_data_pipeline - INFO - Updated metadata for Expected_arrivals.xml
2025-10-27 19:16:11,584 - vessel_data_pipeline - INFO - Successfully downloaded and validated Expected_arrivals.xml
2025-10-27 19:16:13,589 - vessel_data_pipeline - INFO - Downloading Expected_departures.xml (attempt 1/3)
2025-10-27 19:16:13,675 - vessel_data_pipeline - INFO - File temp_Expected_departures.xml passed validation checks
2025-10-27 19:16:13,675 - vessel_data_pipeline - INFO - Created backup: Expected_departures_20251027_191613.xml
2025-10-27 19:16:13,676 - vessel_data_pipeline - INFO - Updated metadata for Expected_departures.xml
2025-10-27 19:16:13,676 - vessel_data_pipeline - INFO - Successfully downloaded and validated Expected_departures.xml
2025-10-27 19:16:15,679 - vessel_data_pipeline - INFO - Fetch operation completed. Results: {'Arrived_in_last_36_hours.xml': True, 'Departed_in_last_36_hours.xml': True, 'Expected_arrivals.xml': True, 'Expected_departures.xml': True}
2025-10-27 19:16:15,693 - vessel_data_pipeline - INFO - VesselDataFetcher initialized. Pipeline enabled: True
2025-10-27 19:16:15,694 - vessel_data_pipeline - INFO - Starting vessel data fetch operation
2025-10-27 19:16:15,695 - vessel_data_pipeline - INFO - Discovering XML files from Hong Kong Marine Department portal
2025-10-27 19:16:15,760 - vessel_data_pipeline - INFO - Verified access to Arrived_in_last_36_hours.xml
2025-10-27 19:16:15,797 - vessel_data_pipeline - INFO - Verified access to Departed_in_last_36_hours.xml
2025-10-27 19:16:15,842 - vessel_data_pipeline - INFO - Verified access to Expected_arrivals.xml
2025-10-27 19:16:15,903 - vessel_data_pipeline - INFO - Verified access to Expected_departures.xml
2025-10-27 19:16:15,903 - vessel_data_pipeline - INFO - Discovered 4 XML files for download
2025-10-27 19:16:15,903 - vessel_data_pipeline - INFO - Downloading Arrived_in_last_36_hours.xml (attempt 1/3)
2025-10-27 19:16:16,011 - vessel_data_pipeline - INFO - File temp_Arrived_in_last_36_hours.xml passed validation checks
2025-10-27 19:16:16,011 - vessel_data_pipeline - INFO - Created backup: Arrived_in_last_36_hours_20251027_191616.xml
2025-10-27 19:16:16,011 - vessel_data_pipeline - INFO - Updated metadata for Arrived_in_last_36_hours.xml
2025-10-27 19:16:16,011 - vessel_data_pipeline - INFO - Successfully downloaded and validated Arrived_in_last_36_hours.xml
2025-10-27 19:16:18,016 - vessel_data_pipeline - INFO - Downloading Departed_in_last_36_hours.xml (attempt 1/3)
2025-10-27 19:16:18,087 - vessel_data_pipeline - INFO - File temp_Departed_in_last_36_hours.xml passed validation checks
2025-10-27 19:16:18,087 - vessel_data_pipeline - INFO - Created backup: Departed_in_last_36_hours_20251027_191618.xml
2025-10-27 19:16:18,087 - vessel_data_pipeline - INFO - Updated metadata for Departed_in_last_36_hours.xml
2025-10-27 19:16:18,087 - vessel_data_pipeline - INFO - Successfully downloaded and validated Departed_in_last_36_hours.xml
2025-10-27 19:16:20,089 - vessel_data_pipeline - INFO - Downloading Expected_arrivals.xml (attempt 1/3)
2025-10-27 19:16:20,133 - vessel_data_pipeline - INFO - File temp_Expected_arrivals.xml passed validation checks
2025-10-27 19:16:20,133 - vessel_data_pipeline - INFO - Created backup: Expected_arrivals_20251027_191620.xml
2025-10-27 19:16:20,133 - vessel_data_pipeline - INFO - Updated metadata for Expected_arrivals.xml
2025-10-27 19:16:20,133 - vessel_data_pipeline - INFO - Successfully downloaded and validated Expected_arrivals.xml
2025-10-27 19:16:22,139 - vessel_data_pipeline - INFO - Downloading Expected_departures.xml (attempt 1/3)
2025-10-27 19:16:22,211 - vessel_data_pipeline - INFO - File temp_Expected_departures.xml passed validation checks
2025-10-27 19:16:22,212 - vessel_data_pipeline - INFO - Created backup: Expected_departures_20251027_191622.xml
2025-10-27 19:16:22,212 - vessel_data_pipeline - INFO - Updated metadata for Expected_departures.xml
2025-10-27 19:16:22,212 - vessel_data_pipeline - INFO - Successfully downloaded and validated Expected_departures.xml
2025-10-27 19:16:24,213 - vessel_data_pipeline - INFO - Fetch operation completed. Results: {'Arrived_in_last_36_hours.xml': True, 'Departed_in_last_36_hours.xml': True, 'Expected_arrivals.xml': True, 'Expected_departures.xml': True}
2025-10-27 19:16:24,219 - vessel_data_pipeline - INFO - VesselDataFetcher initialized. Pipeline enabled: True
2025-10-27 19:16:24,220 - vessel_data_pipeline - INFO - Starting vessel data fetch operation
2025-10-27 19:16:24,220 - vessel_data_pipeline - INFO - Discovering XML files from Hong Kong Marine Department portal
2025-10-27 19:16:24,281 - vessel_data_pipeline - INFO - Verified access to Arrived_in_last_36_hours.xml
2025-10-27 19:16:24,314 - vessel_data_pipeline - INFO - Verified access to Departed_in_last_36_hours.xml
2025-10-27 19:16:24,352 - vessel_data_pipeline - INFO - Verified access to Expected_arrivals.xml
2025-10-27 19:16:24,416 - vessel_data_pipeline - INFO - Verified access to Expected_departures.xml
2025-10-27 19:16:24,416 - vessel_data_pipeline - INFO - Discovered 4 XML files for download
2025-10-27 19:16:24,416 - vessel_data_pipeline - INFO - Downloading Arrived_in_last_36_hours.xml (attempt 1/3)
2025-10-27 19:16:24,462 - vessel_data_pipeline - INFO - File temp_Arrived_in_last_36_hours.xml passed validation checks
2025-10-27 19:16:24,462 - vessel_data_pipeline - INFO - Created backup: Arrived_in_last_36_hours_20251027_191624.xml
2025-10-27 19:16:24,462 - vessel_data_pipeline - INFO - Updated metadata for Arrived_in_last_36_hours.xml
2025-10-27 19:16:24,463 - vessel_data_pipeline - INFO - Successfully downloaded and validated Arrived_in_last_36_hours.xml
2025-10-27 19:16:26,468 - vessel_data_pipeline - INFO - Downloading Departed_in_last_36_hours.xml (attempt 1/3)
2025-10-27 19:16:26,528 - vessel_data_pipeline - INFO - File temp_Departed_in_last_36_hours.xml passed validation checks
2025-10-27 19:16:26,528 - vessel_data_pipeline - INFO - Created backup: Departed_in_last_36_hours_20251027_191626.xml
2025-10-27 19:16:26,528 - vessel_data_pipeline - INFO - Updated metadata for Departed_in_last_36_hours.xml
2025-10-27 19:16:26,528 - vessel_data_pipeline - INFO - Successfully downloaded and validated Departed_in_last_36_hours.xml
2025-10-27 19:16:28,534 - vessel_data_pipeline - INFO - Downloading Expected_arrivals.xml (attempt 1/3)
2025-10-27 19:16:28,580 - vessel_data_pipeline - INFO - File temp_Expected_arrivals.xml passed validation checks
2025-10-27 19:16:28,581 - vessel_data_pipeline - INFO - Created backup: Expected_arrivals_20251027_191628.xml
2025-10-27 19:16:28,582 - vessel_data_pipeline - INFO - Updated metadata for Expected_arrivals.xml
2025-10-27 19:16:28,582 - vessel_data_pipeline - INFO - Successfully downloaded and validated Expected_arrivals.xml
2025-10-27 19:16:30,587 - vessel_data_pipeline - INFO - Downloading Expected_departures.xml (attempt 1/3)
2025-10-27 19:16:30,670 - vessel_data_pipeline - INFO - File temp_Expected_departures.xml passed validation checks
2025-10-27 19:16:30,671 - vessel_data_pipeline - INFO - Created backup: Expected_departures_20251027_191630.xml
2025-10-27 19:16:30,671 - vessel_data_pipeline - INFO - Updated metadata for Expected_departures.xml
2025-10-27 19:16:30,671 - vessel_data_pipeline - INFO - Successfully downloaded and validated Expected_departures.xml
2025-10-27 19:16:32,676 - vessel_data_pipeline - INFO - Fetch operation completed. Results: {'Arrived_in_last_36_hours.xml': True, 'Departed_in_last_36_hours.xml': True, 'Expected_arrivals.xml': True, 'Expected_departures.xml': True}
2025-10-27 19:16:32,681 - vessel_data_pipeline - INFO - VesselDataFetcher initialized. Pipeline enabled: True
2025-10-27 19:16:32,682 - vessel_data_pipeline - INFO - Starting vessel data fetch operation
2025-10-27 19:16:32,682 - vessel_data_pipeline - INFO - Discovering XML files from Hong Kong Marine Department portal
2025-10-27 19:16:32,737 - vessel_data_pipeline - INFO - Verified access to Arrived_in_last_36_hours.xml
2025-10-27 19:16:32,766 - vessel_data_pipeline - INFO - Verified access to Departed_in_last_36_hours.xml
2025-10-27 19:16:32,838 - vessel_data_pipeline - INFO - Verified access to Expected_arrivals.xml
2025-10-27 19:16:32,869 - vessel_data_pipeline - INFO - Verified access to Expected_departures.xml
2025-10-27 19:16:32,869 - vessel_data_pipeline - INFO - Discovered 4 XML files for download
2025-10-27 19:16:32,869 - vessel_data_pipeline - INFO - Downloading Arrived_in_last_36_hours.xml (attempt 1/3)
2025-10-27 19:16:32,918 - vessel_data_pipeline - INFO - File temp_Arrived_in_last_36_hours.xml passed validation checks
2025-10-27 19:16:32,919 - vessel_data_pipeline - INFO - Created backup: Arrived_in_last_36_hours_20251027_191632.xml
2025-10-27 19:16:32,919 - vessel_data_pipeline - INFO - Updated metadata for Arrived_in_last_36_hours.xml
2025-10-27 19:16:32,919 - vessel_data_pipeline - INFO - Successfully downloaded and validated Arrived_in_last_36_hours.xml
2025-10-27 19:16:34,924 - vessel_data_pipeline - INFO - Downloading Departed_in_last_36_hours.xml (attempt 1/3)
2025-10-27 19:16:35,001 - vessel_data_pipeline - INFO - File temp_Departed_in_last_36_hours.xml passed validation checks
2025-10-27 19:16:35,002 - vessel_data_pipeline - INFO - Created backup: Departed_in_last_36_hours_20251027_191635.xml
2025-10-27 19:16:35,002 - vessel_data_pipeline - INFO - Updated metadata for Departed_in_last_36_hours.xml
2025-10-27 19:16:35,002 - vessel_data_pipeline - INFO - Successfully downloaded and validated Departed_in_last_36_hours.xml
2025-10-27 19:16:37,006 - vessel_data_pipeline - INFO - Downloading Expected_arrivals.xml (attempt 1/3)
2025-10-27 19:16:37,056 - vessel_data_pipeline - INFO - File temp_Expected_arrivals.xml passed validation checks
2025-10-27 19:16:37,057 - vessel_data_pipeline - INFO - Created backup: Expected_arrivals_20251027_191637.xml
2025-10-27 19:16:37,057 - vessel_data_pipeline - INFO - Updated metadata for Expected_arrivals.xml
2025-10-27 19:16:37,057 - vessel_data_pipeline - INFO - Successfully downloaded and validated Expected_arrivals.xml
2025-10-27 19:16:39,060 - vessel_data_pipeline - INFO - Downloading Expected_departures.xml (attempt 1/3)
2025-10-27 19:16:39,117 - vessel_data_pipeline - INFO - File temp_Expected_departures.xml passed validation checks
2025-10-27 19:16:39,118 - vessel_data_pipeline - INFO - Created backup: Expected_departures_20251027_191639.xml
2025-10-27 19:16:39,118 - vessel_data_pipeline - INFO - Updated metadata for Expected_departures.xml
2025-10-27 19:16:39,118 - vessel_data_pipeline - INFO - Successfully downloaded and validated Expected_departures.xml
2025-10-27 19:16:41,123 - vessel_data_pipeline - INFO - Fetch operation completed. Results: {'Arrived_in_last_36_hours.xml': True, 'Departed_in_last_36_hours.xml': True, 'Expected_arrivals.xml': True, 'Expected_departures.xml': True}
2025-10-27 19:16:56,898 - vessel_data_pipeline - INFO - VesselDataFetcher initialized. Pipeline enabled: True
2025-10-27 19:16:56,900 - vessel_data_pipeline - INFO - Starting vessel data fetch operation
2025-10-27 19:16:56,900 - vessel_data_pipeline - INFO - Discovering XML files from Hong Kong Marine Department portal
2025-10-27 19:16:56,993 - vessel_data_pipeline - INFO - Verified access to Arrived_in_last_36_hours.xml
2025-10-27 19:16:57,028 - vessel_data_pipeline - INFO - Verified access to Departed_in_last_36_hours.xml
2025-10-27 19:16:57,130 - vessel_data_pipeline - INFO - Verified access to Expected_arrivals.xml
2025-10-27 19:16:57,165 - vessel_data_pipeline - INFO - Verified access to Expected_departures.xml
2025-10-27 19:16:57,165 - vessel_data_pipeline - INFO - Discovered 4 XML files for download
2025-10-27 19:16:57,166 - vessel_data_pipeline - INFO - Downloading Arrived_in_last_36_hours.xml (attempt 1/3)
2025-10-27 19:16:57,232 - vessel_data_pipeline - INFO - File temp_Arrived_in_last_36_hours.xml passed validation checks
2025-10-27 19:16:57,234 - vessel_data_pipeline - INFO - Created backup: Arrived_in_last_36_hours_20251027_191657.xml
2025-10-27 19:16:57,234 - vessel_data_pipeline - INFO - Updated metadata for Arrived_in_last_36_hours.xml
2025-10-27 19:16:57,234 - vessel_data_pipeline - INFO - Successfully downloaded and validated Arrived_in_last_36_hours.xml
2025-10-27 19:16:59,236 - vessel_data_pipeline - INFO - Downloading Departed_in_last_36_hours.xml (attempt 1/3)
2025-10-27 19:16:59,371 - vessel_data_pipeline - INFO - File temp_Departed_in_last_36_hours.xml passed validation checks
2025-10-27 19:16:59,371 - vessel_data_pipeline - INFO - Created backup: Departed_in_last_36_hours_20251027_191659.xml
2025-10-27 19:16:59,372 - vessel_data_pipeline - INFO - Updated metadata for Departed_in_last_36_hours.xml
2025-10-27 19:16:59,372 - vessel_data_pipeline - INFO - Successfully downloaded and validated Departed_in_last_36_hours.xml
2025-10-27 19:17:01,372 - vessel_data_pipeline - INFO - Downloading Expected_arrivals.xml (attempt 1/3)
2025-10-27 19:17:01,455 - vessel_data_pipeline - INFO - File temp_Expected_arrivals.xml passed validation checks
2025-10-27 19:17:01,456 - vessel_data_pipeline - INFO - Created backup: Expected_arrivals_20251027_191701.xml
2025-10-27 19:17:01,456 - vessel_data_pipeline - INFO - Updated metadata for Expected_arrivals.xml
2025-10-27 19:17:01,456 - vessel_data_pipeline - INFO - Successfully downloaded and validated Expected_arrivals.xml
2025-10-27 19:17:03,461 - vessel_data_pipeline - INFO - Downloading Expected_departures.xml (attempt 1/3)
2025-10-27 19:17:03,576 - vessel_data_pipeline - INFO - File temp_Expected_departures.xml passed validation checks
2025-10-27 19:17:03,577 - vessel_data_pipeline - INFO - Created backup: Expected_departures_20251027_191703.xml
2025-10-27 19:17:03,577 - vessel_data_pipeline - INFO - Updated metadata for Expected_departures.xml
2025-10-27 19:17:03,578 - vessel_data_pipeline - INFO - Successfully downloaded and validated Expected_departures.xml
2025-10-27 19:17:05,580 - vessel_data_pipeline - INFO - Fetch operation completed. Results: {'Arrived_in_last_36_hours.xml': True, 'Departed_in_last_36_hours.xml': True, 'Expected_arrivals.xml': True, 'Expected_departures.xml': True}
2025-10-27 19:17:05,587 - vessel_data_pipeline - INFO - VesselDataFetcher initialized. Pipeline enabled: True
2025-10-27 19:17:05,588 - vessel_data_pipeline - INFO - Starting vessel data fetch operation
2025-10-27 19:17:05,588 - vessel_data_pipeline - INFO - Discovering XML files from Hong Kong Marine Department portal
2025-10-27 19:17:05,715 - vessel_data_pipeline - INFO - Verified access to Arrived_in_last_36_hours.xml
2025-10-27 19:17:05,786 - vessel_data_pipeline - INFO - Verified access to Departed_in_last_36_hours.xml
2025-10-27 19:17:05,826 - vessel_data_pipeline - INFO - Verified access to Expected_arrivals.xml
2025-10-27 19:17:05,860 - vessel_data_pipeline - INFO - Verified access to Expected_departures.xml
2025-10-27 19:17:05,860 - vessel_data_pipeline - INFO - Discovered 4 XML files for download
2025-10-27 19:17:05,860 - vessel_data_pipeline - INFO - Downloading Arrived_in_last_36_hours.xml (attempt 1/3)
2025-10-27 19:17:05,944 - vessel_data_pipeline - INFO - File temp_Arrived_in_last_36_hours.xml passed validation checks
2025-10-27 19:17:05,945 - vessel_data_pipeline - INFO - Created backup: Arrived_in_last_36_hours_20251027_191705.xml
2025-10-27 19:17:05,945 - vessel_data_pipeline - INFO - Updated metadata for Arrived_in_last_36_hours.xml
2025-10-27 19:17:05,945 - vessel_data_pipeline - INFO - Successfully downloaded and validated Arrived_in_last_36_hours.xml
2025-10-27 19:17:07,948 - vessel_data_pipeline - INFO - Downloading Departed_in_last_36_hours.xml (attempt 1/3)
2025-10-27 19:17:08,038 - vessel_data_pipeline - INFO - File temp_Departed_in_last_36_hours.xml passed validation checks
2025-10-27 19:17:08,039 - vessel_data_pipeline - INFO - Created backup: Departed_in_last_36_hours_20251027_191708.xml
2025-10-27 19:17:08,039 - vessel_data_pipeline - INFO - Updated metadata for Departed_in_last_36_hours.xml
2025-10-27 19:17:08,039 - vessel_data_pipeline - INFO - Successfully downloaded and validated Departed_in_last_36_hours.xml
2025-10-27 19:17:10,042 - vessel_data_pipeline - INFO - Downloading Expected_arrivals.xml (attempt 1/3)
2025-10-27 19:17:10,098 - vessel_data_pipeline - INFO - File temp_Expected_arrivals.xml passed validation checks
2025-10-27 19:17:10,099 - vessel_data_pipeline - INFO - Created backup: Expected_arrivals_20251027_191710.xml
2025-10-27 19:17:10,099 - vessel_data_pipeline - INFO - Updated metadata for Expected_arrivals.xml
2025-10-27 19:17:10,099 - vessel_data_pipeline - INFO - Successfully downloaded and validated Expected_arrivals.xml
2025-10-27 19:17:12,104 - vessel_data_pipeline - INFO - Downloading Expected_departures.xml (attempt 1/3)
2025-10-27 19:17:12,176 - vessel_data_pipeline - INFO - File temp_Expected_departures.xml passed validation checks
2025-10-27 19:17:12,177 - vessel_data_pipeline - INFO - Created backup: Expected_departures_20251027_191712.xml
2025-10-27 19:17:12,177 - vessel_data_pipeline - INFO - Updated metadata for Expected_departures.xml
2025-10-27 19:17:12,177 - vessel_data_pipeline - INFO - Successfully downloaded and validated Expected_departures.xml
2025-10-27 19:17:14,182 - vessel_data_pipeline - INFO - Fetch operation completed. Results: {'Arrived_in_last_36_hours.xml': True, 'Departed_in_last_36_hours.xml': True, 'Expected_arrivals.xml': True, 'Expected_departures.xml': True}
2025-10-27 19:17:14,187 - vessel_data_pipeline - INFO - VesselDataFetcher initialized. Pipeline enabled: True
2025-10-27 19:17:14,188 - vessel_data_pipeline - INFO - Starting vessel data fetch operation
2025-10-27 19:17:14,188 - vessel_data_pipeline - INFO - Discovering XML files from Hong Kong Marine Department portal
2025-10-27 19:17:14,254 - vessel_data_pipeline - INFO - Verified access to Arrived_in_last_36_hours.xml
2025-10-27 19:17:14,310 - vessel_data_pipeline - INFO - Verified access to Departed_in_last_36_hours.xml
2025-10-27 19:17:14,368 - vessel_data_pipeline - INFO - Verified access to Expected_arrivals.xml
2025-10-27 19:17:14,417 - vessel_data_pipeline - INFO - Verified access to Expected_departures.xml
2025-10-27 19:17:14,417 - vessel_data_pipeline - INFO - Discovered 4 XML files for download
2025-10-27 19:17:14,417 - vessel_data_pipeline - INFO - Downloading Arrived_in_last_36_hours.xml (attempt 1/3)
2025-10-27 19:17:14,476 - vessel_data_pipeline - INFO - File temp_Arrived_in_last_36_hours.xml passed validation checks
2025-10-27 19:17:14,477 - vessel_data_pipeline - INFO - Created backup: Arrived_in_last_36_hours_20251027_191714.xml
2025-10-27 19:17:14,477 - vessel_data_pipeline - INFO - Updated metadata for Arrived_in_last_36_hours.xml
2025-10-27 19:17:14,477 - vessel_data_pipeline - INFO - Successfully downloaded and validated Arrived_in_last_36_hours.xml
2025-10-27 19:17:16,480 - vessel_data_pipeline - INFO - Downloading Departed_in_last_36_hours.xml (attempt 1/3)
2025-10-27 19:17:16,575 - vessel_data_pipeline - INFO - File temp_Departed_in_last_36_hours.xml passed validation checks
2025-10-27 19:17:16,576 - vessel_data_pipeline - INFO - Created backup: Departed_in_last_36_hours_20251027_191716.xml
2025-10-27 19:17:16,576 - vessel_data_pipeline - INFO - Updated metadata for Departed_in_last_36_hours.xml
2025-10-27 19:17:16,576 - vessel_data_pipeline - INFO - Successfully downloaded and validated Departed_in_last_36_hours.xml
2025-10-27 19:17:18,581 - vessel_data_pipeline - INFO - Downloading Expected_arrivals.xml (attempt 1/3)
2025-10-27 19:17:18,637 - vessel_data_pipeline - INFO - File temp_Expected_arrivals.xml passed validation checks
2025-10-27 19:17:18,638 - vessel_data_pipeline - INFO - Created backup: Expected_arrivals_20251027_191718.xml
2025-10-27 19:17:18,638 - vessel_data_pipeline - INFO - Updated metadata for Expected_arrivals.xml
2025-10-27 19:17:18,638 - vessel_data_pipeline - INFO - Successfully downloaded and validated Expected_arrivals.xml
2025-10-27 19:17:20,639 - vessel_data_pipeline - INFO - Downloading Expected_departures.xml (attempt 1/3)
2025-10-27 19:17:20,689 - vessel_data_pipeline - INFO - File temp_Expected_departures.xml passed validation checks
2025-10-27 19:17:20,690 - vessel_data_pipeline - INFO - Created backup: Expected_departures_20251027_191720.xml
2025-10-27 19:17:20,690 - vessel_data_pipeline - INFO - Updated metadata for Expected_departures.xml
2025-10-27 19:17:20,690 - vessel_data_pipeline - INFO - Successfully downloaded and validated Expected_departures.xml
2025-10-27 19:17:22,695 - vessel_data_pipeline - INFO - Fetch operation completed. Results: {'Arrived_in_last_36_hours.xml': True, 'Departed_in_last_36_hours.xml': True, 'Expected_arrivals.xml': True, 'Expected_departures.xml': True}
2025-10-27 19:17:22,699 - vessel_data_pipeline - INFO - VesselDataFetcher initialized. Pipeline enabled: True
2025-10-27 19:17:22,700 - vessel_data_pipeline - INFO - Starting vessel data fetch operation
2025-10-27 19:17:22,700 - vessel_data_pipeline - INFO - Discovering XML files from Hong Kong Marine Department portal
2025-10-27 19:17:22,764 - vessel_data_pipeline - INFO - Verified access to Arrived_in_last_36_hours.xml
2025-10-27 19:17:22,823 - vessel_data_pipeline - INFO - Verified access to Departed_in_last_36_hours.xml
2025-10-27 19:17:22,860 - vessel_data_pipeline - INFO - Verified access to Expected_arrivals.xml
2025-10-27 19:17:22,893 - vessel_data_pipeline - INFO - Verified access to Expected_departures.xml
2025-10-27 19:17:22,893 - vessel_data_pipeline - INFO - Discovered 4 XML files for download
2025-10-27 19:17:22,893 - vessel_data_pipeline - INFO - Downloading Arrived_in_last_36_hours.xml (attempt 1/3)
2025-10-27 19:17:22,972 - vessel_data_pipeline - INFO - File temp_Arrived_in_last_36_hours.xml passed validation checks
2025-10-27 19:17:22,973 - vessel_data_pipeline - INFO - Created backup: Arrived_in_last_36_hours_20251027_191722.xml
2025-10-27 19:17:22,973 - vessel_data_pipeline - INFO - Updated metadata for Arrived_in_last_36_hours.xml
2025-10-27 19:17:22,973 - vessel_data_pipeline - INFO - Successfully downloaded and validated Arrived_in_last_36_hours.xml
2025-10-27 19:17:24,978 - vessel_data_pipeline - INFO - Downloading Departed_in_last_36_hours.xml (attempt 1/3)
2025-10-27 19:17:25,035 - vessel_data_pipeline - INFO - File temp_Departed_in_last_36_hours.xml passed validation checks
2025-10-27 19:17:25,036 - vessel_data_pipeline - INFO - Created backup: Departed_in_last_36_hours_20251027_191725.xml
2025-10-27 19:17:25,036 - vessel_data_pipeline - INFO - Updated metadata for Departed_in_last_36_hours.xml
2025-10-27 19:17:25,036 - vessel_data_pipeline - INFO - Successfully downloaded and validated Departed_in_last_36_hours.xml
2025-10-27 19:17:27,041 - vessel_data_pipeline - INFO - Downloading Expected_arrivals.xml (attempt 1/3)
2025-10-27 19:17:27,090 - vessel_data_pipeline - INFO - File temp_Expected_arrivals.xml passed validation checks
2025-10-27 19:17:27,091 - vessel_data_pipeline - INFO - Created backup: Expected_arrivals_20251027_191727.xml
2025-10-27 19:17:27,091 - vessel_data_pipeline - INFO - Updated metadata for Expected_arrivals.xml
2025-10-27 19:17:27,091 - vessel_data_pipeline - INFO - Successfully downloaded and validated Expected_arrivals.xml
2025-10-27 19:17:29,096 - vessel_data_pipeline - INFO - Downloading Expected_departures.xml (attempt 1/3)
2025-10-27 19:17:29,147 - vessel_data_pipeline - INFO - File temp_Expected_departures.xml passed validation checks
2025-10-27 19:17:29,147 - vessel_data_pipeline - INFO - Created backup: Expected_departures_20251027_191729.xml
2025-10-27 19:17:29,148 - vessel_data_pipeline - INFO - Updated metadata for Expected_departures.xml
2025-10-27 19:17:29,148 - vessel_data_pipeline - INFO - Successfully downloaded and validated Expected_departures.xml
2025-10-27 19:17:31,151 - vessel_data_pipeline - INFO - Fetch operation completed. Results: {'Arrived_in_last_36_hours.xml': True, 'Departed_in_last_36_hours.xml': True, 'Expected_arrivals.xml': True, 'Expected_departures.xml': True}
2025-10-27 19:17:47,617 - vessel_data_pipeline - INFO - VesselDataFetcher initialized. Pipeline enabled: True
2025-10-27 19:17:47,618 - vessel_data_pipeline - INFO - Starting vessel data fetch operation
2025-10-27 19:17:47,618 - vessel_data_pipeline - INFO - Discovering XML files from Hong Kong Marine Department portal
2025-10-27 19:17:47,690 - vessel_data_pipeline - INFO - Verified access to Arrived_in_last_36_hours.xml
2025-10-27 19:17:47,757 - vessel_data_pipeline - INFO - Verified access to Departed_in_last_36_hours.xml
2025-10-27 19:17:47,793 - vessel_data_pipeline - INFO - Verified access to Expected_arrivals.xml
2025-10-27 19:17:47,924 - vessel_data_pipeline - INFO - Verified access to Expected_departures.xml
2025-10-27 19:17:47,924 - vessel_data_pipeline - INFO - Discovered 4 XML files for download
2025-10-27 19:17:47,924 - vessel_data_pipeline - INFO - Downloading Arrived_in_last_36_hours.xml (attempt 1/3)
2025-10-27 19:17:48,013 - vessel_data_pipeline - INFO - File temp_Arrived_in_last_36_hours.xml passed validation checks
2025-10-27 19:17:48,014 - vessel_data_pipeline - INFO - Created backup: Arrived_in_last_36_hours_20251027_191748.xml
2025-10-27 19:17:48,015 - vessel_data_pipeline - INFO - Updated metadata for Arrived_in_last_36_hours.xml
2025-10-27 19:17:48,015 - vessel_data_pipeline - INFO - Successfully downloaded and validated Arrived_in_last_36_hours.xml
2025-10-27 19:17:50,016 - vessel_data_pipeline - INFO - Downloading Departed_in_last_36_hours.xml (attempt 1/3)
2025-10-27 19:17:50,178 - vessel_data_pipeline - INFO - File temp_Departed_in_last_36_hours.xml passed validation checks
2025-10-27 19:17:50,179 - vessel_data_pipeline - INFO - Created backup: Departed_in_last_36_hours_20251027_191750.xml
2025-10-27 19:17:50,179 - vessel_data_pipeline - INFO - Updated metadata for Departed_in_last_36_hours.xml
2025-10-27 19:17:50,179 - vessel_data_pipeline - INFO - Successfully downloaded and validated Departed_in_last_36_hours.xml
2025-10-27 19:17:52,184 - vessel_data_pipeline - INFO - Downloading Expected_arrivals.xml (attempt 1/3)
2025-10-27 19:17:52,269 - vessel_data_pipeline - INFO - File temp_Expected_arrivals.xml passed validation checks
2025-10-27 19:17:52,270 - vessel_data_pipeline - INFO - Created backup: Expected_arrivals_20251027_191752.xml
2025-10-27 19:17:52,270 - vessel_data_pipeline - INFO - Updated metadata for Expected_arrivals.xml
2025-10-27 19:17:52,270 - vessel_data_pipeline - INFO - Successfully downloaded and validated Expected_arrivals.xml
2025-10-27 19:17:54,275 - vessel_data_pipeline - INFO - Downloading Expected_departures.xml (attempt 1/3)
2025-10-27 19:17:54,354 - vessel_data_pipeline - INFO - File temp_Expected_departures.xml passed validation checks
2025-10-27 19:17:54,355 - vessel_data_pipeline - INFO - Created backup: Expected_departures_20251027_191754.xml
2025-10-27 19:17:54,355 - vessel_data_pipeline - INFO - Updated metadata for Expected_departures.xml
2025-10-27 19:17:54,355 - vessel_data_pipeline - INFO - Successfully downloaded and validated Expected_departures.xml
2025-10-27 19:17:56,359 - vessel_data_pipeline - INFO - Fetch operation completed. Results: {'Arrived_in_last_36_hours.xml': True, 'Departed_in_last_36_hours.xml': True, 'Expected_arrivals.xml': True, 'Expected_departures.xml': True}
2025-10-27 19:17:56,364 - vessel_data_pipeline - INFO - VesselDataFetcher initialized. Pipeline enabled: True
2025-10-27 19:17:56,364 - vessel_data_pipeline - INFO - Starting vessel data fetch operation
2025-10-27 19:17:56,364 - vessel_data_pipeline - INFO - Discovering XML files from Hong Kong Marine Department portal
2025-10-27 19:17:56,456 - vessel_data_pipeline - INFO - Verified access to Arrived_in_last_36_hours.xml
2025-10-27 19:17:56,492 - vessel_data_pipeline - INFO - Verified access to Departed_in_last_36_hours.xml
2025-10-27 19:17:56,524 - vessel_data_pipeline - INFO - Verified access to Expected_arrivals.xml
2025-10-27 19:17:56,577 - vessel_data_pipeline - INFO - Verified access to Expected_departures.xml
2025-10-27 19:17:56,577 - vessel_data_pipeline - INFO - Discovered 4 XML files for download
2025-10-27 19:17:56,577 - vessel_data_pipeline - INFO - Downloading Arrived_in_last_36_hours.xml (attempt 1/3)
2025-10-27 19:17:56,639 - vessel_data_pipeline - INFO - File temp_Arrived_in_last_36_hours.xml passed validation checks
2025-10-27 19:17:56,639 - vessel_data_pipeline - INFO - Created backup: Arrived_in_last_36_hours_20251027_191756.xml
2025-10-27 19:17:56,639 - vessel_data_pipeline - INFO - Updated metadata for Arrived_in_last_36_hours.xml
2025-10-27 19:17:56,640 - vessel_data_pipeline - INFO - Successfully downloaded and validated Arrived_in_last_36_hours.xml
2025-10-27 19:17:58,645 - vessel_data_pipeline - INFO - Downloading Departed_in_last_36_hours.xml (attempt 1/3)
2025-10-27 19:17:58,707 - vessel_data_pipeline - INFO - File temp_Departed_in_last_36_hours.xml passed validation checks
2025-10-27 19:17:58,707 - vessel_data_pipeline - INFO - Created backup: Departed_in_last_36_hours_20251027_191758.xml
2025-10-27 19:17:58,707 - vessel_data_pipeline - INFO - Updated metadata for Departed_in_last_36_hours.xml
2025-10-27 19:17:58,708 - vessel_data_pipeline - INFO - Successfully downloaded and validated Departed_in_last_36_hours.xml
2025-10-27 19:18:00,713 - vessel_data_pipeline - INFO - Downloading Expected_arrivals.xml (attempt 1/3)
2025-10-27 19:18:00,763 - vessel_data_pipeline - INFO - File temp_Expected_arrivals.xml passed validation checks
2025-10-27 19:18:00,764 - vessel_data_pipeline - INFO - Created backup: Expected_arrivals_20251027_191800.xml
2025-10-27 19:18:00,764 - vessel_data_pipeline - INFO - Updated metadata for Expected_arrivals.xml
2025-10-27 19:18:00,764 - vessel_data_pipeline - INFO - Successfully downloaded and validated Expected_arrivals.xml
2025-10-27 19:18:02,769 - vessel_data_pipeline - INFO - Downloading Expected_departures.xml (attempt 1/3)
2025-10-27 19:18:02,857 - vessel_data_pipeline - INFO - File temp_Expected_departures.xml passed validation checks
2025-10-27 19:18:02,858 - vessel_data_pipeline - INFO - Created backup: Expected_departures_20251027_191802.xml
2025-10-27 19:18:02,858 - vessel_data_pipeline - INFO - Updated metadata for Expected_departures.xml
2025-10-27 19:18:02,858 - vessel_data_pipeline - INFO - Successfully downloaded and validated Expected_departures.xml
2025-10-27 19:18:04,863 - vessel_data_pipeline - INFO - Fetch operation completed. Results: {'Arrived_in_last_36_hours.xml': True, 'Departed_in_last_36_hours.xml': True, 'Expected_arrivals.xml': True, 'Expected_departures.xml': True}
2025-10-27 19:18:04,868 - vessel_data_pipeline - INFO - VesselDataFetcher initialized. Pipeline enabled: True
2025-10-27 19:18:04,868 - vessel_data_pipeline - INFO - Starting vessel data fetch operation
2025-10-27 19:18:04,868 - vessel_data_pipeline - INFO - Discovering XML files from Hong Kong Marine Department portal
2025-10-27 19:18:04,932 - vessel_data_pipeline - INFO - Verified access to Arrived_in_last_36_hours.xml
2025-10-27 19:18:04,983 - vessel_data_pipeline - INFO - Verified access to Departed_in_last_36_hours.xml
2025-10-27 19:18:05,045 - vessel_data_pipeline - INFO - Verified access to Expected_arrivals.xml
2025-10-27 19:18:05,077 - vessel_data_pipeline - INFO - Verified access to Expected_departures.xml
2025-10-27 19:18:05,077 - vessel_data_pipeline - INFO - Discovered 4 XML files for download
2025-10-27 19:18:05,077 - vessel_data_pipeline - INFO - Downloading Arrived_in_last_36_hours.xml (attempt 1/3)
2025-10-27 19:18:05,164 - vessel_data_pipeline - INFO - File temp_Arrived_in_last_36_hours.xml passed validation checks
2025-10-27 19:18:05,165 - vessel_data_pipeline - INFO - Created backup: Arrived_in_last_36_hours_20251027_191805.xml
2025-10-27 19:18:05,165 - vessel_data_pipeline - INFO - Updated metadata for Arrived_in_last_36_hours.xml
2025-10-27 19:18:05,165 - vessel_data_pipeline - INFO - Successfully downloaded and validated Arrived_in_last_36_hours.xml
2025-10-27 19:18:07,170 - vessel_data_pipeline - INFO - Downloading Departed_in_last_36_hours.xml (attempt 1/3)
2025-10-27 19:18:07,227 - vessel_data_pipeline - INFO - File temp_Departed_in_last_36_hours.xml passed validation checks
2025-10-27 19:18:07,228 - vessel_data_pipeline - INFO - Created backup: Departed_in_last_36_hours_20251027_191807.xml
2025-10-27 19:18:07,228 - vessel_data_pipeline - INFO - Updated metadata for Departed_in_last_36_hours.xml
2025-10-27 19:18:07,228 - vessel_data_pipeline - INFO - Successfully downloaded and validated Departed_in_last_36_hours.xml
2025-10-27 19:18:09,233 - vessel_data_pipeline - INFO - Downloading Expected_arrivals.xml (attempt 1/3)
2025-10-27 19:18:09,296 - vessel_data_pipeline - INFO - File temp_Expected_arrivals.xml passed validation checks
2025-10-27 19:18:09,296 - vessel_data_pipeline - INFO - Created backup: Expected_arrivals_20251027_191809.xml
2025-10-27 19:18:09,296 - vessel_data_pipeline - INFO - Updated metadata for Expected_arrivals.xml
2025-10-27 19:18:09,296 - vessel_data_pipeline - INFO - Successfully downloaded and validated Expected_arrivals.xml
2025-10-27 19:18:11,301 - vessel_data_pipeline - INFO - Downloading Expected_departures.xml (attempt 1/3)
2025-10-27 19:18:11,350 - vessel_data_pipeline - INFO - File temp_Expected_departures.xml passed validation checks
2025-10-27 19:18:11,350 - vessel_data_pipeline - INFO - Created backup: Expected_departures_20251027_191811.xml
2025-10-27 19:18:11,351 - vessel_data_pipeline - INFO - Updated metadata for Expected_departures.xml
2025-10-27 19:18:11,351 - vessel_data_pipeline - INFO - Successfully downloaded and validated Expected_departures.xml
2025-10-27 19:18:13,356 - vessel_data_pipeline - INFO - Fetch operation completed. Results: {'Arrived_in_last_36_hours.xml': True, 'Departed_in_last_36_hours.xml': True, 'Expected_arrivals.xml': True, 'Expected_departures.xml': True}
2025-10-27 19:18:13,361 - vessel_data_pipeline - INFO - VesselDataFetcher initialized. Pipeline enabled: True
2025-10-27 19:18:13,361 - vessel_data_pipeline - INFO - Starting vessel data fetch operation
2025-10-27 19:18:13,362 - vessel_data_pipeline - INFO - Discovering XML files from Hong Kong Marine Department portal
2025-10-27 19:18:13,468 - vessel_data_pipeline - INFO - Verified access to Arrived_in_last_36_hours.xml
2025-10-27 19:18:13,501 - vessel_data_pipeline - INFO - Verified access to Departed_in_last_36_hours.xml
2025-10-27 19:18:13,541 - vessel_data_pipeline - INFO - Verified access to Expected_arrivals.xml
2025-10-27 19:18:13,599 - vessel_data_pipeline - INFO - Verified access to Expected_departures.xml
2025-10-27 19:18:13,599 - vessel_data_pipeline - INFO - Discovered 4 XML files for download
2025-10-27 19:18:13,600 - vessel_data_pipeline - INFO - Downloading Arrived_in_last_36_hours.xml (attempt 1/3)
2025-10-27 19:18:13,740 - vessel_data_pipeline - INFO - File temp_Arrived_in_last_36_hours.xml passed validation checks
2025-10-27 19:18:13,741 - vessel_data_pipeline - INFO - Created backup: Arrived_in_last_36_hours_20251027_191813.xml
2025-10-27 19:18:13,741 - vessel_data_pipeline - INFO - Updated metadata for Arrived_in_last_36_hours.xml
2025-10-27 19:18:13,741 - vessel_data_pipeline - INFO - Successfully downloaded and validated Arrived_in_last_36_hours.xml
2025-10-27 19:18:15,744 - vessel_data_pipeline - INFO - Downloading Departed_in_last_36_hours.xml (attempt 1/3)
2025-10-27 19:18:15,820 - vessel_data_pipeline - INFO - File temp_Departed_in_last_36_hours.xml passed validation checks
2025-10-27 19:18:15,821 - vessel_data_pipeline - INFO - Created backup: Departed_in_last_36_hours_20251027_191815.xml
2025-10-27 19:18:15,821 - vessel_data_pipeline - INFO - Updated metadata for Departed_in_last_36_hours.xml
2025-10-27 19:18:15,821 - vessel_data_pipeline - INFO - Successfully downloaded and validated Departed_in_last_36_hours.xml
2025-10-27 19:18:17,826 - vessel_data_pipeline - INFO - Downloading Expected_arrivals.xml (attempt 1/3)
2025-10-27 19:18:17,871 - vessel_data_pipeline - INFO - File temp_Expected_arrivals.xml passed validation checks
2025-10-27 19:18:17,871 - vessel_data_pipeline - INFO - Created backup: Expected_arrivals_20251027_191817.xml
2025-10-27 19:18:17,871 - vessel_data_pipeline - INFO - Updated metadata for Expected_arrivals.xml
2025-10-27 19:18:17,872 - vessel_data_pipeline - INFO - Successfully downloaded and validated Expected_arrivals.xml
2025-10-27 19:18:19,877 - vessel_data_pipeline - INFO - Downloading Expected_departures.xml (attempt 1/3)
2025-10-27 19:18:19,966 - vessel_data_pipeline - INFO - File temp_Expected_departures.xml passed validation checks
2025-10-27 19:18:19,967 - vessel_data_pipeline - INFO - Created backup: Expected_departures_20251027_191819.xml
2025-10-27 19:18:19,967 - vessel_data_pipeline - INFO - Updated metadata for Expected_departures.xml
2025-10-27 19:18:19,967 - vessel_data_pipeline - INFO - Successfully downloaded and validated Expected_departures.xml
2025-10-27 19:18:21,968 - vessel_data_pipeline - INFO - Fetch operation completed. Results: {'Arrived_in_last_36_hours.xml': True, 'Departed_in_last_36_hours.xml': True, 'Expected_arrivals.xml': True, 'Expected_departures.xml': True}
2025-10-27 19:18:35,166 - vessel_data_pipeline - INFO - VesselDataFetcher initialized. Pipeline enabled: True
2025-10-27 19:18:35,168 - vessel_data_pipeline - INFO - Starting vessel data fetch operation
2025-10-27 19:18:35,168 - vessel_data_pipeline - INFO - Discovering XML files from Hong Kong Marine Department portal
2025-10-27 19:18:35,245 - vessel_data_pipeline - INFO - Verified access to Arrived_in_last_36_hours.xml
2025-10-27 19:18:35,276 - vessel_data_pipeline - INFO - Verified access to Departed_in_last_36_hours.xml
2025-10-27 19:18:35,356 - vessel_data_pipeline - INFO - Verified access to Expected_arrivals.xml
2025-10-27 19:18:35,391 - vessel_data_pipeline - INFO - Verified access to Expected_departures.xml
2025-10-27 19:18:35,391 - vessel_data_pipeline - INFO - Discovered 4 XML files for download
2025-10-27 19:18:35,391 - vessel_data_pipeline - INFO - Downloading Arrived_in_last_36_hours.xml (attempt 1/3)
2025-10-27 19:18:35,448 - vessel_data_pipeline - INFO - File temp_Arrived_in_last_36_hours.xml passed validation checks
2025-10-27 19:18:35,449 - vessel_data_pipeline - INFO - Created backup: Arrived_in_last_36_hours_20251027_191835.xml
2025-10-27 19:18:35,450 - vessel_data_pipeline - INFO - Updated metadata for Arrived_in_last_36_hours.xml
2025-10-27 19:18:35,450 - vessel_data_pipeline - INFO - Successfully downloaded and validated Arrived_in_last_36_hours.xml
2025-10-27 19:18:37,455 - vessel_data_pipeline - INFO - Downloading Departed_in_last_36_hours.xml (attempt 1/3)
2025-10-27 19:18:37,702 - vessel_data_pipeline - INFO - File temp_Departed_in_last_36_hours.xml passed validation checks
2025-10-27 19:18:37,702 - vessel_data_pipeline - INFO - Created backup: Departed_in_last_36_hours_20251027_191837.xml
2025-10-27 19:18:37,702 - vessel_data_pipeline - INFO - Updated metadata for Departed_in_last_36_hours.xml
2025-10-27 19:18:37,702 - vessel_data_pipeline - INFO - Successfully downloaded and validated Departed_in_last_36_hours.xml
2025-10-27 19:18:39,707 - vessel_data_pipeline - INFO - Downloading Expected_arrivals.xml (attempt 1/3)
2025-10-27 19:18:39,792 - vessel_data_pipeline - INFO - File temp_Expected_arrivals.xml passed validation checks
2025-10-27 19:18:39,793 - vessel_data_pipeline - INFO - Created backup: Expected_arrivals_20251027_191839.xml
2025-10-27 19:18:39,793 - vessel_data_pipeline - INFO - Updated metadata for Expected_arrivals.xml
2025-10-27 19:18:39,793 - vessel_data_pipeline - INFO - Successfully downloaded and validated Expected_arrivals.xml
2025-10-27 19:18:41,798 - vessel_data_pipeline - INFO - Downloading Expected_departures.xml (attempt 1/3)
2025-10-27 19:18:41,858 - vessel_data_pipeline - INFO - File temp_Expected_departures.xml passed validation checks
2025-10-27 19:18:41,859 - vessel_data_pipeline - INFO - Created backup: Expected_departures_20251027_191841.xml
2025-10-27 19:18:41,859 - vessel_data_pipeline - INFO - Updated metadata for Expected_departures.xml
2025-10-27 19:18:41,859 - vessel_data_pipeline - INFO - Successfully downloaded and validated Expected_departures.xml
2025-10-27 19:18:43,863 - vessel_data_pipeline - INFO - Fetch operation completed. Results: {'Arrived_in_last_36_hours.xml': True, 'Departed_in_last_36_hours.xml': True, 'Expected_arrivals.xml': True, 'Expected_departures.xml': True}
2025-10-27 19:18:43,868 - vessel_data_pipeline - INFO - VesselDataFetcher initialized. Pipeline enabled: True
2025-10-27 19:18:43,869 - vessel_data_pipeline - INFO - Starting vessel data fetch operation
2025-10-27 19:18:43,869 - vessel_data_pipeline - INFO - Discovering XML files from Hong Kong Marine Department portal
2025-10-27 19:18:43,938 - vessel_data_pipeline - INFO - Verified access to Arrived_in_last_36_hours.xml
2025-10-27 19:18:43,986 - vessel_data_pipeline - INFO - Verified access to Departed_in_last_36_hours.xml
2025-10-27 19:18:44,017 - vessel_data_pipeline - INFO - Verified access to Expected_arrivals.xml
2025-10-27 19:18:44,047 - vessel_data_pipeline - INFO - Verified access to Expected_departures.xml
2025-10-27 19:18:44,047 - vessel_data_pipeline - INFO - Discovered 4 XML files for download
2025-10-27 19:18:44,047 - vessel_data_pipeline - INFO - Downloading Arrived_in_last_36_hours.xml (attempt 1/3)
2025-10-27 19:18:44,112 - vessel_data_pipeline - INFO - File temp_Arrived_in_last_36_hours.xml passed validation checks
2025-10-27 19:18:44,112 - vessel_data_pipeline - INFO - Created backup: Arrived_in_last_36_hours_20251027_191844.xml
2025-10-27 19:18:44,112 - vessel_data_pipeline - INFO - Updated metadata for Arrived_in_last_36_hours.xml
2025-10-27 19:18:44,113 - vessel_data_pipeline - INFO - Successfully downloaded and validated Arrived_in_last_36_hours.xml
2025-10-27 19:18:46,114 - vessel_data_pipeline - INFO - Downloading Departed_in_last_36_hours.xml (attempt 1/3)
2025-10-27 19:18:46,199 - vessel_data_pipeline - INFO - File temp_Departed_in_last_36_hours.xml passed validation checks
2025-10-27 19:18:46,199 - vessel_data_pipeline - INFO - Created backup: Departed_in_last_36_hours_20251027_191846.xml
2025-10-27 19:18:46,200 - vessel_data_pipeline - INFO - Updated metadata for Departed_in_last_36_hours.xml
2025-10-27 19:18:46,200 - vessel_data_pipeline - INFO - Successfully downloaded and validated Departed_in_last_36_hours.xml
2025-10-27 19:18:48,205 - vessel_data_pipeline - INFO - Downloading Expected_arrivals.xml (attempt 1/3)
2025-10-27 19:18:48,257 - vessel_data_pipeline - INFO - File temp_Expected_arrivals.xml passed validation checks
2025-10-27 19:18:48,258 - vessel_data_pipeline - INFO - Created backup: Expected_arrivals_20251027_191848.xml
2025-10-27 19:18:48,258 - vessel_data_pipeline - INFO - Updated metadata for Expected_arrivals.xml
2025-10-27 19:18:48,258 - vessel_data_pipeline - INFO - Successfully downloaded and validated Expected_arrivals.xml
2025-10-27 19:18:50,263 - vessel_data_pipeline - INFO - Downloading Expected_departures.xml (attempt 1/3)
2025-10-27 19:18:50,306 - vessel_data_pipeline - INFO - File temp_Expected_departures.xml passed validation checks
2025-10-27 19:18:50,307 - vessel_data_pipeline - INFO - Created backup: Expected_departures_20251027_191850.xml
2025-10-27 19:18:50,307 - vessel_data_pipeline - INFO - Updated metadata for Expected_departures.xml
2025-10-27 19:18:50,307 - vessel_data_pipeline - INFO - Successfully downloaded and validated Expected_departures.xml
2025-10-27 19:18:52,310 - vessel_data_pipeline - INFO - Fetch operation completed. Results: {'Arrived_in_last_36_hours.xml': True, 'Departed_in_last_36_hours.xml': True, 'Expected_arrivals.xml': True, 'Expected_departures.xml': True}
2025-10-27 19:18:52,315 - vessel_data_pipeline - INFO - VesselDataFetcher initialized. Pipeline enabled: True
2025-10-27 19:18:52,315 - vessel_data_pipeline - INFO - Starting vessel data fetch operation
2025-10-27 19:18:52,315 - vessel_data_pipeline - INFO - Discovering XML files from Hong Kong Marine Department portal
2025-10-27 19:18:52,427 - vessel_data_pipeline - INFO - Verified access to Arrived_in_last_36_hours.xml
2025-10-27 19:18:52,469 - vessel_data_pipeline - INFO - Verified access to Departed_in_last_36_hours.xml
2025-10-27 19:18:52,601 - vessel_data_pipeline - INFO - Verified access to Expected_arrivals.xml
2025-10-27 19:18:52,716 - vessel_data_pipeline - INFO - Verified access to Expected_departures.xml
2025-10-27 19:18:52,716 - vessel_data_pipeline - INFO - Discovered 4 XML files for download
2025-10-27 19:18:52,716 - vessel_data_pipeline - INFO - Downloading Arrived_in_last_36_hours.xml (attempt 1/3)
2025-10-27 19:18:52,881 - vessel_data_pipeline - INFO - File temp_Arrived_in_last_36_hours.xml passed validation checks
2025-10-27 19:18:52,881 - vessel_data_pipeline - INFO - Created backup: Arrived_in_last_36_hours_20251027_191852.xml
2025-10-27 19:18:52,881 - vessel_data_pipeline - INFO - Updated metadata for Arrived_in_last_36_hours.xml
2025-10-27 19:18:52,882 - vessel_data_pipeline - INFO - Successfully downloaded and validated Arrived_in_last_36_hours.xml
2025-10-27 19:18:54,883 - vessel_data_pipeline - INFO - Downloading Departed_in_last_36_hours.xml (attempt 1/3)
2025-10-27 19:18:54,969 - vessel_data_pipeline - INFO - File temp_Departed_in_last_36_hours.xml passed validation checks
2025-10-27 19:18:54,970 - vessel_data_pipeline - INFO - Created backup: Departed_in_last_36_hours_20251027_191854.xml
2025-10-27 19:18:54,970 - vessel_data_pipeline - INFO - Updated metadata for Departed_in_last_36_hours.xml
2025-10-27 19:18:54,970 - vessel_data_pipeline - INFO - Successfully downloaded and validated Departed_in_last_36_hours.xml
2025-10-27 19:18:56,975 - vessel_data_pipeline - INFO - Downloading Expected_arrivals.xml (attempt 1/3)
2025-10-27 19:18:57,064 - vessel_data_pipeline - INFO - File temp_Expected_arrivals.xml passed validation checks
2025-10-27 19:18:57,065 - vessel_data_pipeline - INFO - Created backup: Expected_arrivals_20251027_191857.xml
2025-10-27 19:18:57,065 - vessel_data_pipeline - INFO - Updated metadata for Expected_arrivals.xml
2025-10-27 19:18:57,065 - vessel_data_pipeline - INFO - Successfully downloaded and validated Expected_arrivals.xml
2025-10-27 19:18:59,070 - vessel_data_pipeline - INFO - Downloading Expected_departures.xml (attempt 1/3)
2025-10-27 19:18:59,125 - vessel_data_pipeline - INFO - File temp_Expected_departures.xml passed validation checks
2025-10-27 19:18:59,126 - vessel_data_pipeline - INFO - Created backup: Expected_departures_20251027_191859.xml
2025-10-27 19:18:59,126 - vessel_data_pipeline - INFO - Updated metadata for Expected_departures.xml
2025-10-27 19:18:59,126 - vessel_data_pipeline - INFO - Successfully downloaded and validated Expected_departures.xml
2025-10-27 19:19:01,131 - vessel_data_pipeline - INFO - Fetch operation completed. Results: {'Arrived_in_last_36_hours.xml': True, 'Departed_in_last_36_hours.xml': True, 'Expected_arrivals.xml': True, 'Expected_departures.xml': True}
2025-10-27 19:19:01,135 - vessel_data_pipeline - INFO - VesselDataFetcher initialized. Pipeline enabled: True
2025-10-27 19:19:01,135 - vessel_data_pipeline - INFO - Starting vessel data fetch operation
2025-10-27 19:19:01,135 - vessel_data_pipeline - INFO - Discovering XML files from Hong Kong Marine Department portal
2025-10-27 19:19:01,205 - vessel_data_pipeline - INFO - Verified access to Arrived_in_last_36_hours.xml
2025-10-27 19:19:01,240 - vessel_data_pipeline - INFO - Verified access to Departed_in_last_36_hours.xml
2025-10-27 19:19:01,516 - vessel_data_pipeline - INFO - Verified access to Expected_arrivals.xml
2025-10-27 19:19:01,676 - vessel_data_pipeline - INFO - Verified access to Expected_departures.xml
2025-10-27 19:19:01,676 - vessel_data_pipeline - INFO - Discovered 4 XML files for download
2025-10-27 19:19:01,676 - vessel_data_pipeline - INFO - Downloading Arrived_in_last_36_hours.xml (attempt 1/3)
2025-10-27 19:19:02,005 - vessel_data_pipeline - INFO - File temp_Arrived_in_last_36_hours.xml passed validation checks
2025-10-27 19:19:02,005 - vessel_data_pipeline - INFO - Created backup: Arrived_in_last_36_hours_20251027_191902.xml
2025-10-27 19:19:02,005 - vessel_data_pipeline - INFO - Updated metadata for Arrived_in_last_36_hours.xml
2025-10-27 19:19:02,005 - vessel_data_pipeline - INFO - Successfully downloaded and validated Arrived_in_last_36_hours.xml
2025-10-27 19:19:04,007 - vessel_data_pipeline - INFO - Downloading Departed_in_last_36_hours.xml (attempt 1/3)
2025-10-27 19:19:04,094 - vessel_data_pipeline - INFO - File temp_Departed_in_last_36_hours.xml passed validation checks
2025-10-27 19:19:04,094 - vessel_data_pipeline - INFO - Created backup: Departed_in_last_36_hours_20251027_191904.xml
2025-10-27 19:19:04,094 - vessel_data_pipeline - INFO - Updated metadata for Departed_in_last_36_hours.xml
2025-10-27 19:19:04,094 - vessel_data_pipeline - INFO - Successfully downloaded and validated Departed_in_last_36_hours.xml
2025-10-27 19:19:06,095 - vessel_data_pipeline - INFO - Downloading Expected_arrivals.xml (attempt 1/3)
2025-10-27 19:19:06,154 - vessel_data_pipeline - INFO - File temp_Expected_arrivals.xml passed validation checks
2025-10-27 19:19:06,155 - vessel_data_pipeline - INFO - Created backup: Expected_arrivals_20251027_191906.xml
2025-10-27 19:19:06,155 - vessel_data_pipeline - INFO - Updated metadata for Expected_arrivals.xml
2025-10-27 19:19:06,155 - vessel_data_pipeline - INFO - Successfully downloaded and validated Expected_arrivals.xml
2025-10-27 19:19:08,160 - vessel_data_pipeline - INFO - Downloading Expected_departures.xml (attempt 1/3)
2025-10-27 19:19:08,243 - vessel_data_pipeline - INFO - File temp_Expected_departures.xml passed validation checks
2025-10-27 19:19:08,243 - vessel_data_pipeline - INFO - Created backup: Expected_departures_20251027_191908.xml
2025-10-27 19:19:08,244 - vessel_data_pipeline - INFO - Updated metadata for Expected_departures.xml
2025-10-27 19:19:08,244 - vessel_data_pipeline - INFO - Successfully downloaded and validated Expected_departures.xml
2025-10-27 19:19:10,247 - vessel_data_pipeline - INFO - Fetch operation completed. Results: {'Arrived_in_last_36_hours.xml': True, 'Departed_in_last_36_hours.xml': True, 'Expected_arrivals.xml': True, 'Expected_departures.xml': True}
2025-10-27 19:19:29,569 - vessel_data_pipeline - INFO - VesselDataFetcher initialized. Pipeline enabled: True
2025-10-27 19:19:29,571 - vessel_data_pipeline - INFO - Starting vessel data fetch operation
2025-10-27 19:19:29,571 - vessel_data_pipeline - INFO - Discovering XML files from Hong Kong Marine Department portal
2025-10-27 19:19:29,646 - vessel_data_pipeline - INFO - Verified access to Arrived_in_last_36_hours.xml
2025-10-27 19:19:29,808 - vessel_data_pipeline - INFO - Verified access to Departed_in_last_36_hours.xml
2025-10-27 19:19:29,844 - vessel_data_pipeline - INFO - Verified access to Expected_arrivals.xml
2025-10-27 19:19:29,879 - vessel_data_pipeline - INFO - Verified access to Expected_departures.xml
2025-10-27 19:19:29,880 - vessel_data_pipeline - INFO - Discovered 4 XML files for download
2025-10-27 19:19:29,880 - vessel_data_pipeline - INFO - Downloading Arrived_in_last_36_hours.xml (attempt 1/3)
2025-10-27 19:19:29,976 - vessel_data_pipeline - INFO - File temp_Arrived_in_last_36_hours.xml passed validation checks
2025-10-27 19:19:29,977 - vessel_data_pipeline - INFO - Created backup: Arrived_in_last_36_hours_20251027_191929.xml
2025-10-27 19:19:29,978 - vessel_data_pipeline - INFO - Updated metadata for Arrived_in_last_36_hours.xml
2025-10-27 19:19:29,978 - vessel_data_pipeline - INFO - Successfully downloaded and validated Arrived_in_last_36_hours.xml
2025-10-27 19:19:31,981 - vessel_data_pipeline - INFO - Downloading Departed_in_last_36_hours.xml (attempt 1/3)
2025-10-27 19:19:32,056 - vessel_data_pipeline - INFO - File temp_Departed_in_last_36_hours.xml passed validation checks
2025-10-27 19:19:32,057 - vessel_data_pipeline - INFO - Created backup: Departed_in_last_36_hours_20251027_191932.xml
2025-10-27 19:19:32,057 - vessel_data_pipeline - INFO - Updated metadata for Departed_in_last_36_hours.xml
2025-10-27 19:19:32,057 - vessel_data_pipeline - INFO - Successfully downloaded and validated Departed_in_last_36_hours.xml
2025-10-27 19:19:34,062 - vessel_data_pipeline - INFO - Downloading Expected_arrivals.xml (attempt 1/3)
2025-10-27 19:19:34,114 - vessel_data_pipeline - INFO - File temp_Expected_arrivals.xml passed validation checks
2025-10-27 19:19:34,114 - vessel_data_pipeline - INFO - Created backup: Expected_arrivals_20251027_191934.xml
2025-10-27 19:19:34,115 - vessel_data_pipeline - INFO - Updated metadata for Expected_arrivals.xml
2025-10-27 19:19:34,115 - vessel_data_pipeline - INFO - Successfully downloaded and validated Expected_arrivals.xml
2025-10-27 19:19:36,120 - vessel_data_pipeline - INFO - Downloading Expected_departures.xml (attempt 1/3)
2025-10-27 19:19:36,253 - vessel_data_pipeline - INFO - File temp_Expected_departures.xml passed validation checks
2025-10-27 19:19:36,254 - vessel_data_pipeline - INFO - Created backup: Expected_departures_20251027_191936.xml
2025-10-27 19:19:36,254 - vessel_data_pipeline - INFO - Updated metadata for Expected_departures.xml
2025-10-27 19:19:36,254 - vessel_data_pipeline - INFO - Successfully downloaded and validated Expected_departures.xml
2025-10-27 19:19:38,259 - vessel_data_pipeline - INFO - Fetch operation completed. Results: {'Arrived_in_last_36_hours.xml': True, 'Departed_in_last_36_hours.xml': True, 'Expected_arrivals.xml': True, 'Expected_departures.xml': True}
2025-10-27 19:19:38,274 - vessel_data_pipeline - INFO - VesselDataFetcher initialized. Pipeline enabled: True
2025-10-27 19:19:38,275 - vessel_data_pipeline - INFO - Starting vessel data fetch operation
2025-10-27 19:19:38,275 - vessel_data_pipeline - INFO - Discovering XML files from Hong Kong Marine Department portal
2025-10-27 19:19:38,371 - vessel_data_pipeline - INFO - Verified access to Arrived_in_last_36_hours.xml
2025-10-27 19:19:38,415 - vessel_data_pipeline - INFO - Verified access to Departed_in_last_36_hours.xml
2025-10-27 19:19:38,459 - vessel_data_pipeline - INFO - Verified access to Expected_arrivals.xml
2025-10-27 19:19:38,559 - vessel_data_pipeline - INFO - Verified access to Expected_departures.xml
2025-10-27 19:19:38,559 - vessel_data_pipeline - INFO - Discovered 4 XML files for download
2025-10-27 19:19:38,559 - vessel_data_pipeline - INFO - Downloading Arrived_in_last_36_hours.xml (attempt 1/3)
2025-10-27 19:19:38,650 - vessel_data_pipeline - INFO - File temp_Arrived_in_last_36_hours.xml passed validation checks
2025-10-27 19:19:38,650 - vessel_data_pipeline - INFO - Created backup: Arrived_in_last_36_hours_20251027_191938.xml
2025-10-27 19:19:38,651 - vessel_data_pipeline - INFO - Updated metadata for Arrived_in_last_36_hours.xml
2025-10-27 19:19:38,651 - vessel_data_pipeline - INFO - Successfully downloaded and validated Arrived_in_last_36_hours.xml
2025-10-27 19:19:40,653 - vessel_data_pipeline - INFO - Downloading Departed_in_last_36_hours.xml (attempt 1/3)
2025-10-27 19:19:40,726 - vessel_data_pipeline - INFO - File temp_Departed_in_last_36_hours.xml passed validation checks
2025-10-27 19:19:40,727 - vessel_data_pipeline - INFO - Created backup: Departed_in_last_36_hours_20251027_191940.xml
2025-10-27 19:19:40,727 - vessel_data_pipeline - INFO - Updated metadata for Departed_in_last_36_hours.xml
2025-10-27 19:19:40,727 - vessel_data_pipeline - INFO - Successfully downloaded and validated Departed_in_last_36_hours.xml
2025-10-27 19:19:42,732 - vessel_data_pipeline - INFO - Downloading Expected_arrivals.xml (attempt 1/3)
2025-10-27 19:19:42,780 - vessel_data_pipeline - INFO - File temp_Expected_arrivals.xml passed validation checks
2025-10-27 19:19:42,780 - vessel_data_pipeline - INFO - Created backup: Expected_arrivals_20251027_191942.xml
2025-10-27 19:19:42,781 - vessel_data_pipeline - INFO - Updated metadata for Expected_arrivals.xml
2025-10-27 19:19:42,781 - vessel_data_pipeline - INFO - Successfully downloaded and validated Expected_arrivals.xml
2025-10-27 19:19:44,782 - vessel_data_pipeline - INFO - Downloading Expected_departures.xml (attempt 1/3)
2025-10-27 19:19:44,867 - vessel_data_pipeline - INFO - File temp_Expected_departures.xml passed validation checks
2025-10-27 19:19:44,867 - vessel_data_pipeline - INFO - Created backup: Expected_departures_20251027_191944.xml
2025-10-27 19:19:44,868 - vessel_data_pipeline - INFO - Updated metadata for Expected_departures.xml
2025-10-27 19:19:44,868 - vessel_data_pipeline - INFO - Successfully downloaded and validated Expected_departures.xml
2025-10-27 19:19:46,873 - vessel_data_pipeline - INFO - Fetch operation completed. Results: {'Arrived_in_last_36_hours.xml': True, 'Departed_in_last_36_hours.xml': True, 'Expected_arrivals.xml': True, 'Expected_departures.xml': True}
2025-10-27 19:19:46,885 - vessel_data_pipeline - INFO - VesselDataFetcher initialized. Pipeline enabled: True
2025-10-27 19:19:46,886 - vessel_data_pipeline - INFO - Starting vessel data fetch operation
2025-10-27 19:19:46,886 - vessel_data_pipeline - INFO - Discovering XML files from Hong Kong Marine Department portal
2025-10-27 19:19:46,945 - vessel_data_pipeline - INFO - Verified access to Arrived_in_last_36_hours.xml
2025-10-27 19:19:46,981 - vessel_data_pipeline - INFO - Verified access to Departed_in_last_36_hours.xml
2025-10-27 19:19:47,042 - vessel_data_pipeline - INFO - Verified access to Expected_arrivals.xml
2025-10-27 19:19:47,073 - vessel_data_pipeline - INFO - Verified access to Expected_departures.xml
2025-10-27 19:19:47,073 - vessel_data_pipeline - INFO - Discovered 4 XML files for download
2025-10-27 19:19:47,073 - vessel_data_pipeline - INFO - Downloading Arrived_in_last_36_hours.xml (attempt 1/3)
2025-10-27 19:19:47,122 - vessel_data_pipeline - INFO - File temp_Arrived_in_last_36_hours.xml passed validation checks
2025-10-27 19:19:47,122 - vessel_data_pipeline - INFO - Created backup: Arrived_in_last_36_hours_20251027_191947.xml
2025-10-27 19:19:47,122 - vessel_data_pipeline - INFO - Updated metadata for Arrived_in_last_36_hours.xml
2025-10-27 19:19:47,122 - vessel_data_pipeline - INFO - Successfully downloaded and validated Arrived_in_last_36_hours.xml
2025-10-27 19:19:49,126 - vessel_data_pipeline - INFO - Downloading Departed_in_last_36_hours.xml (attempt 1/3)
2025-10-27 19:19:49,239 - vessel_data_pipeline - INFO - File temp_Departed_in_last_36_hours.xml passed validation checks
2025-10-27 19:19:49,240 - vessel_data_pipeline - INFO - Created backup: Departed_in_last_36_hours_20251027_191949.xml
2025-10-27 19:19:49,240 - vessel_data_pipeline - INFO - Updated metadata for Departed_in_last_36_hours.xml
2025-10-27 19:19:49,240 - vessel_data_pipeline - INFO - Successfully downloaded and validated Departed_in_last_36_hours.xml
2025-10-27 19:19:51,243 - vessel_data_pipeline - INFO - Downloading Expected_arrivals.xml (attempt 1/3)
2025-10-27 19:19:51,288 - vessel_data_pipeline - INFO - File temp_Expected_arrivals.xml passed validation checks
2025-10-27 19:19:51,288 - vessel_data_pipeline - INFO - Created backup: Expected_arrivals_20251027_191951.xml
2025-10-27 19:19:51,289 - vessel_data_pipeline - INFO - Updated metadata for Expected_arrivals.xml
2025-10-27 19:19:51,289 - vessel_data_pipeline - INFO - Successfully downloaded and validated Expected_arrivals.xml
2025-10-27 19:19:53,293 - vessel_data_pipeline - INFO - Downloading Expected_departures.xml (attempt 1/3)
2025-10-27 19:19:53,373 - vessel_data_pipeline - INFO - File temp_Expected_departures.xml passed validation checks
2025-10-27 19:19:53,373 - vessel_data_pipeline - INFO - Created backup: Expected_departures_20251027_191953.xml
2025-10-27 19:19:53,373 - vessel_data_pipeline - INFO - Updated metadata for Expected_departures.xml
2025-10-27 19:19:53,373 - vessel_data_pipeline - INFO - Successfully downloaded and validated Expected_departures.xml
2025-10-27 19:19:55,379 - vessel_data_pipeline - INFO - Fetch operation completed. Results: {'Arrived_in_last_36_hours.xml': True, 'Departed_in_last_36_hours.xml': True, 'Expected_arrivals.xml': True, 'Expected_departures.xml': True}
2025-10-27 19:19:55,390 - vessel_data_pipeline - INFO - VesselDataFetcher initialized. Pipeline enabled: True
2025-10-27 19:19:55,391 - vessel_data_pipeline - INFO - Starting vessel data fetch operation
2025-10-27 19:19:55,391 - vessel_data_pipeline - INFO - Discovering XML files from Hong Kong Marine Department portal
2025-10-27 19:19:55,448 - vessel_data_pipeline - INFO - Verified access to Arrived_in_last_36_hours.xml
2025-10-27 19:19:55,518 - vessel_data_pipeline - INFO - Verified access to Departed_in_last_36_hours.xml
2025-10-27 19:19:55,552 - vessel_data_pipeline - INFO - Verified access to Expected_arrivals.xml
2025-10-27 19:19:55,585 - vessel_data_pipeline - INFO - Verified access to Expected_departures.xml
2025-10-27 19:19:55,585 - vessel_data_pipeline - INFO - Discovered 4 XML files for download
2025-10-27 19:19:55,585 - vessel_data_pipeline - INFO - Downloading Arrived_in_last_36_hours.xml (attempt 1/3)
2025-10-27 19:19:55,674 - vessel_data_pipeline - INFO - File temp_Arrived_in_last_36_hours.xml passed validation checks
2025-10-27 19:19:55,674 - vessel_data_pipeline - INFO - Created backup: Arrived_in_last_36_hours_20251027_191955.xml
2025-10-27 19:19:55,675 - vessel_data_pipeline - INFO - Updated metadata for Arrived_in_last_36_hours.xml
2025-10-27 19:19:55,675 - vessel_data_pipeline - INFO - Successfully downloaded and validated Arrived_in_last_36_hours.xml
2025-10-27 19:19:57,675 - vessel_data_pipeline - INFO - Downloading Departed_in_last_36_hours.xml (attempt 1/3)
2025-10-27 19:19:57,737 - vessel_data_pipeline - INFO - File temp_Departed_in_last_36_hours.xml passed validation checks
2025-10-27 19:19:57,738 - vessel_data_pipeline - INFO - Created backup: Departed_in_last_36_hours_20251027_191957.xml
2025-10-27 19:19:57,738 - vessel_data_pipeline - INFO - Updated metadata for Departed_in_last_36_hours.xml
2025-10-27 19:19:57,738 - vessel_data_pipeline - INFO - Successfully downloaded and validated Departed_in_last_36_hours.xml
2025-10-27 19:19:59,743 - vessel_data_pipeline - INFO - Downloading Expected_arrivals.xml (attempt 1/3)
2025-10-27 19:19:59,812 - vessel_data_pipeline - INFO - File temp_Expected_arrivals.xml passed validation checks
2025-10-27 19:19:59,812 - vessel_data_pipeline - INFO - Created backup: Expected_arrivals_20251027_191959.xml
2025-10-27 19:19:59,813 - vessel_data_pipeline - INFO - Updated metadata for Expected_arrivals.xml
2025-10-27 19:19:59,813 - vessel_data_pipeline - INFO - Successfully downloaded and validated Expected_arrivals.xml
2025-10-27 19:20:01,817 - vessel_data_pipeline - INFO - Downloading Expected_departures.xml (attempt 1/3)
2025-10-27 19:20:01,890 - vessel_data_pipeline - INFO - File temp_Expected_departures.xml passed validation checks
2025-10-27 19:20:01,890 - vessel_data_pipeline - INFO - Created backup: Expected_departures_20251027_192001.xml
2025-10-27 19:20:01,890 - vessel_data_pipeline - INFO - Updated metadata for Expected_departures.xml
2025-10-27 19:20:01,890 - vessel_data_pipeline - INFO - Successfully downloaded and validated Expected_departures.xml
2025-10-27 19:20:03,895 - vessel_data_pipeline - INFO - Fetch operation completed. Results: {'Arrived_in_last_36_hours.xml': True, 'Departed_in_last_36_hours.xml': True, 'Expected_arrivals.xml': True, 'Expected_departures.xml': True}
2025-10-27 19:20:18,929 - vessel_data_pipeline - INFO - VesselDataFetcher initialized. Pipeline enabled: True
2025-10-27 19:20:18,930 - vessel_data_pipeline - INFO - Starting vessel data fetch operation
2025-10-27 19:20:18,931 - vessel_data_pipeline - INFO - Discovering XML files from Hong Kong Marine Department portal
2025-10-27 19:20:19,299 - vessel_data_pipeline - INFO - Verified access to Arrived_in_last_36_hours.xml
2025-10-27 19:20:19,529 - vessel_data_pipeline - INFO - Verified access to Departed_in_last_36_hours.xml
2025-10-27 19:20:19,736 - vessel_data_pipeline - INFO - Verified access to Expected_arrivals.xml
2025-10-27 19:20:19,920 - vessel_data_pipeline - INFO - Verified access to Expected_departures.xml
2025-10-27 19:20:19,920 - vessel_data_pipeline - INFO - Discovered 4 XML files for download
2025-10-27 19:20:19,920 - vessel_data_pipeline - INFO - Downloading Arrived_in_last_36_hours.xml (attempt 1/3)
2025-10-27 19:20:20,073 - vessel_data_pipeline - INFO - File temp_Arrived_in_last_36_hours.xml passed validation checks
2025-10-27 19:20:20,074 - vessel_data_pipeline - INFO - Created backup: Arrived_in_last_36_hours_20251027_192020.xml
2025-10-27 19:20:20,074 - vessel_data_pipeline - INFO - Updated metadata for Arrived_in_last_36_hours.xml
2025-10-27 19:20:20,074 - vessel_data_pipeline - INFO - Successfully downloaded and validated Arrived_in_last_36_hours.xml
2025-10-27 19:20:22,080 - vessel_data_pipeline - INFO - Downloading Departed_in_last_36_hours.xml (attempt 1/3)
2025-10-27 19:20:22,239 - vessel_data_pipeline - INFO - File temp_Departed_in_last_36_hours.xml passed validation checks
2025-10-27 19:20:22,240 - vessel_data_pipeline - INFO - Created backup: Departed_in_last_36_hours_20251027_192022.xml
2025-10-27 19:20:22,240 - vessel_data_pipeline - INFO - Updated metadata for Departed_in_last_36_hours.xml
2025-10-27 19:20:22,240 - vessel_data_pipeline - INFO - Successfully downloaded and validated Departed_in_last_36_hours.xml
2025-10-27 19:20:24,245 - vessel_data_pipeline - INFO - Downloading Expected_arrivals.xml (attempt 1/3)
2025-10-27 19:20:24,294 - vessel_data_pipeline - INFO - File temp_Expected_arrivals.xml passed validation checks
2025-10-27 19:20:24,294 - vessel_data_pipeline - INFO - Created backup: Expected_arrivals_20251027_192024.xml
2025-10-27 19:20:24,294 - vessel_data_pipeline - INFO - Updated metadata for Expected_arrivals.xml
2025-10-27 19:20:24,294 - vessel_data_pipeline - INFO - Successfully downloaded and validated Expected_arrivals.xml
2025-10-27 19:20:26,300 - vessel_data_pipeline - INFO - Downloading Expected_departures.xml (attempt 1/3)
2025-10-27 19:20:26,357 - vessel_data_pipeline - INFO - File temp_Expected_departures.xml passed validation checks
2025-10-27 19:20:26,357 - vessel_data_pipeline - INFO - Created backup: Expected_departures_20251027_192026.xml
2025-10-27 19:20:26,357 - vessel_data_pipeline - INFO - Updated metadata for Expected_departures.xml
2025-10-27 19:20:26,358 - vessel_data_pipeline - INFO - Successfully downloaded and validated Expected_departures.xml
2025-10-27 19:20:28,360 - vessel_data_pipeline - INFO - Fetch operation completed. Results: {'Arrived_in_last_36_hours.xml': True, 'Departed_in_last_36_hours.xml': True, 'Expected_arrivals.xml': True, 'Expected_departures.xml': True}
2025-10-27 19:20:28,366 - vessel_data_pipeline - INFO - VesselDataFetcher initialized. Pipeline enabled: True
2025-10-27 19:20:28,366 - vessel_data_pipeline - INFO - Starting vessel data fetch operation
2025-10-27 19:20:28,366 - vessel_data_pipeline - INFO - Discovering XML files from Hong Kong Marine Department portal
2025-10-27 19:20:28,432 - vessel_data_pipeline - INFO - Verified access to Arrived_in_last_36_hours.xml
2025-10-27 19:20:28,489 - vessel_data_pipeline - INFO - Verified access to Departed_in_last_36_hours.xml
2025-10-27 19:20:28,524 - vessel_data_pipeline - INFO - Verified access to Expected_arrivals.xml
2025-10-27 19:20:28,563 - vessel_data_pipeline - INFO - Verified access to Expected_departures.xml
2025-10-27 19:20:28,563 - vessel_data_pipeline - INFO - Discovered 4 XML files for download
2025-10-27 19:20:28,563 - vessel_data_pipeline - INFO - Downloading Arrived_in_last_36_hours.xml (attempt 1/3)
2025-10-27 19:20:28,678 - vessel_data_pipeline - INFO - File temp_Arrived_in_last_36_hours.xml passed validation checks
2025-10-27 19:20:28,678 - vessel_data_pipeline - INFO - Created backup: Arrived_in_last_36_hours_20251027_192028.xml
2025-10-27 19:20:28,679 - vessel_data_pipeline - INFO - Updated metadata for Arrived_in_last_36_hours.xml
2025-10-27 19:20:28,679 - vessel_data_pipeline - INFO - Successfully downloaded and validated Arrived_in_last_36_hours.xml
2025-10-27 19:20:30,684 - vessel_data_pipeline - INFO - Downloading Departed_in_last_36_hours.xml (attempt 1/3)
2025-10-27 19:20:30,969 - vessel_data_pipeline - INFO - File temp_Departed_in_last_36_hours.xml passed validation checks
2025-10-27 19:20:30,970 - vessel_data_pipeline - INFO - Created backup: Departed_in_last_36_hours_20251027_192030.xml
2025-10-27 19:20:30,970 - vessel_data_pipeline - INFO - Updated metadata for Departed_in_last_36_hours.xml
2025-10-27 19:20:30,970 - vessel_data_pipeline - INFO - Successfully downloaded and validated Departed_in_last_36_hours.xml
2025-10-27 19:20:32,975 - vessel_data_pipeline - INFO - Downloading Expected_arrivals.xml (attempt 1/3)
2025-10-27 19:20:33,025 - vessel_data_pipeline - INFO - File temp_Expected_arrivals.xml passed validation checks
2025-10-27 19:20:33,026 - vessel_data_pipeline - INFO - Created backup: Expected_arrivals_20251027_192033.xml
2025-10-27 19:20:33,026 - vessel_data_pipeline - INFO - Updated metadata for Expected_arrivals.xml
2025-10-27 19:20:33,026 - vessel_data_pipeline - INFO - Successfully downloaded and validated Expected_arrivals.xml
2025-10-27 19:20:35,031 - vessel_data_pipeline - INFO - Downloading Expected_departures.xml (attempt 1/3)
2025-10-27 19:20:35,154 - vessel_data_pipeline - INFO - File temp_Expected_departures.xml passed validation checks
2025-10-27 19:20:35,155 - vessel_data_pipeline - INFO - Created backup: Expected_departures_20251027_192035.xml
2025-10-27 19:20:35,155 - vessel_data_pipeline - INFO - Updated metadata for Expected_departures.xml
2025-10-27 19:20:35,155 - vessel_data_pipeline - INFO - Successfully downloaded and validated Expected_departures.xml
2025-10-27 19:20:37,156 - vessel_data_pipeline - INFO - Fetch operation completed. Results: {'Arrived_in_last_36_hours.xml': True, 'Departed_in_last_36_hours.xml': True, 'Expected_arrivals.xml': True, 'Expected_departures.xml': True}
2025-10-27 19:20:37,160 - vessel_data_pipeline - INFO - VesselDataFetcher initialized. Pipeline enabled: True
2025-10-27 19:20:37,161 - vessel_data_pipeline - INFO - Starting vessel data fetch operation
2025-10-27 19:20:37,161 - vessel_data_pipeline - INFO - Discovering XML files from Hong Kong Marine Department portal
2025-10-27 19:20:37,248 - vessel_data_pipeline - INFO - Verified access to Arrived_in_last_36_hours.xml
2025-10-27 19:20:37,283 - vessel_data_pipeline - INFO - Verified access to Departed_in_last_36_hours.xml
2025-10-27 19:20:37,317 - vessel_data_pipeline - INFO - Verified access to Expected_arrivals.xml
2025-10-27 19:20:37,364 - vessel_data_pipeline - INFO - Verified access to Expected_departures.xml
2025-10-27 19:20:37,365 - vessel_data_pipeline - INFO - Discovered 4 XML files for download
2025-10-27 19:20:37,365 - vessel_data_pipeline - INFO - Downloading Arrived_in_last_36_hours.xml (attempt 1/3)
2025-10-27 19:20:37,410 - vessel_data_pipeline - INFO - File temp_Arrived_in_last_36_hours.xml passed validation checks
2025-10-27 19:20:37,411 - vessel_data_pipeline - INFO - Created backup: Arrived_in_last_36_hours_20251027_192037.xml
2025-10-27 19:20:37,411 - vessel_data_pipeline - INFO - Updated metadata for Arrived_in_last_36_hours.xml
2025-10-27 19:20:37,411 - vessel_data_pipeline - INFO - Successfully downloaded and validated Arrived_in_last_36_hours.xml
2025-10-27 19:20:39,416 - vessel_data_pipeline - INFO - Downloading Departed_in_last_36_hours.xml (attempt 1/3)
2025-10-27 19:20:39,475 - vessel_data_pipeline - INFO - File temp_Departed_in_last_36_hours.xml passed validation checks
2025-10-27 19:20:39,475 - vessel_data_pipeline - INFO - Created backup: Departed_in_last_36_hours_20251027_192039.xml
2025-10-27 19:20:39,476 - vessel_data_pipeline - INFO - Updated metadata for Departed_in_last_36_hours.xml
2025-10-27 19:20:39,476 - vessel_data_pipeline - INFO - Successfully downloaded and validated Departed_in_last_36_hours.xml
2025-10-27 19:20:41,481 - vessel_data_pipeline - INFO - Downloading Expected_arrivals.xml (attempt 1/3)
2025-10-27 19:20:41,529 - vessel_data_pipeline - INFO - File temp_Expected_arrivals.xml passed validation checks
2025-10-27 19:20:41,529 - vessel_data_pipeline - INFO - Created backup: Expected_arrivals_20251027_192041.xml
2025-10-27 19:20:41,530 - vessel_data_pipeline - INFO - Updated metadata for Expected_arrivals.xml
2025-10-27 19:20:41,530 - vessel_data_pipeline - INFO - Successfully downloaded and validated Expected_arrivals.xml
2025-10-27 19:20:43,533 - vessel_data_pipeline - INFO - Downloading Expected_departures.xml (attempt 1/3)
2025-10-27 19:20:43,614 - vessel_data_pipeline - INFO - File temp_Expected_departures.xml passed validation checks
2025-10-27 19:20:43,615 - vessel_data_pipeline - INFO - Created backup: Expected_departures_20251027_192043.xml
2025-10-27 19:20:43,615 - vessel_data_pipeline - INFO - Updated metadata for Expected_departures.xml
2025-10-27 19:20:43,615 - vessel_data_pipeline - INFO - Successfully downloaded and validated Expected_departures.xml
2025-10-27 19:20:45,617 - vessel_data_pipeline - INFO - Fetch operation completed. Results: {'Arrived_in_last_36_hours.xml': True, 'Departed_in_last_36_hours.xml': True, 'Expected_arrivals.xml': True, 'Expected_departures.xml': True}
2025-10-27 19:20:45,621 - vessel_data_pipeline - INFO - VesselDataFetcher initialized. Pipeline enabled: True
2025-10-27 19:20:45,621 - vessel_data_pipeline - INFO - Starting vessel data fetch operation
2025-10-27 19:20:45,621 - vessel_data_pipeline - INFO - Discovering XML files from Hong Kong Marine Department portal
2025-10-27 19:20:45,689 - vessel_data_pipeline - INFO - Verified access to Arrived_in_last_36_hours.xml
2025-10-27 19:20:45,735 - vessel_data_pipeline - INFO - Verified access to Departed_in_last_36_hours.xml
2025-10-27 19:20:45,774 - vessel_data_pipeline - INFO - Verified access to Expected_arrivals.xml
2025-10-27 19:20:45,816 - vessel_data_pipeline - INFO - Verified access to Expected_departures.xml
2025-10-27 19:20:45,816 - vessel_data_pipeline - INFO - Discovered 4 XML files for download
2025-10-27 19:20:45,816 - vessel_data_pipeline - INFO - Downloading Arrived_in_last_36_hours.xml (attempt 1/3)
2025-10-27 19:20:46,014 - vessel_data_pipeline - INFO - File temp_Arrived_in_last_36_hours.xml passed validation checks
2025-10-27 19:20:46,015 - vessel_data_pipeline - INFO - Created backup: Arrived_in_last_36_hours_20251027_192046.xml
2025-10-27 19:20:46,015 - vessel_data_pipeline - INFO - Updated metadata for Arrived_in_last_36_hours.xml
2025-10-27 19:20:46,015 - vessel_data_pipeline - INFO - Successfully downloaded and validated Arrived_in_last_36_hours.xml
2025-10-27 19:20:48,018 - vessel_data_pipeline - INFO - Downloading Departed_in_last_36_hours.xml (attempt 1/3)
2025-10-27 19:20:48,107 - vessel_data_pipeline - INFO - File temp_Departed_in_last_36_hours.xml passed validation checks
2025-10-27 19:20:48,108 - vessel_data_pipeline - INFO - Created backup: Departed_in_last_36_hours_20251027_192048.xml
2025-10-27 19:20:48,108 - vessel_data_pipeline - INFO - Updated metadata for Departed_in_last_36_hours.xml
2025-10-27 19:20:48,108 - vessel_data_pipeline - INFO - Successfully downloaded and validated Departed_in_last_36_hours.xml
2025-10-27 19:20:50,113 - vessel_data_pipeline - INFO - Downloading Expected_arrivals.xml (attempt 1/3)
2025-10-27 19:20:50,280 - vessel_data_pipeline - INFO - File temp_Expected_arrivals.xml passed validation checks
2025-10-27 19:20:50,281 - vessel_data_pipeline - INFO - Created backup: Expected_arrivals_20251027_192050.xml
2025-10-27 19:20:50,281 - vessel_data_pipeline - INFO - Updated metadata for Expected_arrivals.xml
2025-10-27 19:20:50,281 - vessel_data_pipeline - INFO - Successfully downloaded and validated Expected_arrivals.xml
2025-10-27 19:20:52,284 - vessel_data_pipeline - INFO - Downloading Expected_departures.xml (attempt 1/3)
2025-10-27 19:20:52,372 - vessel_data_pipeline - INFO - File temp_Expected_departures.xml passed validation checks
2025-10-27 19:20:52,373 - vessel_data_pipeline - INFO - Created backup: Expected_departures_20251027_192052.xml
2025-10-27 19:20:52,373 - vessel_data_pipeline - INFO - Updated metadata for Expected_departures.xml
2025-10-27 19:20:52,373 - vessel_data_pipeline - INFO - Successfully downloaded and validated Expected_departures.xml
2025-10-27 19:20:54,378 - vessel_data_pipeline - INFO - Fetch operation completed. Results: {'Arrived_in_last_36_hours.xml': True, 'Departed_in_last_36_hours.xml': True, 'Expected_arrivals.xml': True, 'Expected_departures.xml': True}
2025-10-27 19:21:11,675 - vessel_data_pipeline - INFO - VesselDataFetcher initialized. Pipeline enabled: True
2025-10-27 19:21:11,675 - vessel_data_pipeline - INFO - Starting vessel data fetch operation
2025-10-27 19:21:11,675 - vessel_data_pipeline - INFO - Discovering XML files from Hong Kong Marine Department portal
2025-10-27 19:21:11,752 - vessel_data_pipeline - INFO - Verified access to Arrived_in_last_36_hours.xml
2025-10-27 19:21:11,817 - vessel_data_pipeline - INFO - Verified access to Departed_in_last_36_hours.xml
2025-10-27 19:21:11,853 - vessel_data_pipeline - INFO - Verified access to Expected_arrivals.xml
2025-10-27 19:21:11,917 - vessel_data_pipeline - INFO - Verified access to Expected_departures.xml
2025-10-27 19:21:11,917 - vessel_data_pipeline - INFO - Discovered 4 XML files for download
2025-10-27 19:21:11,918 - vessel_data_pipeline - INFO - Downloading Arrived_in_last_36_hours.xml (attempt 1/3)
2025-10-27 19:21:11,974 - vessel_data_pipeline - INFO - File temp_Arrived_in_last_36_hours.xml passed validation checks
2025-10-27 19:21:11,976 - vessel_data_pipeline - INFO - Created backup: Arrived_in_last_36_hours_20251027_192111.xml
2025-10-27 19:21:11,977 - vessel_data_pipeline - INFO - Updated metadata for Arrived_in_last_36_hours.xml
2025-10-27 19:21:11,977 - vessel_data_pipeline - INFO - Successfully downloaded and validated Arrived_in_last_36_hours.xml
2025-10-27 19:21:13,982 - vessel_data_pipeline - INFO - Downloading Departed_in_last_36_hours.xml (attempt 1/3)
2025-10-27 19:21:14,050 - vessel_data_pipeline - INFO - File temp_Departed_in_last_36_hours.xml passed validation checks
2025-10-27 19:21:14,050 - vessel_data_pipeline - INFO - Created backup: Departed_in_last_36_hours_20251027_192114.xml
2025-10-27 19:21:14,050 - vessel_data_pipeline - INFO - Updated metadata for Departed_in_last_36_hours.xml
2025-10-27 19:21:14,050 - vessel_data_pipeline - INFO - Successfully downloaded and validated Departed_in_last_36_hours.xml
2025-10-27 19:21:16,056 - vessel_data_pipeline - INFO - Downloading Expected_arrivals.xml (attempt 1/3)
2025-10-27 19:21:16,109 - vessel_data_pipeline - INFO - File temp_Expected_arrivals.xml passed validation checks
2025-10-27 19:21:16,109 - vessel_data_pipeline - INFO - Created backup: Expected_arrivals_20251027_192116.xml
2025-10-27 19:21:16,110 - vessel_data_pipeline - INFO - Updated metadata for Expected_arrivals.xml
2025-10-27 19:21:16,110 - vessel_data_pipeline - INFO - Successfully downloaded and validated Expected_arrivals.xml
2025-10-27 19:21:18,115 - vessel_data_pipeline - INFO - Downloading Expected_departures.xml (attempt 1/3)
2025-10-27 19:21:18,179 - vessel_data_pipeline - INFO - File temp_Expected_departures.xml passed validation checks
2025-10-27 19:21:18,179 - vessel_data_pipeline - INFO - Created backup: Expected_departures_20251027_192118.xml
2025-10-27 19:21:18,180 - vessel_data_pipeline - INFO - Updated metadata for Expected_departures.xml
2025-10-27 19:21:18,180 - vessel_data_pipeline - INFO - Successfully downloaded and validated Expected_departures.xml
2025-10-27 19:21:20,185 - vessel_data_pipeline - INFO - Fetch operation completed. Results: {'Arrived_in_last_36_hours.xml': True, 'Departed_in_last_36_hours.xml': True, 'Expected_arrivals.xml': True, 'Expected_departures.xml': True}
2025-10-27 19:21:20,190 - vessel_data_pipeline - INFO - VesselDataFetcher initialized. Pipeline enabled: True
2025-10-27 19:21:20,190 - vessel_data_pipeline - INFO - Starting vessel data fetch operation
2025-10-27 19:21:20,190 - vessel_data_pipeline - INFO - Discovering XML files from Hong Kong Marine Department portal
2025-10-27 19:21:20,422 - vessel_data_pipeline - INFO - Verified access to Arrived_in_last_36_hours.xml
2025-10-27 19:21:20,456 - vessel_data_pipeline - INFO - Verified access to Departed_in_last_36_hours.xml
2025-10-27 19:21:20,521 - vessel_data_pipeline - INFO - Verified access to Expected_arrivals.xml
2025-10-27 19:21:20,576 - vessel_data_pipeline - INFO - Verified access to Expected_departures.xml
2025-10-27 19:21:20,576 - vessel_data_pipeline - INFO - Discovered 4 XML files for download
2025-10-27 19:21:20,576 - vessel_data_pipeline - INFO - Downloading Arrived_in_last_36_hours.xml (attempt 1/3)
2025-10-27 19:21:20,640 - vessel_data_pipeline - INFO - File temp_Arrived_in_last_36_hours.xml passed validation checks
2025-10-27 19:21:20,640 - vessel_data_pipeline - INFO - Created backup: Arrived_in_last_36_hours_20251027_192120.xml
2025-10-27 19:21:20,641 - vessel_data_pipeline - INFO - Updated metadata for Arrived_in_last_36_hours.xml
2025-10-27 19:21:20,641 - vessel_data_pipeline - INFO - Successfully downloaded and validated Arrived_in_last_36_hours.xml
2025-10-27 19:21:22,642 - vessel_data_pipeline - INFO - Downloading Departed_in_last_36_hours.xml (attempt 1/3)
2025-10-27 19:21:22,726 - vessel_data_pipeline - INFO - File temp_Departed_in_last_36_hours.xml passed validation checks
2025-10-27 19:21:22,726 - vessel_data_pipeline - INFO - Created backup: Departed_in_last_36_hours_20251027_192122.xml
2025-10-27 19:21:22,727 - vessel_data_pipeline - INFO - Updated metadata for Departed_in_last_36_hours.xml
2025-10-27 19:21:22,727 - vessel_data_pipeline - INFO - Successfully downloaded and validated Departed_in_last_36_hours.xml
2025-10-27 19:21:24,730 - vessel_data_pipeline - INFO - Downloading Expected_arrivals.xml (attempt 1/3)
2025-10-27 19:21:24,782 - vessel_data_pipeline - INFO - File temp_Expected_arrivals.xml passed validation checks
2025-10-27 19:21:24,783 - vessel_data_pipeline - INFO - Created backup: Expected_arrivals_20251027_192124.xml
2025-10-27 19:21:24,783 - vessel_data_pipeline - INFO - Updated metadata for Expected_arrivals.xml
2025-10-27 19:21:24,783 - vessel_data_pipeline - INFO - Successfully downloaded and validated Expected_arrivals.xml
2025-10-27 19:21:26,786 - vessel_data_pipeline - INFO - Downloading Expected_departures.xml (attempt 1/3)
2025-10-27 19:21:26,846 - vessel_data_pipeline - INFO - File temp_Expected_departures.xml passed validation checks
2025-10-27 19:21:26,847 - vessel_data_pipeline - INFO - Created backup: Expected_departures_20251027_192126.xml
2025-10-27 19:21:26,847 - vessel_data_pipeline - INFO - Updated metadata for Expected_departures.xml
2025-10-27 19:21:26,847 - vessel_data_pipeline - INFO - Successfully downloaded and validated Expected_departures.xml
2025-10-27 19:21:28,849 - vessel_data_pipeline - INFO - Fetch operation completed. Results: {'Arrived_in_last_36_hours.xml': True, 'Departed_in_last_36_hours.xml': True, 'Expected_arrivals.xml': True, 'Expected_departures.xml': True}
2025-10-27 19:21:28,863 - vessel_data_pipeline - INFO - VesselDataFetcher initialized. Pipeline enabled: True
2025-10-27 19:21:28,864 - vessel_data_pipeline - INFO - Starting vessel data fetch operation
2025-10-27 19:21:28,864 - vessel_data_pipeline - INFO - Discovering XML files from Hong Kong Marine Department portal
2025-10-27 19:21:28,928 - vessel_data_pipeline - INFO - Verified access to Arrived_in_last_36_hours.xml
2025-10-27 19:21:28,969 - vessel_data_pipeline - INFO - Verified access to Departed_in_last_36_hours.xml
2025-10-27 19:21:29,031 - vessel_data_pipeline - INFO - Verified access to Expected_arrivals.xml
2025-10-27 19:21:29,065 - vessel_data_pipeline - INFO - Verified access to Expected_departures.xml
2025-10-27 19:21:29,066 - vessel_data_pipeline - INFO - Discovered 4 XML files for download
2025-10-27 19:21:29,066 - vessel_data_pipeline - INFO - Downloading Arrived_in_last_36_hours.xml (attempt 1/3)
2025-10-27 19:21:29,114 - vessel_data_pipeline - INFO - File temp_Arrived_in_last_36_hours.xml passed validation checks
2025-10-27 19:21:29,114 - vessel_data_pipeline - INFO - Created backup: Arrived_in_last_36_hours_20251027_192129.xml
2025-10-27 19:21:29,115 - vessel_data_pipeline - INFO - Updated metadata for Arrived_in_last_36_hours.xml
2025-10-27 19:21:29,115 - vessel_data_pipeline - INFO - Successfully downloaded and validated Arrived_in_last_36_hours.xml
2025-10-27 19:21:31,119 - vessel_data_pipeline - INFO - Downloading Departed_in_last_36_hours.xml (attempt 1/3)
2025-10-27 19:21:31,204 - vessel_data_pipeline - INFO - File temp_Departed_in_last_36_hours.xml passed validation checks
2025-10-27 19:21:31,204 - vessel_data_pipeline - INFO - Created backup: Departed_in_last_36_hours_20251027_192131.xml
2025-10-27 19:21:31,205 - vessel_data_pipeline - INFO - Updated metadata for Departed_in_last_36_hours.xml
2025-10-27 19:21:31,205 - vessel_data_pipeline - INFO - Successfully downloaded and validated Departed_in_last_36_hours.xml
2025-10-27 19:21:33,210 - vessel_data_pipeline - INFO - Downloading Expected_arrivals.xml (attempt 1/3)
2025-10-27 19:21:33,302 - vessel_data_pipeline - INFO - File temp_Expected_arrivals.xml passed validation checks
2025-10-27 19:21:33,302 - vessel_data_pipeline - INFO - Created backup: Expected_arrivals_20251027_192133.xml
2025-10-27 19:21:33,303 - vessel_data_pipeline - INFO - Updated metadata for Expected_arrivals.xml
2025-10-27 19:21:33,303 - vessel_data_pipeline - INFO - Successfully downloaded and validated Expected_arrivals.xml
2025-10-27 19:21:35,308 - vessel_data_pipeline - INFO - Downloading Expected_departures.xml (attempt 1/3)
2025-10-27 19:21:35,376 - vessel_data_pipeline - INFO - File temp_Expected_departures.xml passed validation checks
2025-10-27 19:21:35,376 - vessel_data_pipeline - INFO - Created backup: Expected_departures_20251027_192135.xml
2025-10-27 19:21:35,376 - vessel_data_pipeline - INFO - Updated metadata for Expected_departures.xml
2025-10-27 19:21:35,376 - vessel_data_pipeline - INFO - Successfully downloaded and validated Expected_departures.xml
2025-10-27 19:21:37,378 - vessel_data_pipeline - INFO - Fetch operation completed. Results: {'Arrived_in_last_36_hours.xml': True, 'Departed_in_last_36_hours.xml': True, 'Expected_arrivals.xml': True, 'Expected_departures.xml': True}
2025-10-27 19:21:37,381 - vessel_data_pipeline - INFO - VesselDataFetcher initialized. Pipeline enabled: True
2025-10-27 19:21:37,382 - vessel_data_pipeline - INFO - Starting vessel data fetch operation
2025-10-27 19:21:37,382 - vessel_data_pipeline - INFO - Discovering XML files from Hong Kong Marine Department portal
2025-10-27 19:21:37,464 - vessel_data_pipeline - INFO - Verified access to Arrived_in_last_36_hours.xml
2025-10-27 19:21:37,495 - vessel_data_pipeline - INFO - Verified access to Departed_in_last_36_hours.xml
2025-10-27 19:21:37,563 - vessel_data_pipeline - INFO - Verified access to Expected_arrivals.xml
2025-10-27 19:21:37,597 - vessel_data_pipeline - INFO - Verified access to Expected_departures.xml
2025-10-27 19:21:37,597 - vessel_data_pipeline - INFO - Discovered 4 XML files for download
2025-10-27 19:21:37,597 - vessel_data_pipeline - INFO - Downloading Arrived_in_last_36_hours.xml (attempt 1/3)
2025-10-27 19:21:37,675 - vessel_data_pipeline - INFO - File temp_Arrived_in_last_36_hours.xml passed validation checks
2025-10-27 19:21:37,676 - vessel_data_pipeline - INFO - Created backup: Arrived_in_last_36_hours_20251027_192137.xml
2025-10-27 19:21:37,676 - vessel_data_pipeline - INFO - Updated metadata for Arrived_in_last_36_hours.xml
2025-10-27 19:21:37,676 - vessel_data_pipeline - INFO - Successfully downloaded and validated Arrived_in_last_36_hours.xml
2025-10-27 19:21:39,679 - vessel_data_pipeline - INFO - Downloading Departed_in_last_36_hours.xml (attempt 1/3)
2025-10-27 19:21:39,733 - vessel_data_pipeline - INFO - File temp_Departed_in_last_36_hours.xml passed validation checks
2025-10-27 19:21:39,734 - vessel_data_pipeline - INFO - Created backup: Departed_in_last_36_hours_20251027_192139.xml
2025-10-27 19:21:39,734 - vessel_data_pipeline - INFO - Updated metadata for Departed_in_last_36_hours.xml
2025-10-27 19:21:39,734 - vessel_data_pipeline - INFO - Successfully downloaded and validated Departed_in_last_36_hours.xml
2025-10-27 19:21:41,739 - vessel_data_pipeline - INFO - Downloading Expected_arrivals.xml (attempt 1/3)
2025-10-27 19:21:41,790 - vessel_data_pipeline - INFO - File temp_Expected_arrivals.xml passed validation checks
2025-10-27 19:21:41,791 - vessel_data_pipeline - INFO - Created backup: Expected_arrivals_20251027_192141.xml
2025-10-27 19:21:41,791 - vessel_data_pipeline - INFO - Updated metadata for Expected_arrivals.xml
2025-10-27 19:21:41,791 - vessel_data_pipeline - INFO - Successfully downloaded and validated Expected_arrivals.xml
2025-10-27 19:21:43,795 - vessel_data_pipeline - INFO - Downloading Expected_departures.xml (attempt 1/3)
2025-10-27 19:21:43,851 - vessel_data_pipeline - INFO - File temp_Expected_departures.xml passed validation checks
2025-10-27 19:21:43,851 - vessel_data_pipeline - INFO - Created backup: Expected_departures_20251027_192143.xml
2025-10-27 19:21:43,851 - vessel_data_pipeline - INFO - Updated metadata for Expected_departures.xml
2025-10-27 19:21:43,851 - vessel_data_pipeline - INFO - Successfully downloaded and validated Expected_departures.xml
2025-10-27 19:21:45,854 - vessel_data_pipeline - INFO - Fetch operation completed. Results: {'Arrived_in_last_36_hours.xml': True, 'Departed_in_last_36_hours.xml': True, 'Expected_arrivals.xml': True, 'Expected_departures.xml': True}
2025-10-27 19:22:03,143 - vessel_data_pipeline - INFO - VesselDataFetcher initialized. Pipeline enabled: True
2025-10-27 19:22:03,145 - vessel_data_pipeline - INFO - Starting vessel data fetch operation
2025-10-27 19:22:03,145 - vessel_data_pipeline - INFO - Discovering XML files from Hong Kong Marine Department portal
2025-10-27 19:22:03,207 - vessel_data_pipeline - INFO - Verified access to Arrived_in_last_36_hours.xml
2025-10-27 19:22:03,355 - vessel_data_pipeline - INFO - Verified access to Departed_in_last_36_hours.xml
2025-10-27 19:22:03,404 - vessel_data_pipeline - INFO - Verified access to Expected_arrivals.xml
2025-10-27 19:22:03,475 - vessel_data_pipeline - INFO - Verified access to Expected_departures.xml
2025-10-27 19:22:03,475 - vessel_data_pipeline - INFO - Discovered 4 XML files for download
2025-10-27 19:22:03,476 - vessel_data_pipeline - INFO - Downloading Arrived_in_last_36_hours.xml (attempt 1/3)
2025-10-27 19:22:03,532 - vessel_data_pipeline - INFO - File temp_Arrived_in_last_36_hours.xml passed validation checks
2025-10-27 19:22:03,534 - vessel_data_pipeline - INFO - Created backup: Arrived_in_last_36_hours_20251027_192203.xml
2025-10-27 19:22:03,535 - vessel_data_pipeline - INFO - Updated metadata for Arrived_in_last_36_hours.xml
2025-10-27 19:22:03,535 - vessel_data_pipeline - INFO - Successfully downloaded and validated Arrived_in_last_36_hours.xml
2025-10-27 19:22:05,539 - vessel_data_pipeline - INFO - Downloading Departed_in_last_36_hours.xml (attempt 1/3)
2025-10-27 19:22:05,595 - vessel_data_pipeline - INFO - File temp_Departed_in_last_36_hours.xml passed validation checks
2025-10-27 19:22:05,596 - vessel_data_pipeline - INFO - Created backup: Departed_in_last_36_hours_20251027_192205.xml
2025-10-27 19:22:05,596 - vessel_data_pipeline - INFO - Updated metadata for Departed_in_last_36_hours.xml
2025-10-27 19:22:05,596 - vessel_data_pipeline - INFO - Successfully downloaded and validated Departed_in_last_36_hours.xml
2025-10-27 19:22:07,597 - vessel_data_pipeline - INFO - Downloading Expected_arrivals.xml (attempt 1/3)
2025-10-27 19:22:07,647 - vessel_data_pipeline - INFO - File temp_Expected_arrivals.xml passed validation checks
2025-10-27 19:22:07,647 - vessel_data_pipeline - INFO - Created backup: Expected_arrivals_20251027_192207.xml
2025-10-27 19:22:07,648 - vessel_data_pipeline - INFO - Updated metadata for Expected_arrivals.xml
2025-10-27 19:22:07,648 - vessel_data_pipeline - INFO - Successfully downloaded and validated Expected_arrivals.xml
2025-10-27 19:22:09,650 - vessel_data_pipeline - INFO - Downloading Expected_departures.xml (attempt 1/3)
2025-10-27 19:22:09,701 - vessel_data_pipeline - INFO - File temp_Expected_departures.xml passed validation checks
2025-10-27 19:22:09,701 - vessel_data_pipeline - INFO - Created backup: Expected_departures_20251027_192209.xml
2025-10-27 19:22:09,701 - vessel_data_pipeline - INFO - Updated metadata for Expected_departures.xml
2025-10-27 19:22:09,701 - vessel_data_pipeline - INFO - Successfully downloaded and validated Expected_departures.xml
2025-10-27 19:22:11,703 - vessel_data_pipeline - INFO - Fetch operation completed. Results: {'Arrived_in_last_36_hours.xml': True, 'Departed_in_last_36_hours.xml': True, 'Expected_arrivals.xml': True, 'Expected_departures.xml': True}
2025-10-27 19:22:11,715 - vessel_data_pipeline - INFO - VesselDataFetcher initialized. Pipeline enabled: True
2025-10-27 19:22:11,716 - vessel_data_pipeline - INFO - Starting vessel data fetch operation
2025-10-27 19:22:11,716 - vessel_data_pipeline - INFO - Discovering XML files from Hong Kong Marine Department portal
2025-10-27 19:22:11,781 - vessel_data_pipeline - INFO - Verified access to Arrived_in_last_36_hours.xml
2025-10-27 19:22:11,818 - vessel_data_pipeline - INFO - Verified access to Departed_in_last_36_hours.xml
2025-10-27 19:22:11,883 - vessel_data_pipeline - INFO - Verified access to Expected_arrivals.xml
2025-10-27 19:22:11,914 - vessel_data_pipeline - INFO - Verified access to Expected_departures.xml
2025-10-27 19:22:11,914 - vessel_data_pipeline - INFO - Discovered 4 XML files for download
2025-10-27 19:22:11,914 - vessel_data_pipeline - INFO - Downloading Arrived_in_last_36_hours.xml (attempt 1/3)
2025-10-27 19:22:11,966 - vessel_data_pipeline - INFO - File temp_Arrived_in_last_36_hours.xml passed validation checks
2025-10-27 19:22:11,966 - vessel_data_pipeline - INFO - Created backup: Arrived_in_last_36_hours_20251027_192211.xml
2025-10-27 19:22:11,967 - vessel_data_pipeline - INFO - Updated metadata for Arrived_in_last_36_hours.xml
2025-10-27 19:22:11,967 - vessel_data_pipeline - INFO - Successfully downloaded and validated Arrived_in_last_36_hours.xml
2025-10-27 19:22:13,972 - vessel_data_pipeline - INFO - Downloading Departed_in_last_36_hours.xml (attempt 1/3)
2025-10-27 19:22:14,108 - vessel_data_pipeline - INFO - File temp_Departed_in_last_36_hours.xml passed validation checks
2025-10-27 19:22:14,108 - vessel_data_pipeline - INFO - Created backup: Departed_in_last_36_hours_20251027_192214.xml
2025-10-27 19:22:14,109 - vessel_data_pipeline - INFO - Updated metadata for Departed_in_last_36_hours.xml
2025-10-27 19:22:14,109 - vessel_data_pipeline - INFO - Successfully downloaded and validated Departed_in_last_36_hours.xml
2025-10-27 19:22:16,109 - vessel_data_pipeline - INFO - Downloading Expected_arrivals.xml (attempt 1/3)
2025-10-27 19:22:16,161 - vessel_data_pipeline - INFO - File temp_Expected_arrivals.xml passed validation checks
2025-10-27 19:22:16,161 - vessel_data_pipeline - INFO - Created backup: Expected_arrivals_20251027_192216.xml
2025-10-27 19:22:16,161 - vessel_data_pipeline - INFO - Updated metadata for Expected_arrivals.xml
2025-10-27 19:22:16,161 - vessel_data_pipeline - INFO - Successfully downloaded and validated Expected_arrivals.xml
2025-10-27 19:22:18,163 - vessel_data_pipeline - INFO - Downloading Expected_departures.xml (attempt 1/3)
2025-10-27 19:22:18,209 - vessel_data_pipeline - INFO - File temp_Expected_departures.xml passed validation checks
2025-10-27 19:22:18,209 - vessel_data_pipeline - INFO - Created backup: Expected_departures_20251027_192218.xml
2025-10-27 19:22:18,210 - vessel_data_pipeline - INFO - Updated metadata for Expected_departures.xml
2025-10-27 19:22:18,210 - vessel_data_pipeline - INFO - Successfully downloaded and validated Expected_departures.xml
2025-10-27 19:22:20,215 - vessel_data_pipeline - INFO - Fetch operation completed. Results: {'Arrived_in_last_36_hours.xml': True, 'Departed_in_last_36_hours.xml': True, 'Expected_arrivals.xml': True, 'Expected_departures.xml': True}
2025-10-27 19:22:20,220 - vessel_data_pipeline - INFO - VesselDataFetcher initialized. Pipeline enabled: True
2025-10-27 19:22:20,220 - vessel_data_pipeline - INFO - Starting vessel data fetch operation
2025-10-27 19:22:20,220 - vessel_data_pipeline - INFO - Discovering XML files from Hong Kong Marine Department portal
2025-10-27 19:22:20,275 - vessel_data_pipeline - INFO - Verified access to Arrived_in_last_36_hours.xml
2025-10-27 19:22:20,307 - vessel_data_pipeline - INFO - Verified access to Departed_in_last_36_hours.xml
2025-10-27 19:22:20,360 - vessel_data_pipeline - INFO - Verified access to Expected_arrivals.xml
2025-10-27 19:22:20,401 - vessel_data_pipeline - INFO - Verified access to Expected_departures.xml
2025-10-27 19:22:20,401 - vessel_data_pipeline - INFO - Discovered 4 XML files for download
2025-10-27 19:22:20,401 - vessel_data_pipeline - INFO - Downloading Arrived_in_last_36_hours.xml (attempt 1/3)
2025-10-27 19:22:20,458 - vessel_data_pipeline - INFO - File temp_Arrived_in_last_36_hours.xml passed validation checks
2025-10-27 19:22:20,458 - vessel_data_pipeline - INFO - Created backup: Arrived_in_last_36_hours_20251027_192220.xml
2025-10-27 19:22:20,459 - vessel_data_pipeline - INFO - Updated metadata for Arrived_in_last_36_hours.xml
2025-10-27 19:22:20,459 - vessel_data_pipeline - INFO - Successfully downloaded and validated Arrived_in_last_36_hours.xml
2025-10-27 19:22:22,462 - vessel_data_pipeline - INFO - Downloading Departed_in_last_36_hours.xml (attempt 1/3)
2025-10-27 19:22:22,599 - vessel_data_pipeline - INFO - File temp_Departed_in_last_36_hours.xml passed validation checks
2025-10-27 19:22:22,600 - vessel_data_pipeline - INFO - Created backup: Departed_in_last_36_hours_20251027_192222.xml
2025-10-27 19:22:22,600 - vessel_data_pipeline - INFO - Updated metadata for Departed_in_last_36_hours.xml
2025-10-27 19:22:22,600 - vessel_data_pipeline - INFO - Successfully downloaded and validated Departed_in_last_36_hours.xml
2025-10-27 19:22:24,602 - vessel_data_pipeline - INFO - Downloading Expected_arrivals.xml (attempt 1/3)
2025-10-27 19:22:24,662 - vessel_data_pipeline - INFO - File temp_Expected_arrivals.xml passed validation checks
2025-10-27 19:22:24,663 - vessel_data_pipeline - INFO - Created backup: Expected_arrivals_20251027_192224.xml
2025-10-27 19:22:24,663 - vessel_data_pipeline - INFO - Updated metadata for Expected_arrivals.xml
2025-10-27 19:22:24,663 - vessel_data_pipeline - INFO - Successfully downloaded and validated Expected_arrivals.xml
2025-10-27 19:22:26,664 - vessel_data_pipeline - INFO - Downloading Expected_departures.xml (attempt 1/3)
2025-10-27 19:22:26,759 - vessel_data_pipeline - INFO - File temp_Expected_departures.xml passed validation checks
2025-10-27 19:22:26,760 - vessel_data_pipeline - INFO - Created backup: Expected_departures_20251027_192226.xml
2025-10-27 19:22:26,760 - vessel_data_pipeline - INFO - Updated metadata for Expected_departures.xml
2025-10-27 19:22:26,760 - vessel_data_pipeline - INFO - Successfully downloaded and validated Expected_departures.xml
2025-10-27 19:22:28,765 - vessel_data_pipeline - INFO - Fetch operation completed. Results: {'Arrived_in_last_36_hours.xml': True, 'Departed_in_last_36_hours.xml': True, 'Expected_arrivals.xml': True, 'Expected_departures.xml': True}
2025-10-27 19:22:28,771 - vessel_data_pipeline - INFO - VesselDataFetcher initialized. Pipeline enabled: True
2025-10-27 19:22:28,771 - vessel_data_pipeline - INFO - Starting vessel data fetch operation
2025-10-27 19:22:28,771 - vessel_data_pipeline - INFO - Discovering XML files from Hong Kong Marine Department portal
2025-10-27 19:22:28,870 - vessel_data_pipeline - INFO - Verified access to Arrived_in_last_36_hours.xml
2025-10-27 19:22:28,903 - vessel_data_pipeline - INFO - Verified access to Departed_in_last_36_hours.xml
2025-10-27 19:22:29,013 - vessel_data_pipeline - INFO - Verified access to Expected_arrivals.xml
2025-10-27 19:22:29,086 - vessel_data_pipeline - INFO - Verified access to Expected_departures.xml
2025-10-27 19:22:29,086 - vessel_data_pipeline - INFO - Discovered 4 XML files for download
2025-10-27 19:22:29,086 - vessel_data_pipeline - INFO - Downloading Arrived_in_last_36_hours.xml (attempt 1/3)
2025-10-27 19:22:29,134 - vessel_data_pipeline - INFO - File temp_Arrived_in_last_36_hours.xml passed validation checks
2025-10-27 19:22:29,134 - vessel_data_pipeline - INFO - Created backup: Arrived_in_last_36_hours_20251027_192229.xml
2025-10-27 19:22:29,134 - vessel_data_pipeline - INFO - Updated metadata for Arrived_in_last_36_hours.xml
2025-10-27 19:22:29,134 - vessel_data_pipeline - INFO - Successfully downloaded and validated Arrived_in_last_36_hours.xml
2025-10-27 19:22:31,136 - vessel_data_pipeline - INFO - Downloading Departed_in_last_36_hours.xml (attempt 1/3)
2025-10-27 19:22:31,263 - vessel_data_pipeline - INFO - File temp_Departed_in_last_36_hours.xml passed validation checks
2025-10-27 19:22:31,263 - vessel_data_pipeline - INFO - Created backup: Departed_in_last_36_hours_20251027_192231.xml
2025-10-27 19:22:31,264 - vessel_data_pipeline - INFO - Updated metadata for Departed_in_last_36_hours.xml
2025-10-27 19:22:31,264 - vessel_data_pipeline - INFO - Successfully downloaded and validated Departed_in_last_36_hours.xml
2025-10-27 19:22:33,264 - vessel_data_pipeline - INFO - Downloading Expected_arrivals.xml (attempt 1/3)
2025-10-27 19:22:33,316 - vessel_data_pipeline - INFO - File temp_Expected_arrivals.xml passed validation checks
2025-10-27 19:22:33,316 - vessel_data_pipeline - INFO - Created backup: Expected_arrivals_20251027_192233.xml
2025-10-27 19:22:33,317 - vessel_data_pipeline - INFO - Updated metadata for Expected_arrivals.xml
2025-10-27 19:22:33,317 - vessel_data_pipeline - INFO - Successfully downloaded and validated Expected_arrivals.xml
2025-10-27 19:22:35,322 - vessel_data_pipeline - INFO - Downloading Expected_departures.xml (attempt 1/3)
2025-10-27 19:22:35,380 - vessel_data_pipeline - INFO - File temp_Expected_departures.xml passed validation checks
2025-10-27 19:22:35,380 - vessel_data_pipeline - INFO - Created backup: Expected_departures_20251027_192235.xml
2025-10-27 19:22:35,381 - vessel_data_pipeline - INFO - Updated metadata for Expected_departures.xml
2025-10-27 19:22:35,381 - vessel_data_pipeline - INFO - Successfully downloaded and validated Expected_departures.xml
2025-10-27 19:22:37,386 - vessel_data_pipeline - INFO - Fetch operation completed. Results: {'Arrived_in_last_36_hours.xml': True, 'Departed_in_last_36_hours.xml': True, 'Expected_arrivals.xml': True, 'Expected_departures.xml': True}
2025-10-27 19:22:52,268 - vessel_data_pipeline - INFO - VesselDataFetcher initialized. Pipeline enabled: True
2025-10-27 19:22:52,270 - vessel_data_pipeline - INFO - Starting vessel data fetch operation
2025-10-27 19:22:52,270 - vessel_data_pipeline - INFO - Discovering XML files from Hong Kong Marine Department portal
2025-10-27 19:22:52,574 - vessel_data_pipeline - INFO - Verified access to Arrived_in_last_36_hours.xml
2025-10-27 19:22:52,622 - vessel_data_pipeline - INFO - Verified access to Departed_in_last_36_hours.xml
2025-10-27 19:22:52,655 - vessel_data_pipeline - INFO - Verified access to Expected_arrivals.xml
2025-10-27 19:22:52,690 - vessel_data_pipeline - INFO - Verified access to Expected_departures.xml
2025-10-27 19:22:52,690 - vessel_data_pipeline - INFO - Discovered 4 XML files for download
2025-10-27 19:22:52,690 - vessel_data_pipeline - INFO - Downloading Arrived_in_last_36_hours.xml (attempt 1/3)
2025-10-27 19:22:52,783 - vessel_data_pipeline - INFO - File temp_Arrived_in_last_36_hours.xml passed validation checks
2025-10-27 19:22:52,784 - vessel_data_pipeline - INFO - Created backup: Arrived_in_last_36_hours_20251027_192252.xml
2025-10-27 19:22:52,784 - vessel_data_pipeline - INFO - Updated metadata for Arrived_in_last_36_hours.xml
2025-10-27 19:22:52,784 - vessel_data_pipeline - INFO - Successfully downloaded and validated Arrived_in_last_36_hours.xml
2025-10-27 19:22:54,788 - vessel_data_pipeline - INFO - Downloading Departed_in_last_36_hours.xml (attempt 1/3)
2025-10-27 19:22:54,877 - vessel_data_pipeline - INFO - File temp_Departed_in_last_36_hours.xml passed validation checks
2025-10-27 19:22:54,878 - vessel_data_pipeline - INFO - Created backup: Departed_in_last_36_hours_20251027_192254.xml
2025-10-27 19:22:54,878 - vessel_data_pipeline - INFO - Updated metadata for Departed_in_last_36_hours.xml
2025-10-27 19:22:54,878 - vessel_data_pipeline - INFO - Successfully downloaded and validated Departed_in_last_36_hours.xml
2025-10-27 19:22:56,883 - vessel_data_pipeline - INFO - Downloading Expected_arrivals.xml (attempt 1/3)
2025-10-27 19:22:56,958 - vessel_data_pipeline - INFO - File temp_Expected_arrivals.xml passed validation checks
2025-10-27 19:22:56,958 - vessel_data_pipeline - INFO - Created backup: Expected_arrivals_20251027_192256.xml
2025-10-27 19:22:56,959 - vessel_data_pipeline - INFO - Updated metadata for Expected_arrivals.xml
2025-10-27 19:22:56,959 - vessel_data_pipeline - INFO - Successfully downloaded and validated Expected_arrivals.xml
2025-10-27 19:22:58,964 - vessel_data_pipeline - INFO - Downloading Expected_departures.xml (attempt 1/3)
2025-10-27 19:22:59,037 - vessel_data_pipeline - INFO - File temp_Expected_departures.xml passed validation checks
2025-10-27 19:22:59,037 - vessel_data_pipeline - INFO - Created backup: Expected_departures_20251027_192259.xml
2025-10-27 19:22:59,038 - vessel_data_pipeline - INFO - Updated metadata for Expected_departures.xml
2025-10-27 19:22:59,038 - vessel_data_pipeline - INFO - Successfully downloaded and validated Expected_departures.xml
2025-10-27 19:23:01,043 - vessel_data_pipeline - INFO - Fetch operation completed. Results: {'Arrived_in_last_36_hours.xml': True, 'Departed_in_last_36_hours.xml': True, 'Expected_arrivals.xml': True, 'Expected_departures.xml': True}
2025-10-27 19:23:01,047 - vessel_data_pipeline - INFO - VesselDataFetcher initialized. Pipeline enabled: True
2025-10-27 19:23:01,048 - vessel_data_pipeline - INFO - Starting vessel data fetch operation
2025-10-27 19:23:01,048 - vessel_data_pipeline - INFO - Discovering XML files from Hong Kong Marine Department portal
2025-10-27 19:23:01,140 - vessel_data_pipeline - INFO - Verified access to Arrived_in_last_36_hours.xml
2025-10-27 19:23:01,176 - vessel_data_pipeline - INFO - Verified access to Departed_in_last_36_hours.xml
2025-10-27 19:23:01,213 - vessel_data_pipeline - INFO - Verified access to Expected_arrivals.xml
2025-10-27 19:23:01,269 - vessel_data_pipeline - INFO - Verified access to Expected_departures.xml
2025-10-27 19:23:01,269 - vessel_data_pipeline - INFO - Discovered 4 XML files for download
2025-10-27 19:23:01,269 - vessel_data_pipeline - INFO - Downloading Arrived_in_last_36_hours.xml (attempt 1/3)
2025-10-27 19:23:01,316 - vessel_data_pipeline - INFO - File temp_Arrived_in_last_36_hours.xml passed validation checks
2025-10-27 19:23:01,316 - vessel_data_pipeline - INFO - Created backup: Arrived_in_last_36_hours_20251027_192301.xml
2025-10-27 19:23:01,317 - vessel_data_pipeline - INFO - Updated metadata for Arrived_in_last_36_hours.xml
2025-10-27 19:23:01,317 - vessel_data_pipeline - INFO - Successfully downloaded and validated Arrived_in_last_36_hours.xml
2025-10-27 19:23:03,317 - vessel_data_pipeline - INFO - Downloading Departed_in_last_36_hours.xml (attempt 1/3)
2025-10-27 19:23:03,411 - vessel_data_pipeline - INFO - File temp_Departed_in_last_36_hours.xml passed validation checks
2025-10-27 19:23:03,412 - vessel_data_pipeline - INFO - Created backup: Departed_in_last_36_hours_20251027_192303.xml
2025-10-27 19:23:03,412 - vessel_data_pipeline - INFO - Updated metadata for Departed_in_last_36_hours.xml
2025-10-27 19:23:03,412 - vessel_data_pipeline - INFO - Successfully downloaded and validated Departed_in_last_36_hours.xml
2025-10-27 19:23:05,414 - vessel_data_pipeline - INFO - Downloading Expected_arrivals.xml (attempt 1/3)
2025-10-27 19:23:05,484 - vessel_data_pipeline - INFO - File temp_Expected_arrivals.xml passed validation checks
2025-10-27 19:23:05,485 - vessel_data_pipeline - INFO - Created backup: Expected_arrivals_20251027_192305.xml
2025-10-27 19:23:05,485 - vessel_data_pipeline - INFO - Updated metadata for Expected_arrivals.xml
2025-10-27 19:23:05,485 - vessel_data_pipeline - INFO - Successfully downloaded and validated Expected_arrivals.xml
2025-10-27 19:23:07,490 - vessel_data_pipeline - INFO - Downloading Expected_departures.xml (attempt 1/3)
2025-10-27 19:23:07,537 - vessel_data_pipeline - INFO - File temp_Expected_departures.xml passed validation checks
2025-10-27 19:23:07,537 - vessel_data_pipeline - INFO - Created backup: Expected_departures_20251027_192307.xml
2025-10-27 19:23:07,537 - vessel_data_pipeline - INFO - Updated metadata for Expected_departures.xml
2025-10-27 19:23:07,537 - vessel_data_pipeline - INFO - Successfully downloaded and validated Expected_departures.xml
2025-10-27 19:23:09,542 - vessel_data_pipeline - INFO - Fetch operation completed. Results: {'Arrived_in_last_36_hours.xml': True, 'Departed_in_last_36_hours.xml': True, 'Expected_arrivals.xml': True, 'Expected_departures.xml': True}
2025-10-27 19:23:09,547 - vessel_data_pipeline - INFO - VesselDataFetcher initialized. Pipeline enabled: True
2025-10-27 19:23:09,548 - vessel_data_pipeline - INFO - Starting vessel data fetch operation
2025-10-27 19:23:09,548 - vessel_data_pipeline - INFO - Discovering XML files from Hong Kong Marine Department portal
2025-10-27 19:23:09,610 - vessel_data_pipeline - INFO - Verified access to Arrived_in_last_36_hours.xml
2025-10-27 19:23:09,646 - vessel_data_pipeline - INFO - Verified access to Departed_in_last_36_hours.xml
2025-10-27 19:23:09,699 - vessel_data_pipeline - INFO - Verified access to Expected_arrivals.xml
2025-10-27 19:23:09,733 - vessel_data_pipeline - INFO - Verified access to Expected_departures.xml
2025-10-27 19:23:09,733 - vessel_data_pipeline - INFO - Discovered 4 XML files for download
2025-10-27 19:23:09,733 - vessel_data_pipeline - INFO - Downloading Arrived_in_last_36_hours.xml (attempt 1/3)
2025-10-27 19:23:09,798 - vessel_data_pipeline - INFO - File temp_Arrived_in_last_36_hours.xml passed validation checks
2025-10-27 19:23:09,799 - vessel_data_pipeline - INFO - Created backup: Arrived_in_last_36_hours_20251027_192309.xml
2025-10-27 19:23:09,799 - vessel_data_pipeline - INFO - Updated metadata for Arrived_in_last_36_hours.xml
2025-10-27 19:23:09,799 - vessel_data_pipeline - INFO - Successfully downloaded and validated Arrived_in_last_36_hours.xml
2025-10-27 19:23:11,804 - vessel_data_pipeline - INFO - Downloading Departed_in_last_36_hours.xml (attempt 1/3)
2025-10-27 19:23:11,925 - vessel_data_pipeline - INFO - File temp_Departed_in_last_36_hours.xml passed validation checks
2025-10-27 19:23:11,926 - vessel_data_pipeline - INFO - Created backup: Departed_in_last_36_hours_20251027_192311.xml
2025-10-27 19:23:11,926 - vessel_data_pipeline - INFO - Updated metadata for Departed_in_last_36_hours.xml
2025-10-27 19:23:11,926 - vessel_data_pipeline - INFO - Successfully downloaded and validated Departed_in_last_36_hours.xml
2025-10-27 19:23:13,932 - vessel_data_pipeline - INFO - Downloading Expected_arrivals.xml (attempt 1/3)
2025-10-27 19:23:13,984 - vessel_data_pipeline - INFO - File temp_Expected_arrivals.xml passed validation checks
2025-10-27 19:23:13,984 - vessel_data_pipeline - INFO - Created backup: Expected_arrivals_20251027_192313.xml
2025-10-27 19:23:13,984 - vessel_data_pipeline - INFO - Updated metadata for Expected_arrivals.xml
2025-10-27 19:23:13,985 - vessel_data_pipeline - INFO - Successfully downloaded and validated Expected_arrivals.xml
2025-10-27 19:23:15,990 - vessel_data_pipeline - INFO - Downloading Expected_departures.xml (attempt 1/3)
2025-10-27 19:23:16,047 - vessel_data_pipeline - INFO - File temp_Expected_departures.xml passed validation checks
2025-10-27 19:23:16,048 - vessel_data_pipeline - INFO - Created backup: Expected_departures_20251027_192316.xml
2025-10-27 19:23:16,048 - vessel_data_pipeline - INFO - Updated metadata for Expected_departures.xml
2025-10-27 19:23:16,048 - vessel_data_pipeline - INFO - Successfully downloaded and validated Expected_departures.xml
2025-10-27 19:23:18,054 - vessel_data_pipeline - INFO - Fetch operation completed. Results: {'Arrived_in_last_36_hours.xml': True, 'Departed_in_last_36_hours.xml': True, 'Expected_arrivals.xml': True, 'Expected_departures.xml': True}
2025-10-27 19:23:18,057 - vessel_data_pipeline - INFO - VesselDataFetcher initialized. Pipeline enabled: True
2025-10-27 19:23:18,057 - vessel_data_pipeline - INFO - Starting vessel data fetch operation
2025-10-27 19:23:18,057 - vessel_data_pipeline - INFO - Discovering XML files from Hong Kong Marine Department portal
2025-10-27 19:23:18,114 - vessel_data_pipeline - INFO - Verified access to Arrived_in_last_36_hours.xml
2025-10-27 19:23:18,171 - vessel_data_pipeline - INFO - Verified access to Departed_in_last_36_hours.xml
2025-10-27 19:23:18,204 - vessel_data_pipeline - INFO - Verified access to Expected_arrivals.xml
2025-10-27 19:23:18,240 - vessel_data_pipeline - INFO - Verified access to Expected_departures.xml
2025-10-27 19:23:18,240 - vessel_data_pipeline - INFO - Discovered 4 XML files for download
2025-10-27 19:23:18,240 - vessel_data_pipeline - INFO - Downloading Arrived_in_last_36_hours.xml (attempt 1/3)
2025-10-27 19:23:18,308 - vessel_data_pipeline - INFO - File temp_Arrived_in_last_36_hours.xml passed validation checks
2025-10-27 19:23:18,308 - vessel_data_pipeline - INFO - Created backup: Arrived_in_last_36_hours_20251027_192318.xml
2025-10-27 19:23:18,308 - vessel_data_pipeline - INFO - Updated metadata for Arrived_in_last_36_hours.xml
2025-10-27 19:23:18,308 - vessel_data_pipeline - INFO - Successfully downloaded and validated Arrived_in_last_36_hours.xml
2025-10-27 19:23:20,314 - vessel_data_pipeline - INFO - Downloading Departed_in_last_36_hours.xml (attempt 1/3)
2025-10-27 19:23:20,368 - vessel_data_pipeline - INFO - File temp_Departed_in_last_36_hours.xml passed validation checks
2025-10-27 19:23:20,369 - vessel_data_pipeline - INFO - Created backup: Departed_in_last_36_hours_20251027_192320.xml
2025-10-27 19:23:20,369 - vessel_data_pipeline - INFO - Updated metadata for Departed_in_last_36_hours.xml
2025-10-27 19:23:20,369 - vessel_data_pipeline - INFO - Successfully downloaded and validated Departed_in_last_36_hours.xml
2025-10-27 19:23:22,374 - vessel_data_pipeline - INFO - Downloading Expected_arrivals.xml (attempt 1/3)
2025-10-27 19:23:22,506 - vessel_data_pipeline - INFO - File temp_Expected_arrivals.xml passed validation checks
2025-10-27 19:23:22,507 - vessel_data_pipeline - INFO - Created backup: Expected_arrivals_20251027_192322.xml
2025-10-27 19:23:22,507 - vessel_data_pipeline - INFO - Updated metadata for Expected_arrivals.xml
2025-10-27 19:23:22,507 - vessel_data_pipeline - INFO - Successfully downloaded and validated Expected_arrivals.xml
2025-10-27 19:23:24,509 - vessel_data_pipeline - INFO - Downloading Expected_departures.xml (attempt 1/3)
2025-10-27 19:23:24,565 - vessel_data_pipeline - INFO - File temp_Expected_departures.xml passed validation checks
2025-10-27 19:23:24,566 - vessel_data_pipeline - INFO - Created backup: Expected_departures_20251027_192324.xml
2025-10-27 19:23:24,566 - vessel_data_pipeline - INFO - Updated metadata for Expected_departures.xml
2025-10-27 19:23:24,566 - vessel_data_pipeline - INFO - Successfully downloaded and validated Expected_departures.xml
2025-10-27 19:23:26,568 - vessel_data_pipeline - INFO - Fetch operation completed. Results: {'Arrived_in_last_36_hours.xml': True, 'Departed_in_last_36_hours.xml': True, 'Expected_arrivals.xml': True, 'Expected_departures.xml': True}
2025-10-27 19:24:42,887 - vessel_data_pipeline - INFO - VesselDataFetcher initialized. Pipeline enabled: True
2025-10-27 19:24:42,888 - vessel_data_pipeline - INFO - Starting vessel data fetch operation
2025-10-27 19:24:42,888 - vessel_data_pipeline - INFO - Discovering XML files from Hong Kong Marine Department portal
2025-10-27 19:24:42,913 - vessel_data_pipeline - WARNING - Could not verify access to Arrived_in_last_36_hours.xml: maximum recursion depth exceeded
2025-10-27 19:24:42,934 - vessel_data_pipeline - WARNING - Could not verify access to Departed_in_last_36_hours.xml: maximum recursion depth exceeded
2025-10-27 19:24:42,944 - vessel_data_pipeline - WARNING - Could not verify access to Expected_arrivals.xml: maximum recursion depth exceeded
2025-10-27 19:24:42,954 - vessel_data_pipeline - WARNING - Could not verify access to Expected_departures.xml: maximum recursion depth exceeded
2025-10-27 19:24:42,954 - vessel_data_pipeline - INFO - Discovered 4 XML files for download
2025-10-27 19:24:42,954 - vessel_data_pipeline - INFO - Downloading Arrived_in_last_36_hours.xml (attempt 1/3)
2025-10-27 19:24:42,965 - vessel_data_pipeline - ERROR - Unexpected error downloading Arrived_in_last_36_hours.xml (attempt 1): maximum recursion depth exceeded
2025-10-27 19:24:42,965 - vessel_data_pipeline - INFO - Waiting 5 seconds before retry...
2025-10-27 19:24:47,969 - vessel_data_pipeline - INFO - Downloading Arrived_in_last_36_hours.xml (attempt 2/3)
2025-10-27 19:24:47,980 - vessel_data_pipeline - ERROR - Unexpected error downloading Arrived_in_last_36_hours.xml (attempt 2): maximum recursion depth exceeded
2025-10-27 19:24:47,980 - vessel_data_pipeline - INFO - Waiting 10 seconds before retry...
2025-10-27 19:24:57,985 - vessel_data_pipeline - INFO - Downloading Arrived_in_last_36_hours.xml (attempt 3/3)
2025-10-27 19:24:57,998 - vessel_data_pipeline - ERROR - Unexpected error downloading Arrived_in_last_36_hours.xml (attempt 3): maximum recursion depth exceeded
2025-10-27 19:24:57,998 - vessel_data_pipeline - ERROR - Failed to download Arrived_in_last_36_hours.xml after 3 attempts
2025-10-27 19:25:00,001 - vessel_data_pipeline - INFO - Downloading Departed_in_last_36_hours.xml (attempt 1/3)
2025-10-27 19:25:00,024 - vessel_data_pipeline - ERROR - Unexpected error downloading Departed_in_last_36_hours.xml (attempt 1): maximum recursion depth exceeded
2025-10-27 19:25:00,024 - vessel_data_pipeline - INFO - Waiting 5 seconds before retry...
2025-10-27 19:25:05,025 - vessel_data_pipeline - INFO - Downloading Departed_in_last_36_hours.xml (attempt 2/3)
2025-10-27 19:25:05,042 - vessel_data_pipeline - ERROR - Unexpected error downloading Departed_in_last_36_hours.xml (attempt 2): maximum recursion depth exceeded
2025-10-27 19:25:05,042 - vessel_data_pipeline - INFO - Waiting 10 seconds before retry...
2025-10-27 19:25:15,046 - vessel_data_pipeline - INFO - Downloading Departed_in_last_36_hours.xml (attempt 3/3)
2025-10-27 19:25:15,064 - vessel_data_pipeline - ERROR - Unexpected error downloading Departed_in_last_36_hours.xml (attempt 3): maximum recursion depth exceeded
2025-10-27 19:25:15,065 - vessel_data_pipeline - ERROR - Failed to download Departed_in_last_36_hours.xml after 3 attempts
2025-10-27 19:25:17,069 - vessel_data_pipeline - INFO - Downloading Expected_arrivals.xml (attempt 1/3)
2025-10-27 19:25:17,083 - vessel_data_pipeline - ERROR - Unexpected error downloading Expected_arrivals.xml (attempt 1): maximum recursion depth exceeded
2025-10-27 19:25:17,084 - vessel_data_pipeline - INFO - Waiting 5 seconds before retry...
2025-10-27 19:25:22,085 - vessel_data_pipeline - INFO - Downloading Expected_arrivals.xml (attempt 2/3)
2025-10-27 19:25:22,100 - vessel_data_pipeline - ERROR - Unexpected error downloading Expected_arrivals.xml (attempt 2): maximum recursion depth exceeded
2025-10-27 19:25:22,100 - vessel_data_pipeline - INFO - Waiting 10 seconds before retry...
2025-10-27 19:25:32,102 - vessel_data_pipeline - INFO - Downloading Expected_arrivals.xml (attempt 3/3)
2025-10-27 19:25:32,119 - vessel_data_pipeline - ERROR - Unexpected error downloading Expected_arrivals.xml (attempt 3): maximum recursion depth exceeded
2025-10-27 19:25:32,120 - vessel_data_pipeline - ERROR - Failed to download Expected_arrivals.xml after 3 attempts
2025-10-27 19:25:34,124 - vessel_data_pipeline - INFO - Downloading Expected_departures.xml (attempt 1/3)
2025-10-27 19:25:34,142 - vessel_data_pipeline - ERROR - Unexpected error downloading Expected_departures.xml (attempt 1): maximum recursion depth exceeded
2025-10-27 19:25:34,142 - vessel_data_pipeline - INFO - Waiting 5 seconds before retry...
2025-10-27 19:25:39,146 - vessel_data_pipeline - INFO - Downloading Expected_departures.xml (attempt 2/3)
2025-10-27 19:25:39,164 - vessel_data_pipeline - ERROR - Unexpected error downloading Expected_departures.xml (attempt 2): maximum recursion depth exceeded
2025-10-27 19:25:39,164 - vessel_data_pipeline - INFO - Waiting 10 seconds before retry...
2025-10-27 19:25:49,165 - vessel_data_pipeline - INFO - Downloading Expected_departures.xml (attempt 3/3)
2025-10-27 19:25:49,185 - vessel_data_pipeline - ERROR - Unexpected error downloading Expected_departures.xml (attempt 3): maximum recursion depth exceeded
2025-10-27 19:25:49,186 - vessel_data_pipeline - ERROR - Failed to download Expected_departures.xml after 3 attempts
2025-10-27 19:25:51,188 - vessel_data_pipeline - INFO - Fetch operation completed. Results: {'Arrived_in_last_36_hours.xml': False, 'Departed_in_last_36_hours.xml': False, 'Expected_arrivals.xml': False, 'Expected_departures.xml': False}
2025-10-27 19:25:51,198 - vessel_data_pipeline - INFO - VesselDataFetcher initialized. Pipeline enabled: True
2025-10-27 19:25:51,198 - vessel_data_pipeline - INFO - Starting vessel data fetch operation
2025-10-27 19:25:51,198 - vessel_data_pipeline - INFO - Discovering XML files from Hong Kong Marine Department portal
2025-10-27 19:25:51,210 - vessel_data_pipeline - WARNING - Could not verify access to Arrived_in_last_36_hours.xml: maximum recursion depth exceeded
2025-10-27 19:25:51,222 - vessel_data_pipeline - WARNING - Could not verify access to Departed_in_last_36_hours.xml: maximum recursion depth exceeded
2025-10-27 19:25:51,233 - vessel_data_pipeline - WARNING - Could not verify access to Expected_arrivals.xml: maximum recursion depth exceeded
2025-10-27 19:25:51,245 - vessel_data_pipeline - WARNING - Could not verify access to Expected_departures.xml: maximum recursion depth exceeded
2025-10-27 19:25:51,245 - vessel_data_pipeline - INFO - Discovered 4 XML files for download
2025-10-27 19:25:51,245 - vessel_data_pipeline - INFO - Downloading Arrived_in_last_36_hours.xml (attempt 1/3)
2025-10-27 19:25:51,255 - vessel_data_pipeline - ERROR - Unexpected error downloading Arrived_in_last_36_hours.xml (attempt 1): maximum recursion depth exceeded
2025-10-27 19:25:51,255 - vessel_data_pipeline - INFO - Waiting 5 seconds before retry...
2025-10-27 19:25:56,260 - vessel_data_pipeline - INFO - Downloading Arrived_in_last_36_hours.xml (attempt 2/3)
2025-10-27 19:25:56,287 - vessel_data_pipeline - ERROR - Unexpected error downloading Arrived_in_last_36_hours.xml (attempt 2): maximum recursion depth exceeded
2025-10-27 19:25:56,288 - vessel_data_pipeline - INFO - Waiting 10 seconds before retry...
2025-10-27 19:26:06,290 - vessel_data_pipeline - INFO - Downloading Arrived_in_last_36_hours.xml (attempt 3/3)
2025-10-27 19:26:06,307 - vessel_data_pipeline - ERROR - Unexpected error downloading Arrived_in_last_36_hours.xml (attempt 3): maximum recursion depth exceeded
2025-10-27 19:26:06,308 - vessel_data_pipeline - ERROR - Failed to download Arrived_in_last_36_hours.xml after 3 attempts
2025-10-27 19:26:08,313 - vessel_data_pipeline - INFO - Downloading Departed_in_last_36_hours.xml (attempt 1/3)
2025-10-27 19:26:08,328 - vessel_data_pipeline - ERROR - Unexpected error downloading Departed_in_last_36_hours.xml (attempt 1): maximum recursion depth exceeded
2025-10-27 19:26:08,328 - vessel_data_pipeline - INFO - Waiting 5 seconds before retry...
2025-10-27 19:26:13,329 - vessel_data_pipeline - INFO - Downloading Departed_in_last_36_hours.xml (attempt 2/3)
2025-10-27 19:26:13,358 - vessel_data_pipeline - ERROR - Unexpected error downloading Departed_in_last_36_hours.xml (attempt 2): maximum recursion depth exceeded
2025-10-27 19:26:13,359 - vessel_data_pipeline - INFO - Waiting 10 seconds before retry...
2025-10-27 19:26:23,363 - vessel_data_pipeline - INFO - Downloading Departed_in_last_36_hours.xml (attempt 3/3)
2025-10-27 19:26:23,385 - vessel_data_pipeline - ERROR - Unexpected error downloading Departed_in_last_36_hours.xml (attempt 3): maximum recursion depth exceeded
2025-10-27 19:26:23,385 - vessel_data_pipeline - ERROR - Failed to download Departed_in_last_36_hours.xml after 3 attempts
2025-10-27 19:26:25,389 - vessel_data_pipeline - INFO - Downloading Expected_arrivals.xml (attempt 1/3)
2025-10-27 19:26:25,407 - vessel_data_pipeline - ERROR - Unexpected error downloading Expected_arrivals.xml (attempt 1): maximum recursion depth exceeded
2025-10-27 19:26:25,408 - vessel_data_pipeline - INFO - Waiting 5 seconds before retry...
2025-10-27 19:26:30,413 - vessel_data_pipeline - INFO - Downloading Expected_arrivals.xml (attempt 2/3)
2025-10-27 19:26:30,431 - vessel_data_pipeline - ERROR - Unexpected error downloading Expected_arrivals.xml (attempt 2): maximum recursion depth exceeded
2025-10-27 19:26:30,432 - vessel_data_pipeline - INFO - Waiting 10 seconds before retry...
2025-10-27 19:26:40,437 - vessel_data_pipeline - INFO - Downloading Expected_arrivals.xml (attempt 3/3)
2025-10-27 19:26:40,452 - vessel_data_pipeline - ERROR - Unexpected error downloading Expected_arrivals.xml (attempt 3): maximum recursion depth exceeded
2025-10-27 19:26:40,452 - vessel_data_pipeline - ERROR - Failed to download Expected_arrivals.xml after 3 attempts
2025-10-27 19:26:42,457 - vessel_data_pipeline - INFO - Downloading Expected_departures.xml (attempt 1/3)
2025-10-27 19:26:42,497 - vessel_data_pipeline - ERROR - Unexpected error downloading Expected_departures.xml (attempt 1): maximum recursion depth exceeded
2025-10-27 19:26:42,498 - vessel_data_pipeline - INFO - Waiting 5 seconds before retry...
2025-10-27 19:26:47,501 - vessel_data_pipeline - INFO - Downloading Expected_departures.xml (attempt 2/3)
2025-10-27 19:26:47,518 - vessel_data_pipeline - ERROR - Unexpected error downloading Expected_departures.xml (attempt 2): maximum recursion depth exceeded
2025-10-27 19:26:47,518 - vessel_data_pipeline - INFO - Waiting 10 seconds before retry...
2025-10-27 19:26:57,521 - vessel_data_pipeline - INFO - Downloading Expected_departures.xml (attempt 3/3)
2025-10-27 19:26:57,692 - vessel_data_pipeline - ERROR - Unexpected error downloading Expected_departures.xml (attempt 3): maximum recursion depth exceeded
2025-10-27 19:26:57,693 - vessel_data_pipeline - ERROR - Failed to download Expected_departures.xml after 3 attempts
2025-10-27 19:26:59,693 - vessel_data_pipeline - INFO - Fetch operation completed. Results: {'Arrived_in_last_36_hours.xml': False, 'Departed_in_last_36_hours.xml': False, 'Expected_arrivals.xml': False, 'Expected_departures.xml': False}
2025-10-27 19:26:59,699 - vessel_data_pipeline - INFO - VesselDataFetcher initialized. Pipeline enabled: True
2025-10-27 19:26:59,700 - vessel_data_pipeline - INFO - Starting vessel data fetch operation
2025-10-27 19:26:59,700 - vessel_data_pipeline - INFO - Discovering XML files from Hong Kong Marine Department portal
2025-10-27 19:26:59,718 - vessel_data_pipeline - WARNING - Could not verify access to Arrived_in_last_36_hours.xml: maximum recursion depth exceeded
2025-10-27 19:26:59,730 - vessel_data_pipeline - WARNING - Could not verify access to Departed_in_last_36_hours.xml: maximum recursion depth exceeded
2025-10-27 19:26:59,767 - vessel_data_pipeline - WARNING - Could not verify access to Expected_arrivals.xml: maximum recursion depth exceeded
2025-10-27 19:26:59,801 - vessel_data_pipeline - WARNING - Could not verify access to Expected_departures.xml: maximum recursion depth exceeded
2025-10-27 19:26:59,802 - vessel_data_pipeline - INFO - Discovered 4 XML files for download
2025-10-27 19:26:59,802 - vessel_data_pipeline - INFO - Downloading Arrived_in_last_36_hours.xml (attempt 1/3)
2025-10-27 19:26:59,812 - vessel_data_pipeline - ERROR - Unexpected error downloading Arrived_in_last_36_hours.xml (attempt 1): maximum recursion depth exceeded
2025-10-27 19:26:59,812 - vessel_data_pipeline - INFO - Waiting 5 seconds before retry...
2025-10-27 19:27:04,817 - vessel_data_pipeline - INFO - Downloading Arrived_in_last_36_hours.xml (attempt 2/3)
2025-10-27 19:27:04,839 - vessel_data_pipeline - ERROR - Unexpected error downloading Arrived_in_last_36_hours.xml (attempt 2): maximum recursion depth exceeded
2025-10-27 19:27:04,840 - vessel_data_pipeline - INFO - Waiting 10 seconds before retry...
2025-10-27 19:27:14,846 - vessel_data_pipeline - INFO - Downloading Arrived_in_last_36_hours.xml (attempt 3/3)
2025-10-27 19:27:14,862 - vessel_data_pipeline - ERROR - Unexpected error downloading Arrived_in_last_36_hours.xml (attempt 3): maximum recursion depth exceeded
2025-10-27 19:27:14,862 - vessel_data_pipeline - ERROR - Failed to download Arrived_in_last_36_hours.xml after 3 attempts
2025-10-27 19:27:16,864 - vessel_data_pipeline - INFO - Downloading Departed_in_last_36_hours.xml (attempt 1/3)
2025-10-27 19:27:16,877 - vessel_data_pipeline - ERROR - Unexpected error downloading Departed_in_last_36_hours.xml (attempt 1): maximum recursion depth exceeded
2025-10-27 19:27:16,878 - vessel_data_pipeline - INFO - Waiting 5 seconds before retry...
2025-10-27 19:27:21,883 - vessel_data_pipeline - INFO - Downloading Departed_in_last_36_hours.xml (attempt 2/3)
2025-10-27 19:27:21,895 - vessel_data_pipeline - ERROR - Unexpected error downloading Departed_in_last_36_hours.xml (attempt 2): maximum recursion depth exceeded
2025-10-27 19:27:21,895 - vessel_data_pipeline - INFO - Waiting 10 seconds before retry...
2025-10-27 19:27:31,900 - vessel_data_pipeline - INFO - Downloading Departed_in_last_36_hours.xml (attempt 3/3)
2025-10-27 19:27:31,918 - vessel_data_pipeline - ERROR - Unexpected error downloading Departed_in_last_36_hours.xml (attempt 3): maximum recursion depth exceeded
2025-10-27 19:27:31,919 - vessel_data_pipeline - ERROR - Failed to download Departed_in_last_36_hours.xml after 3 attempts
2025-10-27 19:27:33,923 - vessel_data_pipeline - INFO - Downloading Expected_arrivals.xml (attempt 1/3)
2025-10-27 19:27:33,940 - vessel_data_pipeline - ERROR - Unexpected error downloading Expected_arrivals.xml (attempt 1): maximum recursion depth exceeded
2025-10-27 19:27:33,940 - vessel_data_pipeline - INFO - Waiting 5 seconds before retry...
2025-10-27 19:27:38,941 - vessel_data_pipeline - INFO - Downloading Expected_arrivals.xml (attempt 2/3)
2025-10-27 19:27:38,954 - vessel_data_pipeline - ERROR - Unexpected error downloading Expected_arrivals.xml (attempt 2): maximum recursion depth exceeded
2025-10-27 19:27:38,954 - vessel_data_pipeline - INFO - Waiting 10 seconds before retry...
2025-10-27 19:27:48,959 - vessel_data_pipeline - INFO - Downloading Expected_arrivals.xml (attempt 3/3)
2025-10-27 19:27:48,981 - vessel_data_pipeline - ERROR - Unexpected error downloading Expected_arrivals.xml (attempt 3): maximum recursion depth exceeded
2025-10-27 19:27:48,982 - vessel_data_pipeline - ERROR - Failed to download Expected_arrivals.xml after 3 attempts
2025-10-27 19:27:50,988 - vessel_data_pipeline - INFO - Downloading Expected_departures.xml (attempt 1/3)
2025-10-27 19:27:51,015 - vessel_data_pipeline - ERROR - Unexpected error downloading Expected_departures.xml (attempt 1): maximum recursion depth exceeded
2025-10-27 19:27:51,016 - vessel_data_pipeline - INFO - Waiting 5 seconds before retry...
2025-10-27 19:27:56,022 - vessel_data_pipeline - INFO - Downloading Expected_departures.xml (attempt 2/3)
2025-10-27 19:27:56,037 - vessel_data_pipeline - ERROR - Unexpected error downloading Expected_departures.xml (attempt 2): maximum recursion depth exceeded
2025-10-27 19:27:56,038 - vessel_data_pipeline - INFO - Waiting 10 seconds before retry...
2025-10-27 19:28:06,043 - vessel_data_pipeline - INFO - Downloading Expected_departures.xml (attempt 3/3)
2025-10-27 19:28:06,062 - vessel_data_pipeline - ERROR - Unexpected error downloading Expected_departures.xml (attempt 3): maximum recursion depth exceeded
2025-10-27 19:28:06,062 - vessel_data_pipeline - ERROR - Failed to download Expected_departures.xml after 3 attempts
2025-10-27 19:28:08,068 - vessel_data_pipeline - INFO - Fetch operation completed. Results: {'Arrived_in_last_36_hours.xml': False, 'Departed_in_last_36_hours.xml': False, 'Expected_arrivals.xml': False, 'Expected_departures.xml': False}
2025-10-27 19:28:08,077 - vessel_data_pipeline - INFO - VesselDataFetcher initialized. Pipeline enabled: True
2025-10-27 19:28:08,078 - vessel_data_pipeline - INFO - Starting vessel data fetch operation
2025-10-27 19:28:08,078 - vessel_data_pipeline - INFO - Discovering XML files from Hong Kong Marine Department portal
2025-10-27 19:28:08,093 - vessel_data_pipeline - WARNING - Could not verify access to Arrived_in_last_36_hours.xml: maximum recursion depth exceeded
2025-10-27 19:28:08,107 - vessel_data_pipeline - WARNING - Could not verify access to Departed_in_last_36_hours.xml: maximum recursion depth exceeded
2025-10-27 19:28:08,125 - vessel_data_pipeline - WARNING - Could not verify access to Expected_arrivals.xml: maximum recursion depth exceeded
2025-10-27 19:28:08,137 - vessel_data_pipeline - WARNING - Could not verify access to Expected_departures.xml: maximum recursion depth exceeded
2025-10-27 19:28:08,137 - vessel_data_pipeline - INFO - Discovered 4 XML files for download
2025-10-27 19:28:08,137 - vessel_data_pipeline - INFO - Downloading Arrived_in_last_36_hours.xml (attempt 1/3)
2025-10-27 19:28:08,150 - vessel_data_pipeline - ERROR - Unexpected error downloading Arrived_in_last_36_hours.xml (attempt 1): maximum recursion depth exceeded
2025-10-27 19:28:08,150 - vessel_data_pipeline - INFO - Waiting 5 seconds before retry...
2025-10-27 19:28:13,152 - vessel_data_pipeline - INFO - Downloading Arrived_in_last_36_hours.xml (attempt 2/3)
2025-10-27 19:28:13,167 - vessel_data_pipeline - ERROR - Unexpected error downloading Arrived_in_last_36_hours.xml (attempt 2): maximum recursion depth exceeded
2025-10-27 19:28:13,167 - vessel_data_pipeline - INFO - Waiting 10 seconds before retry...
2025-10-27 19:28:23,172 - vessel_data_pipeline - INFO - Downloading Arrived_in_last_36_hours.xml (attempt 3/3)
2025-10-27 19:28:23,190 - vessel_data_pipeline - ERROR - Unexpected error downloading Arrived_in_last_36_hours.xml (attempt 3): maximum recursion depth exceeded
2025-10-27 19:28:23,191 - vessel_data_pipeline - ERROR - Failed to download Arrived_in_last_36_hours.xml after 3 attempts
2025-10-27 19:28:25,192 - vessel_data_pipeline - INFO - Downloading Departed_in_last_36_hours.xml (attempt 1/3)
2025-10-27 19:28:25,209 - vessel_data_pipeline - ERROR - Unexpected error downloading Departed_in_last_36_hours.xml (attempt 1): maximum recursion depth exceeded
2025-10-27 19:28:25,210 - vessel_data_pipeline - INFO - Waiting 5 seconds before retry...
2025-10-27 19:28:30,215 - vessel_data_pipeline - INFO - Downloading Departed_in_last_36_hours.xml (attempt 2/3)
2025-10-27 19:28:30,237 - vessel_data_pipeline - ERROR - Unexpected error downloading Departed_in_last_36_hours.xml (attempt 2): maximum recursion depth exceeded
2025-10-27 19:28:30,238 - vessel_data_pipeline - INFO - Waiting 10 seconds before retry...
2025-10-27 19:28:40,243 - vessel_data_pipeline - INFO - Downloading Departed_in_last_36_hours.xml (attempt 3/3)
2025-10-27 19:28:40,255 - vessel_data_pipeline - ERROR - Unexpected error downloading Departed_in_last_36_hours.xml (attempt 3): maximum recursion depth exceeded
2025-10-27 19:28:40,255 - vessel_data_pipeline - ERROR - Failed to download Departed_in_last_36_hours.xml after 3 attempts
2025-10-27 19:28:42,256 - vessel_data_pipeline - INFO - Downloading Expected_arrivals.xml (attempt 1/3)
2025-10-27 19:28:42,273 - vessel_data_pipeline - ERROR - Unexpected error downloading Expected_arrivals.xml (attempt 1): maximum recursion depth exceeded
2025-10-27 19:28:42,273 - vessel_data_pipeline - INFO - Waiting 5 seconds before retry...
2025-10-27 19:28:47,278 - vessel_data_pipeline - INFO - Downloading Expected_arrivals.xml (attempt 2/3)
2025-10-27 19:28:47,296 - vessel_data_pipeline - ERROR - Unexpected error downloading Expected_arrivals.xml (attempt 2): maximum recursion depth exceeded
2025-10-27 19:28:47,296 - vessel_data_pipeline - INFO - Waiting 10 seconds before retry...
2025-10-27 19:28:57,302 - vessel_data_pipeline - INFO - Downloading Expected_arrivals.xml (attempt 3/3)
2025-10-27 19:28:57,322 - vessel_data_pipeline - ERROR - Unexpected error downloading Expected_arrivals.xml (attempt 3): maximum recursion depth exceeded
2025-10-27 19:28:57,322 - vessel_data_pipeline - ERROR - Failed to download Expected_arrivals.xml after 3 attempts
2025-10-27 19:28:59,328 - vessel_data_pipeline - INFO - Downloading Expected_departures.xml (attempt 1/3)
2025-10-27 19:28:59,349 - vessel_data_pipeline - ERROR - Unexpected error downloading Expected_departures.xml (attempt 1): maximum recursion depth exceeded
2025-10-27 19:28:59,349 - vessel_data_pipeline - INFO - Waiting 5 seconds before retry...
2025-10-27 19:29:04,351 - vessel_data_pipeline - INFO - Downloading Expected_departures.xml (attempt 2/3)
2025-10-27 19:29:04,367 - vessel_data_pipeline - ERROR - Unexpected error downloading Expected_departures.xml (attempt 2): maximum recursion depth exceeded
2025-10-27 19:29:04,367 - vessel_data_pipeline - INFO - Waiting 10 seconds before retry...
2025-10-27 19:29:14,371 - vessel_data_pipeline - INFO - Downloading Expected_departures.xml (attempt 3/3)
2025-10-27 19:29:14,391 - vessel_data_pipeline - ERROR - Unexpected error downloading Expected_departures.xml (attempt 3): maximum recursion depth exceeded
2025-10-27 19:29:14,392 - vessel_data_pipeline - ERROR - Failed to download Expected_departures.xml after 3 attempts
2025-10-27 19:29:16,397 - vessel_data_pipeline - INFO - Fetch operation completed. Results: {'Arrived_in_last_36_hours.xml': False, 'Departed_in_last_36_hours.xml': False, 'Expected_arrivals.xml': False, 'Expected_departures.xml': False}
2025-10-27 19:30:11,944 - vessel_data_pipeline - INFO - VesselDataFetcher initialized. Pipeline enabled: True
2025-10-27 19:30:11,945 - vessel_data_pipeline - INFO - Starting vessel data fetch operation
2025-10-27 19:30:11,945 - vessel_data_pipeline - INFO - Discovering XML files from Hong Kong Marine Department portal
2025-10-27 19:30:12,181 - vessel_data_pipeline - INFO - Verified access to Arrived_in_last_36_hours.xml
2025-10-27 19:30:12,427 - vessel_data_pipeline - INFO - Verified access to Departed_in_last_36_hours.xml
2025-10-27 19:30:12,869 - vessel_data_pipeline - INFO - Verified access to Expected_arrivals.xml
2025-10-27 19:30:13,183 - vessel_data_pipeline - INFO - Verified access to Expected_departures.xml
2025-10-27 19:30:13,183 - vessel_data_pipeline - INFO - Discovered 4 XML files for download
2025-10-27 19:30:13,183 - vessel_data_pipeline - INFO - Downloading Arrived_in_last_36_hours.xml (attempt 1/3)
2025-10-27 19:30:13,251 - vessel_data_pipeline - INFO - File temp_Arrived_in_last_36_hours.xml passed validation checks
2025-10-27 19:30:13,253 - vessel_data_pipeline - INFO - Created backup: Arrived_in_last_36_hours_20251027_193013.xml
2025-10-27 19:30:13,255 - vessel_data_pipeline - INFO - Updated metadata for Arrived_in_last_36_hours.xml
2025-10-27 19:30:13,255 - vessel_data_pipeline - INFO - Successfully downloaded and validated Arrived_in_last_36_hours.xml
2025-10-27 19:30:15,258 - vessel_data_pipeline - INFO - Downloading Departed_in_last_36_hours.xml (attempt 1/3)
2025-10-27 19:30:15,323 - vessel_data_pipeline - INFO - File temp_Departed_in_last_36_hours.xml passed validation checks
2025-10-27 19:30:15,323 - vessel_data_pipeline - INFO - Created backup: Departed_in_last_36_hours_20251027_193015.xml
2025-10-27 19:30:15,324 - vessel_data_pipeline - INFO - Updated metadata for Departed_in_last_36_hours.xml
2025-10-27 19:30:15,324 - vessel_data_pipeline - INFO - Successfully downloaded and validated Departed_in_last_36_hours.xml
2025-10-27 19:30:17,324 - vessel_data_pipeline - INFO - Downloading Expected_arrivals.xml (attempt 1/3)
2025-10-27 19:30:17,374 - vessel_data_pipeline - INFO - File temp_Expected_arrivals.xml passed validation checks
2025-10-27 19:30:17,374 - vessel_data_pipeline - INFO - Created backup: Expected_arrivals_20251027_193017.xml
2025-10-27 19:30:17,375 - vessel_data_pipeline - INFO - Updated metadata for Expected_arrivals.xml
2025-10-27 19:30:17,375 - vessel_data_pipeline - INFO - Successfully downloaded and validated Expected_arrivals.xml
2025-10-27 19:30:19,375 - vessel_data_pipeline - INFO - Downloading Expected_departures.xml (attempt 1/3)
2025-10-27 19:30:19,441 - vessel_data_pipeline - INFO - File temp_Expected_departures.xml passed validation checks
2025-10-27 19:30:19,441 - vessel_data_pipeline - INFO - Created backup: Expected_departures_20251027_193019.xml
2025-10-27 19:30:19,442 - vessel_data_pipeline - INFO - Updated metadata for Expected_departures.xml
2025-10-27 19:30:19,442 - vessel_data_pipeline - INFO - Successfully downloaded and validated Expected_departures.xml
2025-10-27 19:30:21,447 - vessel_data_pipeline - INFO - Fetch operation completed. Results: {'Arrived_in_last_36_hours.xml': True, 'Departed_in_last_36_hours.xml': True, 'Expected_arrivals.xml': True, 'Expected_departures.xml': True}
2025-10-27 19:30:21,451 - vessel_data_pipeline - INFO - VesselDataFetcher initialized. Pipeline enabled: True
2025-10-27 19:30:21,451 - vessel_data_pipeline - INFO - Starting vessel data fetch operation
2025-10-27 19:30:21,451 - vessel_data_pipeline - INFO - Discovering XML files from Hong Kong Marine Department portal
2025-10-27 19:30:21,524 - vessel_data_pipeline - INFO - Verified access to Arrived_in_last_36_hours.xml
2025-10-27 19:30:21,573 - vessel_data_pipeline - INFO - Verified access to Departed_in_last_36_hours.xml
2025-10-27 19:30:21,820 - vessel_data_pipeline - INFO - Verified access to Expected_arrivals.xml
2025-10-27 19:30:21,872 - vessel_data_pipeline - INFO - Verified access to Expected_departures.xml
2025-10-27 19:30:21,872 - vessel_data_pipeline - INFO - Discovered 4 XML files for download
2025-10-27 19:30:21,872 - vessel_data_pipeline - INFO - Downloading Arrived_in_last_36_hours.xml (attempt 1/3)
2025-10-27 19:30:21,950 - vessel_data_pipeline - INFO - File temp_Arrived_in_last_36_hours.xml passed validation checks
2025-10-27 19:30:21,950 - vessel_data_pipeline - INFO - Created backup: Arrived_in_last_36_hours_20251027_193021.xml
2025-10-27 19:30:21,951 - vessel_data_pipeline - INFO - Updated metadata for Arrived_in_last_36_hours.xml
2025-10-27 19:30:21,951 - vessel_data_pipeline - INFO - Successfully downloaded and validated Arrived_in_last_36_hours.xml
2025-10-27 19:30:23,956 - vessel_data_pipeline - INFO - Downloading Departed_in_last_36_hours.xml (attempt 1/3)
2025-10-27 19:30:24,270 - vessel_data_pipeline - INFO - File temp_Departed_in_last_36_hours.xml passed validation checks
2025-10-27 19:30:24,271 - vessel_data_pipeline - INFO - Created backup: Departed_in_last_36_hours_20251027_193024.xml
2025-10-27 19:30:24,271 - vessel_data_pipeline - INFO - Updated metadata for Departed_in_last_36_hours.xml
2025-10-27 19:30:24,271 - vessel_data_pipeline - INFO - Successfully downloaded and validated Departed_in_last_36_hours.xml
2025-10-27 19:30:26,276 - vessel_data_pipeline - INFO - Downloading Expected_arrivals.xml (attempt 1/3)
2025-10-27 19:30:26,348 - vessel_data_pipeline - INFO - File temp_Expected_arrivals.xml passed validation checks
2025-10-27 19:30:26,349 - vessel_data_pipeline - INFO - Created backup: Expected_arrivals_20251027_193026.xml
2025-10-27 19:30:26,349 - vessel_data_pipeline - INFO - Updated metadata for Expected_arrivals.xml
2025-10-27 19:30:26,349 - vessel_data_pipeline - INFO - Successfully downloaded and validated Expected_arrivals.xml
2025-10-27 19:30:28,354 - vessel_data_pipeline - INFO - Downloading Expected_departures.xml (attempt 1/3)
2025-10-27 19:30:28,580 - vessel_data_pipeline - INFO - File temp_Expected_departures.xml passed validation checks
2025-10-27 19:30:28,581 - vessel_data_pipeline - INFO - Created backup: Expected_departures_20251027_193028.xml
2025-10-27 19:30:28,581 - vessel_data_pipeline - INFO - Updated metadata for Expected_departures.xml
2025-10-27 19:30:28,581 - vessel_data_pipeline - INFO - Successfully downloaded and validated Expected_departures.xml
2025-10-27 19:30:30,584 - vessel_data_pipeline - INFO - Fetch operation completed. Results: {'Arrived_in_last_36_hours.xml': True, 'Departed_in_last_36_hours.xml': True, 'Expected_arrivals.xml': True, 'Expected_departures.xml': True}
2025-10-27 19:30:30,588 - vessel_data_pipeline - INFO - VesselDataFetcher initialized. Pipeline enabled: True
2025-10-27 19:30:30,589 - vessel_data_pipeline - INFO - Starting vessel data fetch operation
2025-10-27 19:30:30,589 - vessel_data_pipeline - INFO - Discovering XML files from Hong Kong Marine Department portal
2025-10-27 19:30:30,766 - vessel_data_pipeline - INFO - Verified access to Arrived_in_last_36_hours.xml
2025-10-27 19:30:30,804 - vessel_data_pipeline - INFO - Verified access to Departed_in_last_36_hours.xml
2025-10-27 19:30:30,847 - vessel_data_pipeline - INFO - Verified access to Expected_arrivals.xml
2025-10-27 19:30:31,002 - vessel_data_pipeline - INFO - Verified access to Expected_departures.xml
2025-10-27 19:30:31,002 - vessel_data_pipeline - INFO - Discovered 4 XML files for download
2025-10-27 19:30:31,002 - vessel_data_pipeline - INFO - Downloading Arrived_in_last_36_hours.xml (attempt 1/3)
2025-10-27 19:30:31,249 - vessel_data_pipeline - INFO - File temp_Arrived_in_last_36_hours.xml passed validation checks
2025-10-27 19:30:31,250 - vessel_data_pipeline - INFO - Created backup: Arrived_in_last_36_hours_20251027_193031.xml
2025-10-27 19:30:31,250 - vessel_data_pipeline - INFO - Updated metadata for Arrived_in_last_36_hours.xml
2025-10-27 19:30:31,250 - vessel_data_pipeline - INFO - Successfully downloaded and validated Arrived_in_last_36_hours.xml
2025-10-27 19:30:33,253 - vessel_data_pipeline - INFO - Downloading Departed_in_last_36_hours.xml (attempt 1/3)
2025-10-27 19:30:33,364 - vessel_data_pipeline - INFO - File temp_Departed_in_last_36_hours.xml passed validation checks
2025-10-27 19:30:33,365 - vessel_data_pipeline - INFO - Created backup: Departed_in_last_36_hours_20251027_193033.xml
2025-10-27 19:30:33,366 - vessel_data_pipeline - INFO - Updated metadata for Departed_in_last_36_hours.xml
2025-10-27 19:30:33,366 - vessel_data_pipeline - INFO - Successfully downloaded and validated Departed_in_last_36_hours.xml
2025-10-27 19:30:35,367 - vessel_data_pipeline - INFO - Downloading Expected_arrivals.xml (attempt 1/3)
2025-10-27 19:30:35,498 - vessel_data_pipeline - INFO - File temp_Expected_arrivals.xml passed validation checks
2025-10-27 19:30:35,499 - vessel_data_pipeline - INFO - Created backup: Expected_arrivals_20251027_193035.xml
2025-10-27 19:30:35,499 - vessel_data_pipeline - INFO - Updated metadata for Expected_arrivals.xml
2025-10-27 19:30:35,499 - vessel_data_pipeline - INFO - Successfully downloaded and validated Expected_arrivals.xml
2025-10-27 19:30:37,504 - vessel_data_pipeline - INFO - Downloading Expected_departures.xml (attempt 1/3)
2025-10-27 19:30:37,568 - vessel_data_pipeline - INFO - File temp_Expected_departures.xml passed validation checks
2025-10-27 19:30:37,568 - vessel_data_pipeline - INFO - Created backup: Expected_departures_20251027_193037.xml
2025-10-27 19:30:37,569 - vessel_data_pipeline - INFO - Updated metadata for Expected_departures.xml
2025-10-27 19:30:37,569 - vessel_data_pipeline - INFO - Successfully downloaded and validated Expected_departures.xml
2025-10-27 19:30:39,572 - vessel_data_pipeline - INFO - Fetch operation completed. Results: {'Arrived_in_last_36_hours.xml': True, 'Departed_in_last_36_hours.xml': True, 'Expected_arrivals.xml': True, 'Expected_departures.xml': True}
2025-10-27 19:30:39,582 - vessel_data_pipeline - INFO - VesselDataFetcher initialized. Pipeline enabled: True
2025-10-27 19:30:39,583 - vessel_data_pipeline - INFO - Starting vessel data fetch operation
2025-10-27 19:30:39,583 - vessel_data_pipeline - INFO - Discovering XML files from Hong Kong Marine Department portal
2025-10-27 19:30:39,643 - vessel_data_pipeline - INFO - Verified access to Arrived_in_last_36_hours.xml
2025-10-27 19:30:39,694 - vessel_data_pipeline - INFO - Verified access to Departed_in_last_36_hours.xml
2025-10-27 19:30:39,726 - vessel_data_pipeline - INFO - Verified access to Expected_arrivals.xml
2025-10-27 19:30:39,763 - vessel_data_pipeline - INFO - Verified access to Expected_departures.xml
2025-10-27 19:30:39,763 - vessel_data_pipeline - INFO - Discovered 4 XML files for download
2025-10-27 19:30:39,763 - vessel_data_pipeline - INFO - Downloading Arrived_in_last_36_hours.xml (attempt 1/3)
2025-10-27 19:30:39,814 - vessel_data_pipeline - INFO - File temp_Arrived_in_last_36_hours.xml passed validation checks
2025-10-27 19:30:39,814 - vessel_data_pipeline - INFO - Created backup: Arrived_in_last_36_hours_20251027_193039.xml
2025-10-27 19:30:39,815 - vessel_data_pipeline - INFO - Updated metadata for Arrived_in_last_36_hours.xml
2025-10-27 19:30:39,815 - vessel_data_pipeline - INFO - Successfully downloaded and validated Arrived_in_last_36_hours.xml
2025-10-27 19:30:41,815 - vessel_data_pipeline - INFO - Downloading Departed_in_last_36_hours.xml (attempt 1/3)
2025-10-27 19:30:41,898 - vessel_data_pipeline - INFO - File temp_Departed_in_last_36_hours.xml passed validation checks
2025-10-27 19:30:41,899 - vessel_data_pipeline - INFO - Created backup: Departed_in_last_36_hours_20251027_193041.xml
2025-10-27 19:30:41,899 - vessel_data_pipeline - INFO - Updated metadata for Departed_in_last_36_hours.xml
2025-10-27 19:30:41,899 - vessel_data_pipeline - INFO - Successfully downloaded and validated Departed_in_last_36_hours.xml
2025-10-27 19:30:43,902 - vessel_data_pipeline - INFO - Downloading Expected_arrivals.xml (attempt 1/3)
2025-10-27 19:30:43,958 - vessel_data_pipeline - INFO - File temp_Expected_arrivals.xml passed validation checks
2025-10-27 19:30:43,958 - vessel_data_pipeline - INFO - Created backup: Expected_arrivals_20251027_193043.xml
2025-10-27 19:30:43,958 - vessel_data_pipeline - INFO - Updated metadata for Expected_arrivals.xml
2025-10-27 19:30:43,959 - vessel_data_pipeline - INFO - Successfully downloaded and validated Expected_arrivals.xml
2025-10-27 19:30:45,959 - vessel_data_pipeline - INFO - Downloading Expected_departures.xml (attempt 1/3)
2025-10-27 19:30:46,007 - vessel_data_pipeline - INFO - File temp_Expected_departures.xml passed validation checks
2025-10-27 19:30:46,008 - vessel_data_pipeline - INFO - Created backup: Expected_departures_20251027_193046.xml
2025-10-27 19:30:46,008 - vessel_data_pipeline - INFO - Updated metadata for Expected_departures.xml
2025-10-27 19:30:46,008 - vessel_data_pipeline - INFO - Successfully downloaded and validated Expected_departures.xml
2025-10-27 19:30:48,011 - vessel_data_pipeline - INFO - Fetch operation completed. Results: {'Arrived_in_last_36_hours.xml': True, 'Departed_in_last_36_hours.xml': True, 'Expected_arrivals.xml': True, 'Expected_departures.xml': True}
2025-10-27 19:31:33,896 - vessel_data_pipeline - INFO - VesselDataFetcher initialized. Pipeline enabled: True
2025-10-27 19:31:33,897 - vessel_data_pipeline - INFO - Starting vessel data fetch operation
2025-10-27 19:31:33,897 - vessel_data_pipeline - INFO - Discovering XML files from Hong Kong Marine Department portal
2025-10-27 19:31:33,972 - vessel_data_pipeline - INFO - Verified access to Arrived_in_last_36_hours.xml
2025-10-27 19:31:34,020 - vessel_data_pipeline - INFO - Verified access to Departed_in_last_36_hours.xml
2025-10-27 19:31:34,051 - vessel_data_pipeline - INFO - Verified access to Expected_arrivals.xml
2025-10-27 19:31:34,115 - vessel_data_pipeline - INFO - Verified access to Expected_departures.xml
2025-10-27 19:31:34,115 - vessel_data_pipeline - INFO - Discovered 4 XML files for download
2025-10-27 19:31:34,115 - vessel_data_pipeline - INFO - Downloading Arrived_in_last_36_hours.xml (attempt 1/3)
2025-10-27 19:31:34,167 - vessel_data_pipeline - INFO - File temp_Arrived_in_last_36_hours.xml passed validation checks
2025-10-27 19:31:34,171 - vessel_data_pipeline - INFO - Created backup: Arrived_in_last_36_hours_20251027_193134.xml
2025-10-27 19:31:34,171 - vessel_data_pipeline - INFO - Updated metadata for Arrived_in_last_36_hours.xml
2025-10-27 19:31:34,171 - vessel_data_pipeline - INFO - Successfully downloaded and validated Arrived_in_last_36_hours.xml
2025-10-27 19:31:36,177 - vessel_data_pipeline - INFO - Downloading Departed_in_last_36_hours.xml (attempt 1/3)
2025-10-27 19:31:36,245 - vessel_data_pipeline - INFO - File temp_Departed_in_last_36_hours.xml passed validation checks
2025-10-27 19:31:36,245 - vessel_data_pipeline - INFO - Created backup: Departed_in_last_36_hours_20251027_193136.xml
2025-10-27 19:31:36,245 - vessel_data_pipeline - INFO - Updated metadata for Departed_in_last_36_hours.xml
2025-10-27 19:31:36,246 - vessel_data_pipeline - INFO - Successfully downloaded and validated Departed_in_last_36_hours.xml
2025-10-27 19:31:38,251 - vessel_data_pipeline - INFO - Downloading Expected_arrivals.xml (attempt 1/3)
2025-10-27 19:31:38,307 - vessel_data_pipeline - INFO - File temp_Expected_arrivals.xml passed validation checks
2025-10-27 19:31:38,308 - vessel_data_pipeline - INFO - Created backup: Expected_arrivals_20251027_193138.xml
2025-10-27 19:31:38,308 - vessel_data_pipeline - INFO - Updated metadata for Expected_arrivals.xml
2025-10-27 19:31:38,308 - vessel_data_pipeline - INFO - Successfully downloaded and validated Expected_arrivals.xml
2025-10-27 19:31:40,314 - vessel_data_pipeline - INFO - Downloading Expected_departures.xml (attempt 1/3)
2025-10-27 19:31:40,367 - vessel_data_pipeline - INFO - File temp_Expected_departures.xml passed validation checks
2025-10-27 19:31:40,368 - vessel_data_pipeline - INFO - Created backup: Expected_departures_20251027_193140.xml
2025-10-27 19:31:40,368 - vessel_data_pipeline - INFO - Updated metadata for Expected_departures.xml
2025-10-27 19:31:40,368 - vessel_data_pipeline - INFO - Successfully downloaded and validated Expected_departures.xml
2025-10-27 19:31:42,373 - vessel_data_pipeline - INFO - Fetch operation completed. Results: {'Arrived_in_last_36_hours.xml': True, 'Departed_in_last_36_hours.xml': True, 'Expected_arrivals.xml': True, 'Expected_departures.xml': True}
2025-10-27 19:31:42,377 - vessel_data_pipeline - INFO - VesselDataFetcher initialized. Pipeline enabled: True
2025-10-27 19:31:42,378 - vessel_data_pipeline - INFO - Starting vessel data fetch operation
2025-10-27 19:31:42,378 - vessel_data_pipeline - INFO - Discovering XML files from Hong Kong Marine Department portal
2025-10-27 19:31:42,437 - vessel_data_pipeline - INFO - Verified access to Arrived_in_last_36_hours.xml
2025-10-27 19:31:42,470 - vessel_data_pipeline - INFO - Verified access to Departed_in_last_36_hours.xml
2025-10-27 19:31:42,533 - vessel_data_pipeline - INFO - Verified access to Expected_arrivals.xml
2025-10-27 19:31:42,566 - vessel_data_pipeline - INFO - Verified access to Expected_departures.xml
2025-10-27 19:31:42,566 - vessel_data_pipeline - INFO - Discovered 4 XML files for download
2025-10-27 19:31:42,566 - vessel_data_pipeline - INFO - Downloading Arrived_in_last_36_hours.xml (attempt 1/3)
2025-10-27 19:31:42,620 - vessel_data_pipeline - INFO - File temp_Arrived_in_last_36_hours.xml passed validation checks
2025-10-27 19:31:42,620 - vessel_data_pipeline - INFO - Created backup: Arrived_in_last_36_hours_20251027_193142.xml
2025-10-27 19:31:42,620 - vessel_data_pipeline - INFO - Updated metadata for Arrived_in_last_36_hours.xml
2025-10-27 19:31:42,620 - vessel_data_pipeline - INFO - Successfully downloaded and validated Arrived_in_last_36_hours.xml
2025-10-27 19:31:44,621 - vessel_data_pipeline - INFO - Downloading Departed_in_last_36_hours.xml (attempt 1/3)
2025-10-27 19:31:44,708 - vessel_data_pipeline - INFO - File temp_Departed_in_last_36_hours.xml passed validation checks
2025-10-27 19:31:44,709 - vessel_data_pipeline - INFO - Created backup: Departed_in_last_36_hours_20251027_193144.xml
2025-10-27 19:31:44,709 - vessel_data_pipeline - INFO - Updated metadata for Departed_in_last_36_hours.xml
2025-10-27 19:31:44,709 - vessel_data_pipeline - INFO - Successfully downloaded and validated Departed_in_last_36_hours.xml
2025-10-27 19:31:46,714 - vessel_data_pipeline - INFO - Downloading Expected_arrivals.xml (attempt 1/3)
2025-10-27 19:31:46,764 - vessel_data_pipeline - INFO - File temp_Expected_arrivals.xml passed validation checks
2025-10-27 19:31:46,764 - vessel_data_pipeline - INFO - Created backup: Expected_arrivals_20251027_193146.xml
2025-10-27 19:31:46,764 - vessel_data_pipeline - INFO - Updated metadata for Expected_arrivals.xml
2025-10-27 19:31:46,764 - vessel_data_pipeline - INFO - Successfully downloaded and validated Expected_arrivals.xml
2025-10-27 19:31:48,770 - vessel_data_pipeline - INFO - Downloading Expected_departures.xml (attempt 1/3)
2025-10-27 19:31:48,817 - vessel_data_pipeline - INFO - File temp_Expected_departures.xml passed validation checks
2025-10-27 19:31:48,817 - vessel_data_pipeline - INFO - Created backup: Expected_departures_20251027_193148.xml
2025-10-27 19:31:48,818 - vessel_data_pipeline - INFO - Updated metadata for Expected_departures.xml
2025-10-27 19:31:48,818 - vessel_data_pipeline - INFO - Successfully downloaded and validated Expected_departures.xml
2025-10-27 19:31:50,823 - vessel_data_pipeline - INFO - Fetch operation completed. Results: {'Arrived_in_last_36_hours.xml': True, 'Departed_in_last_36_hours.xml': True, 'Expected_arrivals.xml': True, 'Expected_departures.xml': True}
2025-10-27 19:31:50,828 - vessel_data_pipeline - INFO - VesselDataFetcher initialized. Pipeline enabled: True
2025-10-27 19:31:50,829 - vessel_data_pipeline - INFO - Starting vessel data fetch operation
2025-10-27 19:31:50,829 - vessel_data_pipeline - INFO - Discovering XML files from Hong Kong Marine Department portal
2025-10-27 19:31:50,889 - vessel_data_pipeline - INFO - Verified access to Arrived_in_last_36_hours.xml
2025-10-27 19:31:50,931 - vessel_data_pipeline - INFO - Verified access to Departed_in_last_36_hours.xml
2025-10-27 19:31:50,985 - vessel_data_pipeline - INFO - Verified access to Expected_arrivals.xml
2025-10-27 19:31:51,019 - vessel_data_pipeline - INFO - Verified access to Expected_departures.xml
2025-10-27 19:31:51,019 - vessel_data_pipeline - INFO - Discovered 4 XML files for download
2025-10-27 19:31:51,019 - vessel_data_pipeline - INFO - Downloading Arrived_in_last_36_hours.xml (attempt 1/3)
2025-10-27 19:31:51,510 - vessel_data_pipeline - INFO - File temp_Arrived_in_last_36_hours.xml passed validation checks
2025-10-27 19:31:51,510 - vessel_data_pipeline - INFO - Created backup: Arrived_in_last_36_hours_20251027_193151.xml
2025-10-27 19:31:51,511 - vessel_data_pipeline - INFO - Updated metadata for Arrived_in_last_36_hours.xml
2025-10-27 19:31:51,511 - vessel_data_pipeline - INFO - Successfully downloaded and validated Arrived_in_last_36_hours.xml
2025-10-27 19:31:53,512 - vessel_data_pipeline - INFO - Downloading Departed_in_last_36_hours.xml (attempt 1/3)
2025-10-27 19:31:53,608 - vessel_data_pipeline - INFO - File temp_Departed_in_last_36_hours.xml passed validation checks
2025-10-27 19:31:53,609 - vessel_data_pipeline - INFO - Created backup: Departed_in_last_36_hours_20251027_193153.xml
2025-10-27 19:31:53,609 - vessel_data_pipeline - INFO - Updated metadata for Departed_in_last_36_hours.xml
2025-10-27 19:31:53,609 - vessel_data_pipeline - INFO - Successfully downloaded and validated Departed_in_last_36_hours.xml
2025-10-27 19:31:55,610 - vessel_data_pipeline - INFO - Downloading Expected_arrivals.xml (attempt 1/3)
2025-10-27 19:31:55,658 - vessel_data_pipeline - INFO - File temp_Expected_arrivals.xml passed validation checks
2025-10-27 19:31:55,658 - vessel_data_pipeline - INFO - Created backup: Expected_arrivals_20251027_193155.xml
2025-10-27 19:31:55,658 - vessel_data_pipeline - INFO - Updated metadata for Expected_arrivals.xml
2025-10-27 19:31:55,658 - vessel_data_pipeline - INFO - Successfully downloaded and validated Expected_arrivals.xml
2025-10-27 19:31:57,662 - vessel_data_pipeline - INFO - Downloading Expected_departures.xml (attempt 1/3)
2025-10-27 19:31:57,715 - vessel_data_pipeline - INFO - File temp_Expected_departures.xml passed validation checks
2025-10-27 19:31:57,715 - vessel_data_pipeline - INFO - Created backup: Expected_departures_20251027_193157.xml
2025-10-27 19:31:57,716 - vessel_data_pipeline - INFO - Updated metadata for Expected_departures.xml
2025-10-27 19:31:57,716 - vessel_data_pipeline - INFO - Successfully downloaded and validated Expected_departures.xml
2025-10-27 19:31:59,720 - vessel_data_pipeline - INFO - Fetch operation completed. Results: {'Arrived_in_last_36_hours.xml': True, 'Departed_in_last_36_hours.xml': True, 'Expected_arrivals.xml': True, 'Expected_departures.xml': True}
2025-10-27 19:31:59,723 - vessel_data_pipeline - INFO - VesselDataFetcher initialized. Pipeline enabled: True
2025-10-27 19:31:59,724 - vessel_data_pipeline - INFO - Starting vessel data fetch operation
2025-10-27 19:31:59,724 - vessel_data_pipeline - INFO - Discovering XML files from Hong Kong Marine Department portal
2025-10-27 19:31:59,818 - vessel_data_pipeline - INFO - Verified access to Arrived_in_last_36_hours.xml
2025-10-27 19:31:59,851 - vessel_data_pipeline - INFO - Verified access to Departed_in_last_36_hours.xml
2025-10-27 19:31:59,909 - vessel_data_pipeline - INFO - Verified access to Expected_arrivals.xml
2025-10-27 19:31:59,943 - vessel_data_pipeline - INFO - Verified access to Expected_departures.xml
2025-10-27 19:31:59,944 - vessel_data_pipeline - INFO - Discovered 4 XML files for download
2025-10-27 19:31:59,944 - vessel_data_pipeline - INFO - Downloading Arrived_in_last_36_hours.xml (attempt 1/3)
2025-10-27 19:32:00,004 - vessel_data_pipeline - INFO - File temp_Arrived_in_last_36_hours.xml passed validation checks
2025-10-27 19:32:00,005 - vessel_data_pipeline - INFO - Created backup: Arrived_in_last_36_hours_20251027_193200.xml
2025-10-27 19:32:00,005 - vessel_data_pipeline - INFO - Updated metadata for Arrived_in_last_36_hours.xml
2025-10-27 19:32:00,005 - vessel_data_pipeline - INFO - Successfully downloaded and validated Arrived_in_last_36_hours.xml
2025-10-27 19:32:02,010 - vessel_data_pipeline - INFO - Downloading Departed_in_last_36_hours.xml (attempt 1/3)
2025-10-27 19:32:02,079 - vessel_data_pipeline - INFO - File temp_Departed_in_last_36_hours.xml passed validation checks
2025-10-27 19:32:02,079 - vessel_data_pipeline - INFO - Created backup: Departed_in_last_36_hours_20251027_193202.xml
2025-10-27 19:32:02,080 - vessel_data_pipeline - INFO - Updated metadata for Departed_in_last_36_hours.xml
2025-10-27 19:32:02,080 - vessel_data_pipeline - INFO - Successfully downloaded and validated Departed_in_last_36_hours.xml
2025-10-27 19:32:04,085 - vessel_data_pipeline - INFO - Downloading Expected_arrivals.xml (attempt 1/3)
2025-10-27 19:32:04,151 - vessel_data_pipeline - INFO - File temp_Expected_arrivals.xml passed validation checks
2025-10-27 19:32:04,152 - vessel_data_pipeline - INFO - Created backup: Expected_arrivals_20251027_193204.xml
2025-10-27 19:32:04,152 - vessel_data_pipeline - INFO - Updated metadata for Expected_arrivals.xml
2025-10-27 19:32:04,152 - vessel_data_pipeline - INFO - Successfully downloaded and validated Expected_arrivals.xml
2025-10-27 19:32:06,157 - vessel_data_pipeline - INFO - Downloading Expected_departures.xml (attempt 1/3)
2025-10-27 19:32:06,204 - vessel_data_pipeline - INFO - File temp_Expected_departures.xml passed validation checks
2025-10-27 19:32:06,205 - vessel_data_pipeline - INFO - Created backup: Expected_departures_20251027_193206.xml
2025-10-27 19:32:06,205 - vessel_data_pipeline - INFO - Updated metadata for Expected_departures.xml
2025-10-27 19:32:06,205 - vessel_data_pipeline - INFO - Successfully downloaded and validated Expected_departures.xml
2025-10-27 19:32:08,206 - vessel_data_pipeline - INFO - Fetch operation completed. Results: {'Arrived_in_last_36_hours.xml': True, 'Departed_in_last_36_hours.xml': True, 'Expected_arrivals.xml': True, 'Expected_departures.xml': True}
2025-10-27 19:32:25,496 - vessel_data_pipeline - INFO - VesselDataFetcher initialized. Pipeline enabled: True
2025-10-27 19:32:25,498 - vessel_data_pipeline - INFO - Starting vessel data fetch operation
2025-10-27 19:32:25,498 - vessel_data_pipeline - INFO - Discovering XML files from Hong Kong Marine Department portal
2025-10-27 19:32:25,671 - vessel_data_pipeline - INFO - Verified access to Arrived_in_last_36_hours.xml
2025-10-27 19:32:25,709 - vessel_data_pipeline - INFO - Verified access to Departed_in_last_36_hours.xml
2025-10-27 19:32:25,804 - vessel_data_pipeline - INFO - Verified access to Expected_arrivals.xml
2025-10-27 19:32:25,869 - vessel_data_pipeline - INFO - Verified access to Expected_departures.xml
2025-10-27 19:32:25,870 - vessel_data_pipeline - INFO - Discovered 4 XML files for download
2025-10-27 19:32:25,870 - vessel_data_pipeline - INFO - Downloading Arrived_in_last_36_hours.xml (attempt 1/3)
2025-10-27 19:32:25,928 - vessel_data_pipeline - INFO - File temp_Arrived_in_last_36_hours.xml passed validation checks
2025-10-27 19:32:25,929 - vessel_data_pipeline - INFO - Created backup: Arrived_in_last_36_hours_20251027_193225.xml
2025-10-27 19:32:25,930 - vessel_data_pipeline - INFO - Updated metadata for Arrived_in_last_36_hours.xml
2025-10-27 19:32:25,930 - vessel_data_pipeline - INFO - Successfully downloaded and validated Arrived_in_last_36_hours.xml
2025-10-27 19:32:27,935 - vessel_data_pipeline - INFO - Downloading Departed_in_last_36_hours.xml (attempt 1/3)
2025-10-27 19:32:27,993 - vessel_data_pipeline - INFO - File temp_Departed_in_last_36_hours.xml passed validation checks
2025-10-27 19:32:27,994 - vessel_data_pipeline - INFO - Created backup: Departed_in_last_36_hours_20251027_193227.xml
2025-10-27 19:32:27,994 - vessel_data_pipeline - INFO - Updated metadata for Departed_in_last_36_hours.xml
2025-10-27 19:32:27,994 - vessel_data_pipeline - INFO - Successfully downloaded and validated Departed_in_last_36_hours.xml
2025-10-27 19:32:29,999 - vessel_data_pipeline - INFO - Downloading Expected_arrivals.xml (attempt 1/3)
2025-10-27 19:32:30,138 - vessel_data_pipeline - INFO - File temp_Expected_arrivals.xml passed validation checks
2025-10-27 19:32:30,139 - vessel_data_pipeline - INFO - Created backup: Expected_arrivals_20251027_193230.xml
2025-10-27 19:32:30,139 - vessel_data_pipeline - INFO - Updated metadata for Expected_arrivals.xml
2025-10-27 19:32:30,139 - vessel_data_pipeline - INFO - Successfully downloaded and validated Expected_arrivals.xml
2025-10-27 19:32:32,144 - vessel_data_pipeline - INFO - Downloading Expected_departures.xml (attempt 1/3)
2025-10-27 19:32:32,230 - vessel_data_pipeline - INFO - File temp_Expected_departures.xml passed validation checks
2025-10-27 19:32:32,230 - vessel_data_pipeline - INFO - Created backup: Expected_departures_20251027_193232.xml
2025-10-27 19:32:32,231 - vessel_data_pipeline - INFO - Updated metadata for Expected_departures.xml
2025-10-27 19:32:32,231 - vessel_data_pipeline - INFO - Successfully downloaded and validated Expected_departures.xml
2025-10-27 19:32:34,236 - vessel_data_pipeline - INFO - Fetch operation completed. Results: {'Arrived_in_last_36_hours.xml': True, 'Departed_in_last_36_hours.xml': True, 'Expected_arrivals.xml': True, 'Expected_departures.xml': True}
2025-10-27 19:32:34,243 - vessel_data_pipeline - INFO - VesselDataFetcher initialized. Pipeline enabled: True
2025-10-27 19:32:34,243 - vessel_data_pipeline - INFO - Starting vessel data fetch operation
2025-10-27 19:32:34,243 - vessel_data_pipeline - INFO - Discovering XML files from Hong Kong Marine Department portal
2025-10-27 19:32:34,346 - vessel_data_pipeline - INFO - Verified access to Arrived_in_last_36_hours.xml
2025-10-27 19:32:34,378 - vessel_data_pipeline - INFO - Verified access to Departed_in_last_36_hours.xml
2025-10-27 19:32:34,417 - vessel_data_pipeline - INFO - Verified access to Expected_arrivals.xml
2025-10-27 19:32:34,462 - vessel_data_pipeline - INFO - Verified access to Expected_departures.xml
2025-10-27 19:32:34,462 - vessel_data_pipeline - INFO - Discovered 4 XML files for download
2025-10-27 19:32:34,462 - vessel_data_pipeline - INFO - Downloading Arrived_in_last_36_hours.xml (attempt 1/3)
2025-10-27 19:32:34,511 - vessel_data_pipeline - INFO - File temp_Arrived_in_last_36_hours.xml passed validation checks
2025-10-27 19:32:34,512 - vessel_data_pipeline - INFO - Created backup: Arrived_in_last_36_hours_20251027_193234.xml
2025-10-27 19:32:34,512 - vessel_data_pipeline - INFO - Updated metadata for Arrived_in_last_36_hours.xml
2025-10-27 19:32:34,512 - vessel_data_pipeline - INFO - Successfully downloaded and validated Arrived_in_last_36_hours.xml
2025-10-27 19:32:36,517 - vessel_data_pipeline - INFO - Downloading Departed_in_last_36_hours.xml (attempt 1/3)
2025-10-27 19:32:36,591 - vessel_data_pipeline - INFO - File temp_Departed_in_last_36_hours.xml passed validation checks
2025-10-27 19:32:36,591 - vessel_data_pipeline - INFO - Created backup: Departed_in_last_36_hours_20251027_193236.xml
2025-10-27 19:32:36,592 - vessel_data_pipeline - INFO - Updated metadata for Departed_in_last_36_hours.xml
2025-10-27 19:32:36,592 - vessel_data_pipeline - INFO - Successfully downloaded and validated Departed_in_last_36_hours.xml
2025-10-27 19:32:38,597 - vessel_data_pipeline - INFO - Downloading Expected_arrivals.xml (attempt 1/3)
2025-10-27 19:32:38,654 - vessel_data_pipeline - INFO - File temp_Expected_arrivals.xml passed validation checks
2025-10-27 19:32:38,654 - vessel_data_pipeline - INFO - Created backup: Expected_arrivals_20251027_193238.xml
2025-10-27 19:32:38,655 - vessel_data_pipeline - INFO - Updated metadata for Expected_arrivals.xml
2025-10-27 19:32:38,655 - vessel_data_pipeline - INFO - Successfully downloaded and validated Expected_arrivals.xml
2025-10-27 19:32:40,659 - vessel_data_pipeline - INFO - Downloading Expected_departures.xml (attempt 1/3)
2025-10-27 19:32:40,721 - vessel_data_pipeline - INFO - File temp_Expected_departures.xml passed validation checks
2025-10-27 19:32:40,722 - vessel_data_pipeline - INFO - Created backup: Expected_departures_20251027_193240.xml
2025-10-27 19:32:40,722 - vessel_data_pipeline - INFO - Updated metadata for Expected_departures.xml
2025-10-27 19:32:40,722 - vessel_data_pipeline - INFO - Successfully downloaded and validated Expected_departures.xml
2025-10-27 19:32:42,723 - vessel_data_pipeline - INFO - Fetch operation completed. Results: {'Arrived_in_last_36_hours.xml': True, 'Departed_in_last_36_hours.xml': True, 'Expected_arrivals.xml': True, 'Expected_departures.xml': True}
2025-10-27 19:32:42,728 - vessel_data_pipeline - INFO - VesselDataFetcher initialized. Pipeline enabled: True
2025-10-27 19:32:42,728 - vessel_data_pipeline - INFO - Starting vessel data fetch operation
2025-10-27 19:32:42,728 - vessel_data_pipeline - INFO - Discovering XML files from Hong Kong Marine Department portal
2025-10-27 19:32:42,833 - vessel_data_pipeline - INFO - Verified access to Arrived_in_last_36_hours.xml
2025-10-27 19:32:42,868 - vessel_data_pipeline - INFO - Verified access to Departed_in_last_36_hours.xml
2025-10-27 19:32:42,901 - vessel_data_pipeline - INFO - Verified access to Expected_arrivals.xml
2025-10-27 19:32:42,983 - vessel_data_pipeline - INFO - Verified access to Expected_departures.xml
2025-10-27 19:32:42,983 - vessel_data_pipeline - INFO - Discovered 4 XML files for download
2025-10-27 19:32:42,983 - vessel_data_pipeline - INFO - Downloading Arrived_in_last_36_hours.xml (attempt 1/3)
2025-10-27 19:32:43,103 - vessel_data_pipeline - INFO - File temp_Arrived_in_last_36_hours.xml passed validation checks
2025-10-27 19:32:43,103 - vessel_data_pipeline - INFO - Created backup: Arrived_in_last_36_hours_20251027_193243.xml
2025-10-27 19:32:43,104 - vessel_data_pipeline - INFO - Updated metadata for Arrived_in_last_36_hours.xml
2025-10-27 19:32:43,104 - vessel_data_pipeline - INFO - Successfully downloaded and validated Arrived_in_last_36_hours.xml
2025-10-27 19:32:45,109 - vessel_data_pipeline - INFO - Downloading Departed_in_last_36_hours.xml (attempt 1/3)
2025-10-27 19:32:45,169 - vessel_data_pipeline - INFO - File temp_Departed_in_last_36_hours.xml passed validation checks
2025-10-27 19:32:45,170 - vessel_data_pipeline - INFO - Created backup: Departed_in_last_36_hours_20251027_193245.xml
2025-10-27 19:32:45,170 - vessel_data_pipeline - INFO - Updated metadata for Departed_in_last_36_hours.xml
2025-10-27 19:32:45,170 - vessel_data_pipeline - INFO - Successfully downloaded and validated Departed_in_last_36_hours.xml
2025-10-27 19:32:47,174 - vessel_data_pipeline - INFO - Downloading Expected_arrivals.xml (attempt 1/3)
2025-10-27 19:32:47,223 - vessel_data_pipeline - INFO - File temp_Expected_arrivals.xml passed validation checks
2025-10-27 19:32:47,224 - vessel_data_pipeline - INFO - Created backup: Expected_arrivals_20251027_193247.xml
2025-10-27 19:32:47,224 - vessel_data_pipeline - INFO - Updated metadata for Expected_arrivals.xml
2025-10-27 19:32:47,224 - vessel_data_pipeline - INFO - Successfully downloaded and validated Expected_arrivals.xml
2025-10-27 19:32:49,229 - vessel_data_pipeline - INFO - Downloading Expected_departures.xml (attempt 1/3)
2025-10-27 19:32:49,278 - vessel_data_pipeline - INFO - File temp_Expected_departures.xml passed validation checks
2025-10-27 19:32:49,279 - vessel_data_pipeline - INFO - Created backup: Expected_departures_20251027_193249.xml
2025-10-27 19:32:49,279 - vessel_data_pipeline - INFO - Updated metadata for Expected_departures.xml
2025-10-27 19:32:49,279 - vessel_data_pipeline - INFO - Successfully downloaded and validated Expected_departures.xml
2025-10-27 19:32:51,281 - vessel_data_pipeline - INFO - Fetch operation completed. Results: {'Arrived_in_last_36_hours.xml': True, 'Departed_in_last_36_hours.xml': True, 'Expected_arrivals.xml': True, 'Expected_departures.xml': True}
2025-10-27 19:32:51,285 - vessel_data_pipeline - INFO - VesselDataFetcher initialized. Pipeline enabled: True
2025-10-27 19:32:51,285 - vessel_data_pipeline - INFO - Starting vessel data fetch operation
2025-10-27 19:32:51,285 - vessel_data_pipeline - INFO - Discovering XML files from Hong Kong Marine Department portal
2025-10-27 19:32:51,338 - vessel_data_pipeline - INFO - Verified access to Arrived_in_last_36_hours.xml
2025-10-27 19:32:51,394 - vessel_data_pipeline - INFO - Verified access to Departed_in_last_36_hours.xml
2025-10-27 19:32:51,428 - vessel_data_pipeline - INFO - Verified access to Expected_arrivals.xml
2025-10-27 19:32:51,461 - vessel_data_pipeline - INFO - Verified access to Expected_departures.xml
2025-10-27 19:32:51,462 - vessel_data_pipeline - INFO - Discovered 4 XML files for download
2025-10-27 19:32:51,462 - vessel_data_pipeline - INFO - Downloading Arrived_in_last_36_hours.xml (attempt 1/3)
2025-10-27 19:32:51,543 - vessel_data_pipeline - INFO - File temp_Arrived_in_last_36_hours.xml passed validation checks
2025-10-27 19:32:51,544 - vessel_data_pipeline - INFO - Created backup: Arrived_in_last_36_hours_20251027_193251.xml
2025-10-27 19:32:51,544 - vessel_data_pipeline - INFO - Updated metadata for Arrived_in_last_36_hours.xml
2025-10-27 19:32:51,544 - vessel_data_pipeline - INFO - Successfully downloaded and validated Arrived_in_last_36_hours.xml
2025-10-27 19:32:53,549 - vessel_data_pipeline - INFO - Downloading Departed_in_last_36_hours.xml (attempt 1/3)
2025-10-27 19:32:53,613 - vessel_data_pipeline - INFO - File temp_Departed_in_last_36_hours.xml passed validation checks
2025-10-27 19:32:53,613 - vessel_data_pipeline - INFO - Created backup: Departed_in_last_36_hours_20251027_193253.xml
2025-10-27 19:32:53,614 - vessel_data_pipeline - INFO - Updated metadata for Departed_in_last_36_hours.xml
2025-10-27 19:32:53,614 - vessel_data_pipeline - INFO - Successfully downloaded and validated Departed_in_last_36_hours.xml
2025-10-27 19:32:55,619 - vessel_data_pipeline - INFO - Downloading Expected_arrivals.xml (attempt 1/3)
2025-10-27 19:32:55,671 - vessel_data_pipeline - INFO - File temp_Expected_arrivals.xml passed validation checks
2025-10-27 19:32:55,672 - vessel_data_pipeline - INFO - Created backup: Expected_arrivals_20251027_193255.xml
2025-10-27 19:32:55,672 - vessel_data_pipeline - INFO - Updated metadata for Expected_arrivals.xml
2025-10-27 19:32:55,672 - vessel_data_pipeline - INFO - Successfully downloaded and validated Expected_arrivals.xml
2025-10-27 19:32:57,674 - vessel_data_pipeline - INFO - Downloading Expected_departures.xml (attempt 1/3)
2025-10-27 19:32:57,719 - vessel_data_pipeline - INFO - File temp_Expected_departures.xml passed validation checks
2025-10-27 19:32:57,719 - vessel_data_pipeline - INFO - Created backup: Expected_departures_20251027_193257.xml
2025-10-27 19:32:57,720 - vessel_data_pipeline - INFO - Updated metadata for Expected_departures.xml
2025-10-27 19:32:57,720 - vessel_data_pipeline - INFO - Successfully downloaded and validated Expected_departures.xml
2025-10-27 19:32:59,721 - vessel_data_pipeline - INFO - Fetch operation completed. Results: {'Arrived_in_last_36_hours.xml': True, 'Departed_in_last_36_hours.xml': True, 'Expected_arrivals.xml': True, 'Expected_departures.xml': True}
2025-10-27 19:34:37,320 - vessel_data_pipeline - INFO - VesselDataFetcher initialized. Pipeline enabled: True
2025-10-27 19:34:37,321 - vessel_data_pipeline - INFO - Starting vessel data fetch operation
2025-10-27 19:34:37,321 - vessel_data_pipeline - INFO - Discovering XML files from Hong Kong Marine Department portal
2025-10-27 19:34:37,431 - vessel_data_pipeline - INFO - Verified access to Arrived_in_last_36_hours.xml
2025-10-27 19:34:37,480 - vessel_data_pipeline - INFO - Verified access to Departed_in_last_36_hours.xml
2025-10-27 19:34:37,563 - vessel_data_pipeline - INFO - Verified access to Expected_arrivals.xml
2025-10-27 19:34:37,601 - vessel_data_pipeline - INFO - Verified access to Expected_departures.xml
2025-10-27 19:34:37,602 - vessel_data_pipeline - INFO - Discovered 4 XML files for download
2025-10-27 19:34:37,602 - vessel_data_pipeline - INFO - Downloading Arrived_in_last_36_hours.xml (attempt 1/3)
2025-10-27 19:34:37,677 - vessel_data_pipeline - INFO - File temp_Arrived_in_last_36_hours.xml passed validation checks
2025-10-27 19:34:37,679 - vessel_data_pipeline - INFO - Created backup: Arrived_in_last_36_hours_20251027_193437.xml
2025-10-27 19:34:37,680 - vessel_data_pipeline - INFO - Updated metadata for Arrived_in_last_36_hours.xml
2025-10-27 19:34:37,680 - vessel_data_pipeline - INFO - Successfully downloaded and validated Arrived_in_last_36_hours.xml
2025-10-27 19:34:39,681 - vessel_data_pipeline - INFO - Downloading Departed_in_last_36_hours.xml (attempt 1/3)
2025-10-27 19:34:39,745 - vessel_data_pipeline - INFO - File temp_Departed_in_last_36_hours.xml passed validation checks
2025-10-27 19:34:39,747 - vessel_data_pipeline - INFO - Created backup: Departed_in_last_36_hours_20251027_193439.xml
2025-10-27 19:34:39,747 - vessel_data_pipeline - INFO - Updated metadata for Departed_in_last_36_hours.xml
2025-10-27 19:34:39,747 - vessel_data_pipeline - INFO - Successfully downloaded and validated Departed_in_last_36_hours.xml
2025-10-27 19:34:41,752 - vessel_data_pipeline - INFO - Downloading Expected_arrivals.xml (attempt 1/3)
2025-10-27 19:34:41,903 - vessel_data_pipeline - INFO - File temp_Expected_arrivals.xml passed validation checks
2025-10-27 19:34:41,904 - vessel_data_pipeline - INFO - Created backup: Expected_arrivals_20251027_193441.xml
2025-10-27 19:34:41,904 - vessel_data_pipeline - INFO - Updated metadata for Expected_arrivals.xml
2025-10-27 19:34:41,904 - vessel_data_pipeline - INFO - Successfully downloaded and validated Expected_arrivals.xml
2025-10-27 19:34:43,906 - vessel_data_pipeline - INFO - Downloading Expected_departures.xml (attempt 1/3)
2025-10-27 19:34:43,953 - vessel_data_pipeline - INFO - File temp_Expected_departures.xml passed validation checks
2025-10-27 19:34:43,954 - vessel_data_pipeline - INFO - Created backup: Expected_departures_20251027_193443.xml
2025-10-27 19:34:43,954 - vessel_data_pipeline - INFO - Updated metadata for Expected_departures.xml
2025-10-27 19:34:43,954 - vessel_data_pipeline - INFO - Successfully downloaded and validated Expected_departures.xml
2025-10-27 19:34:45,959 - vessel_data_pipeline - INFO - Fetch operation completed. Results: {'Arrived_in_last_36_hours.xml': True, 'Departed_in_last_36_hours.xml': True, 'Expected_arrivals.xml': True, 'Expected_departures.xml': True}
2025-10-27 19:34:45,968 - vessel_data_pipeline - INFO - VesselDataFetcher initialized. Pipeline enabled: True
2025-10-27 19:34:45,968 - vessel_data_pipeline - INFO - Starting vessel data fetch operation
2025-10-27 19:34:45,968 - vessel_data_pipeline - INFO - Discovering XML files from Hong Kong Marine Department portal
2025-10-27 19:34:46,031 - vessel_data_pipeline - INFO - Verified access to Arrived_in_last_36_hours.xml
2025-10-27 19:34:46,066 - vessel_data_pipeline - INFO - Verified access to Departed_in_last_36_hours.xml
2025-10-27 19:34:46,102 - vessel_data_pipeline - INFO - Verified access to Expected_arrivals.xml
2025-10-27 19:34:46,147 - vessel_data_pipeline - INFO - Verified access to Expected_departures.xml
2025-10-27 19:34:46,147 - vessel_data_pipeline - INFO - Discovered 4 XML files for download
2025-10-27 19:34:46,147 - vessel_data_pipeline - INFO - Downloading Arrived_in_last_36_hours.xml (attempt 1/3)
2025-10-27 19:34:46,195 - vessel_data_pipeline - INFO - File temp_Arrived_in_last_36_hours.xml passed validation checks
2025-10-27 19:34:46,195 - vessel_data_pipeline - INFO - Created backup: Arrived_in_last_36_hours_20251027_193446.xml
2025-10-27 19:34:46,196 - vessel_data_pipeline - INFO - Updated metadata for Arrived_in_last_36_hours.xml
2025-10-27 19:34:46,196 - vessel_data_pipeline - INFO - Successfully downloaded and validated Arrived_in_last_36_hours.xml
2025-10-27 19:34:48,199 - vessel_data_pipeline - INFO - Downloading Departed_in_last_36_hours.xml (attempt 1/3)
2025-10-27 19:34:48,273 - vessel_data_pipeline - INFO - File temp_Departed_in_last_36_hours.xml passed validation checks
2025-10-27 19:34:48,274 - vessel_data_pipeline - INFO - Created backup: Departed_in_last_36_hours_20251027_193448.xml
2025-10-27 19:34:48,274 - vessel_data_pipeline - INFO - Updated metadata for Departed_in_last_36_hours.xml
2025-10-27 19:34:48,274 - vessel_data_pipeline - INFO - Successfully downloaded and validated Departed_in_last_36_hours.xml
2025-10-27 19:34:50,279 - vessel_data_pipeline - INFO - Downloading Expected_arrivals.xml (attempt 1/3)
2025-10-27 19:34:50,327 - vessel_data_pipeline - INFO - File temp_Expected_arrivals.xml passed validation checks
2025-10-27 19:34:50,327 - vessel_data_pipeline - INFO - Created backup: Expected_arrivals_20251027_193450.xml
2025-10-27 19:34:50,327 - vessel_data_pipeline - INFO - Updated metadata for Expected_arrivals.xml
2025-10-27 19:34:50,327 - vessel_data_pipeline - INFO - Successfully downloaded and validated Expected_arrivals.xml
2025-10-27 19:34:52,330 - vessel_data_pipeline - INFO - Downloading Expected_departures.xml (attempt 1/3)
2025-10-27 19:34:52,375 - vessel_data_pipeline - INFO - File temp_Expected_departures.xml passed validation checks
2025-10-27 19:34:52,376 - vessel_data_pipeline - INFO - Created backup: Expected_departures_20251027_193452.xml
2025-10-27 19:34:52,376 - vessel_data_pipeline - INFO - Updated metadata for Expected_departures.xml
2025-10-27 19:34:52,376 - vessel_data_pipeline - INFO - Successfully downloaded and validated Expected_departures.xml
2025-10-27 19:34:54,381 - vessel_data_pipeline - INFO - Fetch operation completed. Results: {'Arrived_in_last_36_hours.xml': True, 'Departed_in_last_36_hours.xml': True, 'Expected_arrivals.xml': True, 'Expected_departures.xml': True}
2025-10-27 19:34:54,391 - vessel_data_pipeline - INFO - VesselDataFetcher initialized. Pipeline enabled: True
2025-10-27 19:34:54,392 - vessel_data_pipeline - INFO - Starting vessel data fetch operation
2025-10-27 19:34:54,392 - vessel_data_pipeline - INFO - Discovering XML files from Hong Kong Marine Department portal
2025-10-27 19:34:54,457 - vessel_data_pipeline - INFO - Verified access to Arrived_in_last_36_hours.xml
2025-10-27 19:34:54,493 - vessel_data_pipeline - INFO - Verified access to Departed_in_last_36_hours.xml
2025-10-27 19:34:54,545 - vessel_data_pipeline - INFO - Verified access to Expected_arrivals.xml
2025-10-27 19:34:54,578 - vessel_data_pipeline - INFO - Verified access to Expected_departures.xml
2025-10-27 19:34:54,578 - vessel_data_pipeline - INFO - Discovered 4 XML files for download
2025-10-27 19:34:54,578 - vessel_data_pipeline - INFO - Downloading Arrived_in_last_36_hours.xml (attempt 1/3)
2025-10-27 19:34:54,627 - vessel_data_pipeline - INFO - File temp_Arrived_in_last_36_hours.xml passed validation checks
2025-10-27 19:34:54,627 - vessel_data_pipeline - INFO - Created backup: Arrived_in_last_36_hours_20251027_193454.xml
2025-10-27 19:34:54,627 - vessel_data_pipeline - INFO - Updated metadata for Arrived_in_last_36_hours.xml
2025-10-27 19:34:54,628 - vessel_data_pipeline - INFO - Successfully downloaded and validated Arrived_in_last_36_hours.xml
2025-10-27 19:34:56,628 - vessel_data_pipeline - INFO - Downloading Departed_in_last_36_hours.xml (attempt 1/3)
2025-10-27 19:34:56,689 - vessel_data_pipeline - INFO - File temp_Departed_in_last_36_hours.xml passed validation checks
2025-10-27 19:34:56,689 - vessel_data_pipeline - INFO - Created backup: Departed_in_last_36_hours_20251027_193456.xml
2025-10-27 19:34:56,690 - vessel_data_pipeline - INFO - Updated metadata for Departed_in_last_36_hours.xml
2025-10-27 19:34:56,690 - vessel_data_pipeline - INFO - Successfully downloaded and validated Departed_in_last_36_hours.xml
2025-10-27 19:34:58,690 - vessel_data_pipeline - INFO - Downloading Expected_arrivals.xml (attempt 1/3)
2025-10-27 19:34:58,741 - vessel_data_pipeline - INFO - File temp_Expected_arrivals.xml passed validation checks
2025-10-27 19:34:58,742 - vessel_data_pipeline - INFO - Created backup: Expected_arrivals_20251027_193458.xml
2025-10-27 19:34:58,742 - vessel_data_pipeline - INFO - Updated metadata for Expected_arrivals.xml
2025-10-27 19:34:58,743 - vessel_data_pipeline - INFO - Successfully downloaded and validated Expected_arrivals.xml
2025-10-27 19:35:00,747 - vessel_data_pipeline - INFO - Downloading Expected_departures.xml (attempt 1/3)
2025-10-27 19:35:00,808 - vessel_data_pipeline - INFO - File temp_Expected_departures.xml passed validation checks
2025-10-27 19:35:00,809 - vessel_data_pipeline - INFO - Created backup: Expected_departures_20251027_193500.xml
2025-10-27 19:35:00,809 - vessel_data_pipeline - INFO - Updated metadata for Expected_departures.xml
2025-10-27 19:35:00,809 - vessel_data_pipeline - INFO - Successfully downloaded and validated Expected_departures.xml
2025-10-27 19:35:02,811 - vessel_data_pipeline - INFO - Fetch operation completed. Results: {'Arrived_in_last_36_hours.xml': True, 'Departed_in_last_36_hours.xml': True, 'Expected_arrivals.xml': True, 'Expected_departures.xml': True}
2025-10-27 19:35:02,822 - vessel_data_pipeline - INFO - VesselDataFetcher initialized. Pipeline enabled: True
2025-10-27 19:35:02,824 - vessel_data_pipeline - INFO - Starting vessel data fetch operation
2025-10-27 19:35:02,824 - vessel_data_pipeline - INFO - Discovering XML files from Hong Kong Marine Department portal
2025-10-27 19:35:02,888 - vessel_data_pipeline - INFO - Verified access to Arrived_in_last_36_hours.xml
2025-10-27 19:35:02,947 - vessel_data_pipeline - INFO - Verified access to Departed_in_last_36_hours.xml
2025-10-27 19:35:02,981 - vessel_data_pipeline - INFO - Verified access to Expected_arrivals.xml
2025-10-27 19:35:03,051 - vessel_data_pipeline - INFO - Verified access to Expected_departures.xml
2025-10-27 19:35:03,051 - vessel_data_pipeline - INFO - Discovered 4 XML files for download
2025-10-27 19:35:03,051 - vessel_data_pipeline - INFO - Downloading Arrived_in_last_36_hours.xml (attempt 1/3)
2025-10-27 19:35:03,207 - vessel_data_pipeline - INFO - File temp_Arrived_in_last_36_hours.xml passed validation checks
2025-10-27 19:35:03,207 - vessel_data_pipeline - INFO - Created backup: Arrived_in_last_36_hours_20251027_193503.xml
2025-10-27 19:35:03,207 - vessel_data_pipeline - INFO - Updated metadata for Arrived_in_last_36_hours.xml
2025-10-27 19:35:03,207 - vessel_data_pipeline - INFO - Successfully downloaded and validated Arrived_in_last_36_hours.xml
2025-10-27 19:35:05,213 - vessel_data_pipeline - INFO - Downloading Departed_in_last_36_hours.xml (attempt 1/3)
2025-10-27 19:35:05,563 - vessel_data_pipeline - INFO - File temp_Departed_in_last_36_hours.xml passed validation checks
2025-10-27 19:35:05,564 - vessel_data_pipeline - INFO - Created backup: Departed_in_last_36_hours_20251027_193505.xml
2025-10-27 19:35:05,565 - vessel_data_pipeline - INFO - Updated metadata for Departed_in_last_36_hours.xml
2025-10-27 19:35:05,565 - vessel_data_pipeline - INFO - Successfully downloaded and validated Departed_in_last_36_hours.xml
2025-10-27 19:35:07,571 - vessel_data_pipeline - INFO - Downloading Expected_arrivals.xml (attempt 1/3)
2025-10-27 19:35:07,656 - vessel_data_pipeline - INFO - File temp_Expected_arrivals.xml passed validation checks
2025-10-27 19:35:07,656 - vessel_data_pipeline - INFO - Created backup: Expected_arrivals_20251027_193507.xml
2025-10-27 19:35:07,656 - vessel_data_pipeline - INFO - Updated metadata for Expected_arrivals.xml
2025-10-27 19:35:07,657 - vessel_data_pipeline - INFO - Successfully downloaded and validated Expected_arrivals.xml
2025-10-27 19:35:09,658 - vessel_data_pipeline - INFO - Downloading Expected_departures.xml (attempt 1/3)
2025-10-27 19:35:09,718 - vessel_data_pipeline - INFO - File temp_Expected_departures.xml passed validation checks
2025-10-27 19:35:09,718 - vessel_data_pipeline - INFO - Created backup: Expected_departures_20251027_193509.xml
2025-10-27 19:35:09,719 - vessel_data_pipeline - INFO - Updated metadata for Expected_departures.xml
2025-10-27 19:35:09,719 - vessel_data_pipeline - INFO - Successfully downloaded and validated Expected_departures.xml
2025-10-27 19:35:11,719 - vessel_data_pipeline - INFO - Fetch operation completed. Results: {'Arrived_in_last_36_hours.xml': True, 'Departed_in_last_36_hours.xml': True, 'Expected_arrivals.xml': True, 'Expected_departures.xml': True}
2025-10-27 19:37:19,310 - vessel_data_pipeline - INFO - VesselDataFetcher initialized. Pipeline enabled: True
2025-10-27 19:37:19,311 - vessel_data_pipeline - INFO - Starting vessel data fetch operation
2025-10-27 19:37:19,311 - vessel_data_pipeline - INFO - Discovering XML files from Hong Kong Marine Department portal
2025-10-27 19:37:19,490 - vessel_data_pipeline - INFO - Verified access to Arrived_in_last_36_hours.xml
2025-10-27 19:37:19,736 - vessel_data_pipeline - INFO - Verified access to Departed_in_last_36_hours.xml
2025-10-27 19:37:19,913 - vessel_data_pipeline - INFO - Verified access to Expected_arrivals.xml
2025-10-27 19:37:20,115 - vessel_data_pipeline - INFO - Verified access to Expected_departures.xml
2025-10-27 19:37:20,116 - vessel_data_pipeline - INFO - Discovered 4 XML files for download
2025-10-27 19:37:20,116 - vessel_data_pipeline - INFO - Downloading Arrived_in_last_36_hours.xml (attempt 1/3)
2025-10-27 19:37:20,175 - vessel_data_pipeline - INFO - File temp_Arrived_in_last_36_hours.xml passed validation checks
2025-10-27 19:37:20,175 - vessel_data_pipeline - INFO - Created backup: Arrived_in_last_36_hours_20251027_193720.xml
2025-10-27 19:37:20,176 - vessel_data_pipeline - INFO - Updated metadata for Arrived_in_last_36_hours.xml
2025-10-27 19:37:20,176 - vessel_data_pipeline - INFO - Successfully downloaded and validated Arrived_in_last_36_hours.xml
2025-10-27 19:37:22,182 - vessel_data_pipeline - INFO - Downloading Departed_in_last_36_hours.xml (attempt 1/3)
2025-10-27 19:37:22,249 - vessel_data_pipeline - INFO - File temp_Departed_in_last_36_hours.xml passed validation checks
2025-10-27 19:37:22,250 - vessel_data_pipeline - INFO - Created backup: Departed_in_last_36_hours_20251027_193722.xml
2025-10-27 19:37:22,251 - vessel_data_pipeline - INFO - Updated metadata for Departed_in_last_36_hours.xml
2025-10-27 19:37:22,251 - vessel_data_pipeline - INFO - Successfully downloaded and validated Departed_in_last_36_hours.xml
2025-10-27 19:37:24,255 - vessel_data_pipeline - INFO - Downloading Expected_arrivals.xml (attempt 1/3)
2025-10-27 19:37:24,335 - vessel_data_pipeline - INFO - File temp_Expected_arrivals.xml passed validation checks
2025-10-27 19:37:24,336 - vessel_data_pipeline - INFO - Created backup: Expected_arrivals_20251027_193724.xml
2025-10-27 19:37:24,336 - vessel_data_pipeline - INFO - Updated metadata for Expected_arrivals.xml
2025-10-27 19:37:24,336 - vessel_data_pipeline - INFO - Successfully downloaded and validated Expected_arrivals.xml
2025-10-27 19:37:26,338 - vessel_data_pipeline - INFO - Downloading Expected_departures.xml (attempt 1/3)
2025-10-27 19:37:26,414 - vessel_data_pipeline - INFO - File temp_Expected_departures.xml passed validation checks
2025-10-27 19:37:26,414 - vessel_data_pipeline - INFO - Created backup: Expected_departures_20251027_193726.xml
2025-10-27 19:37:26,415 - vessel_data_pipeline - INFO - Updated metadata for Expected_departures.xml
2025-10-27 19:37:26,415 - vessel_data_pipeline - INFO - Successfully downloaded and validated Expected_departures.xml
2025-10-27 19:37:28,417 - vessel_data_pipeline - INFO - Fetch operation completed. Results: {'Arrived_in_last_36_hours.xml': True, 'Departed_in_last_36_hours.xml': True, 'Expected_arrivals.xml': True, 'Expected_departures.xml': True}
2025-10-27 19:37:28,425 - vessel_data_pipeline - INFO - VesselDataFetcher initialized. Pipeline enabled: True
2025-10-27 19:37:28,425 - vessel_data_pipeline - INFO - Starting vessel data fetch operation
2025-10-27 19:37:28,425 - vessel_data_pipeline - INFO - Discovering XML files from Hong Kong Marine Department portal
2025-10-27 19:37:28,510 - vessel_data_pipeline - INFO - Verified access to Arrived_in_last_36_hours.xml
2025-10-27 19:37:28,545 - vessel_data_pipeline - INFO - Verified access to Departed_in_last_36_hours.xml
2025-10-27 19:37:28,576 - vessel_data_pipeline - INFO - Verified access to Expected_arrivals.xml
2025-10-27 19:37:28,625 - vessel_data_pipeline - INFO - Verified access to Expected_departures.xml
2025-10-27 19:37:28,625 - vessel_data_pipeline - INFO - Discovered 4 XML files for download
2025-10-27 19:37:28,625 - vessel_data_pipeline - INFO - Downloading Arrived_in_last_36_hours.xml (attempt 1/3)
2025-10-27 19:37:28,680 - vessel_data_pipeline - INFO - File temp_Arrived_in_last_36_hours.xml passed validation checks
2025-10-27 19:37:28,680 - vessel_data_pipeline - INFO - Created backup: Arrived_in_last_36_hours_20251027_193728.xml
2025-10-27 19:37:28,681 - vessel_data_pipeline - INFO - Updated metadata for Arrived_in_last_36_hours.xml
2025-10-27 19:37:28,681 - vessel_data_pipeline - INFO - Successfully downloaded and validated Arrived_in_last_36_hours.xml
2025-10-27 19:37:30,686 - vessel_data_pipeline - INFO - Downloading Departed_in_last_36_hours.xml (attempt 1/3)
2025-10-27 19:37:30,756 - vessel_data_pipeline - INFO - File temp_Departed_in_last_36_hours.xml passed validation checks
2025-10-27 19:37:30,756 - vessel_data_pipeline - INFO - Created backup: Departed_in_last_36_hours_20251027_193730.xml
2025-10-27 19:37:30,757 - vessel_data_pipeline - INFO - Updated metadata for Departed_in_last_36_hours.xml
2025-10-27 19:37:30,757 - vessel_data_pipeline - INFO - Successfully downloaded and validated Departed_in_last_36_hours.xml
2025-10-27 19:37:32,761 - vessel_data_pipeline - INFO - Downloading Expected_arrivals.xml (attempt 1/3)
2025-10-27 19:37:32,816 - vessel_data_pipeline - INFO - File temp_Expected_arrivals.xml passed validation checks
2025-10-27 19:37:32,816 - vessel_data_pipeline - INFO - Created backup: Expected_arrivals_20251027_193732.xml
2025-10-27 19:37:32,816 - vessel_data_pipeline - INFO - Updated metadata for Expected_arrivals.xml
2025-10-27 19:37:32,816 - vessel_data_pipeline - INFO - Successfully downloaded and validated Expected_arrivals.xml
2025-10-27 19:37:34,822 - vessel_data_pipeline - INFO - Downloading Expected_departures.xml (attempt 1/3)
2025-10-27 19:37:34,968 - vessel_data_pipeline - INFO - File temp_Expected_departures.xml passed validation checks
2025-10-27 19:37:34,969 - vessel_data_pipeline - INFO - Created backup: Expected_departures_20251027_193734.xml
2025-10-27 19:37:34,969 - vessel_data_pipeline - INFO - Updated metadata for Expected_departures.xml
2025-10-27 19:37:34,969 - vessel_data_pipeline - INFO - Successfully downloaded and validated Expected_departures.xml
2025-10-27 19:37:36,971 - vessel_data_pipeline - INFO - Fetch operation completed. Results: {'Arrived_in_last_36_hours.xml': True, 'Departed_in_last_36_hours.xml': True, 'Expected_arrivals.xml': True, 'Expected_departures.xml': True}
2025-10-27 19:37:36,975 - vessel_data_pipeline - INFO - VesselDataFetcher initialized. Pipeline enabled: True
2025-10-27 19:37:36,976 - vessel_data_pipeline - INFO - Starting vessel data fetch operation
2025-10-27 19:37:36,976 - vessel_data_pipeline - INFO - Discovering XML files from Hong Kong Marine Department portal
2025-10-27 19:37:37,070 - vessel_data_pipeline - INFO - Verified access to Arrived_in_last_36_hours.xml
2025-10-27 19:37:37,133 - vessel_data_pipeline - INFO - Verified access to Departed_in_last_36_hours.xml
2025-10-27 19:37:37,196 - vessel_data_pipeline - INFO - Verified access to Expected_arrivals.xml
2025-10-27 19:37:37,230 - vessel_data_pipeline - INFO - Verified access to Expected_departures.xml
2025-10-27 19:37:37,230 - vessel_data_pipeline - INFO - Discovered 4 XML files for download
2025-10-27 19:37:37,230 - vessel_data_pipeline - INFO - Downloading Arrived_in_last_36_hours.xml (attempt 1/3)
2025-10-27 19:37:37,340 - vessel_data_pipeline - INFO - File temp_Arrived_in_last_36_hours.xml passed validation checks
2025-10-27 19:37:37,341 - vessel_data_pipeline - INFO - Created backup: Arrived_in_last_36_hours_20251027_193737.xml
2025-10-27 19:37:37,341 - vessel_data_pipeline - INFO - Updated metadata for Arrived_in_last_36_hours.xml
2025-10-27 19:37:37,341 - vessel_data_pipeline - INFO - Successfully downloaded and validated Arrived_in_last_36_hours.xml
2025-10-27 19:37:39,346 - vessel_data_pipeline - INFO - Downloading Departed_in_last_36_hours.xml (attempt 1/3)
2025-10-27 19:37:39,420 - vessel_data_pipeline - INFO - File temp_Departed_in_last_36_hours.xml passed validation checks
2025-10-27 19:37:39,421 - vessel_data_pipeline - INFO - Created backup: Departed_in_last_36_hours_20251027_193739.xml
2025-10-27 19:37:39,421 - vessel_data_pipeline - INFO - Updated metadata for Departed_in_last_36_hours.xml
2025-10-27 19:37:39,421 - vessel_data_pipeline - INFO - Successfully downloaded and validated Departed_in_last_36_hours.xml
2025-10-27 19:37:41,426 - vessel_data_pipeline - INFO - Downloading Expected_arrivals.xml (attempt 1/3)
2025-10-27 19:37:41,478 - vessel_data_pipeline - INFO - File temp_Expected_arrivals.xml passed validation checks
2025-10-27 19:37:41,478 - vessel_data_pipeline - INFO - Created backup: Expected_arrivals_20251027_193741.xml
2025-10-27 19:37:41,479 - vessel_data_pipeline - INFO - Updated metadata for Expected_arrivals.xml
2025-10-27 19:37:41,479 - vessel_data_pipeline - INFO - Successfully downloaded and validated Expected_arrivals.xml
2025-10-27 19:37:43,484 - vessel_data_pipeline - INFO - Downloading Expected_departures.xml (attempt 1/3)
2025-10-27 19:37:43,640 - vessel_data_pipeline - INFO - File temp_Expected_departures.xml passed validation checks
2025-10-27 19:37:43,641 - vessel_data_pipeline - INFO - Created backup: Expected_departures_20251027_193743.xml
2025-10-27 19:37:43,641 - vessel_data_pipeline - INFO - Updated metadata for Expected_departures.xml
2025-10-27 19:37:43,641 - vessel_data_pipeline - INFO - Successfully downloaded and validated Expected_departures.xml
2025-10-27 19:37:45,643 - vessel_data_pipeline - INFO - Fetch operation completed. Results: {'Arrived_in_last_36_hours.xml': True, 'Departed_in_last_36_hours.xml': True, 'Expected_arrivals.xml': True, 'Expected_departures.xml': True}
2025-10-27 19:37:45,648 - vessel_data_pipeline - INFO - VesselDataFetcher initialized. Pipeline enabled: True
2025-10-27 19:37:45,648 - vessel_data_pipeline - INFO - Starting vessel data fetch operation
2025-10-27 19:37:45,648 - vessel_data_pipeline - INFO - Discovering XML files from Hong Kong Marine Department portal
2025-10-27 19:37:45,703 - vessel_data_pipeline - INFO - Verified access to Arrived_in_last_36_hours.xml
2025-10-27 19:37:45,811 - vessel_data_pipeline - INFO - Verified access to Departed_in_last_36_hours.xml
2025-10-27 19:37:45,846 - vessel_data_pipeline - INFO - Verified access to Expected_arrivals.xml
2025-10-27 19:37:45,882 - vessel_data_pipeline - INFO - Verified access to Expected_departures.xml
2025-10-27 19:37:45,882 - vessel_data_pipeline - INFO - Discovered 4 XML files for download
2025-10-27 19:37:45,882 - vessel_data_pipeline - INFO - Downloading Arrived_in_last_36_hours.xml (attempt 1/3)
2025-10-27 19:37:45,955 - vessel_data_pipeline - INFO - File temp_Arrived_in_last_36_hours.xml passed validation checks
2025-10-27 19:37:45,955 - vessel_data_pipeline - INFO - Created backup: Arrived_in_last_36_hours_20251027_193745.xml
2025-10-27 19:37:45,956 - vessel_data_pipeline - INFO - Updated metadata for Arrived_in_last_36_hours.xml
2025-10-27 19:37:45,956 - vessel_data_pipeline - INFO - Successfully downloaded and validated Arrived_in_last_36_hours.xml
2025-10-27 19:37:47,960 - vessel_data_pipeline - INFO - Downloading Departed_in_last_36_hours.xml (attempt 1/3)
2025-10-27 19:37:48,021 - vessel_data_pipeline - INFO - File temp_Departed_in_last_36_hours.xml passed validation checks
2025-10-27 19:37:48,022 - vessel_data_pipeline - INFO - Created backup: Departed_in_last_36_hours_20251027_193748.xml
2025-10-27 19:37:48,022 - vessel_data_pipeline - INFO - Updated metadata for Departed_in_last_36_hours.xml
2025-10-27 19:37:48,022 - vessel_data_pipeline - INFO - Successfully downloaded and validated Departed_in_last_36_hours.xml
2025-10-27 19:37:50,026 - vessel_data_pipeline - INFO - Downloading Expected_arrivals.xml (attempt 1/3)
2025-10-27 19:37:50,096 - vessel_data_pipeline - INFO - File temp_Expected_arrivals.xml passed validation checks
2025-10-27 19:37:50,096 - vessel_data_pipeline - INFO - Created backup: Expected_arrivals_20251027_193750.xml
2025-10-27 19:37:50,096 - vessel_data_pipeline - INFO - Updated metadata for Expected_arrivals.xml
2025-10-27 19:37:50,096 - vessel_data_pipeline - INFO - Successfully downloaded and validated Expected_arrivals.xml
2025-10-27 19:37:52,101 - vessel_data_pipeline - INFO - Downloading Expected_departures.xml (attempt 1/3)
2025-10-27 19:37:52,168 - vessel_data_pipeline - INFO - File temp_Expected_departures.xml passed validation checks
2025-10-27 19:37:52,169 - vessel_data_pipeline - INFO - Created backup: Expected_departures_20251027_193752.xml
2025-10-27 19:37:52,169 - vessel_data_pipeline - INFO - Updated metadata for Expected_departures.xml
2025-10-27 19:37:52,169 - vessel_data_pipeline - INFO - Successfully downloaded and validated Expected_departures.xml
2025-10-27 19:37:54,174 - vessel_data_pipeline - INFO - Fetch operation completed. Results: {'Arrived_in_last_36_hours.xml': True, 'Departed_in_last_36_hours.xml': True, 'Expected_arrivals.xml': True, 'Expected_departures.xml': True}
2025-10-27 19:38:34,522 - vessel_data_pipeline - INFO - VesselDataFetcher initialized. Pipeline enabled: True
2025-10-27 19:38:34,523 - vessel_data_pipeline - INFO - Starting vessel data fetch operation
2025-10-27 19:38:34,523 - vessel_data_pipeline - INFO - Discovering XML files from Hong Kong Marine Department portal
2025-10-27 19:38:34,609 - vessel_data_pipeline - INFO - Verified access to Arrived_in_last_36_hours.xml
2025-10-27 19:38:34,680 - vessel_data_pipeline - INFO - Verified access to Departed_in_last_36_hours.xml
2025-10-27 19:38:34,761 - vessel_data_pipeline - INFO - Verified access to Expected_arrivals.xml
2025-10-27 19:38:34,815 - vessel_data_pipeline - INFO - Verified access to Expected_departures.xml
2025-10-27 19:38:34,815 - vessel_data_pipeline - INFO - Discovered 4 XML files for download
2025-10-27 19:38:34,815 - vessel_data_pipeline - INFO - Downloading Arrived_in_last_36_hours.xml (attempt 1/3)
2025-10-27 19:38:34,891 - vessel_data_pipeline - INFO - File temp_Arrived_in_last_36_hours.xml passed validation checks
2025-10-27 19:38:34,892 - vessel_data_pipeline - INFO - Created backup: Arrived_in_last_36_hours_20251027_193834.xml
2025-10-27 19:38:34,893 - vessel_data_pipeline - INFO - Updated metadata for Arrived_in_last_36_hours.xml
2025-10-27 19:38:34,893 - vessel_data_pipeline - INFO - Successfully downloaded and validated Arrived_in_last_36_hours.xml
2025-10-27 19:38:36,893 - vessel_data_pipeline - INFO - Downloading Departed_in_last_36_hours.xml (attempt 1/3)
2025-10-27 19:38:36,949 - vessel_data_pipeline - INFO - File temp_Departed_in_last_36_hours.xml passed validation checks
2025-10-27 19:38:36,950 - vessel_data_pipeline - INFO - Created backup: Departed_in_last_36_hours_20251027_193836.xml
2025-10-27 19:38:36,950 - vessel_data_pipeline - INFO - Updated metadata for Departed_in_last_36_hours.xml
2025-10-27 19:38:36,950 - vessel_data_pipeline - INFO - Successfully downloaded and validated Departed_in_last_36_hours.xml
2025-10-27 19:38:38,955 - vessel_data_pipeline - INFO - Downloading Expected_arrivals.xml (attempt 1/3)
2025-10-27 19:38:39,042 - vessel_data_pipeline - INFO - File temp_Expected_arrivals.xml passed validation checks
2025-10-27 19:38:39,043 - vessel_data_pipeline - INFO - Created backup: Expected_arrivals_20251027_193839.xml
2025-10-27 19:38:39,043 - vessel_data_pipeline - INFO - Updated metadata for Expected_arrivals.xml
2025-10-27 19:38:39,043 - vessel_data_pipeline - INFO - Successfully downloaded and validated Expected_arrivals.xml
2025-10-27 19:38:41,048 - vessel_data_pipeline - INFO - Downloading Expected_departures.xml (attempt 1/3)
2025-10-27 19:38:41,096 - vessel_data_pipeline - INFO - File temp_Expected_departures.xml passed validation checks
2025-10-27 19:38:41,096 - vessel_data_pipeline - INFO - Created backup: Expected_departures_20251027_193841.xml
2025-10-27 19:38:41,096 - vessel_data_pipeline - INFO - Updated metadata for Expected_departures.xml
2025-10-27 19:38:41,096 - vessel_data_pipeline - INFO - Successfully downloaded and validated Expected_departures.xml
2025-10-27 19:38:43,100 - vessel_data_pipeline - INFO - Fetch operation completed. Results: {'Arrived_in_last_36_hours.xml': True, 'Departed_in_last_36_hours.xml': True, 'Expected_arrivals.xml': True, 'Expected_departures.xml': True}
2025-10-27 19:38:43,104 - vessel_data_pipeline - INFO - VesselDataFetcher initialized. Pipeline enabled: True
2025-10-27 19:38:43,105 - vessel_data_pipeline - INFO - Starting vessel data fetch operation
2025-10-27 19:38:43,105 - vessel_data_pipeline - INFO - Discovering XML files from Hong Kong Marine Department portal
2025-10-27 19:38:43,167 - vessel_data_pipeline - INFO - Verified access to Arrived_in_last_36_hours.xml
2025-10-27 19:38:43,200 - vessel_data_pipeline - INFO - Verified access to Departed_in_last_36_hours.xml
2025-10-27 19:38:43,253 - vessel_data_pipeline - INFO - Verified access to Expected_arrivals.xml
2025-10-27 19:38:43,287 - vessel_data_pipeline - INFO - Verified access to Expected_departures.xml
2025-10-27 19:38:43,287 - vessel_data_pipeline - INFO - Discovered 4 XML files for download
2025-10-27 19:38:43,287 - vessel_data_pipeline - INFO - Downloading Arrived_in_last_36_hours.xml (attempt 1/3)
2025-10-27 19:38:43,348 - vessel_data_pipeline - INFO - File temp_Arrived_in_last_36_hours.xml passed validation checks
2025-10-27 19:38:43,349 - vessel_data_pipeline - INFO - Created backup: Arrived_in_last_36_hours_20251027_193843.xml
2025-10-27 19:38:43,349 - vessel_data_pipeline - INFO - Updated metadata for Arrived_in_last_36_hours.xml
2025-10-27 19:38:43,349 - vessel_data_pipeline - INFO - Successfully downloaded and validated Arrived_in_last_36_hours.xml
2025-10-27 19:38:45,351 - vessel_data_pipeline - INFO - Downloading Departed_in_last_36_hours.xml (attempt 1/3)
2025-10-27 19:38:45,437 - vessel_data_pipeline - INFO - File temp_Departed_in_last_36_hours.xml passed validation checks
2025-10-27 19:38:45,437 - vessel_data_pipeline - INFO - Created backup: Departed_in_last_36_hours_20251027_193845.xml
2025-10-27 19:38:45,438 - vessel_data_pipeline - INFO - Updated metadata for Departed_in_last_36_hours.xml
2025-10-27 19:38:45,438 - vessel_data_pipeline - INFO - Successfully downloaded and validated Departed_in_last_36_hours.xml
2025-10-27 19:38:47,443 - vessel_data_pipeline - INFO - Downloading Expected_arrivals.xml (attempt 1/3)
2025-10-27 19:38:47,497 - vessel_data_pipeline - INFO - File temp_Expected_arrivals.xml passed validation checks
2025-10-27 19:38:47,497 - vessel_data_pipeline - INFO - Created backup: Expected_arrivals_20251027_193847.xml
2025-10-27 19:38:47,498 - vessel_data_pipeline - INFO - Updated metadata for Expected_arrivals.xml
2025-10-27 19:38:47,498 - vessel_data_pipeline - INFO - Successfully downloaded and validated Expected_arrivals.xml
2025-10-27 19:38:49,503 - vessel_data_pipeline - INFO - Downloading Expected_departures.xml (attempt 1/3)
2025-10-27 19:38:49,557 - vessel_data_pipeline - INFO - File temp_Expected_departures.xml passed validation checks
2025-10-27 19:38:49,558 - vessel_data_pipeline - INFO - Created backup: Expected_departures_20251027_193849.xml
2025-10-27 19:38:49,558 - vessel_data_pipeline - INFO - Updated metadata for Expected_departures.xml
2025-10-27 19:38:49,558 - vessel_data_pipeline - INFO - Successfully downloaded and validated Expected_departures.xml
2025-10-27 19:38:51,561 - vessel_data_pipeline - INFO - Fetch operation completed. Results: {'Arrived_in_last_36_hours.xml': True, 'Departed_in_last_36_hours.xml': True, 'Expected_arrivals.xml': True, 'Expected_departures.xml': True}
2025-10-27 19:38:51,570 - vessel_data_pipeline - INFO - VesselDataFetcher initialized. Pipeline enabled: True
2025-10-27 19:38:51,571 - vessel_data_pipeline - INFO - Starting vessel data fetch operation
2025-10-27 19:38:51,571 - vessel_data_pipeline - INFO - Discovering XML files from Hong Kong Marine Department portal
2025-10-27 19:38:51,630 - vessel_data_pipeline - INFO - Verified access to Arrived_in_last_36_hours.xml
2025-10-27 19:38:51,692 - vessel_data_pipeline - INFO - Verified access to Departed_in_last_36_hours.xml
2025-10-27 19:38:51,727 - vessel_data_pipeline - INFO - Verified access to Expected_arrivals.xml
2025-10-27 19:38:51,765 - vessel_data_pipeline - INFO - Verified access to Expected_departures.xml
2025-10-27 19:38:51,765 - vessel_data_pipeline - INFO - Discovered 4 XML files for download
2025-10-27 19:38:51,765 - vessel_data_pipeline - INFO - Downloading Arrived_in_last_36_hours.xml (attempt 1/3)
2025-10-27 19:38:51,833 - vessel_data_pipeline - INFO - File temp_Arrived_in_last_36_hours.xml passed validation checks
2025-10-27 19:38:51,834 - vessel_data_pipeline - INFO - Created backup: Arrived_in_last_36_hours_20251027_193851.xml
2025-10-27 19:38:51,834 - vessel_data_pipeline - INFO - Updated metadata for Arrived_in_last_36_hours.xml
2025-10-27 19:38:51,834 - vessel_data_pipeline - INFO - Successfully downloaded and validated Arrived_in_last_36_hours.xml
2025-10-27 19:38:53,839 - vessel_data_pipeline - INFO - Downloading Departed_in_last_36_hours.xml (attempt 1/3)
2025-10-27 19:38:53,937 - vessel_data_pipeline - INFO - File temp_Departed_in_last_36_hours.xml passed validation checks
2025-10-27 19:38:53,937 - vessel_data_pipeline - INFO - Created backup: Departed_in_last_36_hours_20251027_193853.xml
2025-10-27 19:38:53,938 - vessel_data_pipeline - INFO - Updated metadata for Departed_in_last_36_hours.xml
2025-10-27 19:38:53,938 - vessel_data_pipeline - INFO - Successfully downloaded and validated Departed_in_last_36_hours.xml
2025-10-27 19:38:55,943 - vessel_data_pipeline - INFO - Downloading Expected_arrivals.xml (attempt 1/3)
2025-10-27 19:38:56,000 - vessel_data_pipeline - INFO - File temp_Expected_arrivals.xml passed validation checks
2025-10-27 19:38:56,000 - vessel_data_pipeline - INFO - Created backup: Expected_arrivals_20251027_193856.xml
2025-10-27 19:38:56,001 - vessel_data_pipeline - INFO - Updated metadata for Expected_arrivals.xml
2025-10-27 19:38:56,001 - vessel_data_pipeline - INFO - Successfully downloaded and validated Expected_arrivals.xml
2025-10-27 19:38:58,001 - vessel_data_pipeline - INFO - Downloading Expected_departures.xml (attempt 1/3)
2025-10-27 19:38:58,119 - vessel_data_pipeline - INFO - File temp_Expected_departures.xml passed validation checks
2025-10-27 19:38:58,120 - vessel_data_pipeline - INFO - Created backup: Expected_departures_20251027_193858.xml
2025-10-27 19:38:58,120 - vessel_data_pipeline - INFO - Updated metadata for Expected_departures.xml
2025-10-27 19:38:58,120 - vessel_data_pipeline - INFO - Successfully downloaded and validated Expected_departures.xml
2025-10-27 19:39:00,125 - vessel_data_pipeline - INFO - Fetch operation completed. Results: {'Arrived_in_last_36_hours.xml': True, 'Departed_in_last_36_hours.xml': True, 'Expected_arrivals.xml': True, 'Expected_departures.xml': True}
2025-10-27 19:39:00,129 - vessel_data_pipeline - INFO - VesselDataFetcher initialized. Pipeline enabled: True
2025-10-27 19:39:00,130 - vessel_data_pipeline - INFO - Starting vessel data fetch operation
2025-10-27 19:39:00,130 - vessel_data_pipeline - INFO - Discovering XML files from Hong Kong Marine Department portal
2025-10-27 19:39:00,221 - vessel_data_pipeline - INFO - Verified access to Arrived_in_last_36_hours.xml
2025-10-27 19:39:00,262 - vessel_data_pipeline - INFO - Verified access to Departed_in_last_36_hours.xml
2025-10-27 19:39:00,298 - vessel_data_pipeline - INFO - Verified access to Expected_arrivals.xml
2025-10-27 19:39:00,362 - vessel_data_pipeline - INFO - Verified access to Expected_departures.xml
2025-10-27 19:39:00,362 - vessel_data_pipeline - INFO - Discovered 4 XML files for download
2025-10-27 19:39:00,362 - vessel_data_pipeline - INFO - Downloading Arrived_in_last_36_hours.xml (attempt 1/3)
2025-10-27 19:39:00,656 - vessel_data_pipeline - INFO - File temp_Arrived_in_last_36_hours.xml passed validation checks
2025-10-27 19:39:00,657 - vessel_data_pipeline - INFO - Created backup: Arrived_in_last_36_hours_20251027_193900.xml
2025-10-27 19:39:00,657 - vessel_data_pipeline - INFO - Updated metadata for Arrived_in_last_36_hours.xml
2025-10-27 19:39:00,657 - vessel_data_pipeline - INFO - Successfully downloaded and validated Arrived_in_last_36_hours.xml
2025-10-27 19:39:02,662 - vessel_data_pipeline - INFO - Downloading Departed_in_last_36_hours.xml (attempt 1/3)
2025-10-27 19:39:02,774 - vessel_data_pipeline - INFO - File temp_Departed_in_last_36_hours.xml passed validation checks
2025-10-27 19:39:02,774 - vessel_data_pipeline - INFO - Created backup: Departed_in_last_36_hours_20251027_193902.xml
2025-10-27 19:39:02,775 - vessel_data_pipeline - INFO - Updated metadata for Departed_in_last_36_hours.xml
2025-10-27 19:39:02,775 - vessel_data_pipeline - INFO - Successfully downloaded and validated Departed_in_last_36_hours.xml
2025-10-27 19:39:04,779 - vessel_data_pipeline - INFO - Downloading Expected_arrivals.xml (attempt 1/3)
2025-10-27 19:39:04,836 - vessel_data_pipeline - INFO - File temp_Expected_arrivals.xml passed validation checks
2025-10-27 19:39:04,837 - vessel_data_pipeline - INFO - Created backup: Expected_arrivals_20251027_193904.xml
2025-10-27 19:39:04,837 - vessel_data_pipeline - INFO - Updated metadata for Expected_arrivals.xml
2025-10-27 19:39:04,837 - vessel_data_pipeline - INFO - Successfully downloaded and validated Expected_arrivals.xml
2025-10-27 19:39:06,841 - vessel_data_pipeline - INFO - Downloading Expected_departures.xml (attempt 1/3)
2025-10-27 19:39:07,049 - vessel_data_pipeline - INFO - File temp_Expected_departures.xml passed validation checks
2025-10-27 19:39:07,050 - vessel_data_pipeline - INFO - Created backup: Expected_departures_20251027_193907.xml
2025-10-27 19:39:07,050 - vessel_data_pipeline - INFO - Updated metadata for Expected_departures.xml
2025-10-27 19:39:07,050 - vessel_data_pipeline - INFO - Successfully downloaded and validated Expected_departures.xml
2025-10-27 19:39:09,055 - vessel_data_pipeline - INFO - Fetch operation completed. Results: {'Arrived_in_last_36_hours.xml': True, 'Departed_in_last_36_hours.xml': True, 'Expected_arrivals.xml': True, 'Expected_departures.xml': True}
2025-10-27 19:43:32,943 - vessel_data_pipeline - INFO - VesselDataFetcher initialized. Pipeline enabled: True
2025-10-27 19:43:32,945 - vessel_data_pipeline - INFO - Starting vessel data fetch operation
2025-10-27 19:43:32,945 - vessel_data_pipeline - INFO - Discovering XML files from Hong Kong Marine Department portal
2025-10-27 19:43:33,308 - vessel_data_pipeline - INFO - Verified access to Arrived_in_last_36_hours.xml
2025-10-27 19:43:33,610 - vessel_data_pipeline - INFO - Verified access to Departed_in_last_36_hours.xml
2025-10-27 19:43:33,835 - vessel_data_pipeline - INFO - Verified access to Expected_arrivals.xml
2025-10-27 19:43:34,010 - vessel_data_pipeline - INFO - Verified access to Expected_departures.xml
2025-10-27 19:43:34,010 - vessel_data_pipeline - INFO - Discovered 4 XML files for download
2025-10-27 19:43:34,010 - vessel_data_pipeline - INFO - Downloading Arrived_in_last_36_hours.xml (attempt 1/3)
2025-10-27 19:43:34,062 - vessel_data_pipeline - INFO - File temp_Arrived_in_last_36_hours.xml passed validation checks
2025-10-27 19:43:34,063 - vessel_data_pipeline - INFO - Created backup: Arrived_in_last_36_hours_20251027_194334.xml
2025-10-27 19:43:34,063 - vessel_data_pipeline - INFO - Updated metadata for Arrived_in_last_36_hours.xml
2025-10-27 19:43:34,063 - vessel_data_pipeline - INFO - Successfully downloaded and validated Arrived_in_last_36_hours.xml
2025-10-27 19:43:36,066 - vessel_data_pipeline - INFO - Downloading Departed_in_last_36_hours.xml (attempt 1/3)
2025-10-27 19:43:36,150 - vessel_data_pipeline - INFO - File temp_Departed_in_last_36_hours.xml passed validation checks
2025-10-27 19:43:36,151 - vessel_data_pipeline - INFO - Created backup: Departed_in_last_36_hours_20251027_194336.xml
2025-10-27 19:43:36,151 - vessel_data_pipeline - INFO - Updated metadata for Departed_in_last_36_hours.xml
2025-10-27 19:43:36,151 - vessel_data_pipeline - INFO - Successfully downloaded and validated Departed_in_last_36_hours.xml
2025-10-27 19:43:38,156 - vessel_data_pipeline - INFO - Downloading Expected_arrivals.xml (attempt 1/3)
2025-10-27 19:43:38,200 - vessel_data_pipeline - INFO - File temp_Expected_arrivals.xml passed validation checks
2025-10-27 19:43:38,201 - vessel_data_pipeline - INFO - Created backup: Expected_arrivals_20251027_194338.xml
2025-10-27 19:43:38,201 - vessel_data_pipeline - INFO - Updated metadata for Expected_arrivals.xml
2025-10-27 19:43:38,201 - vessel_data_pipeline - INFO - Successfully downloaded and validated Expected_arrivals.xml
2025-10-27 19:43:40,207 - vessel_data_pipeline - INFO - Downloading Expected_departures.xml (attempt 1/3)
2025-10-27 19:43:40,319 - vessel_data_pipeline - INFO - File temp_Expected_departures.xml passed validation checks
2025-10-27 19:43:40,319 - vessel_data_pipeline - INFO - Created backup: Expected_departures_20251027_194340.xml
2025-10-27 19:43:40,320 - vessel_data_pipeline - INFO - Updated metadata for Expected_departures.xml
2025-10-27 19:43:40,320 - vessel_data_pipeline - INFO - Successfully downloaded and validated Expected_departures.xml
2025-10-27 19:43:42,325 - vessel_data_pipeline - INFO - Fetch operation completed. Results: {'Arrived_in_last_36_hours.xml': True, 'Departed_in_last_36_hours.xml': True, 'Expected_arrivals.xml': True, 'Expected_departures.xml': True}
2025-10-27 19:43:42,329 - vessel_data_pipeline - INFO - VesselDataFetcher initialized. Pipeline enabled: True
2025-10-27 19:43:42,329 - vessel_data_pipeline - INFO - Starting vessel data fetch operation
2025-10-27 19:43:42,329 - vessel_data_pipeline - INFO - Discovering XML files from Hong Kong Marine Department portal
2025-10-27 19:43:42,390 - vessel_data_pipeline - INFO - Verified access to Arrived_in_last_36_hours.xml
2025-10-27 19:43:42,430 - vessel_data_pipeline - INFO - Verified access to Departed_in_last_36_hours.xml
2025-10-27 19:43:42,470 - vessel_data_pipeline - INFO - Verified access to Expected_arrivals.xml
2025-10-27 19:43:42,516 - vessel_data_pipeline - INFO - Verified access to Expected_departures.xml
2025-10-27 19:43:42,516 - vessel_data_pipeline - INFO - Discovered 4 XML files for download
2025-10-27 19:43:42,516 - vessel_data_pipeline - INFO - Downloading Arrived_in_last_36_hours.xml (attempt 1/3)
2025-10-27 19:43:42,567 - vessel_data_pipeline - INFO - File temp_Arrived_in_last_36_hours.xml passed validation checks
2025-10-27 19:43:42,567 - vessel_data_pipeline - INFO - Created backup: Arrived_in_last_36_hours_20251027_194342.xml
2025-10-27 19:43:42,568 - vessel_data_pipeline - INFO - Updated metadata for Arrived_in_last_36_hours.xml
2025-10-27 19:43:42,568 - vessel_data_pipeline - INFO - Successfully downloaded and validated Arrived_in_last_36_hours.xml
2025-10-27 19:43:44,572 - vessel_data_pipeline - INFO - Downloading Departed_in_last_36_hours.xml (attempt 1/3)
2025-10-27 19:43:44,633 - vessel_data_pipeline - INFO - File temp_Departed_in_last_36_hours.xml passed validation checks
2025-10-27 19:43:44,633 - vessel_data_pipeline - INFO - Created backup: Departed_in_last_36_hours_20251027_194344.xml
2025-10-27 19:43:44,633 - vessel_data_pipeline - INFO - Updated metadata for Departed_in_last_36_hours.xml
2025-10-27 19:43:44,633 - vessel_data_pipeline - INFO - Successfully downloaded and validated Departed_in_last_36_hours.xml
2025-10-27 19:43:46,638 - vessel_data_pipeline - INFO - Downloading Expected_arrivals.xml (attempt 1/3)
2025-10-27 19:43:46,684 - vessel_data_pipeline - INFO - File temp_Expected_arrivals.xml passed validation checks
2025-10-27 19:43:46,685 - vessel_data_pipeline - INFO - Created backup: Expected_arrivals_20251027_194346.xml
2025-10-27 19:43:46,685 - vessel_data_pipeline - INFO - Updated metadata for Expected_arrivals.xml
2025-10-27 19:43:46,685 - vessel_data_pipeline - INFO - Successfully downloaded and validated Expected_arrivals.xml
2025-10-27 19:43:48,690 - vessel_data_pipeline - INFO - Downloading Expected_departures.xml (attempt 1/3)
2025-10-27 19:43:48,767 - vessel_data_pipeline - INFO - File temp_Expected_departures.xml passed validation checks
2025-10-27 19:43:48,767 - vessel_data_pipeline - INFO - Created backup: Expected_departures_20251027_194348.xml
2025-10-27 19:43:48,768 - vessel_data_pipeline - INFO - Updated metadata for Expected_departures.xml
2025-10-27 19:43:48,768 - vessel_data_pipeline - INFO - Successfully downloaded and validated Expected_departures.xml
2025-10-27 19:43:50,770 - vessel_data_pipeline - INFO - Fetch operation completed. Results: {'Arrived_in_last_36_hours.xml': True, 'Departed_in_last_36_hours.xml': True, 'Expected_arrivals.xml': True, 'Expected_departures.xml': True}
2025-10-27 19:43:50,780 - vessel_data_pipeline - INFO - VesselDataFetcher initialized. Pipeline enabled: True
2025-10-27 19:43:50,781 - vessel_data_pipeline - INFO - Starting vessel data fetch operation
2025-10-27 19:43:50,781 - vessel_data_pipeline - INFO - Discovering XML files from Hong Kong Marine Department portal
2025-10-27 19:43:50,833 - vessel_data_pipeline - INFO - Verified access to Arrived_in_last_36_hours.xml
2025-10-27 19:43:50,872 - vessel_data_pipeline - INFO - Verified access to Departed_in_last_36_hours.xml
2025-10-27 19:43:50,926 - vessel_data_pipeline - INFO - Verified access to Expected_arrivals.xml
2025-10-27 19:43:50,961 - vessel_data_pipeline - INFO - Verified access to Expected_departures.xml
2025-10-27 19:43:50,961 - vessel_data_pipeline - INFO - Discovered 4 XML files for download
2025-10-27 19:43:50,961 - vessel_data_pipeline - INFO - Downloading Arrived_in_last_36_hours.xml (attempt 1/3)
2025-10-27 19:43:51,011 - vessel_data_pipeline - INFO - File temp_Arrived_in_last_36_hours.xml passed validation checks
2025-10-27 19:43:51,012 - vessel_data_pipeline - INFO - Created backup: Arrived_in_last_36_hours_20251027_194351.xml
2025-10-27 19:43:51,012 - vessel_data_pipeline - INFO - Updated metadata for Arrived_in_last_36_hours.xml
2025-10-27 19:43:51,012 - vessel_data_pipeline - INFO - Successfully downloaded and validated Arrived_in_last_36_hours.xml
2025-10-27 19:43:53,015 - vessel_data_pipeline - INFO - Downloading Departed_in_last_36_hours.xml (attempt 1/3)
2025-10-27 19:43:53,091 - vessel_data_pipeline - INFO - File temp_Departed_in_last_36_hours.xml passed validation checks
2025-10-27 19:43:53,092 - vessel_data_pipeline - INFO - Created backup: Departed_in_last_36_hours_20251027_194353.xml
2025-10-27 19:43:53,092 - vessel_data_pipeline - INFO - Updated metadata for Departed_in_last_36_hours.xml
2025-10-27 19:43:53,092 - vessel_data_pipeline - INFO - Successfully downloaded and validated Departed_in_last_36_hours.xml
2025-10-27 19:43:55,097 - vessel_data_pipeline - INFO - Downloading Expected_arrivals.xml (attempt 1/3)
2025-10-27 19:43:55,159 - vessel_data_pipeline - INFO - File temp_Expected_arrivals.xml passed validation checks
2025-10-27 19:43:55,160 - vessel_data_pipeline - INFO - Created backup: Expected_arrivals_20251027_194355.xml
2025-10-27 19:43:55,160 - vessel_data_pipeline - INFO - Updated metadata for Expected_arrivals.xml
2025-10-27 19:43:55,160 - vessel_data_pipeline - INFO - Successfully downloaded and validated Expected_arrivals.xml
2025-10-27 19:43:57,165 - vessel_data_pipeline - INFO - Downloading Expected_departures.xml (attempt 1/3)
2025-10-27 19:43:57,217 - vessel_data_pipeline - INFO - File temp_Expected_departures.xml passed validation checks
2025-10-27 19:43:57,217 - vessel_data_pipeline - INFO - Created backup: Expected_departures_20251027_194357.xml
2025-10-27 19:43:57,218 - vessel_data_pipeline - INFO - Updated metadata for Expected_departures.xml
2025-10-27 19:43:57,218 - vessel_data_pipeline - INFO - Successfully downloaded and validated Expected_departures.xml
2025-10-27 19:43:59,223 - vessel_data_pipeline - INFO - Fetch operation completed. Results: {'Arrived_in_last_36_hours.xml': True, 'Departed_in_last_36_hours.xml': True, 'Expected_arrivals.xml': True, 'Expected_departures.xml': True}
2025-10-27 19:43:59,227 - vessel_data_pipeline - INFO - VesselDataFetcher initialized. Pipeline enabled: True
2025-10-27 19:43:59,227 - vessel_data_pipeline - INFO - Starting vessel data fetch operation
2025-10-27 19:43:59,227 - vessel_data_pipeline - INFO - Discovering XML files from Hong Kong Marine Department portal
2025-10-27 19:43:59,321 - vessel_data_pipeline - INFO - Verified access to Arrived_in_last_36_hours.xml
2025-10-27 19:43:59,358 - vessel_data_pipeline - INFO - Verified access to Departed_in_last_36_hours.xml
2025-10-27 19:43:59,471 - vessel_data_pipeline - INFO - Verified access to Expected_arrivals.xml
2025-10-27 19:43:59,515 - vessel_data_pipeline - INFO - Verified access to Expected_departures.xml
2025-10-27 19:43:59,515 - vessel_data_pipeline - INFO - Discovered 4 XML files for download
2025-10-27 19:43:59,515 - vessel_data_pipeline - INFO - Downloading Arrived_in_last_36_hours.xml (attempt 1/3)
2025-10-27 19:43:59,581 - vessel_data_pipeline - INFO - File temp_Arrived_in_last_36_hours.xml passed validation checks
2025-10-27 19:43:59,581 - vessel_data_pipeline - INFO - Created backup: Arrived_in_last_36_hours_20251027_194359.xml
2025-10-27 19:43:59,582 - vessel_data_pipeline - INFO - Updated metadata for Arrived_in_last_36_hours.xml
2025-10-27 19:43:59,582 - vessel_data_pipeline - INFO - Successfully downloaded and validated Arrived_in_last_36_hours.xml
2025-10-27 19:44:01,587 - vessel_data_pipeline - INFO - Downloading Departed_in_last_36_hours.xml (attempt 1/3)
2025-10-27 19:44:01,649 - vessel_data_pipeline - INFO - File temp_Departed_in_last_36_hours.xml passed validation checks
2025-10-27 19:44:01,650 - vessel_data_pipeline - INFO - Created backup: Departed_in_last_36_hours_20251027_194401.xml
2025-10-27 19:44:01,650 - vessel_data_pipeline - INFO - Updated metadata for Departed_in_last_36_hours.xml
2025-10-27 19:44:01,650 - vessel_data_pipeline - INFO - Successfully downloaded and validated Departed_in_last_36_hours.xml
2025-10-27 19:44:03,650 - vessel_data_pipeline - INFO - Downloading Expected_arrivals.xml (attempt 1/3)
2025-10-27 19:44:03,703 - vessel_data_pipeline - INFO - File temp_Expected_arrivals.xml passed validation checks
2025-10-27 19:44:03,703 - vessel_data_pipeline - INFO - Created backup: Expected_arrivals_20251027_194403.xml
2025-10-27 19:44:03,703 - vessel_data_pipeline - INFO - Updated metadata for Expected_arrivals.xml
2025-10-27 19:44:03,703 - vessel_data_pipeline - INFO - Successfully downloaded and validated Expected_arrivals.xml
2025-10-27 19:44:05,709 - vessel_data_pipeline - INFO - Downloading Expected_departures.xml (attempt 1/3)
2025-10-27 19:44:05,753 - vessel_data_pipeline - INFO - File temp_Expected_departures.xml passed validation checks
2025-10-27 19:44:05,753 - vessel_data_pipeline - INFO - Created backup: Expected_departures_20251027_194405.xml
2025-10-27 19:44:05,754 - vessel_data_pipeline - INFO - Updated metadata for Expected_departures.xml
2025-10-27 19:44:05,754 - vessel_data_pipeline - INFO - Successfully downloaded and validated Expected_departures.xml
2025-10-27 19:44:07,759 - vessel_data_pipeline - INFO - Fetch operation completed. Results: {'Arrived_in_last_36_hours.xml': True, 'Departed_in_last_36_hours.xml': True, 'Expected_arrivals.xml': True, 'Expected_departures.xml': True}
2025-10-27 19:47:09,917 - vessel_data_pipeline - INFO - VesselDataFetcher initialized. Pipeline enabled: True
2025-10-27 19:47:09,919 - vessel_data_pipeline - INFO - Starting vessel data fetch operation
2025-10-27 19:47:09,919 - vessel_data_pipeline - INFO - Discovering XML files from Hong Kong Marine Department portal
2025-10-27 19:47:10,135 - vessel_data_pipeline - INFO - Verified access to Arrived_in_last_36_hours.xml
2025-10-27 19:47:10,295 - vessel_data_pipeline - INFO - Verified access to Departed_in_last_36_hours.xml
2025-10-27 19:47:10,437 - vessel_data_pipeline - INFO - Verified access to Expected_arrivals.xml
2025-10-27 19:47:10,601 - vessel_data_pipeline - INFO - Verified access to Expected_departures.xml
2025-10-27 19:47:10,602 - vessel_data_pipeline - INFO - Discovered 4 XML files for download
2025-10-27 19:47:10,602 - vessel_data_pipeline - INFO - Downloading Arrived_in_last_36_hours.xml (attempt 1/3)
2025-10-27 19:47:10,758 - vessel_data_pipeline - INFO - File temp_Arrived_in_last_36_hours.xml passed validation checks
2025-10-27 19:47:10,759 - vessel_data_pipeline - INFO - Created backup: Arrived_in_last_36_hours_20251027_194710.xml
2025-10-27 19:47:10,760 - vessel_data_pipeline - INFO - Updated metadata for Arrived_in_last_36_hours.xml
2025-10-27 19:47:10,760 - vessel_data_pipeline - INFO - Successfully downloaded and validated Arrived_in_last_36_hours.xml
2025-10-27 19:47:12,761 - vessel_data_pipeline - INFO - Downloading Departed_in_last_36_hours.xml (attempt 1/3)
2025-10-27 19:47:12,934 - vessel_data_pipeline - INFO - File temp_Departed_in_last_36_hours.xml passed validation checks
2025-10-27 19:47:12,935 - vessel_data_pipeline - INFO - Created backup: Departed_in_last_36_hours_20251027_194712.xml
2025-10-27 19:47:12,935 - vessel_data_pipeline - INFO - Updated metadata for Departed_in_last_36_hours.xml
2025-10-27 19:47:12,935 - vessel_data_pipeline - INFO - Successfully downloaded and validated Departed_in_last_36_hours.xml
2025-10-27 19:47:14,940 - vessel_data_pipeline - INFO - Downloading Expected_arrivals.xml (attempt 1/3)
2025-10-27 19:47:15,112 - vessel_data_pipeline - INFO - File temp_Expected_arrivals.xml passed validation checks
2025-10-27 19:47:15,113 - vessel_data_pipeline - INFO - Created backup: Expected_arrivals_20251027_194715.xml
2025-10-27 19:47:15,113 - vessel_data_pipeline - INFO - Updated metadata for Expected_arrivals.xml
2025-10-27 19:47:15,113 - vessel_data_pipeline - INFO - Successfully downloaded and validated Expected_arrivals.xml
2025-10-27 19:47:17,113 - vessel_data_pipeline - INFO - Downloading Expected_departures.xml (attempt 1/3)
2025-10-27 19:47:17,306 - vessel_data_pipeline - INFO - File temp_Expected_departures.xml passed validation checks
2025-10-27 19:47:17,306 - vessel_data_pipeline - INFO - Created backup: Expected_departures_20251027_194717.xml
2025-10-27 19:47:17,307 - vessel_data_pipeline - INFO - Updated metadata for Expected_departures.xml
2025-10-27 19:47:17,307 - vessel_data_pipeline - INFO - Successfully downloaded and validated Expected_departures.xml
2025-10-27 19:47:19,312 - vessel_data_pipeline - INFO - Fetch operation completed. Results: {'Arrived_in_last_36_hours.xml': True, 'Departed_in_last_36_hours.xml': True, 'Expected_arrivals.xml': True, 'Expected_departures.xml': True}
2025-10-27 19:47:19,315 - vessel_data_pipeline - INFO - VesselDataFetcher initialized. Pipeline enabled: True
2025-10-27 19:47:19,316 - vessel_data_pipeline - INFO - Starting vessel data fetch operation
2025-10-27 19:47:19,316 - vessel_data_pipeline - INFO - Discovering XML files from Hong Kong Marine Department portal
2025-10-27 19:47:19,492 - vessel_data_pipeline - INFO - Verified access to Arrived_in_last_36_hours.xml
2025-10-27 19:47:19,654 - vessel_data_pipeline - INFO - Verified access to Departed_in_last_36_hours.xml
2025-10-27 19:47:19,790 - vessel_data_pipeline - INFO - Verified access to Expected_arrivals.xml
2025-10-27 19:47:19,941 - vessel_data_pipeline - INFO - Verified access to Expected_departures.xml
2025-10-27 19:47:19,941 - vessel_data_pipeline - INFO - Discovered 4 XML files for download
2025-10-27 19:47:19,941 - vessel_data_pipeline - INFO - Downloading Arrived_in_last_36_hours.xml (attempt 1/3)
2025-10-27 19:47:20,101 - vessel_data_pipeline - INFO - File temp_Arrived_in_last_36_hours.xml passed validation checks
2025-10-27 19:47:20,102 - vessel_data_pipeline - INFO - Created backup: Arrived_in_last_36_hours_20251027_194720.xml
2025-10-27 19:47:20,102 - vessel_data_pipeline - INFO - Updated metadata for Arrived_in_last_36_hours.xml
2025-10-27 19:47:20,102 - vessel_data_pipeline - INFO - Successfully downloaded and validated Arrived_in_last_36_hours.xml
2025-10-27 19:47:22,107 - vessel_data_pipeline - INFO - Downloading Departed_in_last_36_hours.xml (attempt 1/3)
2025-10-27 19:47:22,290 - vessel_data_pipeline - INFO - File temp_Departed_in_last_36_hours.xml passed validation checks
2025-10-27 19:47:22,290 - vessel_data_pipeline - INFO - Created backup: Departed_in_last_36_hours_20251027_194722.xml
2025-10-27 19:47:22,290 - vessel_data_pipeline - INFO - Updated metadata for Departed_in_last_36_hours.xml
2025-10-27 19:47:22,291 - vessel_data_pipeline - INFO - Successfully downloaded and validated Departed_in_last_36_hours.xml
2025-10-27 19:47:24,292 - vessel_data_pipeline - INFO - Downloading Expected_arrivals.xml (attempt 1/3)
2025-10-27 19:47:24,479 - vessel_data_pipeline - INFO - File temp_Expected_arrivals.xml passed validation checks
2025-10-27 19:47:24,479 - vessel_data_pipeline - INFO - Created backup: Expected_arrivals_20251027_194724.xml
2025-10-27 19:47:24,479 - vessel_data_pipeline - INFO - Updated metadata for Expected_arrivals.xml
2025-10-27 19:47:24,480 - vessel_data_pipeline - INFO - Successfully downloaded and validated Expected_arrivals.xml
2025-10-27 19:47:26,485 - vessel_data_pipeline - INFO - Downloading Expected_departures.xml (attempt 1/3)
2025-10-27 19:47:26,648 - vessel_data_pipeline - INFO - File temp_Expected_departures.xml passed validation checks
2025-10-27 19:47:26,648 - vessel_data_pipeline - INFO - Created backup: Expected_departures_20251027_194726.xml
2025-10-27 19:47:26,649 - vessel_data_pipeline - INFO - Updated metadata for Expected_departures.xml
2025-10-27 19:47:26,649 - vessel_data_pipeline - INFO - Successfully downloaded and validated Expected_departures.xml
2025-10-27 19:47:28,654 - vessel_data_pipeline - INFO - Fetch operation completed. Results: {'Arrived_in_last_36_hours.xml': True, 'Departed_in_last_36_hours.xml': True, 'Expected_arrivals.xml': True, 'Expected_departures.xml': True}
2025-10-27 19:47:28,658 - vessel_data_pipeline - INFO - VesselDataFetcher initialized. Pipeline enabled: True
2025-10-27 19:47:28,659 - vessel_data_pipeline - INFO - Starting vessel data fetch operation
2025-10-27 19:47:28,659 - vessel_data_pipeline - INFO - Discovering XML files from Hong Kong Marine Department portal
2025-10-27 19:47:28,832 - vessel_data_pipeline - INFO - Verified access to Arrived_in_last_36_hours.xml
2025-10-27 19:47:28,974 - vessel_data_pipeline - INFO - Verified access to Departed_in_last_36_hours.xml
2025-10-27 19:47:29,110 - vessel_data_pipeline - INFO - Verified access to Expected_arrivals.xml
2025-10-27 19:47:29,267 - vessel_data_pipeline - INFO - Verified access to Expected_departures.xml
2025-10-27 19:47:29,268 - vessel_data_pipeline - INFO - Discovered 4 XML files for download
2025-10-27 19:47:29,268 - vessel_data_pipeline - INFO - Downloading Arrived_in_last_36_hours.xml (attempt 1/3)
2025-10-27 19:47:29,423 - vessel_data_pipeline - INFO - File temp_Arrived_in_last_36_hours.xml passed validation checks
2025-10-27 19:47:29,423 - vessel_data_pipeline - INFO - Created backup: Arrived_in_last_36_hours_20251027_194729.xml
2025-10-27 19:47:29,424 - vessel_data_pipeline - INFO - Updated metadata for Arrived_in_last_36_hours.xml
2025-10-27 19:47:29,424 - vessel_data_pipeline - INFO - Successfully downloaded and validated Arrived_in_last_36_hours.xml
2025-10-27 19:47:31,429 - vessel_data_pipeline - INFO - Downloading Departed_in_last_36_hours.xml (attempt 1/3)
2025-10-27 19:47:31,603 - vessel_data_pipeline - INFO - File temp_Departed_in_last_36_hours.xml passed validation checks
2025-10-27 19:47:31,604 - vessel_data_pipeline - INFO - Created backup: Departed_in_last_36_hours_20251027_194731.xml
2025-10-27 19:47:31,604 - vessel_data_pipeline - INFO - Updated metadata for Departed_in_last_36_hours.xml
2025-10-27 19:47:31,604 - vessel_data_pipeline - INFO - Successfully downloaded and validated Departed_in_last_36_hours.xml
2025-10-27 19:47:33,608 - vessel_data_pipeline - INFO - Downloading Expected_arrivals.xml (attempt 1/3)
2025-10-27 19:47:33,797 - vessel_data_pipeline - INFO - File temp_Expected_arrivals.xml passed validation checks
2025-10-27 19:47:33,797 - vessel_data_pipeline - INFO - Created backup: Expected_arrivals_20251027_194733.xml
2025-10-27 19:47:33,798 - vessel_data_pipeline - INFO - Updated metadata for Expected_arrivals.xml
2025-10-27 19:47:33,798 - vessel_data_pipeline - INFO - Successfully downloaded and validated Expected_arrivals.xml
2025-10-27 19:47:35,799 - vessel_data_pipeline - INFO - Downloading Expected_departures.xml (attempt 1/3)
2025-10-27 19:47:35,953 - vessel_data_pipeline - INFO - File temp_Expected_departures.xml passed validation checks
2025-10-27 19:47:35,953 - vessel_data_pipeline - INFO - Created backup: Expected_departures_20251027_194735.xml
2025-10-27 19:47:35,953 - vessel_data_pipeline - INFO - Updated metadata for Expected_departures.xml
2025-10-27 19:47:35,953 - vessel_data_pipeline - INFO - Successfully downloaded and validated Expected_departures.xml
2025-10-27 19:47:37,958 - vessel_data_pipeline - INFO - Fetch operation completed. Results: {'Arrived_in_last_36_hours.xml': True, 'Departed_in_last_36_hours.xml': True, 'Expected_arrivals.xml': True, 'Expected_departures.xml': True}
2025-10-27 19:47:37,961 - vessel_data_pipeline - INFO - VesselDataFetcher initialized. Pipeline enabled: True
2025-10-27 19:47:37,962 - vessel_data_pipeline - INFO - Starting vessel data fetch operation
2025-10-27 19:47:37,962 - vessel_data_pipeline - INFO - Discovering XML files from Hong Kong Marine Department portal
2025-10-27 19:47:38,139 - vessel_data_pipeline - INFO - Verified access to Arrived_in_last_36_hours.xml
2025-10-27 19:47:38,513 - vessel_data_pipeline - INFO - Verified access to Departed_in_last_36_hours.xml
2025-10-27 19:47:38,652 - vessel_data_pipeline - INFO - Verified access to Expected_arrivals.xml
2025-10-27 19:47:38,782 - vessel_data_pipeline - INFO - Verified access to Expected_departures.xml
2025-10-27 19:47:38,782 - vessel_data_pipeline - INFO - Discovered 4 XML files for download
2025-10-27 19:47:38,782 - vessel_data_pipeline - INFO - Downloading Arrived_in_last_36_hours.xml (attempt 1/3)
2025-10-27 19:47:38,950 - vessel_data_pipeline - INFO - File temp_Arrived_in_last_36_hours.xml passed validation checks
2025-10-27 19:47:38,950 - vessel_data_pipeline - INFO - Created backup: Arrived_in_last_36_hours_20251027_194738.xml
2025-10-27 19:47:38,950 - vessel_data_pipeline - INFO - Updated metadata for Arrived_in_last_36_hours.xml
2025-10-27 19:47:38,950 - vessel_data_pipeline - INFO - Successfully downloaded and validated Arrived_in_last_36_hours.xml
2025-10-27 19:47:40,951 - vessel_data_pipeline - INFO - Downloading Departed_in_last_36_hours.xml (attempt 1/3)
2025-10-27 19:47:41,114 - vessel_data_pipeline - INFO - File temp_Departed_in_last_36_hours.xml passed validation checks
2025-10-27 19:47:41,115 - vessel_data_pipeline - INFO - Created backup: Departed_in_last_36_hours_20251027_194741.xml
2025-10-27 19:47:41,115 - vessel_data_pipeline - INFO - Updated metadata for Departed_in_last_36_hours.xml
2025-10-27 19:47:41,115 - vessel_data_pipeline - INFO - Successfully downloaded and validated Departed_in_last_36_hours.xml
2025-10-27 19:47:43,120 - vessel_data_pipeline - INFO - Downloading Expected_arrivals.xml (attempt 1/3)
2025-10-27 19:47:43,279 - vessel_data_pipeline - INFO - File temp_Expected_arrivals.xml passed validation checks
2025-10-27 19:47:43,279 - vessel_data_pipeline - INFO - Created backup: Expected_arrivals_20251027_194743.xml
2025-10-27 19:47:43,280 - vessel_data_pipeline - INFO - Updated metadata for Expected_arrivals.xml
2025-10-27 19:47:43,280 - vessel_data_pipeline - INFO - Successfully downloaded and validated Expected_arrivals.xml
2025-10-27 19:47:45,285 - vessel_data_pipeline - INFO - Downloading Expected_departures.xml (attempt 1/3)
2025-10-27 19:47:45,464 - vessel_data_pipeline - INFO - File temp_Expected_departures.xml passed validation checks
2025-10-27 19:47:45,465 - vessel_data_pipeline - INFO - Created backup: Expected_departures_20251027_194745.xml
2025-10-27 19:47:45,465 - vessel_data_pipeline - INFO - Updated metadata for Expected_departures.xml
2025-10-27 19:47:45,465 - vessel_data_pipeline - INFO - Successfully downloaded and validated Expected_departures.xml
2025-10-27 19:47:47,468 - vessel_data_pipeline - INFO - Fetch operation completed. Results: {'Arrived_in_last_36_hours.xml': True, 'Departed_in_last_36_hours.xml': True, 'Expected_arrivals.xml': True, 'Expected_departures.xml': True}
2025-10-27 19:48:34,218 - vessel_data_pipeline - INFO - VesselDataFetcher initialized. Pipeline enabled: True
2025-10-27 19:48:34,219 - vessel_data_pipeline - INFO - Starting vessel data fetch operation
2025-10-27 19:48:34,219 - vessel_data_pipeline - INFO - Discovering XML files from Hong Kong Marine Department portal
2025-10-27 19:48:34,422 - vessel_data_pipeline - INFO - Verified access to Arrived_in_last_36_hours.xml
2025-10-27 19:48:34,573 - vessel_data_pipeline - INFO - Verified access to Departed_in_last_36_hours.xml
2025-10-27 19:48:34,714 - vessel_data_pipeline - INFO - Verified access to Expected_arrivals.xml
2025-10-27 19:48:34,876 - vessel_data_pipeline - INFO - Verified access to Expected_departures.xml
2025-10-27 19:48:34,876 - vessel_data_pipeline - INFO - Discovered 4 XML files for download
2025-10-27 19:48:34,877 - vessel_data_pipeline - INFO - Downloading Arrived_in_last_36_hours.xml (attempt 1/3)
2025-10-27 19:48:35,024 - vessel_data_pipeline - INFO - File temp_Arrived_in_last_36_hours.xml passed validation checks
2025-10-27 19:48:35,025 - vessel_data_pipeline - INFO - Created backup: Arrived_in_last_36_hours_20251027_194835.xml
2025-10-27 19:48:35,026 - vessel_data_pipeline - INFO - Updated metadata for Arrived_in_last_36_hours.xml
2025-10-27 19:48:35,026 - vessel_data_pipeline - INFO - Successfully downloaded and validated Arrived_in_last_36_hours.xml
2025-10-27 19:48:37,026 - vessel_data_pipeline - INFO - Downloading Departed_in_last_36_hours.xml (attempt 1/3)
2025-10-27 19:48:37,180 - vessel_data_pipeline - INFO - File temp_Departed_in_last_36_hours.xml passed validation checks
2025-10-27 19:48:37,180 - vessel_data_pipeline - INFO - Created backup: Departed_in_last_36_hours_20251027_194837.xml
2025-10-27 19:48:37,181 - vessel_data_pipeline - INFO - Updated metadata for Departed_in_last_36_hours.xml
2025-10-27 19:48:37,181 - vessel_data_pipeline - INFO - Successfully downloaded and validated Departed_in_last_36_hours.xml
2025-10-27 19:48:39,183 - vessel_data_pipeline - INFO - Downloading Expected_arrivals.xml (attempt 1/3)
2025-10-27 19:48:39,372 - vessel_data_pipeline - INFO - File temp_Expected_arrivals.xml passed validation checks
2025-10-27 19:48:39,372 - vessel_data_pipeline - INFO - Created backup: Expected_arrivals_20251027_194839.xml
2025-10-27 19:48:39,373 - vessel_data_pipeline - INFO - Updated metadata for Expected_arrivals.xml
2025-10-27 19:48:39,373 - vessel_data_pipeline - INFO - Successfully downloaded and validated Expected_arrivals.xml
2025-10-27 19:48:41,378 - vessel_data_pipeline - INFO - Downloading Expected_departures.xml (attempt 1/3)
2025-10-27 19:48:41,541 - vessel_data_pipeline - INFO - File temp_Expected_departures.xml passed validation checks
2025-10-27 19:48:41,542 - vessel_data_pipeline - INFO - Created backup: Expected_departures_20251027_194841.xml
2025-10-27 19:48:41,542 - vessel_data_pipeline - INFO - Updated metadata for Expected_departures.xml
2025-10-27 19:48:41,542 - vessel_data_pipeline - INFO - Successfully downloaded and validated Expected_departures.xml
2025-10-27 19:48:43,546 - vessel_data_pipeline - INFO - Fetch operation completed. Results: {'Arrived_in_last_36_hours.xml': True, 'Departed_in_last_36_hours.xml': True, 'Expected_arrivals.xml': True, 'Expected_departures.xml': True}
2025-10-27 19:48:43,549 - vessel_data_pipeline - INFO - VesselDataFetcher initialized. Pipeline enabled: True
2025-10-27 19:48:43,550 - vessel_data_pipeline - INFO - Starting vessel data fetch operation
2025-10-27 19:48:43,550 - vessel_data_pipeline - INFO - Discovering XML files from Hong Kong Marine Department portal
2025-10-27 19:48:43,717 - vessel_data_pipeline - INFO - Verified access to Arrived_in_last_36_hours.xml
2025-10-27 19:48:43,860 - vessel_data_pipeline - INFO - Verified access to Departed_in_last_36_hours.xml
2025-10-27 19:48:44,003 - vessel_data_pipeline - INFO - Verified access to Expected_arrivals.xml
2025-10-27 19:48:44,294 - vessel_data_pipeline - INFO - Verified access to Expected_departures.xml
2025-10-27 19:48:44,294 - vessel_data_pipeline - INFO - Discovered 4 XML files for download
2025-10-27 19:48:44,294 - vessel_data_pipeline - INFO - Downloading Arrived_in_last_36_hours.xml (attempt 1/3)
2025-10-27 19:48:44,469 - vessel_data_pipeline - INFO - File temp_Arrived_in_last_36_hours.xml passed validation checks
2025-10-27 19:48:44,469 - vessel_data_pipeline - INFO - Created backup: Arrived_in_last_36_hours_20251027_194844.xml
2025-10-27 19:48:44,469 - vessel_data_pipeline - INFO - Updated metadata for Arrived_in_last_36_hours.xml
2025-10-27 19:48:44,469 - vessel_data_pipeline - INFO - Successfully downloaded and validated Arrived_in_last_36_hours.xml
2025-10-27 19:48:46,474 - vessel_data_pipeline - INFO - Downloading Departed_in_last_36_hours.xml (attempt 1/3)
2025-10-27 19:48:46,659 - vessel_data_pipeline - INFO - File temp_Departed_in_last_36_hours.xml passed validation checks
2025-10-27 19:48:46,660 - vessel_data_pipeline - INFO - Created backup: Departed_in_last_36_hours_20251027_194846.xml
2025-10-27 19:48:46,660 - vessel_data_pipeline - INFO - Updated metadata for Departed_in_last_36_hours.xml
2025-10-27 19:48:46,660 - vessel_data_pipeline - INFO - Successfully downloaded and validated Departed_in_last_36_hours.xml
2025-10-27 19:48:48,663 - vessel_data_pipeline - INFO - Downloading Expected_arrivals.xml (attempt 1/3)
2025-10-27 19:48:48,830 - vessel_data_pipeline - INFO - File temp_Expected_arrivals.xml passed validation checks
2025-10-27 19:48:48,831 - vessel_data_pipeline - INFO - Created backup: Expected_arrivals_20251027_194848.xml
2025-10-27 19:48:48,831 - vessel_data_pipeline - INFO - Updated metadata for Expected_arrivals.xml
2025-10-27 19:48:48,831 - vessel_data_pipeline - INFO - Successfully downloaded and validated Expected_arrivals.xml
2025-10-27 19:48:50,834 - vessel_data_pipeline - INFO - Downloading Expected_departures.xml (attempt 1/3)
2025-10-27 19:48:51,009 - vessel_data_pipeline - INFO - File temp_Expected_departures.xml passed validation checks
2025-10-27 19:48:51,009 - vessel_data_pipeline - INFO - Created backup: Expected_departures_20251027_194851.xml
2025-10-27 19:48:51,009 - vessel_data_pipeline - INFO - Updated metadata for Expected_departures.xml
2025-10-27 19:48:51,009 - vessel_data_pipeline - INFO - Successfully downloaded and validated Expected_departures.xml
2025-10-27 19:48:53,012 - vessel_data_pipeline - INFO - Fetch operation completed. Results: {'Arrived_in_last_36_hours.xml': True, 'Departed_in_last_36_hours.xml': True, 'Expected_arrivals.xml': True, 'Expected_departures.xml': True}
2025-10-27 19:48:53,017 - vessel_data_pipeline - INFO - VesselDataFetcher initialized. Pipeline enabled: True
2025-10-27 19:48:53,017 - vessel_data_pipeline - INFO - Starting vessel data fetch operation
2025-10-27 19:48:53,017 - vessel_data_pipeline - INFO - Discovering XML files from Hong Kong Marine Department portal
2025-10-27 19:48:53,181 - vessel_data_pipeline - INFO - Verified access to Arrived_in_last_36_hours.xml
2025-10-27 19:48:53,568 - vessel_data_pipeline - INFO - Verified access to Departed_in_last_36_hours.xml
2025-10-27 19:48:53,752 - vessel_data_pipeline - INFO - Verified access to Expected_arrivals.xml
2025-10-27 19:48:53,888 - vessel_data_pipeline - INFO - Verified access to Expected_departures.xml
2025-10-27 19:48:53,888 - vessel_data_pipeline - INFO - Discovered 4 XML files for download
2025-10-27 19:48:53,888 - vessel_data_pipeline - INFO - Downloading Arrived_in_last_36_hours.xml (attempt 1/3)
2025-10-27 19:48:54,063 - vessel_data_pipeline - INFO - File temp_Arrived_in_last_36_hours.xml passed validation checks
2025-10-27 19:48:54,063 - vessel_data_pipeline - INFO - Created backup: Arrived_in_last_36_hours_20251027_194854.xml
2025-10-27 19:48:54,064 - vessel_data_pipeline - INFO - Updated metadata for Arrived_in_last_36_hours.xml
2025-10-27 19:48:54,064 - vessel_data_pipeline - INFO - Successfully downloaded and validated Arrived_in_last_36_hours.xml
2025-10-27 19:48:56,069 - vessel_data_pipeline - INFO - Downloading Departed_in_last_36_hours.xml (attempt 1/3)
2025-10-27 19:48:56,231 - vessel_data_pipeline - INFO - File temp_Departed_in_last_36_hours.xml passed validation checks
2025-10-27 19:48:56,232 - vessel_data_pipeline - INFO - Created backup: Departed_in_last_36_hours_20251027_194856.xml
2025-10-27 19:48:56,232 - vessel_data_pipeline - INFO - Updated metadata for Departed_in_last_36_hours.xml
2025-10-27 19:48:56,232 - vessel_data_pipeline - INFO - Successfully downloaded and validated Departed_in_last_36_hours.xml
2025-10-27 19:48:58,234 - vessel_data_pipeline - INFO - Downloading Expected_arrivals.xml (attempt 1/3)
2025-10-27 19:48:58,392 - vessel_data_pipeline - INFO - File temp_Expected_arrivals.xml passed validation checks
2025-10-27 19:48:58,392 - vessel_data_pipeline - INFO - Created backup: Expected_arrivals_20251027_194858.xml
2025-10-27 19:48:58,392 - vessel_data_pipeline - INFO - Updated metadata for Expected_arrivals.xml
2025-10-27 19:48:58,392 - vessel_data_pipeline - INFO - Successfully downloaded and validated Expected_arrivals.xml
2025-10-27 19:49:00,394 - vessel_data_pipeline - INFO - Downloading Expected_departures.xml (attempt 1/3)
2025-10-27 19:49:00,552 - vessel_data_pipeline - INFO - File temp_Expected_departures.xml passed validation checks
2025-10-27 19:49:00,553 - vessel_data_pipeline - INFO - Created backup: Expected_departures_20251027_194900.xml
2025-10-27 19:49:00,553 - vessel_data_pipeline - INFO - Updated metadata for Expected_departures.xml
2025-10-27 19:49:00,553 - vessel_data_pipeline - INFO - Successfully downloaded and validated Expected_departures.xml
2025-10-27 19:49:02,558 - vessel_data_pipeline - INFO - Fetch operation completed. Results: {'Arrived_in_last_36_hours.xml': True, 'Departed_in_last_36_hours.xml': True, 'Expected_arrivals.xml': True, 'Expected_departures.xml': True}
2025-10-27 19:49:02,567 - vessel_data_pipeline - INFO - VesselDataFetcher initialized. Pipeline enabled: True
2025-10-27 19:49:02,568 - vessel_data_pipeline - INFO - Starting vessel data fetch operation
2025-10-27 19:49:02,568 - vessel_data_pipeline - INFO - Discovering XML files from Hong Kong Marine Department portal
2025-10-27 19:49:02,771 - vessel_data_pipeline - INFO - Verified access to Arrived_in_last_36_hours.xml
2025-10-27 19:49:02,977 - vessel_data_pipeline - INFO - Verified access to Departed_in_last_36_hours.xml
2025-10-27 19:49:03,116 - vessel_data_pipeline - INFO - Verified access to Expected_arrivals.xml
2025-10-27 19:49:03,268 - vessel_data_pipeline - INFO - Verified access to Expected_departures.xml
2025-10-27 19:49:03,268 - vessel_data_pipeline - INFO - Discovered 4 XML files for download
2025-10-27 19:49:03,268 - vessel_data_pipeline - INFO - Downloading Arrived_in_last_36_hours.xml (attempt 1/3)
2025-10-27 19:49:03,420 - vessel_data_pipeline - INFO - File temp_Arrived_in_last_36_hours.xml passed validation checks
2025-10-27 19:49:03,421 - vessel_data_pipeline - INFO - Created backup: Arrived_in_last_36_hours_20251027_194903.xml
2025-10-27 19:49:03,421 - vessel_data_pipeline - INFO - Updated metadata for Arrived_in_last_36_hours.xml
2025-10-27 19:49:03,421 - vessel_data_pipeline - INFO - Successfully downloaded and validated Arrived_in_last_36_hours.xml
2025-10-27 19:49:05,426 - vessel_data_pipeline - INFO - Downloading Departed_in_last_36_hours.xml (attempt 1/3)
2025-10-27 19:49:05,593 - vessel_data_pipeline - INFO - File temp_Departed_in_last_36_hours.xml passed validation checks
2025-10-27 19:49:05,594 - vessel_data_pipeline - INFO - Created backup: Departed_in_last_36_hours_20251027_194905.xml
2025-10-27 19:49:05,594 - vessel_data_pipeline - INFO - Updated metadata for Departed_in_last_36_hours.xml
2025-10-27 19:49:05,594 - vessel_data_pipeline - INFO - Successfully downloaded and validated Departed_in_last_36_hours.xml
2025-10-27 19:49:07,599 - vessel_data_pipeline - INFO - Downloading Expected_arrivals.xml (attempt 1/3)
2025-10-27 19:49:07,738 - vessel_data_pipeline - INFO - File temp_Expected_arrivals.xml passed validation checks
2025-10-27 19:49:07,739 - vessel_data_pipeline - INFO - Created backup: Expected_arrivals_20251027_194907.xml
2025-10-27 19:49:07,739 - vessel_data_pipeline - INFO - Updated metadata for Expected_arrivals.xml
2025-10-27 19:49:07,739 - vessel_data_pipeline - INFO - Successfully downloaded and validated Expected_arrivals.xml
2025-10-27 19:49:09,744 - vessel_data_pipeline - INFO - Downloading Expected_departures.xml (attempt 1/3)
2025-10-27 19:49:09,912 - vessel_data_pipeline - INFO - File temp_Expected_departures.xml passed validation checks
2025-10-27 19:49:09,912 - vessel_data_pipeline - INFO - Created backup: Expected_departures_20251027_194909.xml
2025-10-27 19:49:09,912 - vessel_data_pipeline - INFO - Updated metadata for Expected_departures.xml
2025-10-27 19:49:09,912 - vessel_data_pipeline - INFO - Successfully downloaded and validated Expected_departures.xml
2025-10-27 19:49:11,914 - vessel_data_pipeline - INFO - Fetch operation completed. Results: {'Arrived_in_last_36_hours.xml': True, 'Departed_in_last_36_hours.xml': True, 'Expected_arrivals.xml': True, 'Expected_departures.xml': True}
2025-10-27 19:49:56,748 - vessel_data_pipeline - INFO - VesselDataFetcher initialized. Pipeline enabled: True
2025-10-27 19:49:56,749 - vessel_data_pipeline - INFO - Starting vessel data fetch operation
2025-10-27 19:49:56,749 - vessel_data_pipeline - INFO - Discovering XML files from Hong Kong Marine Department portal
2025-10-27 19:49:56,953 - vessel_data_pipeline - INFO - Verified access to Arrived_in_last_36_hours.xml
2025-10-27 19:49:57,091 - vessel_data_pipeline - INFO - Verified access to Departed_in_last_36_hours.xml
2025-10-27 19:49:57,242 - vessel_data_pipeline - INFO - Verified access to Expected_arrivals.xml
2025-10-27 19:49:57,408 - vessel_data_pipeline - INFO - Verified access to Expected_departures.xml
2025-10-27 19:49:57,408 - vessel_data_pipeline - INFO - Discovered 4 XML files for download
2025-10-27 19:49:57,408 - vessel_data_pipeline - INFO - Downloading Arrived_in_last_36_hours.xml (attempt 1/3)
2025-10-27 19:49:57,553 - vessel_data_pipeline - INFO - File temp_Arrived_in_last_36_hours.xml passed validation checks
2025-10-27 19:49:57,554 - vessel_data_pipeline - INFO - Created backup: Arrived_in_last_36_hours_20251027_194957.xml
2025-10-27 19:49:57,554 - vessel_data_pipeline - INFO - Updated metadata for Arrived_in_last_36_hours.xml
2025-10-27 19:49:57,554 - vessel_data_pipeline - INFO - Successfully downloaded and validated Arrived_in_last_36_hours.xml
2025-10-27 19:49:59,559 - vessel_data_pipeline - INFO - Downloading Departed_in_last_36_hours.xml (attempt 1/3)
2025-10-27 19:49:59,721 - vessel_data_pipeline - INFO - File temp_Departed_in_last_36_hours.xml passed validation checks
2025-10-27 19:49:59,722 - vessel_data_pipeline - INFO - Created backup: Departed_in_last_36_hours_20251027_194959.xml
2025-10-27 19:49:59,722 - vessel_data_pipeline - INFO - Updated metadata for Departed_in_last_36_hours.xml
2025-10-27 19:49:59,722 - vessel_data_pipeline - INFO - Successfully downloaded and validated Departed_in_last_36_hours.xml
2025-10-27 19:50:01,727 - vessel_data_pipeline - INFO - Downloading Expected_arrivals.xml (attempt 1/3)
2025-10-27 19:50:01,896 - vessel_data_pipeline - INFO - File temp_Expected_arrivals.xml passed validation checks
2025-10-27 19:50:01,896 - vessel_data_pipeline - INFO - Created backup: Expected_arrivals_20251027_195001.xml
2025-10-27 19:50:01,896 - vessel_data_pipeline - INFO - Updated metadata for Expected_arrivals.xml
2025-10-27 19:50:01,896 - vessel_data_pipeline - INFO - Successfully downloaded and validated Expected_arrivals.xml
2025-10-27 19:50:03,899 - vessel_data_pipeline - INFO - Downloading Expected_departures.xml (attempt 1/3)
2025-10-27 19:50:04,156 - vessel_data_pipeline - INFO - File temp_Expected_departures.xml passed validation checks
2025-10-27 19:50:04,157 - vessel_data_pipeline - INFO - Created backup: Expected_departures_20251027_195004.xml
2025-10-27 19:50:04,157 - vessel_data_pipeline - INFO - Updated metadata for Expected_departures.xml
2025-10-27 19:50:04,157 - vessel_data_pipeline - INFO - Successfully downloaded and validated Expected_departures.xml
2025-10-27 19:50:06,160 - vessel_data_pipeline - INFO - Fetch operation completed. Results: {'Arrived_in_last_36_hours.xml': True, 'Departed_in_last_36_hours.xml': True, 'Expected_arrivals.xml': True, 'Expected_departures.xml': True}
2025-10-27 19:50:06,166 - vessel_data_pipeline - INFO - VesselDataFetcher initialized. Pipeline enabled: True
2025-10-27 19:50:06,166 - vessel_data_pipeline - INFO - Starting vessel data fetch operation
2025-10-27 19:50:06,166 - vessel_data_pipeline - INFO - Discovering XML files from Hong Kong Marine Department portal
2025-10-27 19:50:06,407 - vessel_data_pipeline - INFO - Verified access to Arrived_in_last_36_hours.xml
2025-10-27 19:50:06,637 - vessel_data_pipeline - INFO - Verified access to Departed_in_last_36_hours.xml
2025-10-27 19:50:06,838 - vessel_data_pipeline - INFO - Verified access to Expected_arrivals.xml
2025-10-27 19:50:06,978 - vessel_data_pipeline - INFO - Verified access to Expected_departures.xml
2025-10-27 19:50:06,978 - vessel_data_pipeline - INFO - Discovered 4 XML files for download
2025-10-27 19:50:06,978 - vessel_data_pipeline - INFO - Downloading Arrived_in_last_36_hours.xml (attempt 1/3)
2025-10-27 19:50:07,137 - vessel_data_pipeline - INFO - File temp_Arrived_in_last_36_hours.xml passed validation checks
2025-10-27 19:50:07,138 - vessel_data_pipeline - INFO - Created backup: Arrived_in_last_36_hours_20251027_195007.xml
2025-10-27 19:50:07,139 - vessel_data_pipeline - INFO - Updated metadata for Arrived_in_last_36_hours.xml
2025-10-27 19:50:07,139 - vessel_data_pipeline - INFO - Successfully downloaded and validated Arrived_in_last_36_hours.xml
2025-10-27 19:50:09,144 - vessel_data_pipeline - INFO - Downloading Departed_in_last_36_hours.xml (attempt 1/3)
2025-10-27 19:50:09,321 - vessel_data_pipeline - INFO - File temp_Departed_in_last_36_hours.xml passed validation checks
2025-10-27 19:50:09,322 - vessel_data_pipeline - INFO - Created backup: Departed_in_last_36_hours_20251027_195009.xml
2025-10-27 19:50:09,322 - vessel_data_pipeline - INFO - Updated metadata for Departed_in_last_36_hours.xml
2025-10-27 19:50:09,322 - vessel_data_pipeline - INFO - Successfully downloaded and validated Departed_in_last_36_hours.xml
2025-10-27 19:50:11,327 - vessel_data_pipeline - INFO - Downloading Expected_arrivals.xml (attempt 1/3)
2025-10-27 19:50:11,508 - vessel_data_pipeline - INFO - File temp_Expected_arrivals.xml passed validation checks
2025-10-27 19:50:11,509 - vessel_data_pipeline - INFO - Created backup: Expected_arrivals_20251027_195011.xml
2025-10-27 19:50:11,509 - vessel_data_pipeline - INFO - Updated metadata for Expected_arrivals.xml
2025-10-27 19:50:11,509 - vessel_data_pipeline - INFO - Successfully downloaded and validated Expected_arrivals.xml
2025-10-27 19:50:13,513 - vessel_data_pipeline - INFO - Downloading Expected_departures.xml (attempt 1/3)
2025-10-27 19:50:13,663 - vessel_data_pipeline - INFO - File temp_Expected_departures.xml passed validation checks
2025-10-27 19:50:13,664 - vessel_data_pipeline - INFO - Created backup: Expected_departures_20251027_195013.xml
2025-10-27 19:50:13,665 - vessel_data_pipeline - INFO - Updated metadata for Expected_departures.xml
2025-10-27 19:50:13,665 - vessel_data_pipeline - INFO - Successfully downloaded and validated Expected_departures.xml
2025-10-27 19:50:15,670 - vessel_data_pipeline - INFO - Fetch operation completed. Results: {'Arrived_in_last_36_hours.xml': True, 'Departed_in_last_36_hours.xml': True, 'Expected_arrivals.xml': True, 'Expected_departures.xml': True}
2025-10-27 19:50:15,675 - vessel_data_pipeline - INFO - VesselDataFetcher initialized. Pipeline enabled: True
2025-10-27 19:50:15,675 - vessel_data_pipeline - INFO - Starting vessel data fetch operation
2025-10-27 19:50:15,675 - vessel_data_pipeline - INFO - Discovering XML files from Hong Kong Marine Department portal
2025-10-27 19:50:15,846 - vessel_data_pipeline - INFO - Verified access to Arrived_in_last_36_hours.xml
2025-10-27 19:50:16,020 - vessel_data_pipeline - INFO - Verified access to Departed_in_last_36_hours.xml
2025-10-27 19:50:16,274 - vessel_data_pipeline - INFO - Verified access to Expected_arrivals.xml
2025-10-27 19:50:16,438 - vessel_data_pipeline - INFO - Verified access to Expected_departures.xml
2025-10-27 19:50:16,438 - vessel_data_pipeline - INFO - Discovered 4 XML files for download
2025-10-27 19:50:16,438 - vessel_data_pipeline - INFO - Downloading Arrived_in_last_36_hours.xml (attempt 1/3)
2025-10-27 19:50:16,677 - vessel_data_pipeline - INFO - File temp_Arrived_in_last_36_hours.xml passed validation checks
2025-10-27 19:50:16,678 - vessel_data_pipeline - INFO - Created backup: Arrived_in_last_36_hours_20251027_195016.xml
2025-10-27 19:50:16,678 - vessel_data_pipeline - INFO - Updated metadata for Arrived_in_last_36_hours.xml
2025-10-27 19:50:16,678 - vessel_data_pipeline - INFO - Successfully downloaded and validated Arrived_in_last_36_hours.xml
2025-10-27 19:50:18,680 - vessel_data_pipeline - INFO - Downloading Departed_in_last_36_hours.xml (attempt 1/3)
2025-10-27 19:50:18,837 - vessel_data_pipeline - INFO - File temp_Departed_in_last_36_hours.xml passed validation checks
2025-10-27 19:50:18,838 - vessel_data_pipeline - INFO - Created backup: Departed_in_last_36_hours_20251027_195018.xml
2025-10-27 19:50:18,838 - vessel_data_pipeline - INFO - Updated metadata for Departed_in_last_36_hours.xml
2025-10-27 19:50:18,838 - vessel_data_pipeline - INFO - Successfully downloaded and validated Departed_in_last_36_hours.xml
2025-10-27 19:50:20,843 - vessel_data_pipeline - INFO - Downloading Expected_arrivals.xml (attempt 1/3)
2025-10-27 19:50:20,994 - vessel_data_pipeline - INFO - File temp_Expected_arrivals.xml passed validation checks
2025-10-27 19:50:20,994 - vessel_data_pipeline - INFO - Created backup: Expected_arrivals_20251027_195020.xml
2025-10-27 19:50:20,995 - vessel_data_pipeline - INFO - Updated metadata for Expected_arrivals.xml
2025-10-27 19:50:20,995 - vessel_data_pipeline - INFO - Successfully downloaded and validated Expected_arrivals.xml
2025-10-27 19:50:22,998 - vessel_data_pipeline - INFO - Downloading Expected_departures.xml (attempt 1/3)
2025-10-27 19:50:23,173 - vessel_data_pipeline - INFO - File temp_Expected_departures.xml passed validation checks
2025-10-27 19:50:23,173 - vessel_data_pipeline - INFO - Created backup: Expected_departures_20251027_195023.xml
2025-10-27 19:50:23,174 - vessel_data_pipeline - INFO - Updated metadata for Expected_departures.xml
2025-10-27 19:50:23,174 - vessel_data_pipeline - INFO - Successfully downloaded and validated Expected_departures.xml
2025-10-27 19:50:25,179 - vessel_data_pipeline - INFO - Fetch operation completed. Results: {'Arrived_in_last_36_hours.xml': True, 'Departed_in_last_36_hours.xml': True, 'Expected_arrivals.xml': True, 'Expected_departures.xml': True}
2025-10-27 19:50:25,186 - vessel_data_pipeline - INFO - VesselDataFetcher initialized. Pipeline enabled: True
2025-10-27 19:50:25,186 - vessel_data_pipeline - INFO - Starting vessel data fetch operation
2025-10-27 19:50:25,186 - vessel_data_pipeline - INFO - Discovering XML files from Hong Kong Marine Department portal
2025-10-27 19:50:25,350 - vessel_data_pipeline - INFO - Verified access to Arrived_in_last_36_hours.xml
2025-10-27 19:50:25,619 - vessel_data_pipeline - INFO - Verified access to Departed_in_last_36_hours.xml
2025-10-27 19:50:25,839 - vessel_data_pipeline - INFO - Verified access to Expected_arrivals.xml
2025-10-27 19:50:26,003 - vessel_data_pipeline - INFO - Verified access to Expected_departures.xml
2025-10-27 19:50:26,003 - vessel_data_pipeline - INFO - Discovered 4 XML files for download
2025-10-27 19:50:26,003 - vessel_data_pipeline - INFO - Downloading Arrived_in_last_36_hours.xml (attempt 1/3)
2025-10-27 19:50:26,151 - vessel_data_pipeline - INFO - File temp_Arrived_in_last_36_hours.xml passed validation checks
2025-10-27 19:50:26,152 - vessel_data_pipeline - INFO - Created backup: Arrived_in_last_36_hours_20251027_195026.xml
2025-10-27 19:50:26,152 - vessel_data_pipeline - INFO - Updated metadata for Arrived_in_last_36_hours.xml
2025-10-27 19:50:26,152 - vessel_data_pipeline - INFO - Successfully downloaded and validated Arrived_in_last_36_hours.xml
2025-10-27 19:50:28,157 - vessel_data_pipeline - INFO - Downloading Departed_in_last_36_hours.xml (attempt 1/3)
2025-10-27 19:50:28,323 - vessel_data_pipeline - INFO - File temp_Departed_in_last_36_hours.xml passed validation checks
2025-10-27 19:50:28,324 - vessel_data_pipeline - INFO - Created backup: Departed_in_last_36_hours_20251027_195028.xml
2025-10-27 19:50:28,324 - vessel_data_pipeline - INFO - Updated metadata for Departed_in_last_36_hours.xml
2025-10-27 19:50:28,324 - vessel_data_pipeline - INFO - Successfully downloaded and validated Departed_in_last_36_hours.xml
2025-10-27 19:50:30,329 - vessel_data_pipeline - INFO - Downloading Expected_arrivals.xml (attempt 1/3)
2025-10-27 19:50:30,483 - vessel_data_pipeline - INFO - File temp_Expected_arrivals.xml passed validation checks
2025-10-27 19:50:30,483 - vessel_data_pipeline - INFO - Created backup: Expected_arrivals_20251027_195030.xml
2025-10-27 19:50:30,483 - vessel_data_pipeline - INFO - Updated metadata for Expected_arrivals.xml
2025-10-27 19:50:30,483 - vessel_data_pipeline - INFO - Successfully downloaded and validated Expected_arrivals.xml
2025-10-27 19:50:32,488 - vessel_data_pipeline - INFO - Downloading Expected_departures.xml (attempt 1/3)
2025-10-27 19:50:32,640 - vessel_data_pipeline - INFO - File temp_Expected_departures.xml passed validation checks
2025-10-27 19:50:32,640 - vessel_data_pipeline - INFO - Created backup: Expected_departures_20251027_195032.xml
2025-10-27 19:50:32,641 - vessel_data_pipeline - INFO - Updated metadata for Expected_departures.xml
2025-10-27 19:50:32,641 - vessel_data_pipeline - INFO - Successfully downloaded and validated Expected_departures.xml
2025-10-27 19:50:34,646 - vessel_data_pipeline - INFO - Fetch operation completed. Results: {'Arrived_in_last_36_hours.xml': True, 'Departed_in_last_36_hours.xml': True, 'Expected_arrivals.xml': True, 'Expected_departures.xml': True}
2025-10-27 19:54:26,806 - vessel_data_pipeline - INFO - VesselDataFetcher initialized. Pipeline enabled: True
2025-10-27 19:54:26,807 - vessel_data_pipeline - INFO - Starting vessel data fetch operation
2025-10-27 19:54:26,807 - vessel_data_pipeline - INFO - Discovering XML files from Hong Kong Marine Department portal
2025-10-27 19:54:27,092 - vessel_data_pipeline - INFO - Verified access to Arrived_in_last_36_hours.xml
2025-10-27 19:54:27,348 - vessel_data_pipeline - INFO - Verified access to Departed_in_last_36_hours.xml
2025-10-27 19:54:27,570 - vessel_data_pipeline - INFO - Verified access to Expected_arrivals.xml
2025-10-27 19:54:27,776 - vessel_data_pipeline - INFO - Verified access to Expected_departures.xml
2025-10-27 19:54:27,776 - vessel_data_pipeline - INFO - Discovered 4 XML files for download
2025-10-27 19:54:27,776 - vessel_data_pipeline - INFO - Downloading Arrived_in_last_36_hours.xml (attempt 1/3)
2025-10-27 19:54:27,854 - vessel_data_pipeline - INFO - File temp_Arrived_in_last_36_hours.xml passed validation checks
2025-10-27 19:54:27,856 - vessel_data_pipeline - INFO - Created backup: Arrived_in_last_36_hours_20251027_195427.xml
2025-10-27 19:54:27,857 - vessel_data_pipeline - INFO - Updated metadata for Arrived_in_last_36_hours.xml
2025-10-27 19:54:27,857 - vessel_data_pipeline - INFO - Successfully downloaded and validated Arrived_in_last_36_hours.xml
2025-10-27 19:54:29,861 - vessel_data_pipeline - INFO - Downloading Departed_in_last_36_hours.xml (attempt 1/3)
2025-10-27 19:54:29,940 - vessel_data_pipeline - INFO - File temp_Departed_in_last_36_hours.xml passed validation checks
2025-10-27 19:54:29,941 - vessel_data_pipeline - INFO - Created backup: Departed_in_last_36_hours_20251027_195429.xml
2025-10-27 19:54:29,941 - vessel_data_pipeline - INFO - Updated metadata for Departed_in_last_36_hours.xml
2025-10-27 19:54:29,941 - vessel_data_pipeline - INFO - Successfully downloaded and validated Departed_in_last_36_hours.xml
2025-10-27 19:54:31,946 - vessel_data_pipeline - INFO - Downloading Expected_arrivals.xml (attempt 1/3)
2025-10-27 19:54:31,999 - vessel_data_pipeline - INFO - File temp_Expected_arrivals.xml passed validation checks
2025-10-27 19:54:32,000 - vessel_data_pipeline - INFO - Created backup: Expected_arrivals_20251027_195431.xml
2025-10-27 19:54:32,000 - vessel_data_pipeline - INFO - Updated metadata for Expected_arrivals.xml
2025-10-27 19:54:32,000 - vessel_data_pipeline - INFO - Successfully downloaded and validated Expected_arrivals.xml
2025-10-27 19:54:34,001 - vessel_data_pipeline - INFO - Downloading Expected_departures.xml (attempt 1/3)
2025-10-27 19:54:34,048 - vessel_data_pipeline - INFO - File temp_Expected_departures.xml passed validation checks
2025-10-27 19:54:34,049 - vessel_data_pipeline - INFO - Created backup: Expected_departures_20251027_195434.xml
2025-10-27 19:54:34,049 - vessel_data_pipeline - INFO - Updated metadata for Expected_departures.xml
2025-10-27 19:54:34,049 - vessel_data_pipeline - INFO - Successfully downloaded and validated Expected_departures.xml
2025-10-27 19:54:36,052 - vessel_data_pipeline - INFO - Fetch operation completed. Results: {'Arrived_in_last_36_hours.xml': True, 'Departed_in_last_36_hours.xml': True, 'Expected_arrivals.xml': True, 'Expected_departures.xml': True}
2025-10-27 19:54:36,062 - vessel_data_pipeline - INFO - VesselDataFetcher initialized. Pipeline enabled: True
2025-10-27 19:54:36,063 - vessel_data_pipeline - INFO - Starting vessel data fetch operation
2025-10-27 19:54:36,063 - vessel_data_pipeline - INFO - Discovering XML files from Hong Kong Marine Department portal
2025-10-27 19:54:36,152 - vessel_data_pipeline - INFO - Verified access to Arrived_in_last_36_hours.xml
2025-10-27 19:54:36,207 - vessel_data_pipeline - INFO - Verified access to Departed_in_last_36_hours.xml
2025-10-27 19:54:36,237 - vessel_data_pipeline - INFO - Verified access to Expected_arrivals.xml
2025-10-27 19:54:36,294 - vessel_data_pipeline - INFO - Verified access to Expected_departures.xml
2025-10-27 19:54:36,294 - vessel_data_pipeline - INFO - Discovered 4 XML files for download
2025-10-27 19:54:36,294 - vessel_data_pipeline - INFO - Downloading Arrived_in_last_36_hours.xml (attempt 1/3)
2025-10-27 19:54:36,604 - vessel_data_pipeline - INFO - File temp_Arrived_in_last_36_hours.xml passed validation checks
2025-10-27 19:54:36,604 - vessel_data_pipeline - INFO - Created backup: Arrived_in_last_36_hours_20251027_195436.xml
2025-10-27 19:54:36,604 - vessel_data_pipeline - INFO - Updated metadata for Arrived_in_last_36_hours.xml
2025-10-27 19:54:36,604 - vessel_data_pipeline - INFO - Successfully downloaded and validated Arrived_in_last_36_hours.xml
2025-10-27 19:54:38,609 - vessel_data_pipeline - INFO - Downloading Departed_in_last_36_hours.xml (attempt 1/3)
2025-10-27 19:54:38,710 - vessel_data_pipeline - INFO - File temp_Departed_in_last_36_hours.xml passed validation checks
2025-10-27 19:54:38,711 - vessel_data_pipeline - INFO - Created backup: Departed_in_last_36_hours_20251027_195438.xml
2025-10-27 19:54:38,711 - vessel_data_pipeline - INFO - Updated metadata for Departed_in_last_36_hours.xml
2025-10-27 19:54:38,711 - vessel_data_pipeline - INFO - Successfully downloaded and validated Departed_in_last_36_hours.xml
2025-10-27 19:54:40,716 - vessel_data_pipeline - INFO - Downloading Expected_arrivals.xml (attempt 1/3)
2025-10-27 19:54:40,763 - vessel_data_pipeline - INFO - File temp_Expected_arrivals.xml passed validation checks
2025-10-27 19:54:40,764 - vessel_data_pipeline - INFO - Created backup: Expected_arrivals_20251027_195440.xml
2025-10-27 19:54:40,764 - vessel_data_pipeline - INFO - Updated metadata for Expected_arrivals.xml
2025-10-27 19:54:40,764 - vessel_data_pipeline - INFO - Successfully downloaded and validated Expected_arrivals.xml
2025-10-27 19:54:42,769 - vessel_data_pipeline - INFO - Downloading Expected_departures.xml (attempt 1/3)
2025-10-27 19:54:42,838 - vessel_data_pipeline - INFO - File temp_Expected_departures.xml passed validation checks
2025-10-27 19:54:42,839 - vessel_data_pipeline - INFO - Created backup: Expected_departures_20251027_195442.xml
2025-10-27 19:54:42,839 - vessel_data_pipeline - INFO - Updated metadata for Expected_departures.xml
2025-10-27 19:54:42,839 - vessel_data_pipeline - INFO - Successfully downloaded and validated Expected_departures.xml
2025-10-27 19:54:44,842 - vessel_data_pipeline - INFO - Fetch operation completed. Results: {'Arrived_in_last_36_hours.xml': True, 'Departed_in_last_36_hours.xml': True, 'Expected_arrivals.xml': True, 'Expected_departures.xml': True}
2025-10-27 19:54:44,847 - vessel_data_pipeline - INFO - VesselDataFetcher initialized. Pipeline enabled: True
2025-10-27 19:54:44,848 - vessel_data_pipeline - INFO - Starting vessel data fetch operation
2025-10-27 19:54:44,848 - vessel_data_pipeline - INFO - Discovering XML files from Hong Kong Marine Department portal
2025-10-27 19:54:44,923 - vessel_data_pipeline - INFO - Verified access to Arrived_in_last_36_hours.xml
2025-10-27 19:54:44,958 - vessel_data_pipeline - INFO - Verified access to Departed_in_last_36_hours.xml
2025-10-27 19:54:45,018 - vessel_data_pipeline - INFO - Verified access to Expected_arrivals.xml
2025-10-27 19:54:45,054 - vessel_data_pipeline - INFO - Verified access to Expected_departures.xml
2025-10-27 19:54:45,054 - vessel_data_pipeline - INFO - Discovered 4 XML files for download
2025-10-27 19:54:45,054 - vessel_data_pipeline - INFO - Downloading Arrived_in_last_36_hours.xml (attempt 1/3)
2025-10-27 19:54:45,109 - vessel_data_pipeline - INFO - File temp_Arrived_in_last_36_hours.xml passed validation checks
2025-10-27 19:54:45,109 - vessel_data_pipeline - INFO - Created backup: Arrived_in_last_36_hours_20251027_195445.xml
2025-10-27 19:54:45,110 - vessel_data_pipeline - INFO - Updated metadata for Arrived_in_last_36_hours.xml
2025-10-27 19:54:45,110 - vessel_data_pipeline - INFO - Successfully downloaded and validated Arrived_in_last_36_hours.xml
2025-10-27 19:54:47,115 - vessel_data_pipeline - INFO - Downloading Departed_in_last_36_hours.xml (attempt 1/3)
2025-10-27 19:54:47,210 - vessel_data_pipeline - INFO - File temp_Departed_in_last_36_hours.xml passed validation checks
2025-10-27 19:54:47,210 - vessel_data_pipeline - INFO - Created backup: Departed_in_last_36_hours_20251027_195447.xml
2025-10-27 19:54:47,211 - vessel_data_pipeline - INFO - Updated metadata for Departed_in_last_36_hours.xml
2025-10-27 19:54:47,211 - vessel_data_pipeline - INFO - Successfully downloaded and validated Departed_in_last_36_hours.xml
2025-10-27 19:54:49,216 - vessel_data_pipeline - INFO - Downloading Expected_arrivals.xml (attempt 1/3)
2025-10-27 19:54:49,264 - vessel_data_pipeline - INFO - File temp_Expected_arrivals.xml passed validation checks
2025-10-27 19:54:49,264 - vessel_data_pipeline - INFO - Created backup: Expected_arrivals_20251027_195449.xml
2025-10-27 19:54:49,265 - vessel_data_pipeline - INFO - Updated metadata for Expected_arrivals.xml
2025-10-27 19:54:49,265 - vessel_data_pipeline - INFO - Successfully downloaded and validated Expected_arrivals.xml
2025-10-27 19:54:51,267 - vessel_data_pipeline - INFO - Downloading Expected_departures.xml (attempt 1/3)
2025-10-27 19:54:51,335 - vessel_data_pipeline - INFO - File temp_Expected_departures.xml passed validation checks
2025-10-27 19:54:51,335 - vessel_data_pipeline - INFO - Created backup: Expected_departures_20251027_195451.xml
2025-10-27 19:54:51,336 - vessel_data_pipeline - INFO - Updated metadata for Expected_departures.xml
2025-10-27 19:54:51,336 - vessel_data_pipeline - INFO - Successfully downloaded and validated Expected_departures.xml
2025-10-27 19:54:53,341 - vessel_data_pipeline - INFO - Fetch operation completed. Results: {'Arrived_in_last_36_hours.xml': True, 'Departed_in_last_36_hours.xml': True, 'Expected_arrivals.xml': True, 'Expected_departures.xml': True}
2025-10-27 19:54:53,345 - vessel_data_pipeline - INFO - VesselDataFetcher initialized. Pipeline enabled: True
2025-10-27 19:54:53,345 - vessel_data_pipeline - INFO - Starting vessel data fetch operation
2025-10-27 19:54:53,345 - vessel_data_pipeline - INFO - Discovering XML files from Hong Kong Marine Department portal
2025-10-27 19:54:53,408 - vessel_data_pipeline - INFO - Verified access to Arrived_in_last_36_hours.xml
2025-10-27 19:54:53,462 - vessel_data_pipeline - INFO - Verified access to Departed_in_last_36_hours.xml
2025-10-27 19:54:53,543 - vessel_data_pipeline - INFO - Verified access to Expected_arrivals.xml
2025-10-27 19:54:53,572 - vessel_data_pipeline - INFO - Verified access to Expected_departures.xml
2025-10-27 19:54:53,573 - vessel_data_pipeline - INFO - Discovered 4 XML files for download
2025-10-27 19:54:53,573 - vessel_data_pipeline - INFO - Downloading Arrived_in_last_36_hours.xml (attempt 1/3)
2025-10-27 19:54:53,636 - vessel_data_pipeline - INFO - File temp_Arrived_in_last_36_hours.xml passed validation checks
2025-10-27 19:54:53,637 - vessel_data_pipeline - INFO - Created backup: Arrived_in_last_36_hours_20251027_195453.xml
2025-10-27 19:54:53,637 - vessel_data_pipeline - INFO - Updated metadata for Arrived_in_last_36_hours.xml
2025-10-27 19:54:53,637 - vessel_data_pipeline - INFO - Successfully downloaded and validated Arrived_in_last_36_hours.xml
2025-10-27 19:54:55,643 - vessel_data_pipeline - INFO - Downloading Departed_in_last_36_hours.xml (attempt 1/3)
2025-10-27 19:54:55,710 - vessel_data_pipeline - INFO - File temp_Departed_in_last_36_hours.xml passed validation checks
2025-10-27 19:54:55,710 - vessel_data_pipeline - INFO - Created backup: Departed_in_last_36_hours_20251027_195455.xml
2025-10-27 19:54:55,711 - vessel_data_pipeline - INFO - Updated metadata for Departed_in_last_36_hours.xml
2025-10-27 19:54:55,711 - vessel_data_pipeline - INFO - Successfully downloaded and validated Departed_in_last_36_hours.xml
2025-10-27 19:54:57,713 - vessel_data_pipeline - INFO - Downloading Expected_arrivals.xml (attempt 1/3)
2025-10-27 19:54:57,783 - vessel_data_pipeline - INFO - File temp_Expected_arrivals.xml passed validation checks
2025-10-27 19:54:57,783 - vessel_data_pipeline - INFO - Created backup: Expected_arrivals_20251027_195457.xml
2025-10-27 19:54:57,784 - vessel_data_pipeline - INFO - Updated metadata for Expected_arrivals.xml
2025-10-27 19:54:57,784 - vessel_data_pipeline - INFO - Successfully downloaded and validated Expected_arrivals.xml
2025-10-27 19:54:59,785 - vessel_data_pipeline - INFO - Downloading Expected_departures.xml (attempt 1/3)
2025-10-27 19:54:59,874 - vessel_data_pipeline - INFO - File temp_Expected_departures.xml passed validation checks
2025-10-27 19:54:59,874 - vessel_data_pipeline - INFO - Created backup: Expected_departures_20251027_195459.xml
2025-10-27 19:54:59,874 - vessel_data_pipeline - INFO - Updated metadata for Expected_departures.xml
2025-10-27 19:54:59,874 - vessel_data_pipeline - INFO - Successfully downloaded and validated Expected_departures.xml
2025-10-27 19:55:01,878 - vessel_data_pipeline - INFO - Fetch operation completed. Results: {'Arrived_in_last_36_hours.xml': True, 'Departed_in_last_36_hours.xml': True, 'Expected_arrivals.xml': True, 'Expected_departures.xml': True}
2025-10-27 19:55:45,154 - vessel_data_pipeline - INFO - VesselDataFetcher initialized. Pipeline enabled: True
2025-10-27 19:55:45,156 - vessel_data_pipeline - INFO - Starting vessel data fetch operation
2025-10-27 19:55:45,156 - vessel_data_pipeline - INFO - Discovering XML files from Hong Kong Marine Department portal
2025-10-27 19:55:45,246 - vessel_data_pipeline - INFO - Verified access to Arrived_in_last_36_hours.xml
2025-10-27 19:55:45,378 - vessel_data_pipeline - INFO - Verified access to Departed_in_last_36_hours.xml
2025-10-27 19:55:45,432 - vessel_data_pipeline - INFO - Verified access to Expected_arrivals.xml
2025-10-27 19:55:45,493 - vessel_data_pipeline - INFO - Verified access to Expected_departures.xml
2025-10-27 19:55:45,494 - vessel_data_pipeline - INFO - Discovered 4 XML files for download
2025-10-27 19:55:45,494 - vessel_data_pipeline - INFO - Downloading Arrived_in_last_36_hours.xml (attempt 1/3)
2025-10-27 19:55:45,572 - vessel_data_pipeline - INFO - File temp_Arrived_in_last_36_hours.xml passed validation checks
2025-10-27 19:55:45,572 - vessel_data_pipeline - INFO - Created backup: Arrived_in_last_36_hours_20251027_195545.xml
2025-10-27 19:55:45,573 - vessel_data_pipeline - INFO - Updated metadata for Arrived_in_last_36_hours.xml
2025-10-27 19:55:45,573 - vessel_data_pipeline - INFO - Successfully downloaded and validated Arrived_in_last_36_hours.xml
2025-10-27 19:55:47,577 - vessel_data_pipeline - INFO - Downloading Departed_in_last_36_hours.xml (attempt 1/3)
2025-10-27 19:55:47,661 - vessel_data_pipeline - INFO - File temp_Departed_in_last_36_hours.xml passed validation checks
2025-10-27 19:55:47,662 - vessel_data_pipeline - INFO - Created backup: Departed_in_last_36_hours_20251027_195547.xml
2025-10-27 19:55:47,662 - vessel_data_pipeline - INFO - Updated metadata for Departed_in_last_36_hours.xml
2025-10-27 19:55:47,662 - vessel_data_pipeline - INFO - Successfully downloaded and validated Departed_in_last_36_hours.xml
2025-10-27 19:55:49,667 - vessel_data_pipeline - INFO - Downloading Expected_arrivals.xml (attempt 1/3)
2025-10-27 19:55:49,720 - vessel_data_pipeline - INFO - File temp_Expected_arrivals.xml passed validation checks
2025-10-27 19:55:49,720 - vessel_data_pipeline - INFO - Created backup: Expected_arrivals_20251027_195549.xml
2025-10-27 19:55:49,720 - vessel_data_pipeline - INFO - Updated metadata for Expected_arrivals.xml
2025-10-27 19:55:49,720 - vessel_data_pipeline - INFO - Successfully downloaded and validated Expected_arrivals.xml
2025-10-27 19:55:51,726 - vessel_data_pipeline - INFO - Downloading Expected_departures.xml (attempt 1/3)
2025-10-27 19:55:51,830 - vessel_data_pipeline - INFO - File temp_Expected_departures.xml passed validation checks
2025-10-27 19:55:51,830 - vessel_data_pipeline - INFO - Created backup: Expected_departures_20251027_195551.xml
2025-10-27 19:55:51,831 - vessel_data_pipeline - INFO - Updated metadata for Expected_departures.xml
2025-10-27 19:55:51,831 - vessel_data_pipeline - INFO - Successfully downloaded and validated Expected_departures.xml
2025-10-27 19:55:53,836 - vessel_data_pipeline - INFO - Fetch operation completed. Results: {'Arrived_in_last_36_hours.xml': True, 'Departed_in_last_36_hours.xml': True, 'Expected_arrivals.xml': True, 'Expected_departures.xml': True}
2025-10-27 19:55:53,840 - vessel_data_pipeline - INFO - VesselDataFetcher initialized. Pipeline enabled: True
2025-10-27 19:55:53,840 - vessel_data_pipeline - INFO - Starting vessel data fetch operation
2025-10-27 19:55:53,840 - vessel_data_pipeline - INFO - Discovering XML files from Hong Kong Marine Department portal
2025-10-27 19:55:53,952 - vessel_data_pipeline - INFO - Verified access to Arrived_in_last_36_hours.xml
2025-10-27 19:55:54,002 - vessel_data_pipeline - INFO - Verified access to Departed_in_last_36_hours.xml
2025-10-27 19:55:54,037 - vessel_data_pipeline - INFO - Verified access to Expected_arrivals.xml
2025-10-27 19:55:54,092 - vessel_data_pipeline - INFO - Verified access to Expected_departures.xml
2025-10-27 19:55:54,092 - vessel_data_pipeline - INFO - Discovered 4 XML files for download
2025-10-27 19:55:54,092 - vessel_data_pipeline - INFO - Downloading Arrived_in_last_36_hours.xml (attempt 1/3)
2025-10-27 19:55:54,160 - vessel_data_pipeline - INFO - File temp_Arrived_in_last_36_hours.xml passed validation checks
2025-10-27 19:55:54,161 - vessel_data_pipeline - INFO - Created backup: Arrived_in_last_36_hours_20251027_195554.xml
2025-10-27 19:55:54,161 - vessel_data_pipeline - INFO - Updated metadata for Arrived_in_last_36_hours.xml
2025-10-27 19:55:54,161 - vessel_data_pipeline - INFO - Successfully downloaded and validated Arrived_in_last_36_hours.xml
2025-10-27 19:55:56,162 - vessel_data_pipeline - INFO - Downloading Departed_in_last_36_hours.xml (attempt 1/3)
2025-10-27 19:55:56,220 - vessel_data_pipeline - INFO - File temp_Departed_in_last_36_hours.xml passed validation checks
2025-10-27 19:55:56,221 - vessel_data_pipeline - INFO - Created backup: Departed_in_last_36_hours_20251027_195556.xml
2025-10-27 19:55:56,221 - vessel_data_pipeline - INFO - Updated metadata for Departed_in_last_36_hours.xml
2025-10-27 19:55:56,221 - vessel_data_pipeline - INFO - Successfully downloaded and validated Departed_in_last_36_hours.xml
2025-10-27 19:55:58,227 - vessel_data_pipeline - INFO - Downloading Expected_arrivals.xml (attempt 1/3)
2025-10-27 19:55:58,287 - vessel_data_pipeline - INFO - File temp_Expected_arrivals.xml passed validation checks
2025-10-27 19:55:58,287 - vessel_data_pipeline - INFO - Created backup: Expected_arrivals_20251027_195558.xml
2025-10-27 19:55:58,288 - vessel_data_pipeline - INFO - Updated metadata for Expected_arrivals.xml
2025-10-27 19:55:58,288 - vessel_data_pipeline - INFO - Successfully downloaded and validated Expected_arrivals.xml
2025-10-27 19:56:00,292 - vessel_data_pipeline - INFO - Downloading Expected_departures.xml (attempt 1/3)
2025-10-27 19:56:00,369 - vessel_data_pipeline - INFO - File temp_Expected_departures.xml passed validation checks
2025-10-27 19:56:00,370 - vessel_data_pipeline - INFO - Created backup: Expected_departures_20251027_195600.xml
2025-10-27 19:56:00,370 - vessel_data_pipeline - INFO - Updated metadata for Expected_departures.xml
2025-10-27 19:56:00,370 - vessel_data_pipeline - INFO - Successfully downloaded and validated Expected_departures.xml
2025-10-27 19:56:02,375 - vessel_data_pipeline - INFO - Fetch operation completed. Results: {'Arrived_in_last_36_hours.xml': True, 'Departed_in_last_36_hours.xml': True, 'Expected_arrivals.xml': True, 'Expected_departures.xml': True}
2025-10-27 19:56:02,380 - vessel_data_pipeline - INFO - VesselDataFetcher initialized. Pipeline enabled: True
2025-10-27 19:56:02,381 - vessel_data_pipeline - INFO - Starting vessel data fetch operation
2025-10-27 19:56:02,381 - vessel_data_pipeline - INFO - Discovering XML files from Hong Kong Marine Department portal
2025-10-27 19:56:02,494 - vessel_data_pipeline - INFO - Verified access to Arrived_in_last_36_hours.xml
2025-10-27 19:56:02,534 - vessel_data_pipeline - INFO - Verified access to Departed_in_last_36_hours.xml
2025-10-27 19:56:02,590 - vessel_data_pipeline - INFO - Verified access to Expected_arrivals.xml
2025-10-27 19:56:02,641 - vessel_data_pipeline - INFO - Verified access to Expected_departures.xml
2025-10-27 19:56:02,641 - vessel_data_pipeline - INFO - Discovered 4 XML files for download
2025-10-27 19:56:02,641 - vessel_data_pipeline - INFO - Downloading Arrived_in_last_36_hours.xml (attempt 1/3)
2025-10-27 19:56:03,055 - vessel_data_pipeline - INFO - File temp_Arrived_in_last_36_hours.xml passed validation checks
2025-10-27 19:56:03,055 - vessel_data_pipeline - INFO - Created backup: Arrived_in_last_36_hours_20251027_195603.xml
2025-10-27 19:56:03,056 - vessel_data_pipeline - INFO - Updated metadata for Arrived_in_last_36_hours.xml
2025-10-27 19:56:03,056 - vessel_data_pipeline - INFO - Successfully downloaded and validated Arrived_in_last_36_hours.xml
2025-10-27 19:56:05,061 - vessel_data_pipeline - INFO - Downloading Departed_in_last_36_hours.xml (attempt 1/3)
2025-10-27 19:56:05,280 - vessel_data_pipeline - INFO - File temp_Departed_in_last_36_hours.xml passed validation checks
2025-10-27 19:56:05,281 - vessel_data_pipeline - INFO - Created backup: Departed_in_last_36_hours_20251027_195605.xml
2025-10-27 19:56:05,282 - vessel_data_pipeline - INFO - Updated metadata for Departed_in_last_36_hours.xml
2025-10-27 19:56:05,282 - vessel_data_pipeline - INFO - Successfully downloaded and validated Departed_in_last_36_hours.xml
2025-10-27 19:56:07,283 - vessel_data_pipeline - INFO - Downloading Expected_arrivals.xml (attempt 1/3)
2025-10-27 19:56:07,322 - vessel_data_pipeline - INFO - File temp_Expected_arrivals.xml passed validation checks
2025-10-27 19:56:07,322 - vessel_data_pipeline - INFO - Created backup: Expected_arrivals_20251027_195607.xml
2025-10-27 19:56:07,323 - vessel_data_pipeline - INFO - Updated metadata for Expected_arrivals.xml
2025-10-27 19:56:07,323 - vessel_data_pipeline - INFO - Successfully downloaded and validated Expected_arrivals.xml
2025-10-27 19:56:09,328 - vessel_data_pipeline - INFO - Downloading Expected_departures.xml (attempt 1/3)
2025-10-27 19:56:09,407 - vessel_data_pipeline - INFO - File temp_Expected_departures.xml passed validation checks
2025-10-27 19:56:09,407 - vessel_data_pipeline - INFO - Created backup: Expected_departures_20251027_195609.xml
2025-10-27 19:56:09,407 - vessel_data_pipeline - INFO - Updated metadata for Expected_departures.xml
2025-10-27 19:56:09,407 - vessel_data_pipeline - INFO - Successfully downloaded and validated Expected_departures.xml
2025-10-27 19:56:11,412 - vessel_data_pipeline - INFO - Fetch operation completed. Results: {'Arrived_in_last_36_hours.xml': True, 'Departed_in_last_36_hours.xml': True, 'Expected_arrivals.xml': True, 'Expected_departures.xml': True}
2025-10-27 19:56:11,416 - vessel_data_pipeline - INFO - VesselDataFetcher initialized. Pipeline enabled: True
2025-10-27 19:56:11,416 - vessel_data_pipeline - INFO - Starting vessel data fetch operation
2025-10-27 19:56:11,416 - vessel_data_pipeline - INFO - Discovering XML files from Hong Kong Marine Department portal
2025-10-27 19:56:11,505 - vessel_data_pipeline - INFO - Verified access to Arrived_in_last_36_hours.xml
2025-10-27 19:56:11,539 - vessel_data_pipeline - INFO - Verified access to Departed_in_last_36_hours.xml
2025-10-27 19:56:11,581 - vessel_data_pipeline - INFO - Verified access to Expected_arrivals.xml
2025-10-27 19:56:11,619 - vessel_data_pipeline - INFO - Verified access to Expected_departures.xml
2025-10-27 19:56:11,619 - vessel_data_pipeline - INFO - Discovered 4 XML files for download
2025-10-27 19:56:11,619 - vessel_data_pipeline - INFO - Downloading Arrived_in_last_36_hours.xml (attempt 1/3)
2025-10-27 19:56:11,676 - vessel_data_pipeline - INFO - File temp_Arrived_in_last_36_hours.xml passed validation checks
2025-10-27 19:56:11,676 - vessel_data_pipeline - INFO - Created backup: Arrived_in_last_36_hours_20251027_195611.xml
2025-10-27 19:56:11,677 - vessel_data_pipeline - INFO - Updated metadata for Arrived_in_last_36_hours.xml
2025-10-27 19:56:11,677 - vessel_data_pipeline - INFO - Successfully downloaded and validated Arrived_in_last_36_hours.xml
2025-10-27 19:56:13,679 - vessel_data_pipeline - INFO - Downloading Departed_in_last_36_hours.xml (attempt 1/3)
2025-10-27 19:56:13,740 - vessel_data_pipeline - INFO - File temp_Departed_in_last_36_hours.xml passed validation checks
2025-10-27 19:56:13,741 - vessel_data_pipeline - INFO - Created backup: Departed_in_last_36_hours_20251027_195613.xml
2025-10-27 19:56:13,741 - vessel_data_pipeline - INFO - Updated metadata for Departed_in_last_36_hours.xml
2025-10-27 19:56:13,741 - vessel_data_pipeline - INFO - Successfully downloaded and validated Departed_in_last_36_hours.xml
2025-10-27 19:56:15,742 - vessel_data_pipeline - INFO - Downloading Expected_arrivals.xml (attempt 1/3)
2025-10-27 19:56:15,810 - vessel_data_pipeline - INFO - File temp_Expected_arrivals.xml passed validation checks
2025-10-27 19:56:15,810 - vessel_data_pipeline - INFO - Created backup: Expected_arrivals_20251027_195615.xml
2025-10-27 19:56:15,810 - vessel_data_pipeline - INFO - Updated metadata for Expected_arrivals.xml
2025-10-27 19:56:15,810 - vessel_data_pipeline - INFO - Successfully downloaded and validated Expected_arrivals.xml
2025-10-27 19:56:17,814 - vessel_data_pipeline - INFO - Downloading Expected_departures.xml (attempt 1/3)
2025-10-27 19:56:18,058 - vessel_data_pipeline - INFO - File temp_Expected_departures.xml passed validation checks
2025-10-27 19:56:18,059 - vessel_data_pipeline - INFO - Created backup: Expected_departures_20251027_195618.xml
2025-10-27 19:56:18,059 - vessel_data_pipeline - INFO - Updated metadata for Expected_departures.xml
2025-10-27 19:56:18,059 - vessel_data_pipeline - INFO - Successfully downloaded and validated Expected_departures.xml
2025-10-27 19:56:20,064 - vessel_data_pipeline - INFO - Fetch operation completed. Results: {'Arrived_in_last_36_hours.xml': True, 'Departed_in_last_36_hours.xml': True, 'Expected_arrivals.xml': True, 'Expected_departures.xml': True}
2025-10-27 19:59:22,105 - vessel_data_pipeline - INFO - VesselDataFetcher initialized. Pipeline enabled: True
2025-10-27 19:59:22,106 - vessel_data_pipeline - INFO - Starting vessel data fetch operation
2025-10-27 19:59:22,106 - vessel_data_pipeline - INFO - Discovering XML files from Hong Kong Marine Department portal
2025-10-27 19:59:22,210 - vessel_data_pipeline - INFO - Verified access to Arrived_in_last_36_hours.xml
2025-10-27 19:59:22,330 - vessel_data_pipeline - INFO - Verified access to Departed_in_last_36_hours.xml
2025-10-27 19:59:22,399 - vessel_data_pipeline - INFO - Verified access to Expected_arrivals.xml
2025-10-27 19:59:22,436 - vessel_data_pipeline - INFO - Verified access to Expected_departures.xml
2025-10-27 19:59:22,437 - vessel_data_pipeline - INFO - Discovered 4 XML files for download
2025-10-27 19:59:22,437 - vessel_data_pipeline - INFO - Downloading Arrived_in_last_36_hours.xml (attempt 1/3)
2025-10-27 19:59:22,496 - vessel_data_pipeline - INFO - File temp_Arrived_in_last_36_hours.xml passed validation checks
2025-10-27 19:59:22,497 - vessel_data_pipeline - INFO - Created backup: Arrived_in_last_36_hours_20251027_195922.xml
2025-10-27 19:59:22,497 - vessel_data_pipeline - INFO - Updated metadata for Arrived_in_last_36_hours.xml
2025-10-27 19:59:22,497 - vessel_data_pipeline - INFO - Successfully downloaded and validated Arrived_in_last_36_hours.xml
2025-10-27 19:59:24,499 - vessel_data_pipeline - INFO - Downloading Departed_in_last_36_hours.xml (attempt 1/3)
2025-10-27 19:59:24,619 - vessel_data_pipeline - INFO - File temp_Departed_in_last_36_hours.xml passed validation checks
2025-10-27 19:59:24,620 - vessel_data_pipeline - INFO - Created backup: Departed_in_last_36_hours_20251027_195924.xml
2025-10-27 19:59:24,620 - vessel_data_pipeline - INFO - Updated metadata for Departed_in_last_36_hours.xml
2025-10-27 19:59:24,620 - vessel_data_pipeline - INFO - Successfully downloaded and validated Departed_in_last_36_hours.xml
2025-10-27 19:59:26,622 - vessel_data_pipeline - INFO - Downloading Expected_arrivals.xml (attempt 1/3)
2025-10-27 19:59:26,675 - vessel_data_pipeline - INFO - File temp_Expected_arrivals.xml passed validation checks
2025-10-27 19:59:26,675 - vessel_data_pipeline - INFO - Created backup: Expected_arrivals_20251027_195926.xml
2025-10-27 19:59:26,676 - vessel_data_pipeline - INFO - Updated metadata for Expected_arrivals.xml
2025-10-27 19:59:26,676 - vessel_data_pipeline - INFO - Successfully downloaded and validated Expected_arrivals.xml
2025-10-27 19:59:28,681 - vessel_data_pipeline - INFO - Downloading Expected_departures.xml (attempt 1/3)
2025-10-27 19:59:28,923 - vessel_data_pipeline - INFO - File temp_Expected_departures.xml passed validation checks
2025-10-27 19:59:28,924 - vessel_data_pipeline - INFO - Created backup: Expected_departures_20251027_195928.xml
2025-10-27 19:59:28,924 - vessel_data_pipeline - INFO - Updated metadata for Expected_departures.xml
2025-10-27 19:59:28,924 - vessel_data_pipeline - INFO - Successfully downloaded and validated Expected_departures.xml
2025-10-27 19:59:30,929 - vessel_data_pipeline - INFO - Fetch operation completed. Results: {'Arrived_in_last_36_hours.xml': True, 'Departed_in_last_36_hours.xml': True, 'Expected_arrivals.xml': True, 'Expected_departures.xml': True}
2025-10-27 19:59:30,933 - vessel_data_pipeline - INFO - VesselDataFetcher initialized. Pipeline enabled: True
2025-10-27 19:59:30,933 - vessel_data_pipeline - INFO - Starting vessel data fetch operation
2025-10-27 19:59:30,933 - vessel_data_pipeline - INFO - Discovering XML files from Hong Kong Marine Department portal
2025-10-27 19:59:31,162 - vessel_data_pipeline - INFO - Verified access to Arrived_in_last_36_hours.xml
2025-10-27 19:59:31,501 - vessel_data_pipeline - INFO - Verified access to Departed_in_last_36_hours.xml
2025-10-27 19:59:31,735 - vessel_data_pipeline - INFO - Verified access to Expected_arrivals.xml
2025-10-27 19:59:31,779 - vessel_data_pipeline - INFO - Verified access to Expected_departures.xml
2025-10-27 19:59:31,779 - vessel_data_pipeline - INFO - Discovered 4 XML files for download
2025-10-27 19:59:31,780 - vessel_data_pipeline - INFO - Downloading Arrived_in_last_36_hours.xml (attempt 1/3)
2025-10-27 19:59:32,086 - vessel_data_pipeline - INFO - File temp_Arrived_in_last_36_hours.xml passed validation checks
2025-10-27 19:59:32,087 - vessel_data_pipeline - INFO - Created backup: Arrived_in_last_36_hours_20251027_195932.xml
2025-10-27 19:59:32,087 - vessel_data_pipeline - INFO - Updated metadata for Arrived_in_last_36_hours.xml
2025-10-27 19:59:32,087 - vessel_data_pipeline - INFO - Successfully downloaded and validated Arrived_in_last_36_hours.xml
2025-10-27 19:59:34,092 - vessel_data_pipeline - INFO - Downloading Departed_in_last_36_hours.xml (attempt 1/3)
2025-10-27 19:59:34,168 - vessel_data_pipeline - INFO - File temp_Departed_in_last_36_hours.xml passed validation checks
2025-10-27 19:59:34,169 - vessel_data_pipeline - INFO - Created backup: Departed_in_last_36_hours_20251027_195934.xml
2025-10-27 19:59:34,169 - vessel_data_pipeline - INFO - Updated metadata for Departed_in_last_36_hours.xml
2025-10-27 19:59:34,169 - vessel_data_pipeline - INFO - Successfully downloaded and validated Departed_in_last_36_hours.xml
2025-10-27 19:59:36,174 - vessel_data_pipeline - INFO - Downloading Expected_arrivals.xml (attempt 1/3)
2025-10-27 19:59:36,246 - vessel_data_pipeline - INFO - File temp_Expected_arrivals.xml passed validation checks
2025-10-27 19:59:36,246 - vessel_data_pipeline - INFO - Created backup: Expected_arrivals_20251027_195936.xml
2025-10-27 19:59:36,246 - vessel_data_pipeline - INFO - Updated metadata for Expected_arrivals.xml
2025-10-27 19:59:36,246 - vessel_data_pipeline - INFO - Successfully downloaded and validated Expected_arrivals.xml
2025-10-27 19:59:38,248 - vessel_data_pipeline - INFO - Downloading Expected_departures.xml (attempt 1/3)
2025-10-27 19:59:38,295 - vessel_data_pipeline - INFO - File temp_Expected_departures.xml passed validation checks
2025-10-27 19:59:38,295 - vessel_data_pipeline - INFO - Created backup: Expected_departures_20251027_195938.xml
2025-10-27 19:59:38,295 - vessel_data_pipeline - INFO - Updated metadata for Expected_departures.xml
2025-10-27 19:59:38,295 - vessel_data_pipeline - INFO - Successfully downloaded and validated Expected_departures.xml
2025-10-27 19:59:40,301 - vessel_data_pipeline - INFO - Fetch operation completed. Results: {'Arrived_in_last_36_hours.xml': True, 'Departed_in_last_36_hours.xml': True, 'Expected_arrivals.xml': True, 'Expected_departures.xml': True}
2025-10-27 19:59:40,306 - vessel_data_pipeline - INFO - VesselDataFetcher initialized. Pipeline enabled: True
2025-10-27 19:59:40,306 - vessel_data_pipeline - INFO - Starting vessel data fetch operation
2025-10-27 19:59:40,306 - vessel_data_pipeline - INFO - Discovering XML files from Hong Kong Marine Department portal
2025-10-27 19:59:40,367 - vessel_data_pipeline - INFO - Verified access to Arrived_in_last_36_hours.xml
2025-10-27 19:59:40,421 - vessel_data_pipeline - INFO - Verified access to Departed_in_last_36_hours.xml
2025-10-27 19:59:40,489 - vessel_data_pipeline - INFO - Verified access to Expected_arrivals.xml
2025-10-27 19:59:40,568 - vessel_data_pipeline - INFO - Verified access to Expected_departures.xml
2025-10-27 19:59:40,568 - vessel_data_pipeline - INFO - Discovered 4 XML files for download
2025-10-27 19:59:40,568 - vessel_data_pipeline - INFO - Downloading Arrived_in_last_36_hours.xml (attempt 1/3)
2025-10-27 19:59:40,714 - vessel_data_pipeline - INFO - File temp_Arrived_in_last_36_hours.xml passed validation checks
2025-10-27 19:59:40,714 - vessel_data_pipeline - INFO - Created backup: Arrived_in_last_36_hours_20251027_195940.xml
2025-10-27 19:59:40,715 - vessel_data_pipeline - INFO - Updated metadata for Arrived_in_last_36_hours.xml
2025-10-27 19:59:40,715 - vessel_data_pipeline - INFO - Successfully downloaded and validated Arrived_in_last_36_hours.xml
2025-10-27 19:59:42,720 - vessel_data_pipeline - INFO - Downloading Departed_in_last_36_hours.xml (attempt 1/3)
2025-10-27 19:59:42,797 - vessel_data_pipeline - INFO - File temp_Departed_in_last_36_hours.xml passed validation checks
2025-10-27 19:59:42,798 - vessel_data_pipeline - INFO - Created backup: Departed_in_last_36_hours_20251027_195942.xml
2025-10-27 19:59:42,798 - vessel_data_pipeline - INFO - Updated metadata for Departed_in_last_36_hours.xml
2025-10-27 19:59:42,798 - vessel_data_pipeline - INFO - Successfully downloaded and validated Departed_in_last_36_hours.xml
2025-10-27 19:59:44,798 - vessel_data_pipeline - INFO - Downloading Expected_arrivals.xml (attempt 1/3)
2025-10-27 19:59:44,865 - vessel_data_pipeline - INFO - File temp_Expected_arrivals.xml passed validation checks
2025-10-27 19:59:44,865 - vessel_data_pipeline - INFO - Created backup: Expected_arrivals_20251027_195944.xml
2025-10-27 19:59:44,866 - vessel_data_pipeline - INFO - Updated metadata for Expected_arrivals.xml
2025-10-27 19:59:44,866 - vessel_data_pipeline - INFO - Successfully downloaded and validated Expected_arrivals.xml
2025-10-27 19:59:46,871 - vessel_data_pipeline - INFO - Downloading Expected_departures.xml (attempt 1/3)
2025-10-27 19:59:46,934 - vessel_data_pipeline - INFO - File temp_Expected_departures.xml passed validation checks
2025-10-27 19:59:46,934 - vessel_data_pipeline - INFO - Created backup: Expected_departures_20251027_195946.xml
2025-10-27 19:59:46,935 - vessel_data_pipeline - INFO - Updated metadata for Expected_departures.xml
2025-10-27 19:59:46,935 - vessel_data_pipeline - INFO - Successfully downloaded and validated Expected_departures.xml
2025-10-27 19:59:48,940 - vessel_data_pipeline - INFO - Fetch operation completed. Results: {'Arrived_in_last_36_hours.xml': True, 'Departed_in_last_36_hours.xml': True, 'Expected_arrivals.xml': True, 'Expected_departures.xml': True}
2025-10-27 19:59:48,944 - vessel_data_pipeline - INFO - VesselDataFetcher initialized. Pipeline enabled: True
2025-10-27 19:59:48,944 - vessel_data_pipeline - INFO - Starting vessel data fetch operation
2025-10-27 19:59:48,944 - vessel_data_pipeline - INFO - Discovering XML files from Hong Kong Marine Department portal
2025-10-27 19:59:49,001 - vessel_data_pipeline - INFO - Verified access to Arrived_in_last_36_hours.xml
2025-10-27 19:59:49,043 - vessel_data_pipeline - INFO - Verified access to Departed_in_last_36_hours.xml
2025-10-27 19:59:49,091 - vessel_data_pipeline - INFO - Verified access to Expected_arrivals.xml
2025-10-27 19:59:49,128 - vessel_data_pipeline - INFO - Verified access to Expected_departures.xml
2025-10-27 19:59:49,128 - vessel_data_pipeline - INFO - Discovered 4 XML files for download
2025-10-27 19:59:49,128 - vessel_data_pipeline - INFO - Downloading Arrived_in_last_36_hours.xml (attempt 1/3)
2025-10-27 19:59:49,308 - vessel_data_pipeline - INFO - File temp_Arrived_in_last_36_hours.xml passed validation checks
2025-10-27 19:59:49,308 - vessel_data_pipeline - INFO - Created backup: Arrived_in_last_36_hours_20251027_195949.xml
2025-10-27 19:59:49,309 - vessel_data_pipeline - INFO - Updated metadata for Arrived_in_last_36_hours.xml
2025-10-27 19:59:49,309 - vessel_data_pipeline - INFO - Successfully downloaded and validated Arrived_in_last_36_hours.xml
2025-10-27 19:59:51,314 - vessel_data_pipeline - INFO - Downloading Departed_in_last_36_hours.xml (attempt 1/3)
2025-10-27 19:59:51,385 - vessel_data_pipeline - INFO - File temp_Departed_in_last_36_hours.xml passed validation checks
2025-10-27 19:59:51,386 - vessel_data_pipeline - INFO - Created backup: Departed_in_last_36_hours_20251027_195951.xml
2025-10-27 19:59:51,386 - vessel_data_pipeline - INFO - Updated metadata for Departed_in_last_36_hours.xml
2025-10-27 19:59:51,386 - vessel_data_pipeline - INFO - Successfully downloaded and validated Departed_in_last_36_hours.xml
2025-10-27 19:59:53,391 - vessel_data_pipeline - INFO - Downloading Expected_arrivals.xml (attempt 1/3)
2025-10-27 19:59:53,446 - vessel_data_pipeline - INFO - File temp_Expected_arrivals.xml passed validation checks
2025-10-27 19:59:53,446 - vessel_data_pipeline - INFO - Created backup: Expected_arrivals_20251027_195953.xml
2025-10-27 19:59:53,446 - vessel_data_pipeline - INFO - Updated metadata for Expected_arrivals.xml
2025-10-27 19:59:53,446 - vessel_data_pipeline - INFO - Successfully downloaded and validated Expected_arrivals.xml
2025-10-27 19:59:55,451 - vessel_data_pipeline - INFO - Downloading Expected_departures.xml (attempt 1/3)
2025-10-27 19:59:55,531 - vessel_data_pipeline - INFO - File temp_Expected_departures.xml passed validation checks
2025-10-27 19:59:55,531 - vessel_data_pipeline - INFO - Created backup: Expected_departures_20251027_195955.xml
2025-10-27 19:59:55,532 - vessel_data_pipeline - INFO - Updated metadata for Expected_departures.xml
2025-10-27 19:59:55,532 - vessel_data_pipeline - INFO - Successfully downloaded and validated Expected_departures.xml
2025-10-27 19:59:57,537 - vessel_data_pipeline - INFO - Fetch operation completed. Results: {'Arrived_in_last_36_hours.xml': True, 'Departed_in_last_36_hours.xml': True, 'Expected_arrivals.xml': True, 'Expected_departures.xml': True}
2025-10-27 20:03:11,439 - vessel_data_pipeline - INFO - VesselDataFetcher initialized. Pipeline enabled: True
2025-10-27 20:03:11,440 - vessel_data_pipeline - INFO - Starting vessel data fetch operation
2025-10-27 20:03:11,440 - vessel_data_pipeline - INFO - Discovering XML files from Hong Kong Marine Department portal
2025-10-27 20:03:11,711 - vessel_data_pipeline - INFO - Verified access to Arrived_in_last_36_hours.xml
2025-10-27 20:03:11,779 - vessel_data_pipeline - INFO - Verified access to Departed_in_last_36_hours.xml
2025-10-27 20:03:11,811 - vessel_data_pipeline - INFO - Verified access to Expected_arrivals.xml
2025-10-27 20:03:11,882 - vessel_data_pipeline - INFO - Verified access to Expected_departures.xml
2025-10-27 20:03:11,882 - vessel_data_pipeline - INFO - Discovered 4 XML files for download
2025-10-27 20:03:11,882 - vessel_data_pipeline - INFO - Downloading Arrived_in_last_36_hours.xml (attempt 1/3)
2025-10-27 20:03:11,941 - vessel_data_pipeline - INFO - File temp_Arrived_in_last_36_hours.xml passed validation checks
2025-10-27 20:03:11,943 - vessel_data_pipeline - INFO - Created backup: Arrived_in_last_36_hours_20251027_200311.xml
2025-10-27 20:03:11,945 - vessel_data_pipeline - INFO - Updated metadata for Arrived_in_last_36_hours.xml
2025-10-27 20:03:11,945 - vessel_data_pipeline - INFO - Successfully downloaded and validated Arrived_in_last_36_hours.xml
2025-10-27 20:03:13,946 - vessel_data_pipeline - INFO - Downloading Departed_in_last_36_hours.xml (attempt 1/3)
2025-10-27 20:03:14,043 - vessel_data_pipeline - INFO - File temp_Departed_in_last_36_hours.xml passed validation checks
2025-10-27 20:03:14,043 - vessel_data_pipeline - INFO - Created backup: Departed_in_last_36_hours_20251027_200314.xml
2025-10-27 20:03:14,044 - vessel_data_pipeline - INFO - Updated metadata for Departed_in_last_36_hours.xml
2025-10-27 20:03:14,044 - vessel_data_pipeline - INFO - Successfully downloaded and validated Departed_in_last_36_hours.xml
2025-10-27 20:03:16,046 - vessel_data_pipeline - INFO - Downloading Expected_arrivals.xml (attempt 1/3)
2025-10-27 20:03:16,094 - vessel_data_pipeline - INFO - File temp_Expected_arrivals.xml passed validation checks
2025-10-27 20:03:16,095 - vessel_data_pipeline - INFO - Created backup: Expected_arrivals_20251027_200316.xml
2025-10-27 20:03:16,095 - vessel_data_pipeline - INFO - Updated metadata for Expected_arrivals.xml
2025-10-27 20:03:16,095 - vessel_data_pipeline - INFO - Successfully downloaded and validated Expected_arrivals.xml
2025-10-27 20:03:18,101 - vessel_data_pipeline - INFO - Downloading Expected_departures.xml (attempt 1/3)
2025-10-27 20:03:18,255 - vessel_data_pipeline - INFO - File temp_Expected_departures.xml passed validation checks
2025-10-27 20:03:18,255 - vessel_data_pipeline - INFO - Created backup: Expected_departures_20251027_200318.xml
2025-10-27 20:03:18,256 - vessel_data_pipeline - INFO - Updated metadata for Expected_departures.xml
2025-10-27 20:03:18,256 - vessel_data_pipeline - INFO - Successfully downloaded and validated Expected_departures.xml
2025-10-27 20:03:20,256 - vessel_data_pipeline - INFO - Fetch operation completed. Results: {'Arrived_in_last_36_hours.xml': True, 'Departed_in_last_36_hours.xml': True, 'Expected_arrivals.xml': True, 'Expected_departures.xml': True}
2025-10-27 20:03:20,261 - vessel_data_pipeline - INFO - VesselDataFetcher initialized. Pipeline enabled: True
2025-10-27 20:03:20,261 - vessel_data_pipeline - INFO - Starting vessel data fetch operation
2025-10-27 20:03:20,261 - vessel_data_pipeline - INFO - Discovering XML files from Hong Kong Marine Department portal
2025-10-27 20:03:20,319 - vessel_data_pipeline - INFO - Verified access to Arrived_in_last_36_hours.xml
2025-10-27 20:03:20,354 - vessel_data_pipeline - INFO - Verified access to Departed_in_last_36_hours.xml
2025-10-27 20:03:20,412 - vessel_data_pipeline - INFO - Verified access to Expected_arrivals.xml
2025-10-27 20:03:20,445 - vessel_data_pipeline - INFO - Verified access to Expected_departures.xml
2025-10-27 20:03:20,445 - vessel_data_pipeline - INFO - Discovered 4 XML files for download
2025-10-27 20:03:20,445 - vessel_data_pipeline - INFO - Downloading Arrived_in_last_36_hours.xml (attempt 1/3)
2025-10-27 20:03:20,506 - vessel_data_pipeline - INFO - File temp_Arrived_in_last_36_hours.xml passed validation checks
2025-10-27 20:03:20,506 - vessel_data_pipeline - INFO - Created backup: Arrived_in_last_36_hours_20251027_200320.xml
2025-10-27 20:03:20,506 - vessel_data_pipeline - INFO - Updated metadata for Arrived_in_last_36_hours.xml
2025-10-27 20:03:20,506 - vessel_data_pipeline - INFO - Successfully downloaded and validated Arrived_in_last_36_hours.xml
2025-10-27 20:03:22,507 - vessel_data_pipeline - INFO - Downloading Departed_in_last_36_hours.xml (attempt 1/3)
2025-10-27 20:03:22,574 - vessel_data_pipeline - INFO - File temp_Departed_in_last_36_hours.xml passed validation checks
2025-10-27 20:03:22,574 - vessel_data_pipeline - INFO - Created backup: Departed_in_last_36_hours_20251027_200322.xml
2025-10-27 20:03:22,575 - vessel_data_pipeline - INFO - Updated metadata for Departed_in_last_36_hours.xml
2025-10-27 20:03:22,575 - vessel_data_pipeline - INFO - Successfully downloaded and validated Departed_in_last_36_hours.xml
2025-10-27 20:03:24,580 - vessel_data_pipeline - INFO - Downloading Expected_arrivals.xml (attempt 1/3)
2025-10-27 20:03:24,629 - vessel_data_pipeline - INFO - File temp_Expected_arrivals.xml passed validation checks
2025-10-27 20:03:24,629 - vessel_data_pipeline - INFO - Created backup: Expected_arrivals_20251027_200324.xml
2025-10-27 20:03:24,629 - vessel_data_pipeline - INFO - Updated metadata for Expected_arrivals.xml
2025-10-27 20:03:24,630 - vessel_data_pipeline - INFO - Successfully downloaded and validated Expected_arrivals.xml
2025-10-27 20:03:26,635 - vessel_data_pipeline - INFO - Downloading Expected_departures.xml (attempt 1/3)
2025-10-27 20:03:26,691 - vessel_data_pipeline - INFO - File temp_Expected_departures.xml passed validation checks
2025-10-27 20:03:26,692 - vessel_data_pipeline - INFO - Created backup: Expected_departures_20251027_200326.xml
2025-10-27 20:03:26,692 - vessel_data_pipeline - INFO - Updated metadata for Expected_departures.xml
2025-10-27 20:03:26,692 - vessel_data_pipeline - INFO - Successfully downloaded and validated Expected_departures.xml
2025-10-27 20:03:28,696 - vessel_data_pipeline - INFO - Fetch operation completed. Results: {'Arrived_in_last_36_hours.xml': True, 'Departed_in_last_36_hours.xml': True, 'Expected_arrivals.xml': True, 'Expected_departures.xml': True}
2025-10-27 20:03:28,701 - vessel_data_pipeline - INFO - VesselDataFetcher initialized. Pipeline enabled: True
2025-10-27 20:03:28,701 - vessel_data_pipeline - INFO - Starting vessel data fetch operation
2025-10-27 20:03:28,701 - vessel_data_pipeline - INFO - Discovering XML files from Hong Kong Marine Department portal
2025-10-27 20:03:28,796 - vessel_data_pipeline - INFO - Verified access to Arrived_in_last_36_hours.xml
2025-10-27 20:03:28,829 - vessel_data_pipeline - INFO - Verified access to Departed_in_last_36_hours.xml
2025-10-27 20:03:28,860 - vessel_data_pipeline - INFO - Verified access to Expected_arrivals.xml
2025-10-27 20:03:29,017 - vessel_data_pipeline - INFO - Verified access to Expected_departures.xml
2025-10-27 20:03:29,017 - vessel_data_pipeline - INFO - Discovered 4 XML files for download
2025-10-27 20:03:29,017 - vessel_data_pipeline - INFO - Downloading Arrived_in_last_36_hours.xml (attempt 1/3)
2025-10-27 20:03:29,155 - vessel_data_pipeline - INFO - File temp_Arrived_in_last_36_hours.xml passed validation checks
2025-10-27 20:03:29,156 - vessel_data_pipeline - INFO - Created backup: Arrived_in_last_36_hours_20251027_200329.xml
2025-10-27 20:03:29,156 - vessel_data_pipeline - INFO - Updated metadata for Arrived_in_last_36_hours.xml
2025-10-27 20:03:29,156 - vessel_data_pipeline - INFO - Successfully downloaded and validated Arrived_in_last_36_hours.xml
2025-10-27 20:03:31,161 - vessel_data_pipeline - INFO - Downloading Departed_in_last_36_hours.xml (attempt 1/3)
2025-10-27 20:03:31,238 - vessel_data_pipeline - INFO - File temp_Departed_in_last_36_hours.xml passed validation checks
2025-10-27 20:03:31,239 - vessel_data_pipeline - INFO - Created backup: Departed_in_last_36_hours_20251027_200331.xml
2025-10-27 20:03:31,239 - vessel_data_pipeline - INFO - Updated metadata for Departed_in_last_36_hours.xml
2025-10-27 20:03:31,239 - vessel_data_pipeline - INFO - Successfully downloaded and validated Departed_in_last_36_hours.xml
2025-10-27 20:03:33,245 - vessel_data_pipeline - INFO - Downloading Expected_arrivals.xml (attempt 1/3)
2025-10-27 20:03:33,295 - vessel_data_pipeline - INFO - File temp_Expected_arrivals.xml passed validation checks
2025-10-27 20:03:33,295 - vessel_data_pipeline - INFO - Created backup: Expected_arrivals_20251027_200333.xml
2025-10-27 20:03:33,296 - vessel_data_pipeline - INFO - Updated metadata for Expected_arrivals.xml
2025-10-27 20:03:33,296 - vessel_data_pipeline - INFO - Successfully downloaded and validated Expected_arrivals.xml
2025-10-27 20:03:35,296 - vessel_data_pipeline - INFO - Downloading Expected_departures.xml (attempt 1/3)
2025-10-27 20:03:35,368 - vessel_data_pipeline - INFO - File temp_Expected_departures.xml passed validation checks
2025-10-27 20:03:35,368 - vessel_data_pipeline - INFO - Created backup: Expected_departures_20251027_200335.xml
2025-10-27 20:03:35,369 - vessel_data_pipeline - INFO - Updated metadata for Expected_departures.xml
2025-10-27 20:03:35,369 - vessel_data_pipeline - INFO - Successfully downloaded and validated Expected_departures.xml
2025-10-27 20:03:37,371 - vessel_data_pipeline - INFO - Fetch operation completed. Results: {'Arrived_in_last_36_hours.xml': True, 'Departed_in_last_36_hours.xml': True, 'Expected_arrivals.xml': True, 'Expected_departures.xml': True}
2025-10-27 20:03:37,374 - vessel_data_pipeline - INFO - VesselDataFetcher initialized. Pipeline enabled: True
2025-10-27 20:03:37,375 - vessel_data_pipeline - INFO - Starting vessel data fetch operation
2025-10-27 20:03:37,375 - vessel_data_pipeline - INFO - Discovering XML files from Hong Kong Marine Department portal
2025-10-27 20:03:37,433 - vessel_data_pipeline - INFO - Verified access to Arrived_in_last_36_hours.xml
2025-10-27 20:03:37,538 - vessel_data_pipeline - INFO - Verified access to Departed_in_last_36_hours.xml
2025-10-27 20:03:37,570 - vessel_data_pipeline - INFO - Verified access to Expected_arrivals.xml
2025-10-27 20:03:37,663 - vessel_data_pipeline - INFO - Verified access to Expected_departures.xml
2025-10-27 20:03:37,663 - vessel_data_pipeline - INFO - Discovered 4 XML files for download
2025-10-27 20:03:37,663 - vessel_data_pipeline - INFO - Downloading Arrived_in_last_36_hours.xml (attempt 1/3)
2025-10-27 20:03:37,717 - vessel_data_pipeline - INFO - File temp_Arrived_in_last_36_hours.xml passed validation checks
2025-10-27 20:03:37,717 - vessel_data_pipeline - INFO - Created backup: Arrived_in_last_36_hours_20251027_200337.xml
2025-10-27 20:03:37,718 - vessel_data_pipeline - INFO - Updated metadata for Arrived_in_last_36_hours.xml
2025-10-27 20:03:37,718 - vessel_data_pipeline - INFO - Successfully downloaded and validated Arrived_in_last_36_hours.xml
2025-10-27 20:03:39,720 - vessel_data_pipeline - INFO - Downloading Departed_in_last_36_hours.xml (attempt 1/3)
2025-10-27 20:03:39,786 - vessel_data_pipeline - INFO - File temp_Departed_in_last_36_hours.xml passed validation checks
2025-10-27 20:03:39,786 - vessel_data_pipeline - INFO - Created backup: Departed_in_last_36_hours_20251027_200339.xml
2025-10-27 20:03:39,786 - vessel_data_pipeline - INFO - Updated metadata for Departed_in_last_36_hours.xml
2025-10-27 20:03:39,786 - vessel_data_pipeline - INFO - Successfully downloaded and validated Departed_in_last_36_hours.xml
2025-10-27 20:03:41,787 - vessel_data_pipeline - INFO - Downloading Expected_arrivals.xml (attempt 1/3)
2025-10-27 20:03:41,846 - vessel_data_pipeline - INFO - File temp_Expected_arrivals.xml passed validation checks
2025-10-27 20:03:41,846 - vessel_data_pipeline - INFO - Created backup: Expected_arrivals_20251027_200341.xml
2025-10-27 20:03:41,846 - vessel_data_pipeline - INFO - Updated metadata for Expected_arrivals.xml
2025-10-27 20:03:41,846 - vessel_data_pipeline - INFO - Successfully downloaded and validated Expected_arrivals.xml
2025-10-27 20:03:43,852 - vessel_data_pipeline - INFO - Downloading Expected_departures.xml (attempt 1/3)
2025-10-27 20:03:43,924 - vessel_data_pipeline - INFO - File temp_Expected_departures.xml passed validation checks
2025-10-27 20:03:43,925 - vessel_data_pipeline - INFO - Created backup: Expected_departures_20251027_200343.xml
2025-10-27 20:03:43,925 - vessel_data_pipeline - INFO - Updated metadata for Expected_departures.xml
2025-10-27 20:03:43,925 - vessel_data_pipeline - INFO - Successfully downloaded and validated Expected_departures.xml
2025-10-27 20:03:45,930 - vessel_data_pipeline - INFO - Fetch operation completed. Results: {'Arrived_in_last_36_hours.xml': True, 'Departed_in_last_36_hours.xml': True, 'Expected_arrivals.xml': True, 'Expected_departures.xml': True}
2025-10-27 20:04:20,527 - vessel_data_pipeline - INFO - VesselDataFetcher initialized. Pipeline enabled: True
2025-10-27 20:04:20,529 - vessel_data_pipeline - INFO - Starting vessel data fetch operation
2025-10-27 20:04:20,529 - vessel_data_pipeline - INFO - Discovering XML files from Hong Kong Marine Department portal
2025-10-27 20:04:20,601 - vessel_data_pipeline - INFO - Verified access to Arrived_in_last_36_hours.xml
2025-10-27 20:04:20,637 - vessel_data_pipeline - INFO - Verified access to Departed_in_last_36_hours.xml
2025-10-27 20:04:20,683 - vessel_data_pipeline - INFO - Verified access to Expected_arrivals.xml
2025-10-27 20:04:20,730 - vessel_data_pipeline - INFO - Verified access to Expected_departures.xml
2025-10-27 20:04:20,731 - vessel_data_pipeline - INFO - Discovered 4 XML files for download
2025-10-27 20:04:20,731 - vessel_data_pipeline - INFO - Downloading Arrived_in_last_36_hours.xml (attempt 1/3)
2025-10-27 20:04:20,789 - vessel_data_pipeline - INFO - File temp_Arrived_in_last_36_hours.xml passed validation checks
2025-10-27 20:04:20,790 - vessel_data_pipeline - INFO - Created backup: Arrived_in_last_36_hours_20251027_200420.xml
2025-10-27 20:04:20,791 - vessel_data_pipeline - INFO - Updated metadata for Arrived_in_last_36_hours.xml
2025-10-27 20:04:20,791 - vessel_data_pipeline - INFO - Successfully downloaded and validated Arrived_in_last_36_hours.xml
2025-10-27 20:04:22,793 - vessel_data_pipeline - INFO - Downloading Departed_in_last_36_hours.xml (attempt 1/3)
2025-10-27 20:04:22,876 - vessel_data_pipeline - INFO - File temp_Departed_in_last_36_hours.xml passed validation checks
2025-10-27 20:04:22,876 - vessel_data_pipeline - INFO - Created backup: Departed_in_last_36_hours_20251027_200422.xml
2025-10-27 20:04:22,877 - vessel_data_pipeline - INFO - Updated metadata for Departed_in_last_36_hours.xml
2025-10-27 20:04:22,877 - vessel_data_pipeline - INFO - Successfully downloaded and validated Departed_in_last_36_hours.xml
2025-10-27 20:04:24,881 - vessel_data_pipeline - INFO - Downloading Expected_arrivals.xml (attempt 1/3)
2025-10-27 20:04:24,924 - vessel_data_pipeline - INFO - File temp_Expected_arrivals.xml passed validation checks
2025-10-27 20:04:24,925 - vessel_data_pipeline - INFO - Created backup: Expected_arrivals_20251027_200424.xml
2025-10-27 20:04:24,925 - vessel_data_pipeline - INFO - Updated metadata for Expected_arrivals.xml
2025-10-27 20:04:24,925 - vessel_data_pipeline - INFO - Successfully downloaded and validated Expected_arrivals.xml
2025-10-27 20:04:26,926 - vessel_data_pipeline - INFO - Downloading Expected_departures.xml (attempt 1/3)
2025-10-27 20:04:27,001 - vessel_data_pipeline - INFO - File temp_Expected_departures.xml passed validation checks
2025-10-27 20:04:27,001 - vessel_data_pipeline - INFO - Created backup: Expected_departures_20251027_200427.xml
2025-10-27 20:04:27,002 - vessel_data_pipeline - INFO - Updated metadata for Expected_departures.xml
2025-10-27 20:04:27,002 - vessel_data_pipeline - INFO - Successfully downloaded and validated Expected_departures.xml
2025-10-27 20:04:29,005 - vessel_data_pipeline - INFO - Fetch operation completed. Results: {'Arrived_in_last_36_hours.xml': True, 'Departed_in_last_36_hours.xml': True, 'Expected_arrivals.xml': True, 'Expected_departures.xml': True}
2025-10-27 20:04:29,011 - vessel_data_pipeline - INFO - VesselDataFetcher initialized. Pipeline enabled: True
2025-10-27 20:04:29,012 - vessel_data_pipeline - INFO - Starting vessel data fetch operation
2025-10-27 20:04:29,012 - vessel_data_pipeline - INFO - Discovering XML files from Hong Kong Marine Department portal
2025-10-27 20:04:29,077 - vessel_data_pipeline - INFO - Verified access to Arrived_in_last_36_hours.xml
2025-10-27 20:04:29,132 - vessel_data_pipeline - INFO - Verified access to Departed_in_last_36_hours.xml
2025-10-27 20:04:29,165 - vessel_data_pipeline - INFO - Verified access to Expected_arrivals.xml
2025-10-27 20:04:29,353 - vessel_data_pipeline - INFO - Verified access to Expected_departures.xml
2025-10-27 20:04:29,353 - vessel_data_pipeline - INFO - Discovered 4 XML files for download
2025-10-27 20:04:29,353 - vessel_data_pipeline - INFO - Downloading Arrived_in_last_36_hours.xml (attempt 1/3)
2025-10-27 20:04:29,619 - vessel_data_pipeline - INFO - File temp_Arrived_in_last_36_hours.xml passed validation checks
2025-10-27 20:04:29,620 - vessel_data_pipeline - INFO - Created backup: Arrived_in_last_36_hours_20251027_200429.xml
2025-10-27 20:04:29,620 - vessel_data_pipeline - INFO - Updated metadata for Arrived_in_last_36_hours.xml
2025-10-27 20:04:29,620 - vessel_data_pipeline - INFO - Successfully downloaded and validated Arrived_in_last_36_hours.xml
2025-10-27 20:04:31,622 - vessel_data_pipeline - INFO - Downloading Departed_in_last_36_hours.xml (attempt 1/3)
2025-10-27 20:04:31,865 - vessel_data_pipeline - INFO - File temp_Departed_in_last_36_hours.xml passed validation checks
2025-10-27 20:04:31,866 - vessel_data_pipeline - INFO - Created backup: Departed_in_last_36_hours_20251027_200431.xml
2025-10-27 20:04:31,866 - vessel_data_pipeline - INFO - Updated metadata for Departed_in_last_36_hours.xml
2025-10-27 20:04:31,866 - vessel_data_pipeline - INFO - Successfully downloaded and validated Departed_in_last_36_hours.xml
2025-10-27 20:04:33,871 - vessel_data_pipeline - INFO - Downloading Expected_arrivals.xml (attempt 1/3)
2025-10-27 20:04:34,322 - vessel_data_pipeline - INFO - File temp_Expected_arrivals.xml passed validation checks
2025-10-27 20:04:34,322 - vessel_data_pipeline - INFO - Created backup: Expected_arrivals_20251027_200434.xml
2025-10-27 20:04:34,322 - vessel_data_pipeline - INFO - Updated metadata for Expected_arrivals.xml
2025-10-27 20:04:34,322 - vessel_data_pipeline - INFO - Successfully downloaded and validated Expected_arrivals.xml
2025-10-27 20:04:36,325 - vessel_data_pipeline - INFO - Downloading Expected_departures.xml (attempt 1/3)
2025-10-27 20:04:36,384 - vessel_data_pipeline - INFO - File temp_Expected_departures.xml passed validation checks
2025-10-27 20:04:36,384 - vessel_data_pipeline - INFO - Created backup: Expected_departures_20251027_200436.xml
2025-10-27 20:04:36,385 - vessel_data_pipeline - INFO - Updated metadata for Expected_departures.xml
2025-10-27 20:04:36,385 - vessel_data_pipeline - INFO - Successfully downloaded and validated Expected_departures.xml
2025-10-27 20:04:38,387 - vessel_data_pipeline - INFO - Fetch operation completed. Results: {'Arrived_in_last_36_hours.xml': True, 'Departed_in_last_36_hours.xml': True, 'Expected_arrivals.xml': True, 'Expected_departures.xml': True}
2025-10-27 20:04:38,399 - vessel_data_pipeline - INFO - VesselDataFetcher initialized. Pipeline enabled: True
2025-10-27 20:04:38,400 - vessel_data_pipeline - INFO - Starting vessel data fetch operation
2025-10-27 20:04:38,400 - vessel_data_pipeline - INFO - Discovering XML files from Hong Kong Marine Department portal
2025-10-27 20:04:38,654 - vessel_data_pipeline - INFO - Verified access to Arrived_in_last_36_hours.xml
2025-10-27 20:04:38,851 - vessel_data_pipeline - INFO - Verified access to Departed_in_last_36_hours.xml
2025-10-27 20:04:38,885 - vessel_data_pipeline - INFO - Verified access to Expected_arrivals.xml
2025-10-27 20:04:38,945 - vessel_data_pipeline - INFO - Verified access to Expected_departures.xml
2025-10-27 20:04:38,945 - vessel_data_pipeline - INFO - Discovered 4 XML files for download
2025-10-27 20:04:38,945 - vessel_data_pipeline - INFO - Downloading Arrived_in_last_36_hours.xml (attempt 1/3)
2025-10-27 20:04:39,006 - vessel_data_pipeline - INFO - File temp_Arrived_in_last_36_hours.xml passed validation checks
2025-10-27 20:04:39,006 - vessel_data_pipeline - INFO - Created backup: Arrived_in_last_36_hours_20251027_200439.xml
2025-10-27 20:04:39,006 - vessel_data_pipeline - INFO - Updated metadata for Arrived_in_last_36_hours.xml
2025-10-27 20:04:39,006 - vessel_data_pipeline - INFO - Successfully downloaded and validated Arrived_in_last_36_hours.xml
2025-10-27 20:04:41,009 - vessel_data_pipeline - INFO - Downloading Departed_in_last_36_hours.xml (attempt 1/3)
2025-10-27 20:04:41,077 - vessel_data_pipeline - INFO - File temp_Departed_in_last_36_hours.xml passed validation checks
2025-10-27 20:04:41,077 - vessel_data_pipeline - INFO - Created backup: Departed_in_last_36_hours_20251027_200441.xml
2025-10-27 20:04:41,077 - vessel_data_pipeline - INFO - Updated metadata for Departed_in_last_36_hours.xml
2025-10-27 20:04:41,077 - vessel_data_pipeline - INFO - Successfully downloaded and validated Departed_in_last_36_hours.xml
2025-10-27 20:04:43,083 - vessel_data_pipeline - INFO - Downloading Expected_arrivals.xml (attempt 1/3)
2025-10-27 20:04:43,134 - vessel_data_pipeline - INFO - File temp_Expected_arrivals.xml passed validation checks
2025-10-27 20:04:43,135 - vessel_data_pipeline - INFO - Created backup: Expected_arrivals_20251027_200443.xml
2025-10-27 20:04:43,135 - vessel_data_pipeline - INFO - Updated metadata for Expected_arrivals.xml
2025-10-27 20:04:43,135 - vessel_data_pipeline - INFO - Successfully downloaded and validated Expected_arrivals.xml
2025-10-27 20:04:45,139 - vessel_data_pipeline - INFO - Downloading Expected_departures.xml (attempt 1/3)
2025-10-27 20:04:45,231 - vessel_data_pipeline - INFO - File temp_Expected_departures.xml passed validation checks
2025-10-27 20:04:45,231 - vessel_data_pipeline - INFO - Created backup: Expected_departures_20251027_200445.xml
2025-10-27 20:04:45,232 - vessel_data_pipeline - INFO - Updated metadata for Expected_departures.xml
2025-10-27 20:04:45,232 - vessel_data_pipeline - INFO - Successfully downloaded and validated Expected_departures.xml
2025-10-27 20:04:47,236 - vessel_data_pipeline - INFO - Fetch operation completed. Results: {'Arrived_in_last_36_hours.xml': True, 'Departed_in_last_36_hours.xml': True, 'Expected_arrivals.xml': True, 'Expected_departures.xml': True}
2025-10-27 20:04:47,240 - vessel_data_pipeline - INFO - VesselDataFetcher initialized. Pipeline enabled: True
2025-10-27 20:04:47,240 - vessel_data_pipeline - INFO - Starting vessel data fetch operation
2025-10-27 20:04:47,240 - vessel_data_pipeline - INFO - Discovering XML files from Hong Kong Marine Department portal
2025-10-27 20:04:47,299 - vessel_data_pipeline - INFO - Verified access to Arrived_in_last_36_hours.xml
2025-10-27 20:04:47,331 - vessel_data_pipeline - INFO - Verified access to Departed_in_last_36_hours.xml
2025-10-27 20:04:47,479 - vessel_data_pipeline - INFO - Verified access to Expected_arrivals.xml
2025-10-27 20:04:47,514 - vessel_data_pipeline - INFO - Verified access to Expected_departures.xml
2025-10-27 20:04:47,514 - vessel_data_pipeline - INFO - Discovered 4 XML files for download
2025-10-27 20:04:47,514 - vessel_data_pipeline - INFO - Downloading Arrived_in_last_36_hours.xml (attempt 1/3)
2025-10-27 20:04:47,559 - vessel_data_pipeline - INFO - File temp_Arrived_in_last_36_hours.xml passed validation checks
2025-10-27 20:04:47,560 - vessel_data_pipeline - INFO - Created backup: Arrived_in_last_36_hours_20251027_200447.xml
2025-10-27 20:04:47,560 - vessel_data_pipeline - INFO - Updated metadata for Arrived_in_last_36_hours.xml
2025-10-27 20:04:47,560 - vessel_data_pipeline - INFO - Successfully downloaded and validated Arrived_in_last_36_hours.xml
2025-10-27 20:04:49,565 - vessel_data_pipeline - INFO - Downloading Departed_in_last_36_hours.xml (attempt 1/3)
2025-10-27 20:04:49,623 - vessel_data_pipeline - INFO - File temp_Departed_in_last_36_hours.xml passed validation checks
2025-10-27 20:04:49,624 - vessel_data_pipeline - INFO - Created backup: Departed_in_last_36_hours_20251027_200449.xml
2025-10-27 20:04:49,624 - vessel_data_pipeline - INFO - Updated metadata for Departed_in_last_36_hours.xml
2025-10-27 20:04:49,624 - vessel_data_pipeline - INFO - Successfully downloaded and validated Departed_in_last_36_hours.xml
2025-10-27 20:04:51,629 - vessel_data_pipeline - INFO - Downloading Expected_arrivals.xml (attempt 1/3)
2025-10-27 20:04:51,688 - vessel_data_pipeline - INFO - File temp_Expected_arrivals.xml passed validation checks
2025-10-27 20:04:51,689 - vessel_data_pipeline - INFO - Created backup: Expected_arrivals_20251027_200451.xml
2025-10-27 20:04:51,689 - vessel_data_pipeline - INFO - Updated metadata for Expected_arrivals.xml
2025-10-27 20:04:51,689 - vessel_data_pipeline - INFO - Successfully downloaded and validated Expected_arrivals.xml
2025-10-27 20:04:53,694 - vessel_data_pipeline - INFO - Downloading Expected_departures.xml (attempt 1/3)
2025-10-27 20:04:53,740 - vessel_data_pipeline - INFO - File temp_Expected_departures.xml passed validation checks
2025-10-27 20:04:53,740 - vessel_data_pipeline - INFO - Created backup: Expected_departures_20251027_200453.xml
2025-10-27 20:04:53,740 - vessel_data_pipeline - INFO - Updated metadata for Expected_departures.xml
2025-10-27 20:04:53,740 - vessel_data_pipeline - INFO - Successfully downloaded and validated Expected_departures.xml
2025-10-27 20:04:55,741 - vessel_data_pipeline - INFO - Fetch operation completed. Results: {'Arrived_in_last_36_hours.xml': True, 'Departed_in_last_36_hours.xml': True, 'Expected_arrivals.xml': True, 'Expected_departures.xml': True}
2025-10-27 20:05:22,981 - vessel_data_pipeline - INFO - VesselDataFetcher initialized. Pipeline enabled: True
2025-10-27 20:05:22,983 - vessel_data_pipeline - INFO - Starting vessel data fetch operation
2025-10-27 20:05:22,983 - vessel_data_pipeline - INFO - Discovering XML files from Hong Kong Marine Department portal
2025-10-27 20:05:23,050 - vessel_data_pipeline - INFO - Verified access to Arrived_in_last_36_hours.xml
2025-10-27 20:05:23,093 - vessel_data_pipeline - INFO - Verified access to Departed_in_last_36_hours.xml
2025-10-27 20:05:23,129 - vessel_data_pipeline - INFO - Verified access to Expected_arrivals.xml
2025-10-27 20:05:23,181 - vessel_data_pipeline - INFO - Verified access to Expected_departures.xml
2025-10-27 20:05:23,182 - vessel_data_pipeline - INFO - Discovered 4 XML files for download
2025-10-27 20:05:23,182 - vessel_data_pipeline - INFO - Downloading Arrived_in_last_36_hours.xml (attempt 1/3)
2025-10-27 20:05:23,239 - vessel_data_pipeline - INFO - File temp_Arrived_in_last_36_hours.xml passed validation checks
2025-10-27 20:05:23,240 - vessel_data_pipeline - INFO - Created backup: Arrived_in_last_36_hours_20251027_200523.xml
2025-10-27 20:05:23,241 - vessel_data_pipeline - INFO - Updated metadata for Arrived_in_last_36_hours.xml
2025-10-27 20:05:23,241 - vessel_data_pipeline - INFO - Successfully downloaded and validated Arrived_in_last_36_hours.xml
2025-10-27 20:05:25,246 - vessel_data_pipeline - INFO - Downloading Departed_in_last_36_hours.xml (attempt 1/3)
2025-10-27 20:05:25,462 - vessel_data_pipeline - INFO - File temp_Departed_in_last_36_hours.xml passed validation checks
2025-10-27 20:05:25,462 - vessel_data_pipeline - INFO - Created backup: Departed_in_last_36_hours_20251027_200525.xml
2025-10-27 20:05:25,463 - vessel_data_pipeline - INFO - Updated metadata for Departed_in_last_36_hours.xml
2025-10-27 20:05:25,463 - vessel_data_pipeline - INFO - Successfully downloaded and validated Departed_in_last_36_hours.xml
2025-10-27 20:05:27,467 - vessel_data_pipeline - INFO - Downloading Expected_arrivals.xml (attempt 1/3)
2025-10-27 20:05:27,519 - vessel_data_pipeline - INFO - File temp_Expected_arrivals.xml passed validation checks
2025-10-27 20:05:27,519 - vessel_data_pipeline - INFO - Created backup: Expected_arrivals_20251027_200527.xml
2025-10-27 20:05:27,520 - vessel_data_pipeline - INFO - Updated metadata for Expected_arrivals.xml
2025-10-27 20:05:27,520 - vessel_data_pipeline - INFO - Successfully downloaded and validated Expected_arrivals.xml
2025-10-27 20:05:29,524 - vessel_data_pipeline - INFO - Downloading Expected_departures.xml (attempt 1/3)
2025-10-27 20:05:29,595 - vessel_data_pipeline - INFO - File temp_Expected_departures.xml passed validation checks
2025-10-27 20:05:29,595 - vessel_data_pipeline - INFO - Created backup: Expected_departures_20251027_200529.xml
2025-10-27 20:05:29,596 - vessel_data_pipeline - INFO - Updated metadata for Expected_departures.xml
2025-10-27 20:05:29,596 - vessel_data_pipeline - INFO - Successfully downloaded and validated Expected_departures.xml
2025-10-27 20:05:31,599 - vessel_data_pipeline - INFO - Fetch operation completed. Results: {'Arrived_in_last_36_hours.xml': True, 'Departed_in_last_36_hours.xml': True, 'Expected_arrivals.xml': True, 'Expected_departures.xml': True}
2025-10-27 20:05:31,604 - vessel_data_pipeline - INFO - VesselDataFetcher initialized. Pipeline enabled: True
2025-10-27 20:05:31,604 - vessel_data_pipeline - INFO - Starting vessel data fetch operation
2025-10-27 20:05:31,604 - vessel_data_pipeline - INFO - Discovering XML files from Hong Kong Marine Department portal
2025-10-27 20:05:31,670 - vessel_data_pipeline - INFO - Verified access to Arrived_in_last_36_hours.xml
2025-10-27 20:05:31,726 - vessel_data_pipeline - INFO - Verified access to Departed_in_last_36_hours.xml
2025-10-27 20:05:31,789 - vessel_data_pipeline - INFO - Verified access to Expected_arrivals.xml
2025-10-27 20:05:31,824 - vessel_data_pipeline - INFO - Verified access to Expected_departures.xml
2025-10-27 20:05:31,824 - vessel_data_pipeline - INFO - Discovered 4 XML files for download
2025-10-27 20:05:31,824 - vessel_data_pipeline - INFO - Downloading Arrived_in_last_36_hours.xml (attempt 1/3)
2025-10-27 20:05:31,891 - vessel_data_pipeline - INFO - File temp_Arrived_in_last_36_hours.xml passed validation checks
2025-10-27 20:05:31,892 - vessel_data_pipeline - INFO - Created backup: Arrived_in_last_36_hours_20251027_200531.xml
2025-10-27 20:05:31,892 - vessel_data_pipeline - INFO - Updated metadata for Arrived_in_last_36_hours.xml
2025-10-27 20:05:31,892 - vessel_data_pipeline - INFO - Successfully downloaded and validated Arrived_in_last_36_hours.xml
2025-10-27 20:05:33,897 - vessel_data_pipeline - INFO - Downloading Departed_in_last_36_hours.xml (attempt 1/3)
2025-10-27 20:05:33,968 - vessel_data_pipeline - INFO - File temp_Departed_in_last_36_hours.xml passed validation checks
2025-10-27 20:05:33,968 - vessel_data_pipeline - INFO - Created backup: Departed_in_last_36_hours_20251027_200533.xml
2025-10-27 20:05:33,969 - vessel_data_pipeline - INFO - Updated metadata for Departed_in_last_36_hours.xml
2025-10-27 20:05:33,969 - vessel_data_pipeline - INFO - Successfully downloaded and validated Departed_in_last_36_hours.xml
2025-10-27 20:05:35,974 - vessel_data_pipeline - INFO - Downloading Expected_arrivals.xml (attempt 1/3)
2025-10-27 20:05:36,029 - vessel_data_pipeline - INFO - File temp_Expected_arrivals.xml passed validation checks
2025-10-27 20:05:36,030 - vessel_data_pipeline - INFO - Created backup: Expected_arrivals_20251027_200536.xml
2025-10-27 20:05:36,030 - vessel_data_pipeline - INFO - Updated metadata for Expected_arrivals.xml
2025-10-27 20:05:36,030 - vessel_data_pipeline - INFO - Successfully downloaded and validated Expected_arrivals.xml
2025-10-27 20:05:38,035 - vessel_data_pipeline - INFO - Downloading Expected_departures.xml (attempt 1/3)
2025-10-27 20:05:38,087 - vessel_data_pipeline - INFO - File temp_Expected_departures.xml passed validation checks
2025-10-27 20:05:38,087 - vessel_data_pipeline - INFO - Created backup: Expected_departures_20251027_200538.xml
2025-10-27 20:05:38,087 - vessel_data_pipeline - INFO - Updated metadata for Expected_departures.xml
2025-10-27 20:05:38,087 - vessel_data_pipeline - INFO - Successfully downloaded and validated Expected_departures.xml
2025-10-27 20:05:40,089 - vessel_data_pipeline - INFO - Fetch operation completed. Results: {'Arrived_in_last_36_hours.xml': True, 'Departed_in_last_36_hours.xml': True, 'Expected_arrivals.xml': True, 'Expected_departures.xml': True}
2025-10-27 20:05:40,096 - vessel_data_pipeline - INFO - VesselDataFetcher initialized. Pipeline enabled: True
2025-10-27 20:05:40,096 - vessel_data_pipeline - INFO - Starting vessel data fetch operation
2025-10-27 20:05:40,096 - vessel_data_pipeline - INFO - Discovering XML files from Hong Kong Marine Department portal
2025-10-27 20:05:40,262 - vessel_data_pipeline - INFO - Verified access to Arrived_in_last_36_hours.xml
2025-10-27 20:05:40,305 - vessel_data_pipeline - INFO - Verified access to Departed_in_last_36_hours.xml
2025-10-27 20:05:40,343 - vessel_data_pipeline - INFO - Verified access to Expected_arrivals.xml
2025-10-27 20:05:40,598 - vessel_data_pipeline - INFO - Verified access to Expected_departures.xml
2025-10-27 20:05:40,598 - vessel_data_pipeline - INFO - Discovered 4 XML files for download
2025-10-27 20:05:40,598 - vessel_data_pipeline - INFO - Downloading Arrived_in_last_36_hours.xml (attempt 1/3)
2025-10-27 20:05:40,665 - vessel_data_pipeline - INFO - File temp_Arrived_in_last_36_hours.xml passed validation checks
2025-10-27 20:05:40,665 - vessel_data_pipeline - INFO - Created backup: Arrived_in_last_36_hours_20251027_200540.xml
2025-10-27 20:05:40,665 - vessel_data_pipeline - INFO - Updated metadata for Arrived_in_last_36_hours.xml
2025-10-27 20:05:40,665 - vessel_data_pipeline - INFO - Successfully downloaded and validated Arrived_in_last_36_hours.xml
2025-10-27 20:05:42,671 - vessel_data_pipeline - INFO - Downloading Departed_in_last_36_hours.xml (attempt 1/3)
2025-10-27 20:05:42,744 - vessel_data_pipeline - INFO - File temp_Departed_in_last_36_hours.xml passed validation checks
2025-10-27 20:05:42,744 - vessel_data_pipeline - INFO - Created backup: Departed_in_last_36_hours_20251027_200542.xml
2025-10-27 20:05:42,745 - vessel_data_pipeline - INFO - Updated metadata for Departed_in_last_36_hours.xml
2025-10-27 20:05:42,745 - vessel_data_pipeline - INFO - Successfully downloaded and validated Departed_in_last_36_hours.xml
2025-10-27 20:05:44,750 - vessel_data_pipeline - INFO - Downloading Expected_arrivals.xml (attempt 1/3)
2025-10-27 20:05:44,796 - vessel_data_pipeline - INFO - File temp_Expected_arrivals.xml passed validation checks
2025-10-27 20:05:44,797 - vessel_data_pipeline - INFO - Created backup: Expected_arrivals_20251027_200544.xml
2025-10-27 20:05:44,797 - vessel_data_pipeline - INFO - Updated metadata for Expected_arrivals.xml
2025-10-27 20:05:44,797 - vessel_data_pipeline - INFO - Successfully downloaded and validated Expected_arrivals.xml
2025-10-27 20:05:46,802 - vessel_data_pipeline - INFO - Downloading Expected_departures.xml (attempt 1/3)
2025-10-27 20:05:46,852 - vessel_data_pipeline - INFO - File temp_Expected_departures.xml passed validation checks
2025-10-27 20:05:46,853 - vessel_data_pipeline - INFO - Created backup: Expected_departures_20251027_200546.xml
2025-10-27 20:05:46,853 - vessel_data_pipeline - INFO - Updated metadata for Expected_departures.xml
2025-10-27 20:05:46,853 - vessel_data_pipeline - INFO - Successfully downloaded and validated Expected_departures.xml
2025-10-27 20:05:48,856 - vessel_data_pipeline - INFO - Fetch operation completed. Results: {'Arrived_in_last_36_hours.xml': True, 'Departed_in_last_36_hours.xml': True, 'Expected_arrivals.xml': True, 'Expected_departures.xml': True}
2025-10-27 20:05:48,860 - vessel_data_pipeline - INFO - VesselDataFetcher initialized. Pipeline enabled: True
2025-10-27 20:05:48,861 - vessel_data_pipeline - INFO - Starting vessel data fetch operation
2025-10-27 20:05:48,861 - vessel_data_pipeline - INFO - Discovering XML files from Hong Kong Marine Department portal
2025-10-27 20:05:48,924 - vessel_data_pipeline - INFO - Verified access to Arrived_in_last_36_hours.xml
2025-10-27 20:05:48,963 - vessel_data_pipeline - INFO - Verified access to Departed_in_last_36_hours.xml
2025-10-27 20:05:49,140 - vessel_data_pipeline - INFO - Verified access to Expected_arrivals.xml
2025-10-27 20:05:49,176 - vessel_data_pipeline - INFO - Verified access to Expected_departures.xml
2025-10-27 20:05:49,176 - vessel_data_pipeline - INFO - Discovered 4 XML files for download
2025-10-27 20:05:49,176 - vessel_data_pipeline - INFO - Downloading Arrived_in_last_36_hours.xml (attempt 1/3)
2025-10-27 20:05:49,334 - vessel_data_pipeline - INFO - File temp_Arrived_in_last_36_hours.xml passed validation checks
2025-10-27 20:05:49,334 - vessel_data_pipeline - INFO - Created backup: Arrived_in_last_36_hours_20251027_200549.xml
2025-10-27 20:05:49,335 - vessel_data_pipeline - INFO - Updated metadata for Arrived_in_last_36_hours.xml
2025-10-27 20:05:49,335 - vessel_data_pipeline - INFO - Successfully downloaded and validated Arrived_in_last_36_hours.xml
2025-10-27 20:05:51,339 - vessel_data_pipeline - INFO - Downloading Departed_in_last_36_hours.xml (attempt 1/3)
2025-10-27 20:05:51,453 - vessel_data_pipeline - INFO - File temp_Departed_in_last_36_hours.xml passed validation checks
2025-10-27 20:05:51,454 - vessel_data_pipeline - INFO - Created backup: Departed_in_last_36_hours_20251027_200551.xml
2025-10-27 20:05:51,454 - vessel_data_pipeline - INFO - Updated metadata for Departed_in_last_36_hours.xml
2025-10-27 20:05:51,454 - vessel_data_pipeline - INFO - Successfully downloaded and validated Departed_in_last_36_hours.xml
2025-10-27 20:05:53,454 - vessel_data_pipeline - INFO - Downloading Expected_arrivals.xml (attempt 1/3)
2025-10-27 20:05:53,515 - vessel_data_pipeline - INFO - File temp_Expected_arrivals.xml passed validation checks
2025-10-27 20:05:53,515 - vessel_data_pipeline - INFO - Created backup: Expected_arrivals_20251027_200553.xml
2025-10-27 20:05:53,516 - vessel_data_pipeline - INFO - Updated metadata for Expected_arrivals.xml
2025-10-27 20:05:53,516 - vessel_data_pipeline - INFO - Successfully downloaded and validated Expected_arrivals.xml
2025-10-27 20:05:55,521 - vessel_data_pipeline - INFO - Downloading Expected_departures.xml (attempt 1/3)
2025-10-27 20:05:55,584 - vessel_data_pipeline - INFO - File temp_Expected_departures.xml passed validation checks
2025-10-27 20:05:55,585 - vessel_data_pipeline - INFO - Created backup: Expected_departures_20251027_200555.xml
2025-10-27 20:05:55,585 - vessel_data_pipeline - INFO - Updated metadata for Expected_departures.xml
2025-10-27 20:05:55,585 - vessel_data_pipeline - INFO - Successfully downloaded and validated Expected_departures.xml
2025-10-27 20:05:57,590 - vessel_data_pipeline - INFO - Fetch operation completed. Results: {'Arrived_in_last_36_hours.xml': True, 'Departed_in_last_36_hours.xml': True, 'Expected_arrivals.xml': True, 'Expected_departures.xml': True}
2025-10-27 20:06:44,028 - vessel_data_pipeline - INFO - VesselDataFetcher initialized. Pipeline enabled: True
2025-10-27 20:06:44,029 - vessel_data_pipeline - INFO - Starting vessel data fetch operation
2025-10-27 20:06:44,029 - vessel_data_pipeline - INFO - Discovering XML files from Hong Kong Marine Department portal
2025-10-27 20:06:44,117 - vessel_data_pipeline - INFO - Verified access to Arrived_in_last_36_hours.xml
2025-10-27 20:06:44,156 - vessel_data_pipeline - INFO - Verified access to Departed_in_last_36_hours.xml
2025-10-27 20:06:44,229 - vessel_data_pipeline - INFO - Verified access to Expected_arrivals.xml
2025-10-27 20:06:44,260 - vessel_data_pipeline - INFO - Verified access to Expected_departures.xml
2025-10-27 20:06:44,260 - vessel_data_pipeline - INFO - Discovered 4 XML files for download
2025-10-27 20:06:44,260 - vessel_data_pipeline - INFO - Downloading Arrived_in_last_36_hours.xml (attempt 1/3)
2025-10-27 20:06:44,315 - vessel_data_pipeline - INFO - File temp_Arrived_in_last_36_hours.xml passed validation checks
2025-10-27 20:06:44,317 - vessel_data_pipeline - INFO - Created backup: Arrived_in_last_36_hours_20251027_200644.xml
2025-10-27 20:06:44,317 - vessel_data_pipeline - INFO - Updated metadata for Arrived_in_last_36_hours.xml
2025-10-27 20:06:44,317 - vessel_data_pipeline - INFO - Successfully downloaded and validated Arrived_in_last_36_hours.xml
2025-10-27 20:06:46,318 - vessel_data_pipeline - INFO - Downloading Departed_in_last_36_hours.xml (attempt 1/3)
2025-10-27 20:06:46,415 - vessel_data_pipeline - INFO - File temp_Departed_in_last_36_hours.xml passed validation checks
2025-10-27 20:06:46,415 - vessel_data_pipeline - INFO - Created backup: Departed_in_last_36_hours_20251027_200646.xml
2025-10-27 20:06:46,415 - vessel_data_pipeline - INFO - Updated metadata for Departed_in_last_36_hours.xml
2025-10-27 20:06:46,415 - vessel_data_pipeline - INFO - Successfully downloaded and validated Departed_in_last_36_hours.xml
2025-10-27 20:06:48,421 - vessel_data_pipeline - INFO - Downloading Expected_arrivals.xml (attempt 1/3)
2025-10-27 20:06:48,486 - vessel_data_pipeline - INFO - File temp_Expected_arrivals.xml passed validation checks
2025-10-27 20:06:48,486 - vessel_data_pipeline - INFO - Created backup: Expected_arrivals_20251027_200648.xml
2025-10-27 20:06:48,487 - vessel_data_pipeline - INFO - Updated metadata for Expected_arrivals.xml
2025-10-27 20:06:48,487 - vessel_data_pipeline - INFO - Successfully downloaded and validated Expected_arrivals.xml
2025-10-27 20:06:50,490 - vessel_data_pipeline - INFO - Downloading Expected_departures.xml (attempt 1/3)
2025-10-27 20:06:50,558 - vessel_data_pipeline - INFO - File temp_Expected_departures.xml passed validation checks
2025-10-27 20:06:50,559 - vessel_data_pipeline - INFO - Created backup: Expected_departures_20251027_200650.xml
2025-10-27 20:06:50,559 - vessel_data_pipeline - INFO - Updated metadata for Expected_departures.xml
2025-10-27 20:06:50,559 - vessel_data_pipeline - INFO - Successfully downloaded and validated Expected_departures.xml
2025-10-27 20:06:52,564 - vessel_data_pipeline - INFO - Fetch operation completed. Results: {'Arrived_in_last_36_hours.xml': True, 'Departed_in_last_36_hours.xml': True, 'Expected_arrivals.xml': True, 'Expected_departures.xml': True}
2025-10-27 20:06:52,570 - vessel_data_pipeline - INFO - VesselDataFetcher initialized. Pipeline enabled: True
2025-10-27 20:06:52,571 - vessel_data_pipeline - INFO - Starting vessel data fetch operation
2025-10-27 20:06:52,571 - vessel_data_pipeline - INFO - Discovering XML files from Hong Kong Marine Department portal
2025-10-27 20:06:52,627 - vessel_data_pipeline - INFO - Verified access to Arrived_in_last_36_hours.xml
2025-10-27 20:06:52,659 - vessel_data_pipeline - INFO - Verified access to Departed_in_last_36_hours.xml
2025-10-27 20:06:52,716 - vessel_data_pipeline - INFO - Verified access to Expected_arrivals.xml
2025-10-27 20:06:52,762 - vessel_data_pipeline - INFO - Verified access to Expected_departures.xml
2025-10-27 20:06:52,762 - vessel_data_pipeline - INFO - Discovered 4 XML files for download
2025-10-27 20:06:52,762 - vessel_data_pipeline - INFO - Downloading Arrived_in_last_36_hours.xml (attempt 1/3)
2025-10-27 20:06:52,820 - vessel_data_pipeline - INFO - File temp_Arrived_in_last_36_hours.xml passed validation checks
2025-10-27 20:06:52,820 - vessel_data_pipeline - INFO - Created backup: Arrived_in_last_36_hours_20251027_200652.xml
2025-10-27 20:06:52,821 - vessel_data_pipeline - INFO - Updated metadata for Arrived_in_last_36_hours.xml
2025-10-27 20:06:52,821 - vessel_data_pipeline - INFO - Successfully downloaded and validated Arrived_in_last_36_hours.xml
2025-10-27 20:06:54,822 - vessel_data_pipeline - INFO - Downloading Departed_in_last_36_hours.xml (attempt 1/3)
2025-10-27 20:06:54,882 - vessel_data_pipeline - INFO - File temp_Departed_in_last_36_hours.xml passed validation checks
2025-10-27 20:06:54,883 - vessel_data_pipeline - INFO - Created backup: Departed_in_last_36_hours_20251027_200654.xml
2025-10-27 20:06:54,883 - vessel_data_pipeline - INFO - Updated metadata for Departed_in_last_36_hours.xml
2025-10-27 20:06:54,883 - vessel_data_pipeline - INFO - Successfully downloaded and validated Departed_in_last_36_hours.xml
2025-10-27 20:06:56,888 - vessel_data_pipeline - INFO - Downloading Expected_arrivals.xml (attempt 1/3)
2025-10-27 20:06:56,941 - vessel_data_pipeline - INFO - File temp_Expected_arrivals.xml passed validation checks
2025-10-27 20:06:56,941 - vessel_data_pipeline - INFO - Created backup: Expected_arrivals_20251027_200656.xml
2025-10-27 20:06:56,942 - vessel_data_pipeline - INFO - Updated metadata for Expected_arrivals.xml
2025-10-27 20:06:56,942 - vessel_data_pipeline - INFO - Successfully downloaded and validated Expected_arrivals.xml
2025-10-27 20:06:58,947 - vessel_data_pipeline - INFO - Downloading Expected_departures.xml (attempt 1/3)
2025-10-27 20:06:59,005 - vessel_data_pipeline - INFO - File temp_Expected_departures.xml passed validation checks
2025-10-27 20:06:59,005 - vessel_data_pipeline - INFO - Created backup: Expected_departures_20251027_200659.xml
2025-10-27 20:06:59,005 - vessel_data_pipeline - INFO - Updated metadata for Expected_departures.xml
2025-10-27 20:06:59,006 - vessel_data_pipeline - INFO - Successfully downloaded and validated Expected_departures.xml
2025-10-27 20:07:01,011 - vessel_data_pipeline - INFO - Fetch operation completed. Results: {'Arrived_in_last_36_hours.xml': True, 'Departed_in_last_36_hours.xml': True, 'Expected_arrivals.xml': True, 'Expected_departures.xml': True}
2025-10-27 20:07:01,016 - vessel_data_pipeline - INFO - VesselDataFetcher initialized. Pipeline enabled: True
2025-10-27 20:07:01,016 - vessel_data_pipeline - INFO - Starting vessel data fetch operation
2025-10-27 20:07:01,016 - vessel_data_pipeline - INFO - Discovering XML files from Hong Kong Marine Department portal
2025-10-27 20:07:01,092 - vessel_data_pipeline - INFO - Verified access to Arrived_in_last_36_hours.xml
2025-10-27 20:07:01,135 - vessel_data_pipeline - INFO - Verified access to Departed_in_last_36_hours.xml
2025-10-27 20:07:01,164 - vessel_data_pipeline - INFO - Verified access to Expected_arrivals.xml
2025-10-27 20:07:01,219 - vessel_data_pipeline - INFO - Verified access to Expected_departures.xml
2025-10-27 20:07:01,219 - vessel_data_pipeline - INFO - Discovered 4 XML files for download
2025-10-27 20:07:01,219 - vessel_data_pipeline - INFO - Downloading Arrived_in_last_36_hours.xml (attempt 1/3)
2025-10-27 20:07:01,266 - vessel_data_pipeline - INFO - File temp_Arrived_in_last_36_hours.xml passed validation checks
2025-10-27 20:07:01,267 - vessel_data_pipeline - INFO - Created backup: Arrived_in_last_36_hours_20251027_200701.xml
2025-10-27 20:07:01,267 - vessel_data_pipeline - INFO - Updated metadata for Arrived_in_last_36_hours.xml
2025-10-27 20:07:01,267 - vessel_data_pipeline - INFO - Successfully downloaded and validated Arrived_in_last_36_hours.xml
2025-10-27 20:07:03,269 - vessel_data_pipeline - INFO - Downloading Departed_in_last_36_hours.xml (attempt 1/3)
2025-10-27 20:07:03,339 - vessel_data_pipeline - INFO - File temp_Departed_in_last_36_hours.xml passed validation checks
2025-10-27 20:07:03,339 - vessel_data_pipeline - INFO - Created backup: Departed_in_last_36_hours_20251027_200703.xml
2025-10-27 20:07:03,339 - vessel_data_pipeline - INFO - Updated metadata for Departed_in_last_36_hours.xml
2025-10-27 20:07:03,339 - vessel_data_pipeline - INFO - Successfully downloaded and validated Departed_in_last_36_hours.xml
2025-10-27 20:07:05,344 - vessel_data_pipeline - INFO - Downloading Expected_arrivals.xml (attempt 1/3)
2025-10-27 20:07:05,404 - vessel_data_pipeline - INFO - File temp_Expected_arrivals.xml passed validation checks
2025-10-27 20:07:05,404 - vessel_data_pipeline - INFO - Created backup: Expected_arrivals_20251027_200705.xml
2025-10-27 20:07:05,404 - vessel_data_pipeline - INFO - Updated metadata for Expected_arrivals.xml
2025-10-27 20:07:05,404 - vessel_data_pipeline - INFO - Successfully downloaded and validated Expected_arrivals.xml
2025-10-27 20:07:07,409 - vessel_data_pipeline - INFO - Downloading Expected_departures.xml (attempt 1/3)
2025-10-27 20:07:07,496 - vessel_data_pipeline - INFO - File temp_Expected_departures.xml passed validation checks
2025-10-27 20:07:07,496 - vessel_data_pipeline - INFO - Created backup: Expected_departures_20251027_200707.xml
2025-10-27 20:07:07,497 - vessel_data_pipeline - INFO - Updated metadata for Expected_departures.xml
2025-10-27 20:07:07,497 - vessel_data_pipeline - INFO - Successfully downloaded and validated Expected_departures.xml
2025-10-27 20:07:09,501 - vessel_data_pipeline - INFO - Fetch operation completed. Results: {'Arrived_in_last_36_hours.xml': True, 'Departed_in_last_36_hours.xml': True, 'Expected_arrivals.xml': True, 'Expected_departures.xml': True}
2025-10-27 20:07:09,505 - vessel_data_pipeline - INFO - VesselDataFetcher initialized. Pipeline enabled: True
2025-10-27 20:07:09,506 - vessel_data_pipeline - INFO - Starting vessel data fetch operation
2025-10-27 20:07:09,506 - vessel_data_pipeline - INFO - Discovering XML files from Hong Kong Marine Department portal
2025-10-27 20:07:09,562 - vessel_data_pipeline - INFO - Verified access to Arrived_in_last_36_hours.xml
2025-10-27 20:07:09,603 - vessel_data_pipeline - INFO - Verified access to Departed_in_last_36_hours.xml
2025-10-27 20:07:09,647 - vessel_data_pipeline - INFO - Verified access to Expected_arrivals.xml
2025-10-27 20:07:09,687 - vessel_data_pipeline - INFO - Verified access to Expected_departures.xml
2025-10-27 20:07:09,688 - vessel_data_pipeline - INFO - Discovered 4 XML files for download
2025-10-27 20:07:09,688 - vessel_data_pipeline - INFO - Downloading Arrived_in_last_36_hours.xml (attempt 1/3)
2025-10-27 20:07:09,740 - vessel_data_pipeline - INFO - File temp_Arrived_in_last_36_hours.xml passed validation checks
2025-10-27 20:07:09,741 - vessel_data_pipeline - INFO - Created backup: Arrived_in_last_36_hours_20251027_200709.xml
2025-10-27 20:07:09,741 - vessel_data_pipeline - INFO - Updated metadata for Arrived_in_last_36_hours.xml
2025-10-27 20:07:09,741 - vessel_data_pipeline - INFO - Successfully downloaded and validated Arrived_in_last_36_hours.xml
2025-10-27 20:07:11,746 - vessel_data_pipeline - INFO - Downloading Departed_in_last_36_hours.xml (attempt 1/3)
2025-10-27 20:07:11,833 - vessel_data_pipeline - INFO - File temp_Departed_in_last_36_hours.xml passed validation checks
2025-10-27 20:07:11,833 - vessel_data_pipeline - INFO - Created backup: Departed_in_last_36_hours_20251027_200711.xml
2025-10-27 20:07:11,834 - vessel_data_pipeline - INFO - Updated metadata for Departed_in_last_36_hours.xml
2025-10-27 20:07:11,834 - vessel_data_pipeline - INFO - Successfully downloaded and validated Departed_in_last_36_hours.xml
2025-10-27 20:07:13,839 - vessel_data_pipeline - INFO - Downloading Expected_arrivals.xml (attempt 1/3)
2025-10-27 20:07:13,942 - vessel_data_pipeline - INFO - File temp_Expected_arrivals.xml passed validation checks
2025-10-27 20:07:13,943 - vessel_data_pipeline - INFO - Created backup: Expected_arrivals_20251027_200713.xml
2025-10-27 20:07:13,943 - vessel_data_pipeline - INFO - Updated metadata for Expected_arrivals.xml
2025-10-27 20:07:13,943 - vessel_data_pipeline - INFO - Successfully downloaded and validated Expected_arrivals.xml
2025-10-27 20:07:15,946 - vessel_data_pipeline - INFO - Downloading Expected_departures.xml (attempt 1/3)
2025-10-27 20:07:16,011 - vessel_data_pipeline - INFO - File temp_Expected_departures.xml passed validation checks
2025-10-27 20:07:16,011 - vessel_data_pipeline - INFO - Created backup: Expected_departures_20251027_200716.xml
2025-10-27 20:07:16,011 - vessel_data_pipeline - INFO - Updated metadata for Expected_departures.xml
2025-10-27 20:07:16,011 - vessel_data_pipeline - INFO - Successfully downloaded and validated Expected_departures.xml
2025-10-27 20:07:18,016 - vessel_data_pipeline - INFO - Fetch operation completed. Results: {'Arrived_in_last_36_hours.xml': True, 'Departed_in_last_36_hours.xml': True, 'Expected_arrivals.xml': True, 'Expected_departures.xml': True}
2025-10-27 20:08:10,550 - vessel_data_pipeline - INFO - VesselDataFetcher initialized. Pipeline enabled: True
2025-10-27 20:08:10,551 - vessel_data_pipeline - INFO - Starting vessel data fetch operation
2025-10-27 20:08:10,551 - vessel_data_pipeline - INFO - Discovering XML files from Hong Kong Marine Department portal
2025-10-27 20:08:10,616 - vessel_data_pipeline - INFO - Verified access to Arrived_in_last_36_hours.xml
2025-10-27 20:08:10,665 - vessel_data_pipeline - INFO - Verified access to Departed_in_last_36_hours.xml
2025-10-27 20:08:10,707 - vessel_data_pipeline - INFO - Verified access to Expected_arrivals.xml
2025-10-27 20:08:10,759 - vessel_data_pipeline - INFO - Verified access to Expected_departures.xml
2025-10-27 20:08:10,760 - vessel_data_pipeline - INFO - Discovered 4 XML files for download
2025-10-27 20:08:10,760 - vessel_data_pipeline - INFO - Downloading Arrived_in_last_36_hours.xml (attempt 1/3)
2025-10-27 20:08:10,823 - vessel_data_pipeline - INFO - File temp_Arrived_in_last_36_hours.xml passed validation checks
2025-10-27 20:08:10,824 - vessel_data_pipeline - INFO - Created backup: Arrived_in_last_36_hours_20251027_200810.xml
2025-10-27 20:08:10,824 - vessel_data_pipeline - INFO - Updated metadata for Arrived_in_last_36_hours.xml
2025-10-27 20:08:10,824 - vessel_data_pipeline - INFO - Successfully downloaded and validated Arrived_in_last_36_hours.xml
2025-10-27 20:08:12,825 - vessel_data_pipeline - INFO - Downloading Departed_in_last_36_hours.xml (attempt 1/3)
2025-10-27 20:08:12,881 - vessel_data_pipeline - INFO - File temp_Departed_in_last_36_hours.xml passed validation checks
2025-10-27 20:08:12,881 - vessel_data_pipeline - INFO - Created backup: Departed_in_last_36_hours_20251027_200812.xml
2025-10-27 20:08:12,881 - vessel_data_pipeline - INFO - Updated metadata for Departed_in_last_36_hours.xml
2025-10-27 20:08:12,881 - vessel_data_pipeline - INFO - Successfully downloaded and validated Departed_in_last_36_hours.xml
2025-10-27 20:08:14,886 - vessel_data_pipeline - INFO - Downloading Expected_arrivals.xml (attempt 1/3)
2025-10-27 20:08:14,937 - vessel_data_pipeline - INFO - File temp_Expected_arrivals.xml passed validation checks
2025-10-27 20:08:14,938 - vessel_data_pipeline - INFO - Created backup: Expected_arrivals_20251027_200814.xml
2025-10-27 20:08:14,938 - vessel_data_pipeline - INFO - Updated metadata for Expected_arrivals.xml
2025-10-27 20:08:14,938 - vessel_data_pipeline - INFO - Successfully downloaded and validated Expected_arrivals.xml
2025-10-27 20:08:16,940 - vessel_data_pipeline - INFO - Downloading Expected_departures.xml (attempt 1/3)
2025-10-27 20:08:16,989 - vessel_data_pipeline - INFO - File temp_Expected_departures.xml passed validation checks
2025-10-27 20:08:16,990 - vessel_data_pipeline - INFO - Created backup: Expected_departures_20251027_200816.xml
2025-10-27 20:08:16,990 - vessel_data_pipeline - INFO - Updated metadata for Expected_departures.xml
2025-10-27 20:08:16,990 - vessel_data_pipeline - INFO - Successfully downloaded and validated Expected_departures.xml
2025-10-27 20:08:18,995 - vessel_data_pipeline - INFO - Fetch operation completed. Results: {'Arrived_in_last_36_hours.xml': True, 'Departed_in_last_36_hours.xml': True, 'Expected_arrivals.xml': True, 'Expected_departures.xml': True}
2025-10-27 20:08:18,999 - vessel_data_pipeline - INFO - VesselDataFetcher initialized. Pipeline enabled: True
2025-10-27 20:08:18,999 - vessel_data_pipeline - INFO - Starting vessel data fetch operation
2025-10-27 20:08:18,999 - vessel_data_pipeline - INFO - Discovering XML files from Hong Kong Marine Department portal
2025-10-27 20:08:19,060 - vessel_data_pipeline - INFO - Verified access to Arrived_in_last_36_hours.xml
2025-10-27 20:08:19,098 - vessel_data_pipeline - INFO - Verified access to Departed_in_last_36_hours.xml
2025-10-27 20:08:19,157 - vessel_data_pipeline - INFO - Verified access to Expected_arrivals.xml
2025-10-27 20:08:19,267 - vessel_data_pipeline - INFO - Verified access to Expected_departures.xml
2025-10-27 20:08:19,267 - vessel_data_pipeline - INFO - Discovered 4 XML files for download
2025-10-27 20:08:19,267 - vessel_data_pipeline - INFO - Downloading Arrived_in_last_36_hours.xml (attempt 1/3)
2025-10-27 20:08:19,316 - vessel_data_pipeline - INFO - File temp_Arrived_in_last_36_hours.xml passed validation checks
2025-10-27 20:08:19,316 - vessel_data_pipeline - INFO - Created backup: Arrived_in_last_36_hours_20251027_200819.xml
2025-10-27 20:08:19,316 - vessel_data_pipeline - INFO - Updated metadata for Arrived_in_last_36_hours.xml
2025-10-27 20:08:19,317 - vessel_data_pipeline - INFO - Successfully downloaded and validated Arrived_in_last_36_hours.xml
2025-10-27 20:08:21,320 - vessel_data_pipeline - INFO - Downloading Departed_in_last_36_hours.xml (attempt 1/3)
2025-10-27 20:08:21,408 - vessel_data_pipeline - INFO - File temp_Departed_in_last_36_hours.xml passed validation checks
2025-10-27 20:08:21,408 - vessel_data_pipeline - INFO - Created backup: Departed_in_last_36_hours_20251027_200821.xml
2025-10-27 20:08:21,408 - vessel_data_pipeline - INFO - Updated metadata for Departed_in_last_36_hours.xml
2025-10-27 20:08:21,408 - vessel_data_pipeline - INFO - Successfully downloaded and validated Departed_in_last_36_hours.xml
2025-10-27 20:08:23,412 - vessel_data_pipeline - INFO - Downloading Expected_arrivals.xml (attempt 1/3)
2025-10-27 20:08:23,467 - vessel_data_pipeline - INFO - File temp_Expected_arrivals.xml passed validation checks
2025-10-27 20:08:23,468 - vessel_data_pipeline - INFO - Created backup: Expected_arrivals_20251027_200823.xml
2025-10-27 20:08:23,468 - vessel_data_pipeline - INFO - Updated metadata for Expected_arrivals.xml
2025-10-27 20:08:23,468 - vessel_data_pipeline - INFO - Successfully downloaded and validated Expected_arrivals.xml
2025-10-27 20:08:25,470 - vessel_data_pipeline - INFO - Downloading Expected_departures.xml (attempt 1/3)
2025-10-27 20:08:25,528 - vessel_data_pipeline - INFO - File temp_Expected_departures.xml passed validation checks
2025-10-27 20:08:25,528 - vessel_data_pipeline - INFO - Created backup: Expected_departures_20251027_200825.xml
2025-10-27 20:08:25,529 - vessel_data_pipeline - INFO - Updated metadata for Expected_departures.xml
2025-10-27 20:08:25,529 - vessel_data_pipeline - INFO - Successfully downloaded and validated Expected_departures.xml
2025-10-27 20:08:27,534 - vessel_data_pipeline - INFO - Fetch operation completed. Results: {'Arrived_in_last_36_hours.xml': True, 'Departed_in_last_36_hours.xml': True, 'Expected_arrivals.xml': True, 'Expected_departures.xml': True}
2025-10-27 20:08:27,538 - vessel_data_pipeline - INFO - VesselDataFetcher initialized. Pipeline enabled: True
2025-10-27 20:08:27,538 - vessel_data_pipeline - INFO - Starting vessel data fetch operation
2025-10-27 20:08:27,538 - vessel_data_pipeline - INFO - Discovering XML files from Hong Kong Marine Department portal
2025-10-27 20:08:27,625 - vessel_data_pipeline - INFO - Verified access to Arrived_in_last_36_hours.xml
2025-10-27 20:08:27,661 - vessel_data_pipeline - INFO - Verified access to Departed_in_last_36_hours.xml
2025-10-27 20:08:27,693 - vessel_data_pipeline - INFO - Verified access to Expected_arrivals.xml
2025-10-27 20:08:27,732 - vessel_data_pipeline - INFO - Verified access to Expected_departures.xml
2025-10-27 20:08:27,732 - vessel_data_pipeline - INFO - Discovered 4 XML files for download
2025-10-27 20:08:27,732 - vessel_data_pipeline - INFO - Downloading Arrived_in_last_36_hours.xml (attempt 1/3)
2025-10-27 20:08:27,929 - vessel_data_pipeline - INFO - File temp_Arrived_in_last_36_hours.xml passed validation checks
2025-10-27 20:08:27,929 - vessel_data_pipeline - INFO - Created backup: Arrived_in_last_36_hours_20251027_200827.xml
2025-10-27 20:08:27,930 - vessel_data_pipeline - INFO - Updated metadata for Arrived_in_last_36_hours.xml
2025-10-27 20:08:27,930 - vessel_data_pipeline - INFO - Successfully downloaded and validated Arrived_in_last_36_hours.xml
2025-10-27 20:08:29,935 - vessel_data_pipeline - INFO - Downloading Departed_in_last_36_hours.xml (attempt 1/3)
2025-10-27 20:08:29,996 - vessel_data_pipeline - INFO - File temp_Departed_in_last_36_hours.xml passed validation checks
2025-10-27 20:08:29,996 - vessel_data_pipeline - INFO - Created backup: Departed_in_last_36_hours_20251027_200829.xml
2025-10-27 20:08:29,997 - vessel_data_pipeline - INFO - Updated metadata for Departed_in_last_36_hours.xml
2025-10-27 20:08:29,997 - vessel_data_pipeline - INFO - Successfully downloaded and validated Departed_in_last_36_hours.xml
2025-10-27 20:08:32,002 - vessel_data_pipeline - INFO - Downloading Expected_arrivals.xml (attempt 1/3)
2025-10-27 20:08:32,064 - vessel_data_pipeline - INFO - File temp_Expected_arrivals.xml passed validation checks
2025-10-27 20:08:32,064 - vessel_data_pipeline - INFO - Created backup: Expected_arrivals_20251027_200832.xml
2025-10-27 20:08:32,065 - vessel_data_pipeline - INFO - Updated metadata for Expected_arrivals.xml
2025-10-27 20:08:32,065 - vessel_data_pipeline - INFO - Successfully downloaded and validated Expected_arrivals.xml
2025-10-27 20:08:34,070 - vessel_data_pipeline - INFO - Downloading Expected_departures.xml (attempt 1/3)
2025-10-27 20:08:34,143 - vessel_data_pipeline - INFO - File temp_Expected_departures.xml passed validation checks
2025-10-27 20:08:34,144 - vessel_data_pipeline - INFO - Created backup: Expected_departures_20251027_200834.xml
2025-10-27 20:08:34,144 - vessel_data_pipeline - INFO - Updated metadata for Expected_departures.xml
2025-10-27 20:08:34,144 - vessel_data_pipeline - INFO - Successfully downloaded and validated Expected_departures.xml
2025-10-27 20:08:36,149 - vessel_data_pipeline - INFO - Fetch operation completed. Results: {'Arrived_in_last_36_hours.xml': True, 'Departed_in_last_36_hours.xml': True, 'Expected_arrivals.xml': True, 'Expected_departures.xml': True}
2025-10-27 20:08:36,152 - vessel_data_pipeline - INFO - VesselDataFetcher initialized. Pipeline enabled: True
2025-10-27 20:08:36,152 - vessel_data_pipeline - INFO - Starting vessel data fetch operation
2025-10-27 20:08:36,152 - vessel_data_pipeline - INFO - Discovering XML files from Hong Kong Marine Department portal
2025-10-27 20:08:37,208 - vessel_data_pipeline - INFO - Verified access to Arrived_in_last_36_hours.xml
2025-10-27 20:08:37,245 - vessel_data_pipeline - INFO - Verified access to Departed_in_last_36_hours.xml
2025-10-27 20:08:37,285 - vessel_data_pipeline - INFO - Verified access to Expected_arrivals.xml
2025-10-27 20:08:37,342 - vessel_data_pipeline - INFO - Verified access to Expected_departures.xml
2025-10-27 20:08:37,342 - vessel_data_pipeline - INFO - Discovered 4 XML files for download
2025-10-27 20:08:37,342 - vessel_data_pipeline - INFO - Downloading Arrived_in_last_36_hours.xml (attempt 1/3)
2025-10-27 20:08:37,400 - vessel_data_pipeline - INFO - File temp_Arrived_in_last_36_hours.xml passed validation checks
2025-10-27 20:08:37,401 - vessel_data_pipeline - INFO - Created backup: Arrived_in_last_36_hours_20251027_200837.xml
2025-10-27 20:08:37,402 - vessel_data_pipeline - INFO - Updated metadata for Arrived_in_last_36_hours.xml
2025-10-27 20:08:37,402 - vessel_data_pipeline - INFO - Successfully downloaded and validated Arrived_in_last_36_hours.xml
2025-10-27 20:08:39,403 - vessel_data_pipeline - INFO - Downloading Departed_in_last_36_hours.xml (attempt 1/3)
2025-10-27 20:08:39,464 - vessel_data_pipeline - INFO - File temp_Departed_in_last_36_hours.xml passed validation checks
2025-10-27 20:08:39,465 - vessel_data_pipeline - INFO - Created backup: Departed_in_last_36_hours_20251027_200839.xml
2025-10-27 20:08:39,465 - vessel_data_pipeline - INFO - Updated metadata for Departed_in_last_36_hours.xml
2025-10-27 20:08:39,465 - vessel_data_pipeline - INFO - Successfully downloaded and validated Departed_in_last_36_hours.xml
2025-10-27 20:08:41,470 - vessel_data_pipeline - INFO - Downloading Expected_arrivals.xml (attempt 1/3)
2025-10-27 20:08:41,536 - vessel_data_pipeline - INFO - File temp_Expected_arrivals.xml passed validation checks
2025-10-27 20:08:41,536 - vessel_data_pipeline - INFO - Created backup: Expected_arrivals_20251027_200841.xml
2025-10-27 20:08:41,536 - vessel_data_pipeline - INFO - Updated metadata for Expected_arrivals.xml
2025-10-27 20:08:41,536 - vessel_data_pipeline - INFO - Successfully downloaded and validated Expected_arrivals.xml
2025-10-27 20:08:43,541 - vessel_data_pipeline - INFO - Downloading Expected_departures.xml (attempt 1/3)
2025-10-27 20:08:43,591 - vessel_data_pipeline - INFO - File temp_Expected_departures.xml passed validation checks
2025-10-27 20:08:43,592 - vessel_data_pipeline - INFO - Created backup: Expected_departures_20251027_200843.xml
2025-10-27 20:08:43,592 - vessel_data_pipeline - INFO - Updated metadata for Expected_departures.xml
2025-10-27 20:08:43,592 - vessel_data_pipeline - INFO - Successfully downloaded and validated Expected_departures.xml
2025-10-27 20:08:45,593 - vessel_data_pipeline - INFO - Fetch operation completed. Results: {'Arrived_in_last_36_hours.xml': True, 'Departed_in_last_36_hours.xml': True, 'Expected_arrivals.xml': True, 'Expected_departures.xml': True}
2025-10-27 20:09:56,322 - vessel_data_pipeline - INFO - VesselDataFetcher initialized. Pipeline enabled: True
2025-10-27 20:09:56,323 - vessel_data_pipeline - INFO - Starting vessel data fetch operation
2025-10-27 20:09:56,323 - vessel_data_pipeline - INFO - Discovering XML files from Hong Kong Marine Department portal
2025-10-27 20:09:56,603 - vessel_data_pipeline - INFO - Verified access to Arrived_in_last_36_hours.xml
2025-10-27 20:09:56,856 - vessel_data_pipeline - INFO - Verified access to Departed_in_last_36_hours.xml
2025-10-27 20:09:57,130 - vessel_data_pipeline - INFO - Verified access to Expected_arrivals.xml
2025-10-27 20:09:57,359 - vessel_data_pipeline - INFO - Verified access to Expected_departures.xml
2025-10-27 20:09:57,359 - vessel_data_pipeline - INFO - Discovered 4 XML files for download
2025-10-27 20:09:57,359 - vessel_data_pipeline - INFO - Downloading Arrived_in_last_36_hours.xml (attempt 1/3)
2025-10-27 20:09:57,422 - vessel_data_pipeline - INFO - File temp_Arrived_in_last_36_hours.xml passed validation checks
2025-10-27 20:09:57,423 - vessel_data_pipeline - INFO - Created backup: Arrived_in_last_36_hours_20251027_200957.xml
2025-10-27 20:09:57,424 - vessel_data_pipeline - INFO - Updated metadata for Arrived_in_last_36_hours.xml
2025-10-27 20:09:57,424 - vessel_data_pipeline - INFO - Successfully downloaded and validated Arrived_in_last_36_hours.xml
2025-10-27 20:09:59,429 - vessel_data_pipeline - INFO - Downloading Departed_in_last_36_hours.xml (attempt 1/3)
2025-10-27 20:09:59,505 - vessel_data_pipeline - INFO - File temp_Departed_in_last_36_hours.xml passed validation checks
2025-10-27 20:09:59,506 - vessel_data_pipeline - INFO - Created backup: Departed_in_last_36_hours_20251027_200959.xml
2025-10-27 20:09:59,506 - vessel_data_pipeline - INFO - Updated metadata for Departed_in_last_36_hours.xml
2025-10-27 20:09:59,506 - vessel_data_pipeline - INFO - Successfully downloaded and validated Departed_in_last_36_hours.xml
2025-10-27 20:10:01,509 - vessel_data_pipeline - INFO - Downloading Expected_arrivals.xml (attempt 1/3)
2025-10-27 20:10:01,748 - vessel_data_pipeline - INFO - File temp_Expected_arrivals.xml passed validation checks
2025-10-27 20:10:01,748 - vessel_data_pipeline - INFO - Created backup: Expected_arrivals_20251027_201001.xml
2025-10-27 20:10:01,748 - vessel_data_pipeline - INFO - Updated metadata for Expected_arrivals.xml
2025-10-27 20:10:01,748 - vessel_data_pipeline - INFO - Successfully downloaded and validated Expected_arrivals.xml
2025-10-27 20:10:03,754 - vessel_data_pipeline - INFO - Downloading Expected_departures.xml (attempt 1/3)
2025-10-27 20:10:03,806 - vessel_data_pipeline - INFO - File temp_Expected_departures.xml passed validation checks
2025-10-27 20:10:03,807 - vessel_data_pipeline - INFO - Created backup: Expected_departures_20251027_201003.xml
2025-10-27 20:10:03,807 - vessel_data_pipeline - INFO - Updated metadata for Expected_departures.xml
2025-10-27 20:10:03,807 - vessel_data_pipeline - INFO - Successfully downloaded and validated Expected_departures.xml
2025-10-27 20:10:05,812 - vessel_data_pipeline - INFO - Fetch operation completed. Results: {'Arrived_in_last_36_hours.xml': True, 'Departed_in_last_36_hours.xml': True, 'Expected_arrivals.xml': True, 'Expected_departures.xml': True}
2025-10-27 20:10:05,816 - vessel_data_pipeline - INFO - VesselDataFetcher initialized. Pipeline enabled: True
2025-10-27 20:10:05,816 - vessel_data_pipeline - INFO - Starting vessel data fetch operation
2025-10-27 20:10:05,817 - vessel_data_pipeline - INFO - Discovering XML files from Hong Kong Marine Department portal
2025-10-27 20:10:05,877 - vessel_data_pipeline - INFO - Verified access to Arrived_in_last_36_hours.xml
2025-10-27 20:10:05,911 - vessel_data_pipeline - INFO - Verified access to Departed_in_last_36_hours.xml
2025-10-27 20:10:05,967 - vessel_data_pipeline - INFO - Verified access to Expected_arrivals.xml
2025-10-27 20:10:06,006 - vessel_data_pipeline - INFO - Verified access to Expected_departures.xml
2025-10-27 20:10:06,006 - vessel_data_pipeline - INFO - Discovered 4 XML files for download
2025-10-27 20:10:06,006 - vessel_data_pipeline - INFO - Downloading Arrived_in_last_36_hours.xml (attempt 1/3)
2025-10-27 20:10:06,076 - vessel_data_pipeline - INFO - File temp_Arrived_in_last_36_hours.xml passed validation checks
2025-10-27 20:10:06,076 - vessel_data_pipeline - INFO - Created backup: Arrived_in_last_36_hours_20251027_201006.xml
2025-10-27 20:10:06,076 - vessel_data_pipeline - INFO - Updated metadata for Arrived_in_last_36_hours.xml
2025-10-27 20:10:06,076 - vessel_data_pipeline - INFO - Successfully downloaded and validated Arrived_in_last_36_hours.xml
2025-10-27 20:10:08,077 - vessel_data_pipeline - INFO - Downloading Departed_in_last_36_hours.xml (attempt 1/3)
2025-10-27 20:10:08,163 - vessel_data_pipeline - INFO - File temp_Departed_in_last_36_hours.xml passed validation checks
2025-10-27 20:10:08,163 - vessel_data_pipeline - INFO - Created backup: Departed_in_last_36_hours_20251027_201008.xml
2025-10-27 20:10:08,164 - vessel_data_pipeline - INFO - Updated metadata for Departed_in_last_36_hours.xml
2025-10-27 20:10:08,164 - vessel_data_pipeline - INFO - Successfully downloaded and validated Departed_in_last_36_hours.xml
2025-10-27 20:10:10,166 - vessel_data_pipeline - INFO - Downloading Expected_arrivals.xml (attempt 1/3)
2025-10-27 20:10:10,215 - vessel_data_pipeline - INFO - File temp_Expected_arrivals.xml passed validation checks
2025-10-27 20:10:10,216 - vessel_data_pipeline - INFO - Created backup: Expected_arrivals_20251027_201010.xml
2025-10-27 20:10:10,216 - vessel_data_pipeline - INFO - Updated metadata for Expected_arrivals.xml
2025-10-27 20:10:10,216 - vessel_data_pipeline - INFO - Successfully downloaded and validated Expected_arrivals.xml
2025-10-27 20:10:12,220 - vessel_data_pipeline - INFO - Downloading Expected_departures.xml (attempt 1/3)
2025-10-27 20:10:12,271 - vessel_data_pipeline - INFO - File temp_Expected_departures.xml passed validation checks
2025-10-27 20:10:12,271 - vessel_data_pipeline - INFO - Created backup: Expected_departures_20251027_201012.xml
2025-10-27 20:10:12,272 - vessel_data_pipeline - INFO - Updated metadata for Expected_departures.xml
2025-10-27 20:10:12,272 - vessel_data_pipeline - INFO - Successfully downloaded and validated Expected_departures.xml
2025-10-27 20:10:14,277 - vessel_data_pipeline - INFO - Fetch operation completed. Results: {'Arrived_in_last_36_hours.xml': True, 'Departed_in_last_36_hours.xml': True, 'Expected_arrivals.xml': True, 'Expected_departures.xml': True}
2025-10-27 20:10:14,282 - vessel_data_pipeline - INFO - VesselDataFetcher initialized. Pipeline enabled: True
2025-10-27 20:10:14,283 - vessel_data_pipeline - INFO - Starting vessel data fetch operation
2025-10-27 20:10:14,283 - vessel_data_pipeline - INFO - Discovering XML files from Hong Kong Marine Department portal
2025-10-27 20:10:14,338 - vessel_data_pipeline - INFO - Verified access to Arrived_in_last_36_hours.xml
2025-10-27 20:10:14,410 - vessel_data_pipeline - INFO - Verified access to Departed_in_last_36_hours.xml
2025-10-27 20:10:14,443 - vessel_data_pipeline - INFO - Verified access to Expected_arrivals.xml
2025-10-27 20:10:14,479 - vessel_data_pipeline - INFO - Verified access to Expected_departures.xml
2025-10-27 20:10:14,479 - vessel_data_pipeline - INFO - Discovered 4 XML files for download
2025-10-27 20:10:14,479 - vessel_data_pipeline - INFO - Downloading Arrived_in_last_36_hours.xml (attempt 1/3)
2025-10-27 20:10:14,542 - vessel_data_pipeline - INFO - File temp_Arrived_in_last_36_hours.xml passed validation checks
2025-10-27 20:10:14,542 - vessel_data_pipeline - INFO - Created backup: Arrived_in_last_36_hours_20251027_201014.xml
2025-10-27 20:10:14,542 - vessel_data_pipeline - INFO - Updated metadata for Arrived_in_last_36_hours.xml
2025-10-27 20:10:14,542 - vessel_data_pipeline - INFO - Successfully downloaded and validated Arrived_in_last_36_hours.xml
2025-10-27 20:10:16,545 - vessel_data_pipeline - INFO - Downloading Departed_in_last_36_hours.xml (attempt 1/3)
2025-10-27 20:10:16,600 - vessel_data_pipeline - INFO - File temp_Departed_in_last_36_hours.xml passed validation checks
2025-10-27 20:10:16,601 - vessel_data_pipeline - INFO - Created backup: Departed_in_last_36_hours_20251027_201016.xml
2025-10-27 20:10:16,601 - vessel_data_pipeline - INFO - Updated metadata for Departed_in_last_36_hours.xml
2025-10-27 20:10:16,601 - vessel_data_pipeline - INFO - Successfully downloaded and validated Departed_in_last_36_hours.xml
2025-10-27 20:10:18,607 - vessel_data_pipeline - INFO - Downloading Expected_arrivals.xml (attempt 1/3)
2025-10-27 20:10:18,653 - vessel_data_pipeline - INFO - File temp_Expected_arrivals.xml passed validation checks
2025-10-27 20:10:18,653 - vessel_data_pipeline - INFO - Created backup: Expected_arrivals_20251027_201018.xml
2025-10-27 20:10:18,653 - vessel_data_pipeline - INFO - Updated metadata for Expected_arrivals.xml
2025-10-27 20:10:18,653 - vessel_data_pipeline - INFO - Successfully downloaded and validated Expected_arrivals.xml
2025-10-27 20:10:20,659 - vessel_data_pipeline - INFO - Downloading Expected_departures.xml (attempt 1/3)
2025-10-27 20:10:20,735 - vessel_data_pipeline - INFO - File temp_Expected_departures.xml passed validation checks
2025-10-27 20:10:20,736 - vessel_data_pipeline - INFO - Created backup: Expected_departures_20251027_201020.xml
2025-10-27 20:10:20,736 - vessel_data_pipeline - INFO - Updated metadata for Expected_departures.xml
2025-10-27 20:10:20,736 - vessel_data_pipeline - INFO - Successfully downloaded and validated Expected_departures.xml
2025-10-27 20:10:22,742 - vessel_data_pipeline - INFO - Fetch operation completed. Results: {'Arrived_in_last_36_hours.xml': True, 'Departed_in_last_36_hours.xml': True, 'Expected_arrivals.xml': True, 'Expected_departures.xml': True}
2025-10-27 20:10:22,749 - vessel_data_pipeline - INFO - VesselDataFetcher initialized. Pipeline enabled: True
2025-10-27 20:10:22,749 - vessel_data_pipeline - INFO - Starting vessel data fetch operation
2025-10-27 20:10:22,749 - vessel_data_pipeline - INFO - Discovering XML files from Hong Kong Marine Department portal
2025-10-27 20:10:22,908 - vessel_data_pipeline - INFO - Verified access to Arrived_in_last_36_hours.xml
2025-10-27 20:10:22,942 - vessel_data_pipeline - INFO - Verified access to Departed_in_last_36_hours.xml
2025-10-27 20:10:22,974 - vessel_data_pipeline - INFO - Verified access to Expected_arrivals.xml
2025-10-27 20:10:23,034 - vessel_data_pipeline - INFO - Verified access to Expected_departures.xml
2025-10-27 20:10:23,034 - vessel_data_pipeline - INFO - Discovered 4 XML files for download
2025-10-27 20:10:23,034 - vessel_data_pipeline - INFO - Downloading Arrived_in_last_36_hours.xml (attempt 1/3)
2025-10-27 20:10:23,083 - vessel_data_pipeline - INFO - File temp_Arrived_in_last_36_hours.xml passed validation checks
2025-10-27 20:10:23,084 - vessel_data_pipeline - INFO - Created backup: Arrived_in_last_36_hours_20251027_201023.xml
2025-10-27 20:10:23,084 - vessel_data_pipeline - INFO - Updated metadata for Arrived_in_last_36_hours.xml
2025-10-27 20:10:23,084 - vessel_data_pipeline - INFO - Successfully downloaded and validated Arrived_in_last_36_hours.xml
2025-10-27 20:10:25,088 - vessel_data_pipeline - INFO - Downloading Departed_in_last_36_hours.xml (attempt 1/3)
2025-10-27 20:10:25,165 - vessel_data_pipeline - INFO - File temp_Departed_in_last_36_hours.xml passed validation checks
2025-10-27 20:10:25,166 - vessel_data_pipeline - INFO - Created backup: Departed_in_last_36_hours_20251027_201025.xml
2025-10-27 20:10:25,166 - vessel_data_pipeline - INFO - Updated metadata for Departed_in_last_36_hours.xml
2025-10-27 20:10:25,166 - vessel_data_pipeline - INFO - Successfully downloaded and validated Departed_in_last_36_hours.xml
2025-10-27 20:10:27,171 - vessel_data_pipeline - INFO - Downloading Expected_arrivals.xml (attempt 1/3)
2025-10-27 20:10:27,217 - vessel_data_pipeline - INFO - File temp_Expected_arrivals.xml passed validation checks
2025-10-27 20:10:27,218 - vessel_data_pipeline - INFO - Created backup: Expected_arrivals_20251027_201027.xml
2025-10-27 20:10:27,218 - vessel_data_pipeline - INFO - Updated metadata for Expected_arrivals.xml
2025-10-27 20:10:27,218 - vessel_data_pipeline - INFO - Successfully downloaded and validated Expected_arrivals.xml
2025-10-27 20:10:29,222 - vessel_data_pipeline - INFO - Downloading Expected_departures.xml (attempt 1/3)
2025-10-27 20:10:29,323 - vessel_data_pipeline - INFO - File temp_Expected_departures.xml passed validation checks
2025-10-27 20:10:29,324 - vessel_data_pipeline - INFO - Created backup: Expected_departures_20251027_201029.xml
2025-10-27 20:10:29,324 - vessel_data_pipeline - INFO - Updated metadata for Expected_departures.xml
2025-10-27 20:10:29,324 - vessel_data_pipeline - INFO - Successfully downloaded and validated Expected_departures.xml
2025-10-27 20:10:31,328 - vessel_data_pipeline - INFO - Fetch operation completed. Results: {'Arrived_in_last_36_hours.xml': True, 'Departed_in_last_36_hours.xml': True, 'Expected_arrivals.xml': True, 'Expected_departures.xml': True}
2025-10-27 20:11:17,433 - vessel_data_pipeline - INFO - VesselDataFetcher initialized. Pipeline enabled: True
2025-10-27 20:11:17,434 - vessel_data_pipeline - INFO - Starting vessel data fetch operation
2025-10-27 20:11:17,434 - vessel_data_pipeline - INFO - Discovering XML files from Hong Kong Marine Department portal
2025-10-27 20:11:17,551 - vessel_data_pipeline - INFO - Verified access to Arrived_in_last_36_hours.xml
2025-10-27 20:11:17,596 - vessel_data_pipeline - INFO - Verified access to Departed_in_last_36_hours.xml
2025-10-27 20:11:17,648 - vessel_data_pipeline - INFO - Verified access to Expected_arrivals.xml
2025-10-27 20:11:17,714 - vessel_data_pipeline - INFO - Verified access to Expected_departures.xml
2025-10-27 20:11:17,714 - vessel_data_pipeline - INFO - Discovered 4 XML files for download
2025-10-27 20:11:17,714 - vessel_data_pipeline - INFO - Downloading Arrived_in_last_36_hours.xml (attempt 1/3)
2025-10-27 20:11:17,808 - vessel_data_pipeline - INFO - File temp_Arrived_in_last_36_hours.xml passed validation checks
2025-10-27 20:11:17,809 - vessel_data_pipeline - INFO - Created backup: Arrived_in_last_36_hours_20251027_201117.xml
2025-10-27 20:11:17,809 - vessel_data_pipeline - INFO - Updated metadata for Arrived_in_last_36_hours.xml
2025-10-27 20:11:17,809 - vessel_data_pipeline - INFO - Successfully downloaded and validated Arrived_in_last_36_hours.xml
2025-10-27 20:11:19,814 - vessel_data_pipeline - INFO - Downloading Departed_in_last_36_hours.xml (attempt 1/3)
2025-10-27 20:11:19,906 - vessel_data_pipeline - INFO - File temp_Departed_in_last_36_hours.xml passed validation checks
2025-10-27 20:11:19,907 - vessel_data_pipeline - INFO - Created backup: Departed_in_last_36_hours_20251027_201119.xml
2025-10-27 20:11:19,907 - vessel_data_pipeline - INFO - Updated metadata for Departed_in_last_36_hours.xml
2025-10-27 20:11:19,907 - vessel_data_pipeline - INFO - Successfully downloaded and validated Departed_in_last_36_hours.xml
2025-10-27 20:11:21,912 - vessel_data_pipeline - INFO - Downloading Expected_arrivals.xml (attempt 1/3)
2025-10-27 20:11:21,985 - vessel_data_pipeline - INFO - File temp_Expected_arrivals.xml passed validation checks
2025-10-27 20:11:21,985 - vessel_data_pipeline - INFO - Created backup: Expected_arrivals_20251027_201121.xml
2025-10-27 20:11:21,985 - vessel_data_pipeline - INFO - Updated metadata for Expected_arrivals.xml
2025-10-27 20:11:21,985 - vessel_data_pipeline - INFO - Successfully downloaded and validated Expected_arrivals.xml
2025-10-27 20:11:23,991 - vessel_data_pipeline - INFO - Downloading Expected_departures.xml (attempt 1/3)
2025-10-27 20:11:24,075 - vessel_data_pipeline - INFO - File temp_Expected_departures.xml passed validation checks
2025-10-27 20:11:24,076 - vessel_data_pipeline - INFO - Created backup: Expected_departures_20251027_201124.xml
2025-10-27 20:11:24,076 - vessel_data_pipeline - INFO - Updated metadata for Expected_departures.xml
2025-10-27 20:11:24,076 - vessel_data_pipeline - INFO - Successfully downloaded and validated Expected_departures.xml
2025-10-27 20:11:26,081 - vessel_data_pipeline - INFO - Fetch operation completed. Results: {'Arrived_in_last_36_hours.xml': True, 'Departed_in_last_36_hours.xml': True, 'Expected_arrivals.xml': True, 'Expected_departures.xml': True}
2025-10-27 20:11:26,091 - vessel_data_pipeline - INFO - VesselDataFetcher initialized. Pipeline enabled: True
2025-10-27 20:11:26,092 - vessel_data_pipeline - INFO - Starting vessel data fetch operation
2025-10-27 20:11:26,092 - vessel_data_pipeline - INFO - Discovering XML files from Hong Kong Marine Department portal
2025-10-27 20:11:26,164 - vessel_data_pipeline - INFO - Verified access to Arrived_in_last_36_hours.xml
2025-10-27 20:11:26,199 - vessel_data_pipeline - INFO - Verified access to Departed_in_last_36_hours.xml
2025-10-27 20:11:26,350 - vessel_data_pipeline - INFO - Verified access to Expected_arrivals.xml
2025-10-27 20:11:26,421 - vessel_data_pipeline - INFO - Verified access to Expected_departures.xml
2025-10-27 20:11:26,421 - vessel_data_pipeline - INFO - Discovered 4 XML files for download
2025-10-27 20:11:26,421 - vessel_data_pipeline - INFO - Downloading Arrived_in_last_36_hours.xml (attempt 1/3)
2025-10-27 20:11:26,469 - vessel_data_pipeline - INFO - File temp_Arrived_in_last_36_hours.xml passed validation checks
2025-10-27 20:11:26,469 - vessel_data_pipeline - INFO - Created backup: Arrived_in_last_36_hours_20251027_201126.xml
2025-10-27 20:11:26,469 - vessel_data_pipeline - INFO - Updated metadata for Arrived_in_last_36_hours.xml
2025-10-27 20:11:26,470 - vessel_data_pipeline - INFO - Successfully downloaded and validated Arrived_in_last_36_hours.xml
2025-10-27 20:11:28,475 - vessel_data_pipeline - INFO - Downloading Departed_in_last_36_hours.xml (attempt 1/3)
2025-10-27 20:11:28,577 - vessel_data_pipeline - INFO - File temp_Departed_in_last_36_hours.xml passed validation checks
2025-10-27 20:11:28,577 - vessel_data_pipeline - INFO - Created backup: Departed_in_last_36_hours_20251027_201128.xml
2025-10-27 20:11:28,578 - vessel_data_pipeline - INFO - Updated metadata for Departed_in_last_36_hours.xml
2025-10-27 20:11:28,578 - vessel_data_pipeline - INFO - Successfully downloaded and validated Departed_in_last_36_hours.xml
2025-10-27 20:11:30,583 - vessel_data_pipeline - INFO - Downloading Expected_arrivals.xml (attempt 1/3)
2025-10-27 20:11:30,629 - vessel_data_pipeline - INFO - File temp_Expected_arrivals.xml passed validation checks
2025-10-27 20:11:30,630 - vessel_data_pipeline - INFO - Created backup: Expected_arrivals_20251027_201130.xml
2025-10-27 20:11:30,630 - vessel_data_pipeline - INFO - Updated metadata for Expected_arrivals.xml
2025-10-27 20:11:30,630 - vessel_data_pipeline - INFO - Successfully downloaded and validated Expected_arrivals.xml
2025-10-27 20:11:32,631 - vessel_data_pipeline - INFO - Downloading Expected_departures.xml (attempt 1/3)
2025-10-27 20:11:32,678 - vessel_data_pipeline - INFO - File temp_Expected_departures.xml passed validation checks
2025-10-27 20:11:32,678 - vessel_data_pipeline - INFO - Created backup: Expected_departures_20251027_201132.xml
2025-10-27 20:11:32,679 - vessel_data_pipeline - INFO - Updated metadata for Expected_departures.xml
2025-10-27 20:11:32,679 - vessel_data_pipeline - INFO - Successfully downloaded and validated Expected_departures.xml
2025-10-27 20:11:34,683 - vessel_data_pipeline - INFO - Fetch operation completed. Results: {'Arrived_in_last_36_hours.xml': True, 'Departed_in_last_36_hours.xml': True, 'Expected_arrivals.xml': True, 'Expected_departures.xml': True}
2025-10-27 20:11:34,687 - vessel_data_pipeline - INFO - VesselDataFetcher initialized. Pipeline enabled: True
2025-10-27 20:11:34,688 - vessel_data_pipeline - INFO - Starting vessel data fetch operation
2025-10-27 20:11:34,688 - vessel_data_pipeline - INFO - Discovering XML files from Hong Kong Marine Department portal
2025-10-27 20:11:34,773 - vessel_data_pipeline - INFO - Verified access to Arrived_in_last_36_hours.xml
2025-10-27 20:11:34,806 - vessel_data_pipeline - INFO - Verified access to Departed_in_last_36_hours.xml
2025-10-27 20:11:34,837 - vessel_data_pipeline - INFO - Verified access to Expected_arrivals.xml
2025-10-27 20:11:34,909 - vessel_data_pipeline - INFO - Verified access to Expected_departures.xml
2025-10-27 20:11:34,909 - vessel_data_pipeline - INFO - Discovered 4 XML files for download
2025-10-27 20:11:34,909 - vessel_data_pipeline - INFO - Downloading Arrived_in_last_36_hours.xml (attempt 1/3)
2025-10-27 20:11:35,180 - vessel_data_pipeline - INFO - File temp_Arrived_in_last_36_hours.xml passed validation checks
2025-10-27 20:11:35,181 - vessel_data_pipeline - INFO - Created backup: Arrived_in_last_36_hours_20251027_201135.xml
2025-10-27 20:11:35,181 - vessel_data_pipeline - INFO - Updated metadata for Arrived_in_last_36_hours.xml
2025-10-27 20:11:35,181 - vessel_data_pipeline - INFO - Successfully downloaded and validated Arrived_in_last_36_hours.xml
2025-10-27 20:11:37,184 - vessel_data_pipeline - INFO - Downloading Departed_in_last_36_hours.xml (attempt 1/3)
2025-10-27 20:11:37,243 - vessel_data_pipeline - INFO - File temp_Departed_in_last_36_hours.xml passed validation checks
2025-10-27 20:11:37,244 - vessel_data_pipeline - INFO - Created backup: Departed_in_last_36_hours_20251027_201137.xml
2025-10-27 20:11:37,244 - vessel_data_pipeline - INFO - Updated metadata for Departed_in_last_36_hours.xml
2025-10-27 20:11:37,244 - vessel_data_pipeline - INFO - Successfully downloaded and validated Departed_in_last_36_hours.xml
2025-10-27 20:11:39,249 - vessel_data_pipeline - INFO - Downloading Expected_arrivals.xml (attempt 1/3)
2025-10-27 20:11:39,321 - vessel_data_pipeline - INFO - File temp_Expected_arrivals.xml passed validation checks
2025-10-27 20:11:39,321 - vessel_data_pipeline - INFO - Created backup: Expected_arrivals_20251027_201139.xml
2025-10-27 20:11:39,322 - vessel_data_pipeline - INFO - Updated metadata for Expected_arrivals.xml
2025-10-27 20:11:39,322 - vessel_data_pipeline - INFO - Successfully downloaded and validated Expected_arrivals.xml
2025-10-27 20:11:41,327 - vessel_data_pipeline - INFO - Downloading Expected_departures.xml (attempt 1/3)
2025-10-27 20:11:41,393 - vessel_data_pipeline - INFO - File temp_Expected_departures.xml passed validation checks
2025-10-27 20:11:41,394 - vessel_data_pipeline - INFO - Created backup: Expected_departures_20251027_201141.xml
2025-10-27 20:11:41,394 - vessel_data_pipeline - INFO - Updated metadata for Expected_departures.xml
2025-10-27 20:11:41,394 - vessel_data_pipeline - INFO - Successfully downloaded and validated Expected_departures.xml
2025-10-27 20:11:43,398 - vessel_data_pipeline - INFO - Fetch operation completed. Results: {'Arrived_in_last_36_hours.xml': True, 'Departed_in_last_36_hours.xml': True, 'Expected_arrivals.xml': True, 'Expected_departures.xml': True}
2025-10-27 20:11:43,402 - vessel_data_pipeline - INFO - VesselDataFetcher initialized. Pipeline enabled: True
2025-10-27 20:11:43,403 - vessel_data_pipeline - INFO - Starting vessel data fetch operation
2025-10-27 20:11:43,403 - vessel_data_pipeline - INFO - Discovering XML files from Hong Kong Marine Department portal
2025-10-27 20:11:43,456 - vessel_data_pipeline - INFO - Verified access to Arrived_in_last_36_hours.xml
2025-10-27 20:11:43,492 - vessel_data_pipeline - INFO - Verified access to Departed_in_last_36_hours.xml
2025-10-27 20:11:43,525 - vessel_data_pipeline - INFO - Verified access to Expected_arrivals.xml
2025-10-27 20:11:43,569 - vessel_data_pipeline - INFO - Verified access to Expected_departures.xml
2025-10-27 20:11:43,569 - vessel_data_pipeline - INFO - Discovered 4 XML files for download
2025-10-27 20:11:43,570 - vessel_data_pipeline - INFO - Downloading Arrived_in_last_36_hours.xml (attempt 1/3)
2025-10-27 20:11:43,635 - vessel_data_pipeline - INFO - File temp_Arrived_in_last_36_hours.xml passed validation checks
2025-10-27 20:11:43,636 - vessel_data_pipeline - INFO - Created backup: Arrived_in_last_36_hours_20251027_201143.xml
2025-10-27 20:11:43,636 - vessel_data_pipeline - INFO - Updated metadata for Arrived_in_last_36_hours.xml
2025-10-27 20:11:43,636 - vessel_data_pipeline - INFO - Successfully downloaded and validated Arrived_in_last_36_hours.xml
2025-10-27 20:11:45,641 - vessel_data_pipeline - INFO - Downloading Departed_in_last_36_hours.xml (attempt 1/3)
2025-10-27 20:11:45,709 - vessel_data_pipeline - INFO - File temp_Departed_in_last_36_hours.xml passed validation checks
2025-10-27 20:11:45,710 - vessel_data_pipeline - INFO - Created backup: Departed_in_last_36_hours_20251027_201145.xml
2025-10-27 20:11:45,710 - vessel_data_pipeline - INFO - Updated metadata for Departed_in_last_36_hours.xml
2025-10-27 20:11:45,710 - vessel_data_pipeline - INFO - Successfully downloaded and validated Departed_in_last_36_hours.xml
2025-10-27 20:11:47,715 - vessel_data_pipeline - INFO - Downloading Expected_arrivals.xml (attempt 1/3)
2025-10-27 20:11:47,766 - vessel_data_pipeline - INFO - File temp_Expected_arrivals.xml passed validation checks
2025-10-27 20:11:47,766 - vessel_data_pipeline - INFO - Created backup: Expected_arrivals_20251027_201147.xml
2025-10-27 20:11:47,766 - vessel_data_pipeline - INFO - Updated metadata for Expected_arrivals.xml
2025-10-27 20:11:47,766 - vessel_data_pipeline - INFO - Successfully downloaded and validated Expected_arrivals.xml
2025-10-27 20:11:49,772 - vessel_data_pipeline - INFO - Downloading Expected_departures.xml (attempt 1/3)
2025-10-27 20:11:49,919 - vessel_data_pipeline - INFO - File temp_Expected_departures.xml passed validation checks
2025-10-27 20:11:49,919 - vessel_data_pipeline - INFO - Created backup: Expected_departures_20251027_201149.xml
2025-10-27 20:11:49,920 - vessel_data_pipeline - INFO - Updated metadata for Expected_departures.xml
2025-10-27 20:11:49,920 - vessel_data_pipeline - INFO - Successfully downloaded and validated Expected_departures.xml
2025-10-27 20:11:51,925 - vessel_data_pipeline - INFO - Fetch operation completed. Results: {'Arrived_in_last_36_hours.xml': True, 'Departed_in_last_36_hours.xml': True, 'Expected_arrivals.xml': True, 'Expected_departures.xml': True}
2025-10-27 20:12:27,860 - vessel_data_pipeline - INFO - VesselDataFetcher initialized. Pipeline enabled: True
2025-10-27 20:12:27,861 - vessel_data_pipeline - INFO - Starting vessel data fetch operation
2025-10-27 20:12:27,861 - vessel_data_pipeline - INFO - Discovering XML files from Hong Kong Marine Department portal
2025-10-27 20:12:27,990 - vessel_data_pipeline - INFO - Verified access to Arrived_in_last_36_hours.xml
2025-10-27 20:12:28,063 - vessel_data_pipeline - INFO - Verified access to Departed_in_last_36_hours.xml
2025-10-27 20:12:28,099 - vessel_data_pipeline - INFO - Verified access to Expected_arrivals.xml
2025-10-27 20:12:28,165 - vessel_data_pipeline - INFO - Verified access to Expected_departures.xml
2025-10-27 20:12:28,165 - vessel_data_pipeline - INFO - Discovered 4 XML files for download
2025-10-27 20:12:28,166 - vessel_data_pipeline - INFO - Downloading Arrived_in_last_36_hours.xml (attempt 1/3)
2025-10-27 20:12:28,219 - vessel_data_pipeline - INFO - File temp_Arrived_in_last_36_hours.xml passed validation checks
2025-10-27 20:12:28,220 - vessel_data_pipeline - INFO - Created backup: Arrived_in_last_36_hours_20251027_201228.xml
2025-10-27 20:12:28,220 - vessel_data_pipeline - INFO - Updated metadata for Arrived_in_last_36_hours.xml
2025-10-27 20:12:28,220 - vessel_data_pipeline - INFO - Successfully downloaded and validated Arrived_in_last_36_hours.xml
2025-10-27 20:12:30,226 - vessel_data_pipeline - INFO - Downloading Departed_in_last_36_hours.xml (attempt 1/3)
2025-10-27 20:12:30,298 - vessel_data_pipeline - INFO - File temp_Departed_in_last_36_hours.xml passed validation checks
2025-10-27 20:12:30,299 - vessel_data_pipeline - INFO - Created backup: Departed_in_last_36_hours_20251027_201230.xml
2025-10-27 20:12:30,299 - vessel_data_pipeline - INFO - Updated metadata for Departed_in_last_36_hours.xml
2025-10-27 20:12:30,299 - vessel_data_pipeline - INFO - Successfully downloaded and validated Departed_in_last_36_hours.xml
2025-10-27 20:12:32,304 - vessel_data_pipeline - INFO - Downloading Expected_arrivals.xml (attempt 1/3)
2025-10-27 20:12:32,350 - vessel_data_pipeline - INFO - File temp_Expected_arrivals.xml passed validation checks
2025-10-27 20:12:32,350 - vessel_data_pipeline - INFO - Created backup: Expected_arrivals_20251027_201232.xml
2025-10-27 20:12:32,350 - vessel_data_pipeline - INFO - Updated metadata for Expected_arrivals.xml
2025-10-27 20:12:32,351 - vessel_data_pipeline - INFO - Successfully downloaded and validated Expected_arrivals.xml
2025-10-27 20:12:34,352 - vessel_data_pipeline - INFO - Downloading Expected_departures.xml (attempt 1/3)
2025-10-27 20:12:34,442 - vessel_data_pipeline - INFO - File temp_Expected_departures.xml passed validation checks
2025-10-27 20:12:34,442 - vessel_data_pipeline - INFO - Created backup: Expected_departures_20251027_201234.xml
2025-10-27 20:12:34,443 - vessel_data_pipeline - INFO - Updated metadata for Expected_departures.xml
2025-10-27 20:12:34,443 - vessel_data_pipeline - INFO - Successfully downloaded and validated Expected_departures.xml
2025-10-27 20:12:36,445 - vessel_data_pipeline - INFO - Fetch operation completed. Results: {'Arrived_in_last_36_hours.xml': True, 'Departed_in_last_36_hours.xml': True, 'Expected_arrivals.xml': True, 'Expected_departures.xml': True}
2025-10-27 20:12:36,458 - vessel_data_pipeline - INFO - VesselDataFetcher initialized. Pipeline enabled: True
2025-10-27 20:12:36,459 - vessel_data_pipeline - INFO - Starting vessel data fetch operation
2025-10-27 20:12:36,459 - vessel_data_pipeline - INFO - Discovering XML files from Hong Kong Marine Department portal
2025-10-27 20:12:36,520 - vessel_data_pipeline - INFO - Verified access to Arrived_in_last_36_hours.xml
2025-10-27 20:12:36,577 - vessel_data_pipeline - INFO - Verified access to Departed_in_last_36_hours.xml
2025-10-27 20:12:36,668 - vessel_data_pipeline - INFO - Verified access to Expected_arrivals.xml
2025-10-27 20:12:36,707 - vessel_data_pipeline - INFO - Verified access to Expected_departures.xml
2025-10-27 20:12:36,707 - vessel_data_pipeline - INFO - Discovered 4 XML files for download
2025-10-27 20:12:36,707 - vessel_data_pipeline - INFO - Downloading Arrived_in_last_36_hours.xml (attempt 1/3)
2025-10-27 20:12:36,754 - vessel_data_pipeline - INFO - File temp_Arrived_in_last_36_hours.xml passed validation checks
2025-10-27 20:12:36,755 - vessel_data_pipeline - INFO - Created backup: Arrived_in_last_36_hours_20251027_201236.xml
2025-10-27 20:12:36,755 - vessel_data_pipeline - INFO - Updated metadata for Arrived_in_last_36_hours.xml
2025-10-27 20:12:36,755 - vessel_data_pipeline - INFO - Successfully downloaded and validated Arrived_in_last_36_hours.xml
2025-10-27 20:12:38,757 - vessel_data_pipeline - INFO - Downloading Departed_in_last_36_hours.xml (attempt 1/3)
2025-10-27 20:12:38,861 - vessel_data_pipeline - INFO - File temp_Departed_in_last_36_hours.xml passed validation checks
2025-10-27 20:12:38,861 - vessel_data_pipeline - INFO - Created backup: Departed_in_last_36_hours_20251027_201238.xml
2025-10-27 20:12:38,861 - vessel_data_pipeline - INFO - Updated metadata for Departed_in_last_36_hours.xml
2025-10-27 20:12:38,861 - vessel_data_pipeline - INFO - Successfully downloaded and validated Departed_in_last_36_hours.xml
2025-10-27 20:12:40,867 - vessel_data_pipeline - INFO - Downloading Expected_arrivals.xml (attempt 1/3)
2025-10-27 20:12:40,915 - vessel_data_pipeline - INFO - File temp_Expected_arrivals.xml passed validation checks
2025-10-27 20:12:40,915 - vessel_data_pipeline - INFO - Created backup: Expected_arrivals_20251027_201240.xml
2025-10-27 20:12:40,916 - vessel_data_pipeline - INFO - Updated metadata for Expected_arrivals.xml
2025-10-27 20:12:40,916 - vessel_data_pipeline - INFO - Successfully downloaded and validated Expected_arrivals.xml
2025-10-27 20:12:42,918 - vessel_data_pipeline - INFO - Downloading Expected_departures.xml (attempt 1/3)
2025-10-27 20:12:42,965 - vessel_data_pipeline - INFO - File temp_Expected_departures.xml passed validation checks
2025-10-27 20:12:42,965 - vessel_data_pipeline - INFO - Created backup: Expected_departures_20251027_201242.xml
2025-10-27 20:12:42,965 - vessel_data_pipeline - INFO - Updated metadata for Expected_departures.xml
2025-10-27 20:12:42,965 - vessel_data_pipeline - INFO - Successfully downloaded and validated Expected_departures.xml
2025-10-27 20:12:44,971 - vessel_data_pipeline - INFO - Fetch operation completed. Results: {'Arrived_in_last_36_hours.xml': True, 'Departed_in_last_36_hours.xml': True, 'Expected_arrivals.xml': True, 'Expected_departures.xml': True}
2025-10-27 20:12:44,975 - vessel_data_pipeline - INFO - VesselDataFetcher initialized. Pipeline enabled: True
2025-10-27 20:12:44,975 - vessel_data_pipeline - INFO - Starting vessel data fetch operation
2025-10-27 20:12:44,975 - vessel_data_pipeline - INFO - Discovering XML files from Hong Kong Marine Department portal
2025-10-27 20:12:45,067 - vessel_data_pipeline - INFO - Verified access to Arrived_in_last_36_hours.xml
2025-10-27 20:12:45,101 - vessel_data_pipeline - INFO - Verified access to Departed_in_last_36_hours.xml
2025-10-27 20:12:45,133 - vessel_data_pipeline - INFO - Verified access to Expected_arrivals.xml
2025-10-27 20:12:45,175 - vessel_data_pipeline - INFO - Verified access to Expected_departures.xml
2025-10-27 20:12:45,175 - vessel_data_pipeline - INFO - Discovered 4 XML files for download
2025-10-27 20:12:45,175 - vessel_data_pipeline - INFO - Downloading Arrived_in_last_36_hours.xml (attempt 1/3)
2025-10-27 20:12:45,229 - vessel_data_pipeline - INFO - File temp_Arrived_in_last_36_hours.xml passed validation checks
2025-10-27 20:12:45,229 - vessel_data_pipeline - INFO - Created backup: Arrived_in_last_36_hours_20251027_201245.xml
2025-10-27 20:12:45,229 - vessel_data_pipeline - INFO - Updated metadata for Arrived_in_last_36_hours.xml
2025-10-27 20:12:45,230 - vessel_data_pipeline - INFO - Successfully downloaded and validated Arrived_in_last_36_hours.xml
2025-10-27 20:12:47,231 - vessel_data_pipeline - INFO - Downloading Departed_in_last_36_hours.xml (attempt 1/3)
2025-10-27 20:12:47,303 - vessel_data_pipeline - INFO - File temp_Departed_in_last_36_hours.xml passed validation checks
2025-10-27 20:12:47,304 - vessel_data_pipeline - INFO - Created backup: Departed_in_last_36_hours_20251027_201247.xml
2025-10-27 20:12:47,304 - vessel_data_pipeline - INFO - Updated metadata for Departed_in_last_36_hours.xml
2025-10-27 20:12:47,304 - vessel_data_pipeline - INFO - Successfully downloaded and validated Departed_in_last_36_hours.xml
2025-10-27 20:12:49,309 - vessel_data_pipeline - INFO - Downloading Expected_arrivals.xml (attempt 1/3)
2025-10-27 20:12:49,404 - vessel_data_pipeline - INFO - File temp_Expected_arrivals.xml passed validation checks
2025-10-27 20:12:49,404 - vessel_data_pipeline - INFO - Created backup: Expected_arrivals_20251027_201249.xml
2025-10-27 20:12:49,404 - vessel_data_pipeline - INFO - Updated metadata for Expected_arrivals.xml
2025-10-27 20:12:49,405 - vessel_data_pipeline - INFO - Successfully downloaded and validated Expected_arrivals.xml
2025-10-27 20:12:51,407 - vessel_data_pipeline - INFO - Downloading Expected_departures.xml (attempt 1/3)
2025-10-27 20:12:51,461 - vessel_data_pipeline - INFO - File temp_Expected_departures.xml passed validation checks
2025-10-27 20:12:51,461 - vessel_data_pipeline - INFO - Created backup: Expected_departures_20251027_201251.xml
2025-10-27 20:12:51,461 - vessel_data_pipeline - INFO - Updated metadata for Expected_departures.xml
2025-10-27 20:12:51,461 - vessel_data_pipeline - INFO - Successfully downloaded and validated Expected_departures.xml
2025-10-27 20:12:53,466 - vessel_data_pipeline - INFO - Fetch operation completed. Results: {'Arrived_in_last_36_hours.xml': True, 'Departed_in_last_36_hours.xml': True, 'Expected_arrivals.xml': True, 'Expected_departures.xml': True}
2025-10-27 20:12:53,470 - vessel_data_pipeline - INFO - VesselDataFetcher initialized. Pipeline enabled: True
2025-10-27 20:12:53,470 - vessel_data_pipeline - INFO - Starting vessel data fetch operation
2025-10-27 20:12:53,470 - vessel_data_pipeline - INFO - Discovering XML files from Hong Kong Marine Department portal
2025-10-27 20:12:53,526 - vessel_data_pipeline - INFO - Verified access to Arrived_in_last_36_hours.xml
2025-10-27 20:12:53,560 - vessel_data_pipeline - INFO - Verified access to Departed_in_last_36_hours.xml
2025-10-27 20:12:53,704 - vessel_data_pipeline - INFO - Verified access to Expected_arrivals.xml
2025-10-27 20:12:53,734 - vessel_data_pipeline - INFO - Verified access to Expected_departures.xml
2025-10-27 20:12:53,734 - vessel_data_pipeline - INFO - Discovered 4 XML files for download
2025-10-27 20:12:53,734 - vessel_data_pipeline - INFO - Downloading Arrived_in_last_36_hours.xml (attempt 1/3)
2025-10-27 20:12:53,914 - vessel_data_pipeline - INFO - File temp_Arrived_in_last_36_hours.xml passed validation checks
2025-10-27 20:12:53,914 - vessel_data_pipeline - INFO - Created backup: Arrived_in_last_36_hours_20251027_201253.xml
2025-10-27 20:12:53,914 - vessel_data_pipeline - INFO - Updated metadata for Arrived_in_last_36_hours.xml
2025-10-27 20:12:53,914 - vessel_data_pipeline - INFO - Successfully downloaded and validated Arrived_in_last_36_hours.xml
2025-10-27 20:12:55,919 - vessel_data_pipeline - INFO - Downloading Departed_in_last_36_hours.xml (attempt 1/3)
2025-10-27 20:12:56,004 - vessel_data_pipeline - INFO - File temp_Departed_in_last_36_hours.xml passed validation checks
2025-10-27 20:12:56,005 - vessel_data_pipeline - INFO - Created backup: Departed_in_last_36_hours_20251027_201256.xml
2025-10-27 20:12:56,006 - vessel_data_pipeline - INFO - Updated metadata for Departed_in_last_36_hours.xml
2025-10-27 20:12:56,006 - vessel_data_pipeline - INFO - Successfully downloaded and validated Departed_in_last_36_hours.xml
2025-10-27 20:12:58,011 - vessel_data_pipeline - INFO - Downloading Expected_arrivals.xml (attempt 1/3)
2025-10-27 20:12:58,080 - vessel_data_pipeline - INFO - File temp_Expected_arrivals.xml passed validation checks
2025-10-27 20:12:58,081 - vessel_data_pipeline - INFO - Created backup: Expected_arrivals_20251027_201258.xml
2025-10-27 20:12:58,081 - vessel_data_pipeline - INFO - Updated metadata for Expected_arrivals.xml
2025-10-27 20:12:58,081 - vessel_data_pipeline - INFO - Successfully downloaded and validated Expected_arrivals.xml
2025-10-27 20:13:00,085 - vessel_data_pipeline - INFO - Downloading Expected_departures.xml (attempt 1/3)
2025-10-27 20:13:00,135 - vessel_data_pipeline - INFO - File temp_Expected_departures.xml passed validation checks
2025-10-27 20:13:00,135 - vessel_data_pipeline - INFO - Created backup: Expected_departures_20251027_201300.xml
2025-10-27 20:13:00,135 - vessel_data_pipeline - INFO - Updated metadata for Expected_departures.xml
2025-10-27 20:13:00,135 - vessel_data_pipeline - INFO - Successfully downloaded and validated Expected_departures.xml
2025-10-27 20:13:02,140 - vessel_data_pipeline - INFO - Fetch operation completed. Results: {'Arrived_in_last_36_hours.xml': True, 'Departed_in_last_36_hours.xml': True, 'Expected_arrivals.xml': True, 'Expected_departures.xml': True}
2025-10-27 20:13:35,498 - vessel_data_pipeline - INFO - VesselDataFetcher initialized. Pipeline enabled: True
2025-10-27 20:13:35,499 - vessel_data_pipeline - INFO - Starting vessel data fetch operation
2025-10-27 20:13:35,499 - vessel_data_pipeline - INFO - Discovering XML files from Hong Kong Marine Department portal
2025-10-27 20:13:35,607 - vessel_data_pipeline - INFO - Verified access to Arrived_in_last_36_hours.xml
2025-10-27 20:13:35,668 - vessel_data_pipeline - INFO - Verified access to Departed_in_last_36_hours.xml
2025-10-27 20:13:35,704 - vessel_data_pipeline - INFO - Verified access to Expected_arrivals.xml
2025-10-27 20:13:35,777 - vessel_data_pipeline - INFO - Verified access to Expected_departures.xml
2025-10-27 20:13:35,777 - vessel_data_pipeline - INFO - Discovered 4 XML files for download
2025-10-27 20:13:35,777 - vessel_data_pipeline - INFO - Downloading Arrived_in_last_36_hours.xml (attempt 1/3)
2025-10-27 20:13:35,829 - vessel_data_pipeline - INFO - File temp_Arrived_in_last_36_hours.xml passed validation checks
2025-10-27 20:13:35,830 - vessel_data_pipeline - INFO - Created backup: Arrived_in_last_36_hours_20251027_201335.xml
2025-10-27 20:13:35,831 - vessel_data_pipeline - INFO - Updated metadata for Arrived_in_last_36_hours.xml
2025-10-27 20:13:35,831 - vessel_data_pipeline - INFO - Successfully downloaded and validated Arrived_in_last_36_hours.xml
2025-10-27 20:13:37,835 - vessel_data_pipeline - INFO - Downloading Departed_in_last_36_hours.xml (attempt 1/3)
2025-10-27 20:13:37,941 - vessel_data_pipeline - INFO - File temp_Departed_in_last_36_hours.xml passed validation checks
2025-10-27 20:13:37,942 - vessel_data_pipeline - INFO - Created backup: Departed_in_last_36_hours_20251027_201337.xml
2025-10-27 20:13:37,942 - vessel_data_pipeline - INFO - Updated metadata for Departed_in_last_36_hours.xml
2025-10-27 20:13:37,942 - vessel_data_pipeline - INFO - Successfully downloaded and validated Departed_in_last_36_hours.xml
2025-10-27 20:13:39,947 - vessel_data_pipeline - INFO - Downloading Expected_arrivals.xml (attempt 1/3)
2025-10-27 20:13:39,990 - vessel_data_pipeline - INFO - File temp_Expected_arrivals.xml passed validation checks
2025-10-27 20:13:39,991 - vessel_data_pipeline - INFO - Created backup: Expected_arrivals_20251027_201339.xml
2025-10-27 20:13:39,992 - vessel_data_pipeline - INFO - Updated metadata for Expected_arrivals.xml
2025-10-27 20:13:39,992 - vessel_data_pipeline - INFO - Successfully downloaded and validated Expected_arrivals.xml
2025-10-27 20:13:41,997 - vessel_data_pipeline - INFO - Downloading Expected_departures.xml (attempt 1/3)
2025-10-27 20:13:42,047 - vessel_data_pipeline - INFO - File temp_Expected_departures.xml passed validation checks
2025-10-27 20:13:42,047 - vessel_data_pipeline - INFO - Created backup: Expected_departures_20251027_201342.xml
2025-10-27 20:13:42,048 - vessel_data_pipeline - INFO - Updated metadata for Expected_departures.xml
2025-10-27 20:13:42,048 - vessel_data_pipeline - INFO - Successfully downloaded and validated Expected_departures.xml
2025-10-27 20:13:44,053 - vessel_data_pipeline - INFO - Fetch operation completed. Results: {'Arrived_in_last_36_hours.xml': True, 'Departed_in_last_36_hours.xml': True, 'Expected_arrivals.xml': True, 'Expected_departures.xml': True}
2025-10-27 20:13:44,058 - vessel_data_pipeline - INFO - VesselDataFetcher initialized. Pipeline enabled: True
2025-10-27 20:13:44,059 - vessel_data_pipeline - INFO - Starting vessel data fetch operation
2025-10-27 20:13:44,059 - vessel_data_pipeline - INFO - Discovering XML files from Hong Kong Marine Department portal
2025-10-27 20:13:44,114 - vessel_data_pipeline - INFO - Verified access to Arrived_in_last_36_hours.xml
2025-10-27 20:13:44,172 - vessel_data_pipeline - INFO - Verified access to Departed_in_last_36_hours.xml
2025-10-27 20:13:44,209 - vessel_data_pipeline - INFO - Verified access to Expected_arrivals.xml
2025-10-27 20:13:44,240 - vessel_data_pipeline - INFO - Verified access to Expected_departures.xml
2025-10-27 20:13:44,240 - vessel_data_pipeline - INFO - Discovered 4 XML files for download
2025-10-27 20:13:44,240 - vessel_data_pipeline - INFO - Downloading Arrived_in_last_36_hours.xml (attempt 1/3)
2025-10-27 20:13:44,453 - vessel_data_pipeline - INFO - File temp_Arrived_in_last_36_hours.xml passed validation checks
2025-10-27 20:13:44,454 - vessel_data_pipeline - INFO - Created backup: Arrived_in_last_36_hours_20251027_201344.xml
2025-10-27 20:13:44,454 - vessel_data_pipeline - INFO - Updated metadata for Arrived_in_last_36_hours.xml
2025-10-27 20:13:44,454 - vessel_data_pipeline - INFO - Successfully downloaded and validated Arrived_in_last_36_hours.xml
2025-10-27 20:13:46,456 - vessel_data_pipeline - INFO - Downloading Departed_in_last_36_hours.xml (attempt 1/3)
2025-10-27 20:13:46,529 - vessel_data_pipeline - INFO - File temp_Departed_in_last_36_hours.xml passed validation checks
2025-10-27 20:13:46,529 - vessel_data_pipeline - INFO - Created backup: Departed_in_last_36_hours_20251027_201346.xml
2025-10-27 20:13:46,530 - vessel_data_pipeline - INFO - Updated metadata for Departed_in_last_36_hours.xml
2025-10-27 20:13:46,530 - vessel_data_pipeline - INFO - Successfully downloaded and validated Departed_in_last_36_hours.xml
2025-10-27 20:13:48,535 - vessel_data_pipeline - INFO - Downloading Expected_arrivals.xml (attempt 1/3)
2025-10-27 20:13:48,601 - vessel_data_pipeline - INFO - File temp_Expected_arrivals.xml passed validation checks
2025-10-27 20:13:48,602 - vessel_data_pipeline - INFO - Created backup: Expected_arrivals_20251027_201348.xml
2025-10-27 20:13:48,603 - vessel_data_pipeline - INFO - Updated metadata for Expected_arrivals.xml
2025-10-27 20:13:48,603 - vessel_data_pipeline - INFO - Successfully downloaded and validated Expected_arrivals.xml
2025-10-27 20:13:50,606 - vessel_data_pipeline - INFO - Downloading Expected_departures.xml (attempt 1/3)
2025-10-27 20:13:50,674 - vessel_data_pipeline - INFO - File temp_Expected_departures.xml passed validation checks
2025-10-27 20:13:50,675 - vessel_data_pipeline - INFO - Created backup: Expected_departures_20251027_201350.xml
2025-10-27 20:13:50,675 - vessel_data_pipeline - INFO - Updated metadata for Expected_departures.xml
2025-10-27 20:13:50,675 - vessel_data_pipeline - INFO - Successfully downloaded and validated Expected_departures.xml
2025-10-27 20:13:52,678 - vessel_data_pipeline - INFO - Fetch operation completed. Results: {'Arrived_in_last_36_hours.xml': True, 'Departed_in_last_36_hours.xml': True, 'Expected_arrivals.xml': True, 'Expected_departures.xml': True}
2025-10-27 20:13:52,684 - vessel_data_pipeline - INFO - VesselDataFetcher initialized. Pipeline enabled: True
2025-10-27 20:13:52,684 - vessel_data_pipeline - INFO - Starting vessel data fetch operation
2025-10-27 20:13:52,684 - vessel_data_pipeline - INFO - Discovering XML files from Hong Kong Marine Department portal
2025-10-27 20:13:52,746 - vessel_data_pipeline - INFO - Verified access to Arrived_in_last_36_hours.xml
2025-10-27 20:13:52,784 - vessel_data_pipeline - INFO - Verified access to Departed_in_last_36_hours.xml
2025-10-27 20:13:52,816 - vessel_data_pipeline - INFO - Verified access to Expected_arrivals.xml
2025-10-27 20:13:52,853 - vessel_data_pipeline - INFO - Verified access to Expected_departures.xml
2025-10-27 20:13:52,853 - vessel_data_pipeline - INFO - Discovered 4 XML files for download
2025-10-27 20:13:52,853 - vessel_data_pipeline - INFO - Downloading Arrived_in_last_36_hours.xml (attempt 1/3)
2025-10-27 20:13:53,010 - vessel_data_pipeline - INFO - File temp_Arrived_in_last_36_hours.xml passed validation checks
2025-10-27 20:13:53,010 - vessel_data_pipeline - INFO - Created backup: Arrived_in_last_36_hours_20251027_201353.xml
2025-10-27 20:13:53,011 - vessel_data_pipeline - INFO - Updated metadata for Arrived_in_last_36_hours.xml
2025-10-27 20:13:53,011 - vessel_data_pipeline - INFO - Successfully downloaded and validated Arrived_in_last_36_hours.xml
2025-10-27 20:13:55,016 - vessel_data_pipeline - INFO - Downloading Departed_in_last_36_hours.xml (attempt 1/3)
2025-10-27 20:13:55,081 - vessel_data_pipeline - INFO - File temp_Departed_in_last_36_hours.xml passed validation checks
2025-10-27 20:13:55,082 - vessel_data_pipeline - INFO - Created backup: Departed_in_last_36_hours_20251027_201355.xml
2025-10-27 20:13:55,082 - vessel_data_pipeline - INFO - Updated metadata for Departed_in_last_36_hours.xml
2025-10-27 20:13:55,082 - vessel_data_pipeline - INFO - Successfully downloaded and validated Departed_in_last_36_hours.xml
2025-10-27 20:13:57,083 - vessel_data_pipeline - INFO - Downloading Expected_arrivals.xml (attempt 1/3)
2025-10-27 20:13:57,133 - vessel_data_pipeline - INFO - File temp_Expected_arrivals.xml passed validation checks
2025-10-27 20:13:57,133 - vessel_data_pipeline - INFO - Created backup: Expected_arrivals_20251027_201357.xml
2025-10-27 20:13:57,134 - vessel_data_pipeline - INFO - Updated metadata for Expected_arrivals.xml
2025-10-27 20:13:57,134 - vessel_data_pipeline - INFO - Successfully downloaded and validated Expected_arrivals.xml
2025-10-27 20:13:59,139 - vessel_data_pipeline - INFO - Downloading Expected_departures.xml (attempt 1/3)
2025-10-27 20:13:59,205 - vessel_data_pipeline - INFO - File temp_Expected_departures.xml passed validation checks
2025-10-27 20:13:59,206 - vessel_data_pipeline - INFO - Created backup: Expected_departures_20251027_201359.xml
2025-10-27 20:13:59,206 - vessel_data_pipeline - INFO - Updated metadata for Expected_departures.xml
2025-10-27 20:13:59,206 - vessel_data_pipeline - INFO - Successfully downloaded and validated Expected_departures.xml
2025-10-27 20:14:01,211 - vessel_data_pipeline - INFO - Fetch operation completed. Results: {'Arrived_in_last_36_hours.xml': True, 'Departed_in_last_36_hours.xml': True, 'Expected_arrivals.xml': True, 'Expected_departures.xml': True}
2025-10-27 20:14:01,224 - vessel_data_pipeline - INFO - VesselDataFetcher initialized. Pipeline enabled: True
2025-10-27 20:14:01,225 - vessel_data_pipeline - INFO - Starting vessel data fetch operation
2025-10-27 20:14:01,225 - vessel_data_pipeline - INFO - Discovering XML files from Hong Kong Marine Department portal
2025-10-27 20:14:01,292 - vessel_data_pipeline - INFO - Verified access to Arrived_in_last_36_hours.xml
2025-10-27 20:14:01,322 - vessel_data_pipeline - INFO - Verified access to Departed_in_last_36_hours.xml
2025-10-27 20:14:01,440 - vessel_data_pipeline - INFO - Verified access to Expected_arrivals.xml
2025-10-27 20:14:01,505 - vessel_data_pipeline - INFO - Verified access to Expected_departures.xml
2025-10-27 20:14:01,506 - vessel_data_pipeline - INFO - Discovered 4 XML files for download
2025-10-27 20:14:01,506 - vessel_data_pipeline - INFO - Downloading Arrived_in_last_36_hours.xml (attempt 1/3)
2025-10-27 20:14:01,895 - vessel_data_pipeline - INFO - File temp_Arrived_in_last_36_hours.xml passed validation checks
2025-10-27 20:14:01,896 - vessel_data_pipeline - INFO - Created backup: Arrived_in_last_36_hours_20251027_201401.xml
2025-10-27 20:14:01,896 - vessel_data_pipeline - INFO - Updated metadata for Arrived_in_last_36_hours.xml
2025-10-27 20:14:01,896 - vessel_data_pipeline - INFO - Successfully downloaded and validated Arrived_in_last_36_hours.xml
2025-10-27 20:14:03,901 - vessel_data_pipeline - INFO - Downloading Departed_in_last_36_hours.xml (attempt 1/3)
2025-10-27 20:14:03,996 - vessel_data_pipeline - INFO - File temp_Departed_in_last_36_hours.xml passed validation checks
2025-10-27 20:14:03,997 - vessel_data_pipeline - INFO - Created backup: Departed_in_last_36_hours_20251027_201403.xml
2025-10-27 20:14:03,997 - vessel_data_pipeline - INFO - Updated metadata for Departed_in_last_36_hours.xml
2025-10-27 20:14:03,997 - vessel_data_pipeline - INFO - Successfully downloaded and validated Departed_in_last_36_hours.xml
2025-10-27 20:14:05,998 - vessel_data_pipeline - INFO - Downloading Expected_arrivals.xml (attempt 1/3)
2025-10-27 20:14:06,044 - vessel_data_pipeline - INFO - File temp_Expected_arrivals.xml passed validation checks
2025-10-27 20:14:06,045 - vessel_data_pipeline - INFO - Created backup: Expected_arrivals_20251027_201406.xml
2025-10-27 20:14:06,045 - vessel_data_pipeline - INFO - Updated metadata for Expected_arrivals.xml
2025-10-27 20:14:06,045 - vessel_data_pipeline - INFO - Successfully downloaded and validated Expected_arrivals.xml
2025-10-27 20:14:08,048 - vessel_data_pipeline - INFO - Downloading Expected_departures.xml (attempt 1/3)
2025-10-27 20:14:08,133 - vessel_data_pipeline - INFO - File temp_Expected_departures.xml passed validation checks
2025-10-27 20:14:08,133 - vessel_data_pipeline - INFO - Created backup: Expected_departures_20251027_201408.xml
2025-10-27 20:14:08,133 - vessel_data_pipeline - INFO - Updated metadata for Expected_departures.xml
2025-10-27 20:14:08,133 - vessel_data_pipeline - INFO - Successfully downloaded and validated Expected_departures.xml
2025-10-27 20:14:10,138 - vessel_data_pipeline - INFO - Fetch operation completed. Results: {'Arrived_in_last_36_hours.xml': True, 'Departed_in_last_36_hours.xml': True, 'Expected_arrivals.xml': True, 'Expected_departures.xml': True}
2025-10-27 20:22:12,976 - vessel_data_pipeline - INFO - VesselDataFetcher initialized. Pipeline enabled: True
2025-10-27 20:22:12,977 - vessel_data_pipeline - INFO - Starting vessel data fetch operation
2025-10-27 20:22:12,977 - vessel_data_pipeline - INFO - Discovering XML files from Hong Kong Marine Department portal
2025-10-27 20:22:13,250 - vessel_data_pipeline - INFO - Verified access to Arrived_in_last_36_hours.xml
2025-10-27 20:22:13,596 - vessel_data_pipeline - INFO - Verified access to Departed_in_last_36_hours.xml
2025-10-27 20:22:13,957 - vessel_data_pipeline - INFO - Verified access to Expected_arrivals.xml
2025-10-27 20:22:14,205 - vessel_data_pipeline - INFO - Verified access to Expected_departures.xml
2025-10-27 20:22:14,205 - vessel_data_pipeline - INFO - Discovered 4 XML files for download
2025-10-27 20:22:14,205 - vessel_data_pipeline - INFO - Downloading Arrived_in_last_36_hours.xml (attempt 1/3)
2025-10-27 20:22:14,259 - vessel_data_pipeline - INFO - File temp_Arrived_in_last_36_hours.xml passed validation checks
2025-10-27 20:22:14,260 - vessel_data_pipeline - INFO - Created backup: Arrived_in_last_36_hours_20251027_202214.xml
2025-10-27 20:22:14,261 - vessel_data_pipeline - INFO - Updated metadata for Arrived_in_last_36_hours.xml
2025-10-27 20:22:14,261 - vessel_data_pipeline - INFO - Successfully downloaded and validated Arrived_in_last_36_hours.xml
2025-10-27 20:22:16,266 - vessel_data_pipeline - INFO - Downloading Departed_in_last_36_hours.xml (attempt 1/3)
2025-10-27 20:22:16,359 - vessel_data_pipeline - INFO - File temp_Departed_in_last_36_hours.xml passed validation checks
2025-10-27 20:22:16,360 - vessel_data_pipeline - INFO - Created backup: Departed_in_last_36_hours_20251027_202216.xml
2025-10-27 20:22:16,360 - vessel_data_pipeline - INFO - Updated metadata for Departed_in_last_36_hours.xml
2025-10-27 20:22:16,360 - vessel_data_pipeline - INFO - Successfully downloaded and validated Departed_in_last_36_hours.xml
2025-10-27 20:22:18,362 - vessel_data_pipeline - INFO - Downloading Expected_arrivals.xml (attempt 1/3)
2025-10-27 20:22:18,432 - vessel_data_pipeline - INFO - File temp_Expected_arrivals.xml passed validation checks
2025-10-27 20:22:18,433 - vessel_data_pipeline - INFO - Created backup: Expected_arrivals_20251027_202218.xml
2025-10-27 20:22:18,433 - vessel_data_pipeline - INFO - Updated metadata for Expected_arrivals.xml
2025-10-27 20:22:18,433 - vessel_data_pipeline - INFO - Successfully downloaded and validated Expected_arrivals.xml
2025-10-27 20:22:20,438 - vessel_data_pipeline - INFO - Downloading Expected_departures.xml (attempt 1/3)
2025-10-27 20:22:20,607 - vessel_data_pipeline - INFO - File temp_Expected_departures.xml passed validation checks
2025-10-27 20:22:20,608 - vessel_data_pipeline - INFO - Created backup: Expected_departures_20251027_202220.xml
2025-10-27 20:22:20,608 - vessel_data_pipeline - INFO - Updated metadata for Expected_departures.xml
2025-10-27 20:22:20,608 - vessel_data_pipeline - INFO - Successfully downloaded and validated Expected_departures.xml
2025-10-27 20:22:22,613 - vessel_data_pipeline - INFO - Fetch operation completed. Results: {'Arrived_in_last_36_hours.xml': True, 'Departed_in_last_36_hours.xml': True, 'Expected_arrivals.xml': True, 'Expected_departures.xml': True}
2025-10-27 20:22:22,618 - vessel_data_pipeline - INFO - VesselDataFetcher initialized. Pipeline enabled: True
2025-10-27 20:22:22,619 - vessel_data_pipeline - INFO - Starting vessel data fetch operation
2025-10-27 20:22:22,619 - vessel_data_pipeline - INFO - Discovering XML files from Hong Kong Marine Department portal
2025-10-27 20:22:22,695 - vessel_data_pipeline - INFO - Verified access to Arrived_in_last_36_hours.xml
2025-10-27 20:22:22,750 - vessel_data_pipeline - INFO - Verified access to Departed_in_last_36_hours.xml
2025-10-27 20:22:22,828 - vessel_data_pipeline - INFO - Verified access to Expected_arrivals.xml
2025-10-27 20:22:22,873 - vessel_data_pipeline - INFO - Verified access to Expected_departures.xml
2025-10-27 20:22:22,873 - vessel_data_pipeline - INFO - Discovered 4 XML files for download
2025-10-27 20:22:22,873 - vessel_data_pipeline - INFO - Downloading Arrived_in_last_36_hours.xml (attempt 1/3)
2025-10-27 20:22:22,928 - vessel_data_pipeline - INFO - File temp_Arrived_in_last_36_hours.xml passed validation checks
2025-10-27 20:22:22,928 - vessel_data_pipeline - INFO - Created backup: Arrived_in_last_36_hours_20251027_202222.xml
2025-10-27 20:22:22,929 - vessel_data_pipeline - INFO - Updated metadata for Arrived_in_last_36_hours.xml
2025-10-27 20:22:22,929 - vessel_data_pipeline - INFO - Successfully downloaded and validated Arrived_in_last_36_hours.xml
2025-10-27 20:22:24,929 - vessel_data_pipeline - INFO - Downloading Departed_in_last_36_hours.xml (attempt 1/3)
2025-10-27 20:22:25,016 - vessel_data_pipeline - INFO - File temp_Departed_in_last_36_hours.xml passed validation checks
2025-10-27 20:22:25,017 - vessel_data_pipeline - INFO - Created backup: Departed_in_last_36_hours_20251027_202225.xml
2025-10-27 20:22:25,017 - vessel_data_pipeline - INFO - Updated metadata for Departed_in_last_36_hours.xml
2025-10-27 20:22:25,017 - vessel_data_pipeline - INFO - Successfully downloaded and validated Departed_in_last_36_hours.xml
2025-10-27 20:22:27,020 - vessel_data_pipeline - INFO - Downloading Expected_arrivals.xml (attempt 1/3)
2025-10-27 20:22:27,075 - vessel_data_pipeline - INFO - File temp_Expected_arrivals.xml passed validation checks
2025-10-27 20:22:27,075 - vessel_data_pipeline - INFO - Created backup: Expected_arrivals_20251027_202227.xml
2025-10-27 20:22:27,076 - vessel_data_pipeline - INFO - Updated metadata for Expected_arrivals.xml
2025-10-27 20:22:27,076 - vessel_data_pipeline - INFO - Successfully downloaded and validated Expected_arrivals.xml
2025-10-27 20:22:29,079 - vessel_data_pipeline - INFO - Downloading Expected_departures.xml (attempt 1/3)
2025-10-27 20:22:29,186 - vessel_data_pipeline - INFO - File temp_Expected_departures.xml passed validation checks
2025-10-27 20:22:29,186 - vessel_data_pipeline - INFO - Created backup: Expected_departures_20251027_202229.xml
2025-10-27 20:22:29,186 - vessel_data_pipeline - INFO - Updated metadata for Expected_departures.xml
2025-10-27 20:22:29,186 - vessel_data_pipeline - INFO - Successfully downloaded and validated Expected_departures.xml
2025-10-27 20:22:31,188 - vessel_data_pipeline - INFO - Fetch operation completed. Results: {'Arrived_in_last_36_hours.xml': True, 'Departed_in_last_36_hours.xml': True, 'Expected_arrivals.xml': True, 'Expected_departures.xml': True}
2025-10-27 20:22:31,193 - vessel_data_pipeline - INFO - VesselDataFetcher initialized. Pipeline enabled: True
2025-10-27 20:22:31,194 - vessel_data_pipeline - INFO - Starting vessel data fetch operation
2025-10-27 20:22:31,194 - vessel_data_pipeline - INFO - Discovering XML files from Hong Kong Marine Department portal
2025-10-27 20:22:31,393 - vessel_data_pipeline - INFO - Verified access to Arrived_in_last_36_hours.xml
2025-10-27 20:22:31,956 - vessel_data_pipeline - INFO - Verified access to Departed_in_last_36_hours.xml
2025-10-27 20:22:32,024 - vessel_data_pipeline - INFO - Verified access to Expected_arrivals.xml
2025-10-27 20:22:32,089 - vessel_data_pipeline - INFO - Verified access to Expected_departures.xml
2025-10-27 20:22:32,089 - vessel_data_pipeline - INFO - Discovered 4 XML files for download
2025-10-27 20:22:32,089 - vessel_data_pipeline - INFO - Downloading Arrived_in_last_36_hours.xml (attempt 1/3)
2025-10-27 20:22:32,444 - vessel_data_pipeline - INFO - File temp_Arrived_in_last_36_hours.xml passed validation checks
2025-10-27 20:22:32,445 - vessel_data_pipeline - INFO - Created backup: Arrived_in_last_36_hours_20251027_202232.xml
2025-10-27 20:22:32,445 - vessel_data_pipeline - INFO - Updated metadata for Arrived_in_last_36_hours.xml
2025-10-27 20:22:32,445 - vessel_data_pipeline - INFO - Successfully downloaded and validated Arrived_in_last_36_hours.xml
2025-10-27 20:22:34,449 - vessel_data_pipeline - INFO - Downloading Departed_in_last_36_hours.xml (attempt 1/3)
2025-10-27 20:22:34,545 - vessel_data_pipeline - INFO - File temp_Departed_in_last_36_hours.xml passed validation checks
2025-10-27 20:22:34,546 - vessel_data_pipeline - INFO - Created backup: Departed_in_last_36_hours_20251027_202234.xml
2025-10-27 20:22:34,546 - vessel_data_pipeline - INFO - Updated metadata for Departed_in_last_36_hours.xml
2025-10-27 20:22:34,546 - vessel_data_pipeline - INFO - Successfully downloaded and validated Departed_in_last_36_hours.xml
2025-10-27 20:22:36,551 - vessel_data_pipeline - INFO - Downloading Expected_arrivals.xml (attempt 1/3)
2025-10-27 20:22:36,607 - vessel_data_pipeline - INFO - File temp_Expected_arrivals.xml passed validation checks
2025-10-27 20:22:36,607 - vessel_data_pipeline - INFO - Created backup: Expected_arrivals_20251027_202236.xml
2025-10-27 20:22:36,608 - vessel_data_pipeline - INFO - Updated metadata for Expected_arrivals.xml
2025-10-27 20:22:36,608 - vessel_data_pipeline - INFO - Successfully downloaded and validated Expected_arrivals.xml
2025-10-27 20:22:38,611 - vessel_data_pipeline - INFO - Downloading Expected_departures.xml (attempt 1/3)
2025-10-27 20:22:38,675 - vessel_data_pipeline - INFO - File temp_Expected_departures.xml passed validation checks
2025-10-27 20:22:38,675 - vessel_data_pipeline - INFO - Created backup: Expected_departures_20251027_202238.xml
2025-10-27 20:22:38,676 - vessel_data_pipeline - INFO - Updated metadata for Expected_departures.xml
2025-10-27 20:22:38,676 - vessel_data_pipeline - INFO - Successfully downloaded and validated Expected_departures.xml
2025-10-27 20:22:40,680 - vessel_data_pipeline - INFO - Fetch operation completed. Results: {'Arrived_in_last_36_hours.xml': True, 'Departed_in_last_36_hours.xml': True, 'Expected_arrivals.xml': True, 'Expected_departures.xml': True}
2025-10-27 20:22:40,685 - vessel_data_pipeline - INFO - VesselDataFetcher initialized. Pipeline enabled: True
2025-10-27 20:22:40,685 - vessel_data_pipeline - INFO - Starting vessel data fetch operation
2025-10-27 20:22:40,685 - vessel_data_pipeline - INFO - Discovering XML files from Hong Kong Marine Department portal
2025-10-27 20:22:40,760 - vessel_data_pipeline - INFO - Verified access to Arrived_in_last_36_hours.xml
2025-10-27 20:22:40,897 - vessel_data_pipeline - INFO - Verified access to Departed_in_last_36_hours.xml
2025-10-27 20:22:40,961 - vessel_data_pipeline - INFO - Verified access to Expected_arrivals.xml
2025-10-27 20:22:40,998 - vessel_data_pipeline - INFO - Verified access to Expected_departures.xml
2025-10-27 20:22:40,999 - vessel_data_pipeline - INFO - Discovered 4 XML files for download
2025-10-27 20:22:40,999 - vessel_data_pipeline - INFO - Downloading Arrived_in_last_36_hours.xml (attempt 1/3)
2025-10-27 20:22:41,142 - vessel_data_pipeline - INFO - File temp_Arrived_in_last_36_hours.xml passed validation checks
2025-10-27 20:22:41,142 - vessel_data_pipeline - INFO - Created backup: Arrived_in_last_36_hours_20251027_202241.xml
2025-10-27 20:22:41,142 - vessel_data_pipeline - INFO - Updated metadata for Arrived_in_last_36_hours.xml
2025-10-27 20:22:41,142 - vessel_data_pipeline - INFO - Successfully downloaded and validated Arrived_in_last_36_hours.xml
2025-10-27 20:22:43,144 - vessel_data_pipeline - INFO - Downloading Departed_in_last_36_hours.xml (attempt 1/3)
2025-10-27 20:22:43,462 - vessel_data_pipeline - INFO - File temp_Departed_in_last_36_hours.xml passed validation checks
2025-10-27 20:22:43,462 - vessel_data_pipeline - INFO - Created backup: Departed_in_last_36_hours_20251027_202243.xml
2025-10-27 20:22:43,463 - vessel_data_pipeline - INFO - Updated metadata for Departed_in_last_36_hours.xml
2025-10-27 20:22:43,463 - vessel_data_pipeline - INFO - Successfully downloaded and validated Departed_in_last_36_hours.xml
2025-10-27 20:22:45,468 - vessel_data_pipeline - INFO - Downloading Expected_arrivals.xml (attempt 1/3)
2025-10-27 20:22:45,538 - vessel_data_pipeline - INFO - File temp_Expected_arrivals.xml passed validation checks
2025-10-27 20:22:45,539 - vessel_data_pipeline - INFO - Created backup: Expected_arrivals_20251027_202245.xml
2025-10-27 20:22:45,539 - vessel_data_pipeline - INFO - Updated metadata for Expected_arrivals.xml
2025-10-27 20:22:45,539 - vessel_data_pipeline - INFO - Successfully downloaded and validated Expected_arrivals.xml
2025-10-27 20:22:47,544 - vessel_data_pipeline - INFO - Downloading Expected_departures.xml (attempt 1/3)
2025-10-27 20:22:47,624 - vessel_data_pipeline - INFO - File temp_Expected_departures.xml passed validation checks
2025-10-27 20:22:47,624 - vessel_data_pipeline - INFO - Created backup: Expected_departures_20251027_202247.xml
2025-10-27 20:22:47,625 - vessel_data_pipeline - INFO - Updated metadata for Expected_departures.xml
2025-10-27 20:22:47,625 - vessel_data_pipeline - INFO - Successfully downloaded and validated Expected_departures.xml
2025-10-27 20:22:49,630 - vessel_data_pipeline - INFO - Fetch operation completed. Results: {'Arrived_in_last_36_hours.xml': True, 'Departed_in_last_36_hours.xml': True, 'Expected_arrivals.xml': True, 'Expected_departures.xml': True}
2025-10-27 20:23:42,303 - vessel_data_pipeline - INFO - VesselDataFetcher initialized. Pipeline enabled: True
2025-10-27 20:23:42,304 - vessel_data_pipeline - INFO - Starting vessel data fetch operation
2025-10-27 20:23:42,305 - vessel_data_pipeline - INFO - Discovering XML files from Hong Kong Marine Department portal
2025-10-27 20:23:42,580 - vessel_data_pipeline - INFO - Verified access to Arrived_in_last_36_hours.xml
2025-10-27 20:23:42,692 - vessel_data_pipeline - INFO - Verified access to Departed_in_last_36_hours.xml
2025-10-27 20:23:42,729 - vessel_data_pipeline - INFO - Verified access to Expected_arrivals.xml
2025-10-27 20:23:42,799 - vessel_data_pipeline - INFO - Verified access to Expected_departures.xml
2025-10-27 20:23:42,799 - vessel_data_pipeline - INFO - Discovered 4 XML files for download
2025-10-27 20:23:42,800 - vessel_data_pipeline - INFO - Downloading Arrived_in_last_36_hours.xml (attempt 1/3)
2025-10-27 20:23:43,028 - vessel_data_pipeline - INFO - File temp_Arrived_in_last_36_hours.xml passed validation checks
2025-10-27 20:23:43,029 - vessel_data_pipeline - INFO - Created backup: Arrived_in_last_36_hours_20251027_202343.xml
2025-10-27 20:23:43,029 - vessel_data_pipeline - INFO - Updated metadata for Arrived_in_last_36_hours.xml
2025-10-27 20:23:43,029 - vessel_data_pipeline - INFO - Successfully downloaded and validated Arrived_in_last_36_hours.xml
2025-10-27 20:23:45,030 - vessel_data_pipeline - INFO - Downloading Departed_in_last_36_hours.xml (attempt 1/3)
2025-10-27 20:23:45,099 - vessel_data_pipeline - INFO - File temp_Departed_in_last_36_hours.xml passed validation checks
2025-10-27 20:23:45,099 - vessel_data_pipeline - INFO - Created backup: Departed_in_last_36_hours_20251027_202345.xml
2025-10-27 20:23:45,100 - vessel_data_pipeline - INFO - Updated metadata for Departed_in_last_36_hours.xml
2025-10-27 20:23:45,100 - vessel_data_pipeline - INFO - Successfully downloaded and validated Departed_in_last_36_hours.xml
2025-10-27 20:23:47,105 - vessel_data_pipeline - INFO - Downloading Expected_arrivals.xml (attempt 1/3)
2025-10-27 20:23:47,160 - vessel_data_pipeline - INFO - File temp_Expected_arrivals.xml passed validation checks
2025-10-27 20:23:47,160 - vessel_data_pipeline - INFO - Created backup: Expected_arrivals_20251027_202347.xml
2025-10-27 20:23:47,161 - vessel_data_pipeline - INFO - Updated metadata for Expected_arrivals.xml
2025-10-27 20:23:47,161 - vessel_data_pipeline - INFO - Successfully downloaded and validated Expected_arrivals.xml
2025-10-27 20:23:49,163 - vessel_data_pipeline - INFO - Downloading Expected_departures.xml (attempt 1/3)
2025-10-27 20:23:49,223 - vessel_data_pipeline - INFO - File temp_Expected_departures.xml passed validation checks
2025-10-27 20:23:49,223 - vessel_data_pipeline - INFO - Created backup: Expected_departures_20251027_202349.xml
2025-10-27 20:23:49,223 - vessel_data_pipeline - INFO - Updated metadata for Expected_departures.xml
2025-10-27 20:23:49,224 - vessel_data_pipeline - INFO - Successfully downloaded and validated Expected_departures.xml
2025-10-27 20:23:51,224 - vessel_data_pipeline - INFO - Fetch operation completed. Results: {'Arrived_in_last_36_hours.xml': True, 'Departed_in_last_36_hours.xml': True, 'Expected_arrivals.xml': True, 'Expected_departures.xml': True}
2025-10-27 20:23:51,237 - vessel_data_pipeline - INFO - VesselDataFetcher initialized. Pipeline enabled: True
2025-10-27 20:23:51,237 - vessel_data_pipeline - INFO - Starting vessel data fetch operation
2025-10-27 20:23:51,237 - vessel_data_pipeline - INFO - Discovering XML files from Hong Kong Marine Department portal
2025-10-27 20:23:51,646 - vessel_data_pipeline - INFO - Verified access to Arrived_in_last_36_hours.xml
2025-10-27 20:23:51,709 - vessel_data_pipeline - INFO - Verified access to Departed_in_last_36_hours.xml
2025-10-27 20:23:51,800 - vessel_data_pipeline - INFO - Verified access to Expected_arrivals.xml
2025-10-27 20:23:52,844 - vessel_data_pipeline - INFO - Verified access to Expected_departures.xml
2025-10-27 20:23:52,844 - vessel_data_pipeline - INFO - Discovered 4 XML files for download
2025-10-27 20:23:52,844 - vessel_data_pipeline - INFO - Downloading Arrived_in_last_36_hours.xml (attempt 1/3)
2025-10-27 20:23:52,962 - vessel_data_pipeline - INFO - File temp_Arrived_in_last_36_hours.xml passed validation checks
2025-10-27 20:23:52,963 - vessel_data_pipeline - INFO - Created backup: Arrived_in_last_36_hours_20251027_202352.xml
2025-10-27 20:23:52,963 - vessel_data_pipeline - INFO - Updated metadata for Arrived_in_last_36_hours.xml
2025-10-27 20:23:52,963 - vessel_data_pipeline - INFO - Successfully downloaded and validated Arrived_in_last_36_hours.xml
2025-10-27 20:23:54,968 - vessel_data_pipeline - INFO - Downloading Departed_in_last_36_hours.xml (attempt 1/3)
2025-10-27 20:23:55,049 - vessel_data_pipeline - INFO - File temp_Departed_in_last_36_hours.xml passed validation checks
2025-10-27 20:23:55,049 - vessel_data_pipeline - INFO - Created backup: Departed_in_last_36_hours_20251027_202355.xml
2025-10-27 20:23:55,050 - vessel_data_pipeline - INFO - Updated metadata for Departed_in_last_36_hours.xml
2025-10-27 20:23:55,050 - vessel_data_pipeline - INFO - Successfully downloaded and validated Departed_in_last_36_hours.xml
2025-10-27 20:23:57,055 - vessel_data_pipeline - INFO - Downloading Expected_arrivals.xml (attempt 1/3)
2025-10-27 20:23:57,105 - vessel_data_pipeline - INFO - File temp_Expected_arrivals.xml passed validation checks
2025-10-27 20:23:57,106 - vessel_data_pipeline - INFO - Created backup: Expected_arrivals_20251027_202357.xml
2025-10-27 20:23:57,106 - vessel_data_pipeline - INFO - Updated metadata for Expected_arrivals.xml
2025-10-27 20:23:57,106 - vessel_data_pipeline - INFO - Successfully downloaded and validated Expected_arrivals.xml
2025-10-27 20:23:59,111 - vessel_data_pipeline - INFO - Downloading Expected_departures.xml (attempt 1/3)
2025-10-27 20:23:59,173 - vessel_data_pipeline - INFO - File temp_Expected_departures.xml passed validation checks
2025-10-27 20:23:59,173 - vessel_data_pipeline - INFO - Created backup: Expected_departures_20251027_202359.xml
2025-10-27 20:23:59,174 - vessel_data_pipeline - INFO - Updated metadata for Expected_departures.xml
2025-10-27 20:23:59,174 - vessel_data_pipeline - INFO - Successfully downloaded and validated Expected_departures.xml
2025-10-27 20:24:01,174 - vessel_data_pipeline - INFO - Fetch operation completed. Results: {'Arrived_in_last_36_hours.xml': True, 'Departed_in_last_36_hours.xml': True, 'Expected_arrivals.xml': True, 'Expected_departures.xml': True}
2025-10-27 20:24:01,178 - vessel_data_pipeline - INFO - VesselDataFetcher initialized. Pipeline enabled: True
2025-10-27 20:24:01,179 - vessel_data_pipeline - INFO - Starting vessel data fetch operation
2025-10-27 20:24:01,179 - vessel_data_pipeline - INFO - Discovering XML files from Hong Kong Marine Department portal
2025-10-27 20:24:01,294 - vessel_data_pipeline - INFO - Verified access to Arrived_in_last_36_hours.xml
2025-10-27 20:24:01,393 - vessel_data_pipeline - INFO - Verified access to Departed_in_last_36_hours.xml
2025-10-27 20:24:01,653 - vessel_data_pipeline - INFO - Verified access to Expected_arrivals.xml
2025-10-27 20:24:01,876 - vessel_data_pipeline - INFO - Verified access to Expected_departures.xml
2025-10-27 20:24:01,876 - vessel_data_pipeline - INFO - Discovered 4 XML files for download
2025-10-27 20:24:01,876 - vessel_data_pipeline - INFO - Downloading Arrived_in_last_36_hours.xml (attempt 1/3)
2025-10-27 20:24:02,135 - vessel_data_pipeline - INFO - File temp_Arrived_in_last_36_hours.xml passed validation checks
2025-10-27 20:24:02,136 - vessel_data_pipeline - INFO - Created backup: Arrived_in_last_36_hours_20251027_202402.xml
2025-10-27 20:24:02,136 - vessel_data_pipeline - INFO - Updated metadata for Arrived_in_last_36_hours.xml
2025-10-27 20:24:02,136 - vessel_data_pipeline - INFO - Successfully downloaded and validated Arrived_in_last_36_hours.xml
2025-10-27 20:24:04,137 - vessel_data_pipeline - INFO - Downloading Departed_in_last_36_hours.xml (attempt 1/3)
2025-10-27 20:24:04,264 - vessel_data_pipeline - INFO - File temp_Departed_in_last_36_hours.xml passed validation checks
2025-10-27 20:24:04,265 - vessel_data_pipeline - INFO - Created backup: Departed_in_last_36_hours_20251027_202404.xml
2025-10-27 20:24:04,265 - vessel_data_pipeline - INFO - Updated metadata for Departed_in_last_36_hours.xml
2025-10-27 20:24:04,265 - vessel_data_pipeline - INFO - Successfully downloaded and validated Departed_in_last_36_hours.xml
2025-10-27 20:24:06,268 - vessel_data_pipeline - INFO - Downloading Expected_arrivals.xml (attempt 1/3)
2025-10-27 20:24:06,347 - vessel_data_pipeline - INFO - File temp_Expected_arrivals.xml passed validation checks
2025-10-27 20:24:06,347 - vessel_data_pipeline - INFO - Created backup: Expected_arrivals_20251027_202406.xml
2025-10-27 20:24:06,347 - vessel_data_pipeline - INFO - Updated metadata for Expected_arrivals.xml
2025-10-27 20:24:06,347 - vessel_data_pipeline - INFO - Successfully downloaded and validated Expected_arrivals.xml
2025-10-27 20:24:08,350 - vessel_data_pipeline - INFO - Downloading Expected_departures.xml (attempt 1/3)
2025-10-27 20:24:08,456 - vessel_data_pipeline - INFO - File temp_Expected_departures.xml passed validation checks
2025-10-27 20:24:08,456 - vessel_data_pipeline - INFO - Created backup: Expected_departures_20251027_202408.xml
2025-10-27 20:24:08,456 - vessel_data_pipeline - INFO - Updated metadata for Expected_departures.xml
2025-10-27 20:24:08,456 - vessel_data_pipeline - INFO - Successfully downloaded and validated Expected_departures.xml
2025-10-27 20:24:10,461 - vessel_data_pipeline - INFO - Fetch operation completed. Results: {'Arrived_in_last_36_hours.xml': True, 'Departed_in_last_36_hours.xml': True, 'Expected_arrivals.xml': True, 'Expected_departures.xml': True}
2025-10-27 20:24:10,465 - vessel_data_pipeline - INFO - VesselDataFetcher initialized. Pipeline enabled: True
2025-10-27 20:24:10,465 - vessel_data_pipeline - INFO - Starting vessel data fetch operation
2025-10-27 20:24:10,465 - vessel_data_pipeline - INFO - Discovering XML files from Hong Kong Marine Department portal
2025-10-27 20:24:10,619 - vessel_data_pipeline - INFO - Verified access to Arrived_in_last_36_hours.xml
2025-10-27 20:24:10,655 - vessel_data_pipeline - INFO - Verified access to Departed_in_last_36_hours.xml
2025-10-27 20:24:10,722 - vessel_data_pipeline - INFO - Verified access to Expected_arrivals.xml
2025-10-27 20:24:10,891 - vessel_data_pipeline - INFO - Verified access to Expected_departures.xml
2025-10-27 20:24:10,891 - vessel_data_pipeline - INFO - Discovered 4 XML files for download
2025-10-27 20:24:10,891 - vessel_data_pipeline - INFO - Downloading Arrived_in_last_36_hours.xml (attempt 1/3)
2025-10-27 20:24:11,023 - vessel_data_pipeline - INFO - File temp_Arrived_in_last_36_hours.xml passed validation checks
2025-10-27 20:24:11,023 - vessel_data_pipeline - INFO - Created backup: Arrived_in_last_36_hours_20251027_202411.xml
2025-10-27 20:24:11,023 - vessel_data_pipeline - INFO - Updated metadata for Arrived_in_last_36_hours.xml
2025-10-27 20:24:11,023 - vessel_data_pipeline - INFO - Successfully downloaded and validated Arrived_in_last_36_hours.xml
2025-10-27 20:24:13,028 - vessel_data_pipeline - INFO - Downloading Departed_in_last_36_hours.xml (attempt 1/3)
2025-10-27 20:24:13,181 - vessel_data_pipeline - INFO - File temp_Departed_in_last_36_hours.xml passed validation checks
2025-10-27 20:24:13,182 - vessel_data_pipeline - INFO - Created backup: Departed_in_last_36_hours_20251027_202413.xml
2025-10-27 20:24:13,182 - vessel_data_pipeline - INFO - Updated metadata for Departed_in_last_36_hours.xml
2025-10-27 20:24:13,182 - vessel_data_pipeline - INFO - Successfully downloaded and validated Departed_in_last_36_hours.xml
2025-10-27 20:24:15,188 - vessel_data_pipeline - INFO - Downloading Expected_arrivals.xml (attempt 1/3)
2025-10-27 20:24:15,242 - vessel_data_pipeline - INFO - File temp_Expected_arrivals.xml passed validation checks
2025-10-27 20:24:15,242 - vessel_data_pipeline - INFO - Created backup: Expected_arrivals_20251027_202415.xml
2025-10-27 20:24:15,243 - vessel_data_pipeline - INFO - Updated metadata for Expected_arrivals.xml
2025-10-27 20:24:15,243 - vessel_data_pipeline - INFO - Successfully downloaded and validated Expected_arrivals.xml
2025-10-27 20:24:17,243 - vessel_data_pipeline - INFO - Downloading Expected_departures.xml (attempt 1/3)
2025-10-27 20:24:17,341 - vessel_data_pipeline - INFO - File temp_Expected_departures.xml passed validation checks
2025-10-27 20:24:17,342 - vessel_data_pipeline - INFO - Created backup: Expected_departures_20251027_202417.xml
2025-10-27 20:24:17,342 - vessel_data_pipeline - INFO - Updated metadata for Expected_departures.xml
2025-10-27 20:24:17,342 - vessel_data_pipeline - INFO - Successfully downloaded and validated Expected_departures.xml
2025-10-27 20:24:19,344 - vessel_data_pipeline - INFO - Fetch operation completed. Results: {'Arrived_in_last_36_hours.xml': True, 'Departed_in_last_36_hours.xml': True, 'Expected_arrivals.xml': True, 'Expected_departures.xml': True}
2025-10-27 20:27:43,783 - vessel_data_pipeline - INFO - VesselDataFetcher initialized. Pipeline enabled: True
2025-10-27 20:27:43,784 - vessel_data_pipeline - INFO - Starting vessel data fetch operation
2025-10-27 20:27:43,784 - vessel_data_pipeline - INFO - Discovering XML files from Hong Kong Marine Department portal
2025-10-27 20:27:44,054 - vessel_data_pipeline - INFO - Verified access to Arrived_in_last_36_hours.xml
2025-10-27 20:27:44,288 - vessel_data_pipeline - INFO - Verified access to Departed_in_last_36_hours.xml
2025-10-27 20:27:44,465 - vessel_data_pipeline - INFO - Verified access to Expected_arrivals.xml
2025-10-27 20:27:44,654 - vessel_data_pipeline - INFO - Verified access to Expected_departures.xml
2025-10-27 20:27:44,654 - vessel_data_pipeline - INFO - Discovered 4 XML files for download
2025-10-27 20:27:44,654 - vessel_data_pipeline - INFO - Downloading Arrived_in_last_36_hours.xml (attempt 1/3)
2025-10-27 20:27:44,727 - vessel_data_pipeline - INFO - File temp_Arrived_in_last_36_hours.xml passed validation checks
2025-10-27 20:27:44,727 - vessel_data_pipeline - INFO - Created backup: Arrived_in_last_36_hours_20251027_202744.xml
2025-10-27 20:27:44,728 - vessel_data_pipeline - INFO - Updated metadata for Arrived_in_last_36_hours.xml
2025-10-27 20:27:44,728 - vessel_data_pipeline - INFO - Successfully downloaded and validated Arrived_in_last_36_hours.xml
2025-10-27 20:27:46,732 - vessel_data_pipeline - INFO - Downloading Departed_in_last_36_hours.xml (attempt 1/3)
2025-10-27 20:27:46,804 - vessel_data_pipeline - INFO - File temp_Departed_in_last_36_hours.xml passed validation checks
2025-10-27 20:27:46,805 - vessel_data_pipeline - INFO - Created backup: Departed_in_last_36_hours_20251027_202746.xml
2025-10-27 20:27:46,805 - vessel_data_pipeline - INFO - Updated metadata for Departed_in_last_36_hours.xml
2025-10-27 20:27:46,805 - vessel_data_pipeline - INFO - Successfully downloaded and validated Departed_in_last_36_hours.xml
2025-10-27 20:27:48,806 - vessel_data_pipeline - INFO - Downloading Expected_arrivals.xml (attempt 1/3)
2025-10-27 20:27:48,860 - vessel_data_pipeline - INFO - File temp_Expected_arrivals.xml passed validation checks
2025-10-27 20:27:48,860 - vessel_data_pipeline - INFO - Created backup: Expected_arrivals_20251027_202748.xml
2025-10-27 20:27:48,860 - vessel_data_pipeline - INFO - Updated metadata for Expected_arrivals.xml
2025-10-27 20:27:48,860 - vessel_data_pipeline - INFO - Successfully downloaded and validated Expected_arrivals.xml
2025-10-27 20:27:50,865 - vessel_data_pipeline - INFO - Downloading Expected_departures.xml (attempt 1/3)
2025-10-27 20:27:50,912 - vessel_data_pipeline - INFO - File temp_Expected_departures.xml passed validation checks
2025-10-27 20:27:50,912 - vessel_data_pipeline - INFO - Created backup: Expected_departures_20251027_202750.xml
2025-10-27 20:27:50,913 - vessel_data_pipeline - INFO - Updated metadata for Expected_departures.xml
2025-10-27 20:27:50,913 - vessel_data_pipeline - INFO - Successfully downloaded and validated Expected_departures.xml
2025-10-27 20:27:52,913 - vessel_data_pipeline - INFO - Fetch operation completed. Results: {'Arrived_in_last_36_hours.xml': True, 'Departed_in_last_36_hours.xml': True, 'Expected_arrivals.xml': True, 'Expected_departures.xml': True}
2025-10-27 20:27:52,917 - vessel_data_pipeline - INFO - VesselDataFetcher initialized. Pipeline enabled: True
2025-10-27 20:27:52,918 - vessel_data_pipeline - INFO - Starting vessel data fetch operation
2025-10-27 20:27:52,918 - vessel_data_pipeline - INFO - Discovering XML files from Hong Kong Marine Department portal
2025-10-27 20:27:52,991 - vessel_data_pipeline - INFO - Verified access to Arrived_in_last_36_hours.xml
2025-10-27 20:27:53,028 - vessel_data_pipeline - INFO - Verified access to Departed_in_last_36_hours.xml
2025-10-27 20:27:53,605 - vessel_data_pipeline - INFO - Verified access to Expected_arrivals.xml
2025-10-27 20:27:53,673 - vessel_data_pipeline - INFO - Verified access to Expected_departures.xml
2025-10-27 20:27:53,673 - vessel_data_pipeline - INFO - Discovered 4 XML files for download
2025-10-27 20:27:53,673 - vessel_data_pipeline - INFO - Downloading Arrived_in_last_36_hours.xml (attempt 1/3)
2025-10-27 20:27:53,725 - vessel_data_pipeline - INFO - File temp_Arrived_in_last_36_hours.xml passed validation checks
2025-10-27 20:27:53,725 - vessel_data_pipeline - INFO - Created backup: Arrived_in_last_36_hours_20251027_202753.xml
2025-10-27 20:27:53,726 - vessel_data_pipeline - INFO - Updated metadata for Arrived_in_last_36_hours.xml
2025-10-27 20:27:53,726 - vessel_data_pipeline - INFO - Successfully downloaded and validated Arrived_in_last_36_hours.xml
2025-10-27 20:27:55,731 - vessel_data_pipeline - INFO - Downloading Departed_in_last_36_hours.xml (attempt 1/3)
2025-10-27 20:27:55,845 - vessel_data_pipeline - INFO - File temp_Departed_in_last_36_hours.xml passed validation checks
2025-10-27 20:27:55,846 - vessel_data_pipeline - INFO - Created backup: Departed_in_last_36_hours_20251027_202755.xml
2025-10-27 20:27:55,846 - vessel_data_pipeline - INFO - Updated metadata for Departed_in_last_36_hours.xml
2025-10-27 20:27:55,846 - vessel_data_pipeline - INFO - Successfully downloaded and validated Departed_in_last_36_hours.xml
2025-10-27 20:27:57,851 - vessel_data_pipeline - INFO - Downloading Expected_arrivals.xml (attempt 1/3)
2025-10-27 20:27:57,898 - vessel_data_pipeline - INFO - File temp_Expected_arrivals.xml passed validation checks
2025-10-27 20:27:57,899 - vessel_data_pipeline - INFO - Created backup: Expected_arrivals_20251027_202757.xml
2025-10-27 20:27:57,899 - vessel_data_pipeline - INFO - Updated metadata for Expected_arrivals.xml
2025-10-27 20:27:57,899 - vessel_data_pipeline - INFO - Successfully downloaded and validated Expected_arrivals.xml
2025-10-27 20:27:59,904 - vessel_data_pipeline - INFO - Downloading Expected_departures.xml (attempt 1/3)
2025-10-27 20:28:00,211 - vessel_data_pipeline - INFO - File temp_Expected_departures.xml passed validation checks
2025-10-27 20:28:00,212 - vessel_data_pipeline - INFO - Created backup: Expected_departures_20251027_202800.xml
2025-10-27 20:28:00,212 - vessel_data_pipeline - INFO - Updated metadata for Expected_departures.xml
2025-10-27 20:28:00,212 - vessel_data_pipeline - INFO - Successfully downloaded and validated Expected_departures.xml
2025-10-27 20:28:02,214 - vessel_data_pipeline - INFO - Fetch operation completed. Results: {'Arrived_in_last_36_hours.xml': True, 'Departed_in_last_36_hours.xml': True, 'Expected_arrivals.xml': True, 'Expected_departures.xml': True}
2025-10-27 20:28:02,225 - vessel_data_pipeline - INFO - VesselDataFetcher initialized. Pipeline enabled: True
2025-10-27 20:28:02,226 - vessel_data_pipeline - INFO - Starting vessel data fetch operation
2025-10-27 20:28:02,226 - vessel_data_pipeline - INFO - Discovering XML files from Hong Kong Marine Department portal
2025-10-27 20:28:02,443 - vessel_data_pipeline - INFO - Verified access to Arrived_in_last_36_hours.xml
2025-10-27 20:28:02,516 - vessel_data_pipeline - INFO - Verified access to Departed_in_last_36_hours.xml
2025-10-27 20:28:02,545 - vessel_data_pipeline - INFO - Verified access to Expected_arrivals.xml
2025-10-27 20:28:02,610 - vessel_data_pipeline - INFO - Verified access to Expected_departures.xml
2025-10-27 20:28:02,610 - vessel_data_pipeline - INFO - Discovered 4 XML files for download
2025-10-27 20:28:02,610 - vessel_data_pipeline - INFO - Downloading Arrived_in_last_36_hours.xml (attempt 1/3)
2025-10-27 20:28:02,704 - vessel_data_pipeline - INFO - File temp_Arrived_in_last_36_hours.xml passed validation checks
2025-10-27 20:28:02,704 - vessel_data_pipeline - INFO - Created backup: Arrived_in_last_36_hours_20251027_202802.xml
2025-10-27 20:28:02,705 - vessel_data_pipeline - INFO - Updated metadata for Arrived_in_last_36_hours.xml
2025-10-27 20:28:02,705 - vessel_data_pipeline - INFO - Successfully downloaded and validated Arrived_in_last_36_hours.xml
2025-10-27 20:28:04,710 - vessel_data_pipeline - INFO - Downloading Departed_in_last_36_hours.xml (attempt 1/3)
2025-10-27 20:28:04,793 - vessel_data_pipeline - INFO - File temp_Departed_in_last_36_hours.xml passed validation checks
2025-10-27 20:28:04,793 - vessel_data_pipeline - INFO - Created backup: Departed_in_last_36_hours_20251027_202804.xml
2025-10-27 20:28:04,794 - vessel_data_pipeline - INFO - Updated metadata for Departed_in_last_36_hours.xml
2025-10-27 20:28:04,794 - vessel_data_pipeline - INFO - Successfully downloaded and validated Departed_in_last_36_hours.xml
2025-10-27 20:28:06,794 - vessel_data_pipeline - INFO - Downloading Expected_arrivals.xml (attempt 1/3)
2025-10-27 20:28:06,849 - vessel_data_pipeline - INFO - File temp_Expected_arrivals.xml passed validation checks
2025-10-27 20:28:06,849 - vessel_data_pipeline - INFO - Created backup: Expected_arrivals_20251027_202806.xml
2025-10-27 20:28:06,849 - vessel_data_pipeline - INFO - Updated metadata for Expected_arrivals.xml
2025-10-27 20:28:06,850 - vessel_data_pipeline - INFO - Successfully downloaded and validated Expected_arrivals.xml
2025-10-27 20:28:08,855 - vessel_data_pipeline - INFO - Downloading Expected_departures.xml (attempt 1/3)
2025-10-27 20:28:08,944 - vessel_data_pipeline - INFO - File temp_Expected_departures.xml passed validation checks
2025-10-27 20:28:08,944 - vessel_data_pipeline - INFO - Created backup: Expected_departures_20251027_202808.xml
2025-10-27 20:28:08,944 - vessel_data_pipeline - INFO - Updated metadata for Expected_departures.xml
2025-10-27 20:28:08,944 - vessel_data_pipeline - INFO - Successfully downloaded and validated Expected_departures.xml
2025-10-27 20:28:10,947 - vessel_data_pipeline - INFO - Fetch operation completed. Results: {'Arrived_in_last_36_hours.xml': True, 'Departed_in_last_36_hours.xml': True, 'Expected_arrivals.xml': True, 'Expected_departures.xml': True}
2025-10-27 20:28:10,951 - vessel_data_pipeline - INFO - VesselDataFetcher initialized. Pipeline enabled: True
2025-10-27 20:28:10,951 - vessel_data_pipeline - INFO - Starting vessel data fetch operation
2025-10-27 20:28:10,951 - vessel_data_pipeline - INFO - Discovering XML files from Hong Kong Marine Department portal
2025-10-27 20:28:11,019 - vessel_data_pipeline - INFO - Verified access to Arrived_in_last_36_hours.xml
2025-10-27 20:28:11,052 - vessel_data_pipeline - INFO - Verified access to Departed_in_last_36_hours.xml
2025-10-27 20:28:11,103 - vessel_data_pipeline - INFO - Verified access to Expected_arrivals.xml
2025-10-27 20:28:11,139 - vessel_data_pipeline - INFO - Verified access to Expected_departures.xml
2025-10-27 20:28:11,139 - vessel_data_pipeline - INFO - Discovered 4 XML files for download
2025-10-27 20:28:11,139 - vessel_data_pipeline - INFO - Downloading Arrived_in_last_36_hours.xml (attempt 1/3)
2025-10-27 20:28:11,478 - vessel_data_pipeline - INFO - File temp_Arrived_in_last_36_hours.xml passed validation checks
2025-10-27 20:28:11,478 - vessel_data_pipeline - INFO - Created backup: Arrived_in_last_36_hours_20251027_202811.xml
2025-10-27 20:28:11,479 - vessel_data_pipeline - INFO - Updated metadata for Arrived_in_last_36_hours.xml
2025-10-27 20:28:11,479 - vessel_data_pipeline - INFO - Successfully downloaded and validated Arrived_in_last_36_hours.xml
2025-10-27 20:28:13,484 - vessel_data_pipeline - INFO - Downloading Departed_in_last_36_hours.xml (attempt 1/3)
2025-10-27 20:28:13,743 - vessel_data_pipeline - INFO - File temp_Departed_in_last_36_hours.xml passed validation checks
2025-10-27 20:28:13,743 - vessel_data_pipeline - INFO - Created backup: Departed_in_last_36_hours_20251027_202813.xml
2025-10-27 20:28:13,744 - vessel_data_pipeline - INFO - Updated metadata for Departed_in_last_36_hours.xml
2025-10-27 20:28:13,744 - vessel_data_pipeline - INFO - Successfully downloaded and validated Departed_in_last_36_hours.xml
2025-10-27 20:28:15,749 - vessel_data_pipeline - INFO - Downloading Expected_arrivals.xml (attempt 1/3)
2025-10-27 20:28:15,843 - vessel_data_pipeline - INFO - File temp_Expected_arrivals.xml passed validation checks
2025-10-27 20:28:15,844 - vessel_data_pipeline - INFO - Created backup: Expected_arrivals_20251027_202815.xml
2025-10-27 20:28:15,844 - vessel_data_pipeline - INFO - Updated metadata for Expected_arrivals.xml
2025-10-27 20:28:15,844 - vessel_data_pipeline - INFO - Successfully downloaded and validated Expected_arrivals.xml
2025-10-27 20:28:17,846 - vessel_data_pipeline - INFO - Downloading Expected_departures.xml (attempt 1/3)
2025-10-27 20:28:17,894 - vessel_data_pipeline - INFO - File temp_Expected_departures.xml passed validation checks
2025-10-27 20:28:17,894 - vessel_data_pipeline - INFO - Created backup: Expected_departures_20251027_202817.xml
2025-10-27 20:28:17,895 - vessel_data_pipeline - INFO - Updated metadata for Expected_departures.xml
2025-10-27 20:28:17,895 - vessel_data_pipeline - INFO - Successfully downloaded and validated Expected_departures.xml
2025-10-27 20:28:19,900 - vessel_data_pipeline - INFO - Fetch operation completed. Results: {'Arrived_in_last_36_hours.xml': True, 'Departed_in_last_36_hours.xml': True, 'Expected_arrivals.xml': True, 'Expected_departures.xml': True}
