2025-10-30 19:25:50,355 - vessel_data_pipeline - INFO - VesselDataFetcher initialized. Pipeline enabled: True
2025-10-30 19:25:50,356 - vessel_data_pipeline - INFO - Starting vessel data fetch operation
2025-10-30 19:25:50,356 - vessel_data_pipeline - INFO - Discovering XML files from Hong Kong Marine Department portal
2025-10-30 19:25:51,145 - vessel_data_pipeline - INFO - Verified access to Arrived_in_last_36_hours.xml
2025-10-30 19:25:51,395 - vessel_data_pipeline - INFO - Verified access to Departed_in_last_36_hours.xml
2025-10-30 19:25:51,759 - vessel_data_pipeline - INFO - Verified access to Expected_arrivals.xml
2025-10-30 19:25:51,980 - vessel_data_pipeline - INFO - Verified access to Expected_departures.xml
2025-10-30 19:25:51,980 - vessel_data_pipeline - INFO - Discovered 4 XML files for download
2025-10-30 19:25:51,980 - vessel_data_pipeline - INFO - Downloading Arrived_in_last_36_hours.xml (attempt 1/3)
2025-10-30 19:25:52,035 - vessel_data_pipeline - INFO - File temp_Arrived_in_last_36_hours.xml passed validation checks
2025-10-30 19:25:52,036 - vessel_data_pipeline - INFO - Created backup: Arrived_in_last_36_hours_20251030_192552.xml
2025-10-30 19:25:52,036 - vessel_data_pipeline - INFO - Updated metadata for Arrived_in_last_36_hours.xml
2025-10-30 19:25:52,036 - vessel_data_pipeline - INFO - Successfully downloaded and validated Arrived_in_last_36_hours.xml
2025-10-30 19:25:54,041 - vessel_data_pipeline - INFO - Downloading Departed_in_last_36_hours.xml (attempt 1/3)
2025-10-30 19:25:54,109 - vessel_data_pipeline - INFO - File temp_Departed_in_last_36_hours.xml passed validation checks
2025-10-30 19:25:54,110 - vessel_data_pipeline - INFO - Created backup: Departed_in_last_36_hours_20251030_192554.xml
2025-10-30 19:25:54,110 - vessel_data_pipeline - INFO - Updated metadata for Departed_in_last_36_hours.xml
2025-10-30 19:25:54,110 - vessel_data_pipeline - INFO - Successfully downloaded and validated Departed_in_last_36_hours.xml
2025-10-30 19:25:56,116 - vessel_data_pipeline - INFO - Downloading Expected_arrivals.xml (attempt 1/3)
2025-10-30 19:25:56,172 - vessel_data_pipeline - INFO - File temp_Expected_arrivals.xml passed validation checks
2025-10-30 19:25:56,173 - vessel_data_pipeline - INFO - Created backup: Expected_arrivals_20251030_192556.xml
2025-10-30 19:25:56,173 - vessel_data_pipeline - INFO - Updated metadata for Expected_arrivals.xml
2025-10-30 19:25:56,173 - vessel_data_pipeline - INFO - Successfully downloaded and validated Expected_arrivals.xml
2025-10-30 19:25:58,177 - vessel_data_pipeline - INFO - Downloading Expected_departures.xml (attempt 1/3)
2025-10-30 19:25:58,255 - vessel_data_pipeline - INFO - File temp_Expected_departures.xml passed validation checks
2025-10-30 19:25:58,256 - vessel_data_pipeline - INFO - Created backup: Expected_departures_20251030_192558.xml
2025-10-30 19:25:58,256 - vessel_data_pipeline - INFO - Updated metadata for Expected_departures.xml
2025-10-30 19:25:58,256 - vessel_data_pipeline - INFO - Successfully downloaded and validated Expected_departures.xml
2025-10-30 19:26:00,258 - vessel_data_pipeline - INFO - Fetch operation completed. Results: {'Arrived_in_last_36_hours.xml': True, 'Departed_in_last_36_hours.xml': True, 'Expected_arrivals.xml': True, 'Expected_departures.xml': True}
2025-10-30 19:26:00,580 - vessel_data_pipeline - INFO - VesselDataFetcher initialized. Pipeline enabled: True
2025-10-30 19:26:00,583 - vessel_data_pipeline - INFO - Starting vessel data fetch operation
2025-10-30 19:26:00,585 - vessel_data_pipeline - INFO - Discovering XML files from Hong Kong Marine Department portal
2025-10-30 19:26:00,821 - vessel_data_pipeline - INFO - Verified access to Arrived_in_last_36_hours.xml
2025-10-30 19:26:00,883 - vessel_data_pipeline - INFO - Verified access to Departed_in_last_36_hours.xml
2025-10-30 19:26:00,921 - vessel_data_pipeline - INFO - Verified access to Expected_arrivals.xml
2025-10-30 19:26:00,960 - vessel_data_pipeline - INFO - Verified access to Expected_departures.xml
2025-10-30 19:26:00,960 - vessel_data_pipeline - INFO - Discovered 4 XML files for download
2025-10-30 19:26:00,960 - vessel_data_pipeline - INFO - Downloading Arrived_in_last_36_hours.xml (attempt 1/3)
2025-10-30 19:26:01,023 - vessel_data_pipeline - INFO - File temp_Arrived_in_last_36_hours.xml passed validation checks
2025-10-30 19:26:01,028 - vessel_data_pipeline - INFO - Created backup: Arrived_in_last_36_hours_20251030_192601.xml
2025-10-30 19:26:01,029 - vessel_data_pipeline - INFO - Updated metadata for Arrived_in_last_36_hours.xml
2025-10-30 19:26:01,033 - vessel_data_pipeline - INFO - Successfully downloaded and validated Arrived_in_last_36_hours.xml
2025-10-30 19:26:03,038 - vessel_data_pipeline - INFO - Downloading Departed_in_last_36_hours.xml (attempt 1/3)
2025-10-30 19:26:03,129 - vessel_data_pipeline - INFO - File temp_Departed_in_last_36_hours.xml passed validation checks
2025-10-30 19:26:03,130 - vessel_data_pipeline - INFO - Created backup: Departed_in_last_36_hours_20251030_192603.xml
2025-10-30 19:26:03,130 - vessel_data_pipeline - INFO - Updated metadata for Departed_in_last_36_hours.xml
2025-10-30 19:26:03,130 - vessel_data_pipeline - INFO - Successfully downloaded and validated Departed_in_last_36_hours.xml
2025-10-30 19:26:05,135 - vessel_data_pipeline - INFO - Downloading Expected_arrivals.xml (attempt 1/3)
2025-10-30 19:26:05,185 - vessel_data_pipeline - INFO - File temp_Expected_arrivals.xml passed validation checks
2025-10-30 19:26:05,186 - vessel_data_pipeline - INFO - Created backup: Expected_arrivals_20251030_192605.xml
2025-10-30 19:26:05,186 - vessel_data_pipeline - INFO - Updated metadata for Expected_arrivals.xml
2025-10-30 19:26:05,186 - vessel_data_pipeline - INFO - Successfully downloaded and validated Expected_arrivals.xml
2025-10-30 19:26:07,189 - vessel_data_pipeline - INFO - Downloading Expected_departures.xml (attempt 1/3)
2025-10-30 19:26:07,268 - vessel_data_pipeline - INFO - File temp_Expected_departures.xml passed validation checks
2025-10-30 19:26:07,269 - vessel_data_pipeline - INFO - Created backup: Expected_departures_20251030_192607.xml
2025-10-30 19:26:07,269 - vessel_data_pipeline - INFO - Updated metadata for Expected_departures.xml
2025-10-30 19:26:07,269 - vessel_data_pipeline - INFO - Successfully downloaded and validated Expected_departures.xml
2025-10-30 19:26:09,274 - vessel_data_pipeline - INFO - Fetch operation completed. Results: {'Arrived_in_last_36_hours.xml': True, 'Departed_in_last_36_hours.xml': True, 'Expected_arrivals.xml': True, 'Expected_departures.xml': True}
2025-10-30 19:26:09,284 - vessel_data_pipeline - INFO - VesselDataFetcher initialized. Pipeline enabled: True
2025-10-30 19:26:09,287 - vessel_data_pipeline - INFO - Starting vessel data fetch operation
2025-10-30 19:26:09,292 - vessel_data_pipeline - INFO - Discovering XML files from Hong Kong Marine Department portal
2025-10-30 19:26:09,385 - vessel_data_pipeline - INFO - Verified access to Arrived_in_last_36_hours.xml
2025-10-30 19:26:09,433 - vessel_data_pipeline - INFO - Verified access to Departed_in_last_36_hours.xml
2025-10-30 19:26:09,485 - vessel_data_pipeline - INFO - Verified access to Expected_arrivals.xml
2025-10-30 19:26:09,547 - vessel_data_pipeline - INFO - Verified access to Expected_departures.xml
2025-10-30 19:26:09,548 - vessel_data_pipeline - INFO - Discovered 4 XML files for download
2025-10-30 19:26:09,548 - vessel_data_pipeline - INFO - Downloading Arrived_in_last_36_hours.xml (attempt 1/3)
2025-10-30 19:26:09,612 - vessel_data_pipeline - INFO - File temp_Arrived_in_last_36_hours.xml passed validation checks
2025-10-30 19:26:09,621 - vessel_data_pipeline - INFO - Created backup: Arrived_in_last_36_hours_20251030_192609.xml
2025-10-30 19:26:09,622 - vessel_data_pipeline - INFO - Updated metadata for Arrived_in_last_36_hours.xml
2025-10-30 19:26:09,627 - vessel_data_pipeline - INFO - Successfully downloaded and validated Arrived_in_last_36_hours.xml
2025-10-30 19:26:11,629 - vessel_data_pipeline - INFO - Downloading Departed_in_last_36_hours.xml (attempt 1/3)
2025-10-30 19:26:11,694 - vessel_data_pipeline - INFO - File temp_Departed_in_last_36_hours.xml passed validation checks
2025-10-30 19:26:11,694 - vessel_data_pipeline - INFO - Created backup: Departed_in_last_36_hours_20251030_192611.xml
2025-10-30 19:26:11,695 - vessel_data_pipeline - INFO - Updated metadata for Departed_in_last_36_hours.xml
2025-10-30 19:26:11,695 - vessel_data_pipeline - INFO - Successfully downloaded and validated Departed_in_last_36_hours.xml
2025-10-30 19:26:13,696 - vessel_data_pipeline - INFO - Downloading Expected_arrivals.xml (attempt 1/3)
2025-10-30 19:26:13,741 - vessel_data_pipeline - INFO - File temp_Expected_arrivals.xml passed validation checks
2025-10-30 19:26:13,742 - vessel_data_pipeline - INFO - Created backup: Expected_arrivals_20251030_192613.xml
2025-10-30 19:26:13,742 - vessel_data_pipeline - INFO - Updated metadata for Expected_arrivals.xml
2025-10-30 19:26:13,742 - vessel_data_pipeline - INFO - Successfully downloaded and validated Expected_arrivals.xml
2025-10-30 19:26:15,746 - vessel_data_pipeline - INFO - Downloading Expected_departures.xml (attempt 1/3)
2025-10-30 19:26:15,813 - vessel_data_pipeline - INFO - File temp_Expected_departures.xml passed validation checks
2025-10-30 19:26:15,814 - vessel_data_pipeline - INFO - Created backup: Expected_departures_20251030_192615.xml
2025-10-30 19:26:15,814 - vessel_data_pipeline - INFO - Updated metadata for Expected_departures.xml
2025-10-30 19:26:15,814 - vessel_data_pipeline - INFO - Successfully downloaded and validated Expected_departures.xml
2025-10-30 19:26:17,819 - vessel_data_pipeline - INFO - Fetch operation completed. Results: {'Arrived_in_last_36_hours.xml': True, 'Departed_in_last_36_hours.xml': True, 'Expected_arrivals.xml': True, 'Expected_departures.xml': True}
2025-10-30 19:26:20,852 - vessel_data_pipeline - INFO - VesselDataFetcher initialized. Pipeline enabled: True
2025-10-30 19:26:20,854 - vessel_data_pipeline - INFO - Starting vessel data fetch operation
2025-10-30 19:26:20,854 - vessel_data_pipeline - INFO - Discovering XML files from Hong Kong Marine Department portal
2025-10-30 19:26:20,916 - vessel_data_pipeline - INFO - Verified access to Arrived_in_last_36_hours.xml
2025-10-30 19:26:20,951 - vessel_data_pipeline - INFO - Verified access to Departed_in_last_36_hours.xml
2025-10-30 19:26:20,986 - vessel_data_pipeline - INFO - Verified access to Expected_arrivals.xml
2025-10-30 19:26:21,026 - vessel_data_pipeline - INFO - Verified access to Expected_departures.xml
2025-10-30 19:26:21,026 - vessel_data_pipeline - INFO - Discovered 4 XML files for download
2025-10-30 19:26:21,027 - vessel_data_pipeline - INFO - Downloading Arrived_in_last_36_hours.xml (attempt 1/3)
2025-10-30 19:26:21,082 - vessel_data_pipeline - INFO - File temp_Arrived_in_last_36_hours.xml passed validation checks
2025-10-30 19:26:21,082 - vessel_data_pipeline - INFO - Created backup: Arrived_in_last_36_hours_20251030_192621.xml
2025-10-30 19:26:21,083 - vessel_data_pipeline - INFO - Updated metadata for Arrived_in_last_36_hours.xml
2025-10-30 19:26:21,083 - vessel_data_pipeline - INFO - Successfully downloaded and validated Arrived_in_last_36_hours.xml
2025-10-30 19:26:23,084 - vessel_data_pipeline - INFO - Downloading Departed_in_last_36_hours.xml (attempt 1/3)
2025-10-30 19:26:23,193 - vessel_data_pipeline - INFO - File temp_Departed_in_last_36_hours.xml passed validation checks
2025-10-30 19:26:23,193 - vessel_data_pipeline - INFO - Created backup: Departed_in_last_36_hours_20251030_192623.xml
2025-10-30 19:26:23,193 - vessel_data_pipeline - INFO - Updated metadata for Departed_in_last_36_hours.xml
2025-10-30 19:26:23,193 - vessel_data_pipeline - INFO - Successfully downloaded and validated Departed_in_last_36_hours.xml
2025-10-30 19:26:25,200 - vessel_data_pipeline - INFO - Downloading Expected_arrivals.xml (attempt 1/3)
2025-10-30 19:26:25,287 - vessel_data_pipeline - INFO - File temp_Expected_arrivals.xml passed validation checks
2025-10-30 19:26:25,296 - vessel_data_pipeline - INFO - Created backup: Expected_arrivals_20251030_192625.xml
2025-10-30 19:26:25,301 - vessel_data_pipeline - INFO - Updated metadata for Expected_arrivals.xml
2025-10-30 19:26:25,301 - vessel_data_pipeline - INFO - Successfully downloaded and validated Expected_arrivals.xml
2025-10-30 19:26:27,310 - vessel_data_pipeline - INFO - Downloading Expected_departures.xml (attempt 1/3)
2025-10-30 19:26:27,388 - vessel_data_pipeline - INFO - File temp_Expected_departures.xml passed validation checks
2025-10-30 19:26:27,389 - vessel_data_pipeline - INFO - Created backup: Expected_departures_20251030_192627.xml
2025-10-30 19:26:27,389 - vessel_data_pipeline - INFO - Updated metadata for Expected_departures.xml
2025-10-30 19:26:27,389 - vessel_data_pipeline - INFO - Successfully downloaded and validated Expected_departures.xml
2025-10-30 19:26:29,394 - vessel_data_pipeline - INFO - Fetch operation completed. Results: {'Arrived_in_last_36_hours.xml': True, 'Departed_in_last_36_hours.xml': True, 'Expected_arrivals.xml': True, 'Expected_departures.xml': True}
2025-10-30 19:26:29,399 - vessel_data_pipeline - INFO - VesselDataFetcher initialized. Pipeline enabled: True
2025-10-30 19:26:29,400 - vessel_data_pipeline - INFO - Starting vessel data fetch operation
2025-10-30 19:26:29,400 - vessel_data_pipeline - INFO - Discovering XML files from Hong Kong Marine Department portal
2025-10-30 19:26:29,455 - vessel_data_pipeline - INFO - Verified access to Arrived_in_last_36_hours.xml
2025-10-30 19:26:29,498 - vessel_data_pipeline - INFO - Verified access to Departed_in_last_36_hours.xml
2025-10-30 19:26:29,557 - vessel_data_pipeline - INFO - Verified access to Expected_arrivals.xml
2025-10-30 19:26:29,600 - vessel_data_pipeline - INFO - Verified access to Expected_departures.xml
2025-10-30 19:26:29,601 - vessel_data_pipeline - INFO - Discovered 4 XML files for download
2025-10-30 19:26:29,601 - vessel_data_pipeline - INFO - Downloading Arrived_in_last_36_hours.xml (attempt 1/3)
2025-10-30 19:26:29,694 - vessel_data_pipeline - INFO - File temp_Arrived_in_last_36_hours.xml passed validation checks
2025-10-30 19:26:29,694 - vessel_data_pipeline - INFO - Created backup: Arrived_in_last_36_hours_20251030_192629.xml
2025-10-30 19:26:29,695 - vessel_data_pipeline - INFO - Updated metadata for Arrived_in_last_36_hours.xml
2025-10-30 19:26:29,695 - vessel_data_pipeline - INFO - Successfully downloaded and validated Arrived_in_last_36_hours.xml
2025-10-30 19:26:31,697 - vessel_data_pipeline - INFO - Downloading Departed_in_last_36_hours.xml (attempt 1/3)
2025-10-30 19:26:31,818 - vessel_data_pipeline - INFO - File temp_Departed_in_last_36_hours.xml passed validation checks
2025-10-30 19:26:31,819 - vessel_data_pipeline - INFO - Created backup: Departed_in_last_36_hours_20251030_192631.xml
2025-10-30 19:26:31,819 - vessel_data_pipeline - INFO - Updated metadata for Departed_in_last_36_hours.xml
2025-10-30 19:26:31,819 - vessel_data_pipeline - INFO - Successfully downloaded and validated Departed_in_last_36_hours.xml
2025-10-30 19:26:33,824 - vessel_data_pipeline - INFO - Downloading Expected_arrivals.xml (attempt 1/3)
2025-10-30 19:26:33,879 - vessel_data_pipeline - INFO - File temp_Expected_arrivals.xml passed validation checks
2025-10-30 19:26:33,879 - vessel_data_pipeline - INFO - Created backup: Expected_arrivals_20251030_192633.xml
2025-10-30 19:26:33,880 - vessel_data_pipeline - INFO - Updated metadata for Expected_arrivals.xml
2025-10-30 19:26:33,880 - vessel_data_pipeline - INFO - Successfully downloaded and validated Expected_arrivals.xml
2025-10-30 19:26:35,881 - vessel_data_pipeline - INFO - Downloading Expected_departures.xml (attempt 1/3)
2025-10-30 19:26:35,952 - vessel_data_pipeline - INFO - File temp_Expected_departures.xml passed validation checks
2025-10-30 19:26:35,952 - vessel_data_pipeline - INFO - Created backup: Expected_departures_20251030_192635.xml
2025-10-30 19:26:35,953 - vessel_data_pipeline - INFO - Updated metadata for Expected_departures.xml
2025-10-30 19:26:35,953 - vessel_data_pipeline - INFO - Successfully downloaded and validated Expected_departures.xml
2025-10-30 19:26:37,958 - vessel_data_pipeline - INFO - Fetch operation completed. Results: {'Arrived_in_last_36_hours.xml': True, 'Departed_in_last_36_hours.xml': True, 'Expected_arrivals.xml': True, 'Expected_departures.xml': True}
2025-10-30 19:26:37,974 - vessel_data_pipeline - INFO - VesselDataFetcher initialized. Pipeline enabled: True
2025-10-30 19:26:37,975 - vessel_data_pipeline - INFO - Starting vessel data fetch operation
2025-10-30 19:26:37,975 - vessel_data_pipeline - INFO - Discovering XML files from Hong Kong Marine Department portal
2025-10-30 19:26:38,035 - vessel_data_pipeline - INFO - Verified access to Arrived_in_last_36_hours.xml
2025-10-30 19:26:38,093 - vessel_data_pipeline - INFO - Verified access to Departed_in_last_36_hours.xml
2025-10-30 19:26:38,127 - vessel_data_pipeline - INFO - Verified access to Expected_arrivals.xml
2025-10-30 19:26:38,160 - vessel_data_pipeline - INFO - Verified access to Expected_departures.xml
2025-10-30 19:26:38,160 - vessel_data_pipeline - INFO - Discovered 4 XML files for download
2025-10-30 19:26:38,160 - vessel_data_pipeline - INFO - Downloading Arrived_in_last_36_hours.xml (attempt 1/3)
2025-10-30 19:26:38,219 - vessel_data_pipeline - INFO - File temp_Arrived_in_last_36_hours.xml passed validation checks
2025-10-30 19:26:38,219 - vessel_data_pipeline - INFO - Created backup: Arrived_in_last_36_hours_20251030_192638.xml
2025-10-30 19:26:38,220 - vessel_data_pipeline - INFO - Updated metadata for Arrived_in_last_36_hours.xml
2025-10-30 19:26:38,220 - vessel_data_pipeline - INFO - Successfully downloaded and validated Arrived_in_last_36_hours.xml
2025-10-30 19:26:40,225 - vessel_data_pipeline - INFO - Downloading Departed_in_last_36_hours.xml (attempt 1/3)
2025-10-30 19:26:40,288 - vessel_data_pipeline - INFO - File temp_Departed_in_last_36_hours.xml passed validation checks
2025-10-30 19:26:40,289 - vessel_data_pipeline - INFO - Created backup: Departed_in_last_36_hours_20251030_192640.xml
2025-10-30 19:26:40,289 - vessel_data_pipeline - INFO - Updated metadata for Departed_in_last_36_hours.xml
2025-10-30 19:26:40,289 - vessel_data_pipeline - INFO - Successfully downloaded and validated Departed_in_last_36_hours.xml
2025-10-30 19:26:42,292 - vessel_data_pipeline - INFO - Downloading Expected_arrivals.xml (attempt 1/3)
2025-10-30 19:26:42,339 - vessel_data_pipeline - INFO - File temp_Expected_arrivals.xml passed validation checks
2025-10-30 19:26:42,340 - vessel_data_pipeline - INFO - Created backup: Expected_arrivals_20251030_192642.xml
2025-10-30 19:26:42,340 - vessel_data_pipeline - INFO - Updated metadata for Expected_arrivals.xml
2025-10-30 19:26:42,340 - vessel_data_pipeline - INFO - Successfully downloaded and validated Expected_arrivals.xml
2025-10-30 19:26:44,342 - vessel_data_pipeline - INFO - Downloading Expected_departures.xml (attempt 1/3)
2025-10-30 19:26:44,414 - vessel_data_pipeline - INFO - File temp_Expected_departures.xml passed validation checks
2025-10-30 19:26:44,415 - vessel_data_pipeline - INFO - Created backup: Expected_departures_20251030_192644.xml
2025-10-30 19:26:44,415 - vessel_data_pipeline - INFO - Updated metadata for Expected_departures.xml
2025-10-30 19:26:44,415 - vessel_data_pipeline - INFO - Successfully downloaded and validated Expected_departures.xml
2025-10-30 19:26:46,420 - vessel_data_pipeline - INFO - Fetch operation completed. Results: {'Arrived_in_last_36_hours.xml': True, 'Departed_in_last_36_hours.xml': True, 'Expected_arrivals.xml': True, 'Expected_departures.xml': True}
2025-10-30 19:26:46,426 - vessel_data_pipeline - INFO - VesselDataFetcher initialized. Pipeline enabled: True
2025-10-30 19:26:46,427 - vessel_data_pipeline - INFO - Starting vessel data fetch operation
2025-10-30 19:26:46,427 - vessel_data_pipeline - INFO - Discovering XML files from Hong Kong Marine Department portal
2025-10-30 19:26:46,487 - vessel_data_pipeline - INFO - Verified access to Arrived_in_last_36_hours.xml
2025-10-30 19:26:46,531 - vessel_data_pipeline - INFO - Verified access to Departed_in_last_36_hours.xml
2025-10-30 19:26:46,595 - vessel_data_pipeline - INFO - Verified access to Expected_arrivals.xml
2025-10-30 19:26:46,626 - vessel_data_pipeline - INFO - Verified access to Expected_departures.xml
2025-10-30 19:26:46,626 - vessel_data_pipeline - INFO - Discovered 4 XML files for download
2025-10-30 19:26:46,626 - vessel_data_pipeline - INFO - Downloading Arrived_in_last_36_hours.xml (attempt 1/3)
2025-10-30 19:26:46,687 - vessel_data_pipeline - INFO - File temp_Arrived_in_last_36_hours.xml passed validation checks
2025-10-30 19:26:46,687 - vessel_data_pipeline - INFO - Created backup: Arrived_in_last_36_hours_20251030_192646.xml
2025-10-30 19:26:46,688 - vessel_data_pipeline - INFO - Updated metadata for Arrived_in_last_36_hours.xml
2025-10-30 19:26:46,688 - vessel_data_pipeline - INFO - Successfully downloaded and validated Arrived_in_last_36_hours.xml
2025-10-30 19:26:48,688 - vessel_data_pipeline - INFO - Downloading Departed_in_last_36_hours.xml (attempt 1/3)
2025-10-30 19:26:48,789 - vessel_data_pipeline - INFO - File temp_Departed_in_last_36_hours.xml passed validation checks
2025-10-30 19:26:48,789 - vessel_data_pipeline - INFO - Created backup: Departed_in_last_36_hours_20251030_192648.xml
2025-10-30 19:26:48,790 - vessel_data_pipeline - INFO - Updated metadata for Departed_in_last_36_hours.xml
2025-10-30 19:26:48,790 - vessel_data_pipeline - INFO - Successfully downloaded and validated Departed_in_last_36_hours.xml
2025-10-30 19:26:50,793 - vessel_data_pipeline - INFO - Downloading Expected_arrivals.xml (attempt 1/3)
2025-10-30 19:26:50,851 - vessel_data_pipeline - INFO - File temp_Expected_arrivals.xml passed validation checks
2025-10-30 19:26:50,852 - vessel_data_pipeline - INFO - Created backup: Expected_arrivals_20251030_192650.xml
2025-10-30 19:26:50,852 - vessel_data_pipeline - INFO - Updated metadata for Expected_arrivals.xml
2025-10-30 19:26:50,852 - vessel_data_pipeline - INFO - Successfully downloaded and validated Expected_arrivals.xml
2025-10-30 19:26:52,857 - vessel_data_pipeline - INFO - Downloading Expected_departures.xml (attempt 1/3)
2025-10-30 19:26:52,959 - vessel_data_pipeline - INFO - File temp_Expected_departures.xml passed validation checks
2025-10-30 19:26:52,959 - vessel_data_pipeline - INFO - Created backup: Expected_departures_20251030_192652.xml
2025-10-30 19:26:52,959 - vessel_data_pipeline - INFO - Updated metadata for Expected_departures.xml
2025-10-30 19:26:52,959 - vessel_data_pipeline - INFO - Successfully downloaded and validated Expected_departures.xml
2025-10-30 19:26:54,963 - vessel_data_pipeline - INFO - Fetch operation completed. Results: {'Arrived_in_last_36_hours.xml': True, 'Departed_in_last_36_hours.xml': True, 'Expected_arrivals.xml': True, 'Expected_departures.xml': True}
2025-10-30 19:27:54,146 - vessel_data_pipeline - INFO - VesselDataFetcher initialized. Pipeline enabled: True
2025-10-30 19:27:54,147 - vessel_data_pipeline - INFO - Starting vessel data fetch operation
2025-10-30 19:27:54,147 - vessel_data_pipeline - INFO - Discovering XML files from Hong Kong Marine Department portal
2025-10-30 19:27:54,273 - vessel_data_pipeline - INFO - Verified access to Arrived_in_last_36_hours.xml
2025-10-30 19:27:54,309 - vessel_data_pipeline - INFO - Verified access to Departed_in_last_36_hours.xml
2025-10-30 19:27:54,364 - vessel_data_pipeline - INFO - Verified access to Expected_arrivals.xml
2025-10-30 19:27:54,436 - vessel_data_pipeline - INFO - Verified access to Expected_departures.xml
2025-10-30 19:27:54,436 - vessel_data_pipeline - INFO - Discovered 4 XML files for download
2025-10-30 19:27:54,436 - vessel_data_pipeline - INFO - Downloading Arrived_in_last_36_hours.xml (attempt 1/3)
2025-10-30 19:27:54,505 - vessel_data_pipeline - INFO - File temp_Arrived_in_last_36_hours.xml passed validation checks
2025-10-30 19:27:54,507 - vessel_data_pipeline - INFO - Created backup: Arrived_in_last_36_hours_20251030_192754.xml
2025-10-30 19:27:54,508 - vessel_data_pipeline - INFO - Updated metadata for Arrived_in_last_36_hours.xml
2025-10-30 19:27:54,508 - vessel_data_pipeline - INFO - Successfully downloaded and validated Arrived_in_last_36_hours.xml
2025-10-30 19:27:56,510 - vessel_data_pipeline - INFO - Downloading Departed_in_last_36_hours.xml (attempt 1/3)
2025-10-30 19:27:56,592 - vessel_data_pipeline - INFO - File temp_Departed_in_last_36_hours.xml passed validation checks
2025-10-30 19:27:56,593 - vessel_data_pipeline - INFO - Created backup: Departed_in_last_36_hours_20251030_192756.xml
2025-10-30 19:27:56,593 - vessel_data_pipeline - INFO - Updated metadata for Departed_in_last_36_hours.xml
2025-10-30 19:27:56,593 - vessel_data_pipeline - INFO - Successfully downloaded and validated Departed_in_last_36_hours.xml
2025-10-30 19:27:58,597 - vessel_data_pipeline - INFO - Downloading Expected_arrivals.xml (attempt 1/3)
2025-10-30 19:27:58,649 - vessel_data_pipeline - INFO - File temp_Expected_arrivals.xml passed validation checks
2025-10-30 19:27:58,650 - vessel_data_pipeline - INFO - Created backup: Expected_arrivals_20251030_192758.xml
2025-10-30 19:27:58,650 - vessel_data_pipeline - INFO - Updated metadata for Expected_arrivals.xml
2025-10-30 19:27:58,650 - vessel_data_pipeline - INFO - Successfully downloaded and validated Expected_arrivals.xml
2025-10-30 19:28:00,655 - vessel_data_pipeline - INFO - Downloading Expected_departures.xml (attempt 1/3)
2025-10-30 19:28:00,710 - vessel_data_pipeline - INFO - File temp_Expected_departures.xml passed validation checks
2025-10-30 19:28:00,724 - vessel_data_pipeline - INFO - Created backup: Expected_departures_20251030_192800.xml
2025-10-30 19:28:00,729 - vessel_data_pipeline - INFO - Updated metadata for Expected_departures.xml
2025-10-30 19:28:00,729 - vessel_data_pipeline - INFO - Successfully downloaded and validated Expected_departures.xml
2025-10-30 19:28:02,734 - vessel_data_pipeline - INFO - Fetch operation completed. Results: {'Arrived_in_last_36_hours.xml': True, 'Departed_in_last_36_hours.xml': True, 'Expected_arrivals.xml': True, 'Expected_departures.xml': True}
2025-10-30 19:28:02,995 - vessel_data_pipeline - INFO - VesselDataFetcher initialized. Pipeline enabled: True
2025-10-30 19:28:02,996 - vessel_data_pipeline - INFO - Starting vessel data fetch operation
2025-10-30 19:28:02,996 - vessel_data_pipeline - INFO - Discovering XML files from Hong Kong Marine Department portal
2025-10-30 19:28:03,076 - vessel_data_pipeline - INFO - Verified access to Arrived_in_last_36_hours.xml
2025-10-30 19:28:03,127 - vessel_data_pipeline - INFO - Verified access to Departed_in_last_36_hours.xml
2025-10-30 19:28:03,176 - vessel_data_pipeline - INFO - Verified access to Expected_arrivals.xml
2025-10-30 19:28:03,218 - vessel_data_pipeline - INFO - Verified access to Expected_departures.xml
2025-10-30 19:28:03,218 - vessel_data_pipeline - INFO - Discovered 4 XML files for download
2025-10-30 19:28:03,218 - vessel_data_pipeline - INFO - Downloading Arrived_in_last_36_hours.xml (attempt 1/3)
2025-10-30 19:28:03,285 - vessel_data_pipeline - INFO - File temp_Arrived_in_last_36_hours.xml passed validation checks
2025-10-30 19:28:03,290 - vessel_data_pipeline - INFO - Created backup: Arrived_in_last_36_hours_20251030_192803.xml
2025-10-30 19:28:03,291 - vessel_data_pipeline - INFO - Updated metadata for Arrived_in_last_36_hours.xml
2025-10-30 19:28:03,296 - vessel_data_pipeline - INFO - Successfully downloaded and validated Arrived_in_last_36_hours.xml
2025-10-30 19:28:05,297 - vessel_data_pipeline - INFO - Downloading Departed_in_last_36_hours.xml (attempt 1/3)
2025-10-30 19:28:05,382 - vessel_data_pipeline - INFO - File temp_Departed_in_last_36_hours.xml passed validation checks
2025-10-30 19:28:05,382 - vessel_data_pipeline - INFO - Created backup: Departed_in_last_36_hours_20251030_192805.xml
2025-10-30 19:28:05,383 - vessel_data_pipeline - INFO - Updated metadata for Departed_in_last_36_hours.xml
2025-10-30 19:28:05,383 - vessel_data_pipeline - INFO - Successfully downloaded and validated Departed_in_last_36_hours.xml
2025-10-30 19:28:07,388 - vessel_data_pipeline - INFO - Downloading Expected_arrivals.xml (attempt 1/3)
2025-10-30 19:28:07,440 - vessel_data_pipeline - INFO - File temp_Expected_arrivals.xml passed validation checks
2025-10-30 19:28:07,441 - vessel_data_pipeline - INFO - Created backup: Expected_arrivals_20251030_192807.xml
2025-10-30 19:28:07,441 - vessel_data_pipeline - INFO - Updated metadata for Expected_arrivals.xml
2025-10-30 19:28:07,441 - vessel_data_pipeline - INFO - Successfully downloaded and validated Expected_arrivals.xml
2025-10-30 19:28:09,446 - vessel_data_pipeline - INFO - Downloading Expected_departures.xml (attempt 1/3)
2025-10-30 19:28:09,512 - vessel_data_pipeline - INFO - File temp_Expected_departures.xml passed validation checks
2025-10-30 19:28:09,513 - vessel_data_pipeline - INFO - Created backup: Expected_departures_20251030_192809.xml
2025-10-30 19:28:09,513 - vessel_data_pipeline - INFO - Updated metadata for Expected_departures.xml
2025-10-30 19:28:09,513 - vessel_data_pipeline - INFO - Successfully downloaded and validated Expected_departures.xml
2025-10-30 19:28:11,517 - vessel_data_pipeline - INFO - Fetch operation completed. Results: {'Arrived_in_last_36_hours.xml': True, 'Departed_in_last_36_hours.xml': True, 'Expected_arrivals.xml': True, 'Expected_departures.xml': True}
2025-10-30 19:28:11,527 - vessel_data_pipeline - INFO - VesselDataFetcher initialized. Pipeline enabled: True
2025-10-30 19:28:11,535 - vessel_data_pipeline - INFO - Starting vessel data fetch operation
2025-10-30 19:28:11,535 - vessel_data_pipeline - INFO - Discovering XML files from Hong Kong Marine Department portal
2025-10-30 19:28:11,608 - vessel_data_pipeline - INFO - Verified access to Arrived_in_last_36_hours.xml
2025-10-30 19:28:11,668 - vessel_data_pipeline - INFO - Verified access to Departed_in_last_36_hours.xml
2025-10-30 19:28:11,716 - vessel_data_pipeline - INFO - Verified access to Expected_arrivals.xml
2025-10-30 19:28:11,753 - vessel_data_pipeline - INFO - Verified access to Expected_departures.xml
2025-10-30 19:28:11,753 - vessel_data_pipeline - INFO - Discovered 4 XML files for download
2025-10-30 19:28:11,753 - vessel_data_pipeline - INFO - Downloading Arrived_in_last_36_hours.xml (attempt 1/3)
2025-10-30 19:28:11,854 - vessel_data_pipeline - INFO - File temp_Arrived_in_last_36_hours.xml passed validation checks
2025-10-30 19:28:11,876 - vessel_data_pipeline - INFO - Created backup: Arrived_in_last_36_hours_20251030_192811.xml
2025-10-30 19:28:11,884 - vessel_data_pipeline - INFO - Updated metadata for Arrived_in_last_36_hours.xml
2025-10-30 19:28:11,884 - vessel_data_pipeline - INFO - Successfully downloaded and validated Arrived_in_last_36_hours.xml
2025-10-30 19:28:13,887 - vessel_data_pipeline - INFO - Downloading Departed_in_last_36_hours.xml (attempt 1/3)
2025-10-30 19:28:13,954 - vessel_data_pipeline - INFO - File temp_Departed_in_last_36_hours.xml passed validation checks
2025-10-30 19:28:13,955 - vessel_data_pipeline - INFO - Created backup: Departed_in_last_36_hours_20251030_192813.xml
2025-10-30 19:28:13,955 - vessel_data_pipeline - INFO - Updated metadata for Departed_in_last_36_hours.xml
2025-10-30 19:28:13,955 - vessel_data_pipeline - INFO - Successfully downloaded and validated Departed_in_last_36_hours.xml
2025-10-30 19:28:15,956 - vessel_data_pipeline - INFO - Downloading Expected_arrivals.xml (attempt 1/3)
2025-10-30 19:28:16,010 - vessel_data_pipeline - INFO - File temp_Expected_arrivals.xml passed validation checks
2025-10-30 19:28:16,011 - vessel_data_pipeline - INFO - Created backup: Expected_arrivals_20251030_192816.xml
2025-10-30 19:28:16,012 - vessel_data_pipeline - INFO - Updated metadata for Expected_arrivals.xml
2025-10-30 19:28:16,012 - vessel_data_pipeline - INFO - Successfully downloaded and validated Expected_arrivals.xml
2025-10-30 19:28:18,015 - vessel_data_pipeline - INFO - Downloading Expected_departures.xml (attempt 1/3)
2025-10-30 19:28:18,067 - vessel_data_pipeline - INFO - File temp_Expected_departures.xml passed validation checks
2025-10-30 19:28:18,067 - vessel_data_pipeline - INFO - Created backup: Expected_departures_20251030_192818.xml
2025-10-30 19:28:18,068 - vessel_data_pipeline - INFO - Updated metadata for Expected_departures.xml
2025-10-30 19:28:18,068 - vessel_data_pipeline - INFO - Successfully downloaded and validated Expected_departures.xml
2025-10-30 19:28:20,073 - vessel_data_pipeline - INFO - Fetch operation completed. Results: {'Arrived_in_last_36_hours.xml': True, 'Departed_in_last_36_hours.xml': True, 'Expected_arrivals.xml': True, 'Expected_departures.xml': True}
2025-10-30 19:28:22,985 - vessel_data_pipeline - INFO - VesselDataFetcher initialized. Pipeline enabled: True
2025-10-30 19:28:22,987 - vessel_data_pipeline - INFO - Starting vessel data fetch operation
2025-10-30 19:28:22,987 - vessel_data_pipeline - INFO - Discovering XML files from Hong Kong Marine Department portal
2025-10-30 19:28:23,051 - vessel_data_pipeline - INFO - Verified access to Arrived_in_last_36_hours.xml
2025-10-30 19:28:23,083 - vessel_data_pipeline - INFO - Verified access to Departed_in_last_36_hours.xml
2025-10-30 19:28:23,140 - vessel_data_pipeline - INFO - Verified access to Expected_arrivals.xml
2025-10-30 19:28:23,180 - vessel_data_pipeline - INFO - Verified access to Expected_departures.xml
2025-10-30 19:28:23,181 - vessel_data_pipeline - INFO - Discovered 4 XML files for download
2025-10-30 19:28:23,181 - vessel_data_pipeline - INFO - Downloading Arrived_in_last_36_hours.xml (attempt 1/3)
2025-10-30 19:28:23,232 - vessel_data_pipeline - INFO - File temp_Arrived_in_last_36_hours.xml passed validation checks
2025-10-30 19:28:23,232 - vessel_data_pipeline - INFO - Created backup: Arrived_in_last_36_hours_20251030_192823.xml
2025-10-30 19:28:23,233 - vessel_data_pipeline - INFO - Updated metadata for Arrived_in_last_36_hours.xml
2025-10-30 19:28:23,233 - vessel_data_pipeline - INFO - Successfully downloaded and validated Arrived_in_last_36_hours.xml
2025-10-30 19:28:25,237 - vessel_data_pipeline - INFO - Downloading Departed_in_last_36_hours.xml (attempt 1/3)
2025-10-30 19:28:25,360 - vessel_data_pipeline - INFO - File temp_Departed_in_last_36_hours.xml passed validation checks
2025-10-30 19:28:25,361 - vessel_data_pipeline - INFO - Created backup: Departed_in_last_36_hours_20251030_192825.xml
2025-10-30 19:28:25,361 - vessel_data_pipeline - INFO - Updated metadata for Departed_in_last_36_hours.xml
2025-10-30 19:28:25,361 - vessel_data_pipeline - INFO - Successfully downloaded and validated Departed_in_last_36_hours.xml
2025-10-30 19:28:27,367 - vessel_data_pipeline - INFO - Downloading Expected_arrivals.xml (attempt 1/3)
2025-10-30 19:28:27,451 - vessel_data_pipeline - INFO - File temp_Expected_arrivals.xml passed validation checks
2025-10-30 19:28:27,470 - vessel_data_pipeline - INFO - Created backup: Expected_arrivals_20251030_192827.xml
2025-10-30 19:28:27,479 - vessel_data_pipeline - INFO - Updated metadata for Expected_arrivals.xml
2025-10-30 19:28:27,480 - vessel_data_pipeline - INFO - Successfully downloaded and validated Expected_arrivals.xml
2025-10-30 19:28:29,485 - vessel_data_pipeline - INFO - Downloading Expected_departures.xml (attempt 1/3)
2025-10-30 19:28:29,546 - vessel_data_pipeline - INFO - File temp_Expected_departures.xml passed validation checks
2025-10-30 19:28:29,546 - vessel_data_pipeline - INFO - Created backup: Expected_departures_20251030_192829.xml
2025-10-30 19:28:29,546 - vessel_data_pipeline - INFO - Updated metadata for Expected_departures.xml
2025-10-30 19:28:29,547 - vessel_data_pipeline - INFO - Successfully downloaded and validated Expected_departures.xml
2025-10-30 19:28:31,552 - vessel_data_pipeline - INFO - Fetch operation completed. Results: {'Arrived_in_last_36_hours.xml': True, 'Departed_in_last_36_hours.xml': True, 'Expected_arrivals.xml': True, 'Expected_departures.xml': True}
2025-10-30 19:28:31,556 - vessel_data_pipeline - INFO - VesselDataFetcher initialized. Pipeline enabled: True
2025-10-30 19:28:31,556 - vessel_data_pipeline - INFO - Starting vessel data fetch operation
2025-10-30 19:28:31,556 - vessel_data_pipeline - INFO - Discovering XML files from Hong Kong Marine Department portal
2025-10-30 19:28:31,622 - vessel_data_pipeline - INFO - Verified access to Arrived_in_last_36_hours.xml
2025-10-30 19:28:31,679 - vessel_data_pipeline - INFO - Verified access to Departed_in_last_36_hours.xml
2025-10-30 19:28:31,712 - vessel_data_pipeline - INFO - Verified access to Expected_arrivals.xml
2025-10-30 19:28:31,754 - vessel_data_pipeline - INFO - Verified access to Expected_departures.xml
2025-10-30 19:28:31,754 - vessel_data_pipeline - INFO - Discovered 4 XML files for download
2025-10-30 19:28:31,754 - vessel_data_pipeline - INFO - Downloading Arrived_in_last_36_hours.xml (attempt 1/3)
2025-10-30 19:28:31,844 - vessel_data_pipeline - INFO - File temp_Arrived_in_last_36_hours.xml passed validation checks
2025-10-30 19:28:31,844 - vessel_data_pipeline - INFO - Created backup: Arrived_in_last_36_hours_20251030_192831.xml
2025-10-30 19:28:31,844 - vessel_data_pipeline - INFO - Updated metadata for Arrived_in_last_36_hours.xml
2025-10-30 19:28:31,845 - vessel_data_pipeline - INFO - Successfully downloaded and validated Arrived_in_last_36_hours.xml
2025-10-30 19:28:33,850 - vessel_data_pipeline - INFO - Downloading Departed_in_last_36_hours.xml (attempt 1/3)
2025-10-30 19:28:33,924 - vessel_data_pipeline - INFO - File temp_Departed_in_last_36_hours.xml passed validation checks
2025-10-30 19:28:33,925 - vessel_data_pipeline - INFO - Created backup: Departed_in_last_36_hours_20251030_192833.xml
2025-10-30 19:28:33,925 - vessel_data_pipeline - INFO - Updated metadata for Departed_in_last_36_hours.xml
2025-10-30 19:28:33,925 - vessel_data_pipeline - INFO - Successfully downloaded and validated Departed_in_last_36_hours.xml
2025-10-30 19:28:35,930 - vessel_data_pipeline - INFO - Downloading Expected_arrivals.xml (attempt 1/3)
2025-10-30 19:28:35,979 - vessel_data_pipeline - INFO - File temp_Expected_arrivals.xml passed validation checks
2025-10-30 19:28:35,980 - vessel_data_pipeline - INFO - Created backup: Expected_arrivals_20251030_192835.xml
2025-10-30 19:28:35,980 - vessel_data_pipeline - INFO - Updated metadata for Expected_arrivals.xml
2025-10-30 19:28:35,980 - vessel_data_pipeline - INFO - Successfully downloaded and validated Expected_arrivals.xml
2025-10-30 19:28:37,983 - vessel_data_pipeline - INFO - Downloading Expected_departures.xml (attempt 1/3)
2025-10-30 19:28:38,084 - vessel_data_pipeline - INFO - File temp_Expected_departures.xml passed validation checks
2025-10-30 19:28:38,085 - vessel_data_pipeline - INFO - Created backup: Expected_departures_20251030_192838.xml
2025-10-30 19:28:38,085 - vessel_data_pipeline - INFO - Updated metadata for Expected_departures.xml
2025-10-30 19:28:38,085 - vessel_data_pipeline - INFO - Successfully downloaded and validated Expected_departures.xml
2025-10-30 19:28:40,090 - vessel_data_pipeline - INFO - Fetch operation completed. Results: {'Arrived_in_last_36_hours.xml': True, 'Departed_in_last_36_hours.xml': True, 'Expected_arrivals.xml': True, 'Expected_departures.xml': True}
2025-10-30 19:28:40,102 - vessel_data_pipeline - INFO - VesselDataFetcher initialized. Pipeline enabled: True
2025-10-30 19:28:40,102 - vessel_data_pipeline - INFO - Starting vessel data fetch operation
2025-10-30 19:28:40,103 - vessel_data_pipeline - INFO - Discovering XML files from Hong Kong Marine Department portal
2025-10-30 19:28:40,182 - vessel_data_pipeline - INFO - Verified access to Arrived_in_last_36_hours.xml
2025-10-30 19:28:40,226 - vessel_data_pipeline - INFO - Verified access to Departed_in_last_36_hours.xml
2025-10-30 19:28:40,264 - vessel_data_pipeline - INFO - Verified access to Expected_arrivals.xml
2025-10-30 19:28:40,317 - vessel_data_pipeline - INFO - Verified access to Expected_departures.xml
2025-10-30 19:28:40,317 - vessel_data_pipeline - INFO - Discovered 4 XML files for download
2025-10-30 19:28:40,317 - vessel_data_pipeline - INFO - Downloading Arrived_in_last_36_hours.xml (attempt 1/3)
2025-10-30 19:28:40,449 - vessel_data_pipeline - INFO - File temp_Arrived_in_last_36_hours.xml passed validation checks
2025-10-30 19:28:40,450 - vessel_data_pipeline - INFO - Created backup: Arrived_in_last_36_hours_20251030_192840.xml
2025-10-30 19:28:40,450 - vessel_data_pipeline - INFO - Updated metadata for Arrived_in_last_36_hours.xml
2025-10-30 19:28:40,450 - vessel_data_pipeline - INFO - Successfully downloaded and validated Arrived_in_last_36_hours.xml
2025-10-30 19:28:42,455 - vessel_data_pipeline - INFO - Downloading Departed_in_last_36_hours.xml (attempt 1/3)
2025-10-30 19:28:42,561 - vessel_data_pipeline - INFO - File temp_Departed_in_last_36_hours.xml passed validation checks
2025-10-30 19:28:42,561 - vessel_data_pipeline - INFO - Created backup: Departed_in_last_36_hours_20251030_192842.xml
2025-10-30 19:28:42,562 - vessel_data_pipeline - INFO - Updated metadata for Departed_in_last_36_hours.xml
2025-10-30 19:28:42,562 - vessel_data_pipeline - INFO - Successfully downloaded and validated Departed_in_last_36_hours.xml
2025-10-30 19:28:44,564 - vessel_data_pipeline - INFO - Downloading Expected_arrivals.xml (attempt 1/3)
2025-10-30 19:28:44,735 - vessel_data_pipeline - INFO - File temp_Expected_arrivals.xml passed validation checks
2025-10-30 19:28:44,736 - vessel_data_pipeline - INFO - Created backup: Expected_arrivals_20251030_192844.xml
2025-10-30 19:28:44,736 - vessel_data_pipeline - INFO - Updated metadata for Expected_arrivals.xml
2025-10-30 19:28:44,736 - vessel_data_pipeline - INFO - Successfully downloaded and validated Expected_arrivals.xml
2025-10-30 19:28:46,741 - vessel_data_pipeline - INFO - Downloading Expected_departures.xml (attempt 1/3)
2025-10-30 19:28:46,788 - vessel_data_pipeline - INFO - File temp_Expected_departures.xml passed validation checks
2025-10-30 19:28:46,788 - vessel_data_pipeline - INFO - Created backup: Expected_departures_20251030_192846.xml
2025-10-30 19:28:46,788 - vessel_data_pipeline - INFO - Updated metadata for Expected_departures.xml
2025-10-30 19:28:46,788 - vessel_data_pipeline - INFO - Successfully downloaded and validated Expected_departures.xml
2025-10-30 19:28:48,789 - vessel_data_pipeline - INFO - Fetch operation completed. Results: {'Arrived_in_last_36_hours.xml': True, 'Departed_in_last_36_hours.xml': True, 'Expected_arrivals.xml': True, 'Expected_departures.xml': True}
2025-10-30 19:28:48,793 - vessel_data_pipeline - INFO - VesselDataFetcher initialized. Pipeline enabled: True
2025-10-30 19:28:48,794 - vessel_data_pipeline - INFO - Starting vessel data fetch operation
2025-10-30 19:28:48,794 - vessel_data_pipeline - INFO - Discovering XML files from Hong Kong Marine Department portal
2025-10-30 19:28:48,857 - vessel_data_pipeline - INFO - Verified access to Arrived_in_last_36_hours.xml
2025-10-30 19:28:48,890 - vessel_data_pipeline - INFO - Verified access to Departed_in_last_36_hours.xml
2025-10-30 19:28:48,956 - vessel_data_pipeline - INFO - Verified access to Expected_arrivals.xml
2025-10-30 19:28:49,001 - vessel_data_pipeline - INFO - Verified access to Expected_departures.xml
2025-10-30 19:28:49,001 - vessel_data_pipeline - INFO - Discovered 4 XML files for download
2025-10-30 19:28:49,001 - vessel_data_pipeline - INFO - Downloading Arrived_in_last_36_hours.xml (attempt 1/3)
2025-10-30 19:28:49,062 - vessel_data_pipeline - INFO - File temp_Arrived_in_last_36_hours.xml passed validation checks
2025-10-30 19:28:49,063 - vessel_data_pipeline - INFO - Created backup: Arrived_in_last_36_hours_20251030_192849.xml
2025-10-30 19:28:49,063 - vessel_data_pipeline - INFO - Updated metadata for Arrived_in_last_36_hours.xml
2025-10-30 19:28:49,063 - vessel_data_pipeline - INFO - Successfully downloaded and validated Arrived_in_last_36_hours.xml
2025-10-30 19:28:51,066 - vessel_data_pipeline - INFO - Downloading Departed_in_last_36_hours.xml (attempt 1/3)
2025-10-30 19:28:51,147 - vessel_data_pipeline - INFO - File temp_Departed_in_last_36_hours.xml passed validation checks
2025-10-30 19:28:51,148 - vessel_data_pipeline - INFO - Created backup: Departed_in_last_36_hours_20251030_192851.xml
2025-10-30 19:28:51,148 - vessel_data_pipeline - INFO - Updated metadata for Departed_in_last_36_hours.xml
2025-10-30 19:28:51,148 - vessel_data_pipeline - INFO - Successfully downloaded and validated Departed_in_last_36_hours.xml
2025-10-30 19:28:53,149 - vessel_data_pipeline - INFO - Downloading Expected_arrivals.xml (attempt 1/3)
2025-10-30 19:28:53,210 - vessel_data_pipeline - INFO - File temp_Expected_arrivals.xml passed validation checks
2025-10-30 19:28:53,211 - vessel_data_pipeline - INFO - Created backup: Expected_arrivals_20251030_192853.xml
2025-10-30 19:28:53,212 - vessel_data_pipeline - INFO - Updated metadata for Expected_arrivals.xml
2025-10-30 19:28:53,212 - vessel_data_pipeline - INFO - Successfully downloaded and validated Expected_arrivals.xml
2025-10-30 19:28:55,217 - vessel_data_pipeline - INFO - Downloading Expected_departures.xml (attempt 1/3)
2025-10-30 19:28:55,302 - vessel_data_pipeline - INFO - File temp_Expected_departures.xml passed validation checks
2025-10-30 19:28:55,303 - vessel_data_pipeline - INFO - Created backup: Expected_departures_20251030_192855.xml
2025-10-30 19:28:55,303 - vessel_data_pipeline - INFO - Updated metadata for Expected_departures.xml
2025-10-30 19:28:55,303 - vessel_data_pipeline - INFO - Successfully downloaded and validated Expected_departures.xml
2025-10-30 19:28:57,309 - vessel_data_pipeline - INFO - Fetch operation completed. Results: {'Arrived_in_last_36_hours.xml': True, 'Departed_in_last_36_hours.xml': True, 'Expected_arrivals.xml': True, 'Expected_departures.xml': True}
2025-10-30 19:33:13,304 - vessel_data_pipeline - INFO - VesselDataFetcher initialized. Pipeline enabled: True
2025-10-30 19:33:13,305 - vessel_data_pipeline - INFO - Starting vessel data fetch operation
2025-10-30 19:33:13,305 - vessel_data_pipeline - INFO - Discovering XML files from Hong Kong Marine Department portal
2025-10-30 19:33:13,640 - vessel_data_pipeline - INFO - Verified access to Arrived_in_last_36_hours.xml
2025-10-30 19:33:14,012 - vessel_data_pipeline - INFO - Verified access to Departed_in_last_36_hours.xml
2025-10-30 19:33:14,199 - vessel_data_pipeline - INFO - Verified access to Expected_arrivals.xml
2025-10-30 19:33:14,409 - vessel_data_pipeline - INFO - Verified access to Expected_departures.xml
2025-10-30 19:33:14,409 - vessel_data_pipeline - INFO - Discovered 4 XML files for download
2025-10-30 19:33:14,410 - vessel_data_pipeline - INFO - Downloading Arrived_in_last_36_hours.xml (attempt 1/3)
2025-10-30 19:33:14,454 - vessel_data_pipeline - INFO - File temp_Arrived_in_last_36_hours.xml passed validation checks
2025-10-30 19:33:14,455 - vessel_data_pipeline - INFO - Created backup: Arrived_in_last_36_hours_20251030_193314.xml
2025-10-30 19:33:14,456 - vessel_data_pipeline - INFO - Updated metadata for Arrived_in_last_36_hours.xml
2025-10-30 19:33:14,456 - vessel_data_pipeline - INFO - Successfully downloaded and validated Arrived_in_last_36_hours.xml
2025-10-30 19:33:16,461 - vessel_data_pipeline - INFO - Downloading Departed_in_last_36_hours.xml (attempt 1/3)
2025-10-30 19:33:16,530 - vessel_data_pipeline - INFO - File temp_Departed_in_last_36_hours.xml passed validation checks
2025-10-30 19:33:16,530 - vessel_data_pipeline - INFO - Created backup: Departed_in_last_36_hours_20251030_193316.xml
2025-10-30 19:33:16,531 - vessel_data_pipeline - INFO - Updated metadata for Departed_in_last_36_hours.xml
2025-10-30 19:33:16,531 - vessel_data_pipeline - INFO - Successfully downloaded and validated Departed_in_last_36_hours.xml
2025-10-30 19:33:18,532 - vessel_data_pipeline - INFO - Downloading Expected_arrivals.xml (attempt 1/3)
2025-10-30 19:33:18,584 - vessel_data_pipeline - INFO - File temp_Expected_arrivals.xml passed validation checks
2025-10-30 19:33:18,584 - vessel_data_pipeline - INFO - Created backup: Expected_arrivals_20251030_193318.xml
2025-10-30 19:33:18,584 - vessel_data_pipeline - INFO - Updated metadata for Expected_arrivals.xml
2025-10-30 19:33:18,585 - vessel_data_pipeline - INFO - Successfully downloaded and validated Expected_arrivals.xml
2025-10-30 19:33:20,588 - vessel_data_pipeline - INFO - Downloading Expected_departures.xml (attempt 1/3)
2025-10-30 19:33:20,676 - vessel_data_pipeline - INFO - File temp_Expected_departures.xml passed validation checks
2025-10-30 19:33:20,677 - vessel_data_pipeline - INFO - Created backup: Expected_departures_20251030_193320.xml
2025-10-30 19:33:20,677 - vessel_data_pipeline - INFO - Updated metadata for Expected_departures.xml
2025-10-30 19:33:20,677 - vessel_data_pipeline - INFO - Successfully downloaded and validated Expected_departures.xml
2025-10-30 19:33:22,682 - vessel_data_pipeline - INFO - Fetch operation completed. Results: {'Arrived_in_last_36_hours.xml': True, 'Departed_in_last_36_hours.xml': True, 'Expected_arrivals.xml': True, 'Expected_departures.xml': True}
2025-10-30 19:33:22,981 - vessel_data_pipeline - INFO - VesselDataFetcher initialized. Pipeline enabled: True
2025-10-30 19:33:22,981 - vessel_data_pipeline - INFO - Starting vessel data fetch operation
2025-10-30 19:33:22,981 - vessel_data_pipeline - INFO - Discovering XML files from Hong Kong Marine Department portal
2025-10-30 19:33:23,046 - vessel_data_pipeline - INFO - Verified access to Arrived_in_last_36_hours.xml
2025-10-30 19:33:23,085 - vessel_data_pipeline - INFO - Verified access to Departed_in_last_36_hours.xml
2025-10-30 19:33:23,123 - vessel_data_pipeline - INFO - Verified access to Expected_arrivals.xml
2025-10-30 19:33:23,201 - vessel_data_pipeline - INFO - Verified access to Expected_departures.xml
2025-10-30 19:33:23,201 - vessel_data_pipeline - INFO - Discovered 4 XML files for download
2025-10-30 19:33:23,201 - vessel_data_pipeline - INFO - Downloading Arrived_in_last_36_hours.xml (attempt 1/3)
2025-10-30 19:33:23,266 - vessel_data_pipeline - INFO - File temp_Arrived_in_last_36_hours.xml passed validation checks
2025-10-30 19:33:23,277 - vessel_data_pipeline - INFO - Created backup: Arrived_in_last_36_hours_20251030_193323.xml
2025-10-30 19:33:23,283 - vessel_data_pipeline - INFO - Updated metadata for Arrived_in_last_36_hours.xml
2025-10-30 19:33:23,283 - vessel_data_pipeline - INFO - Successfully downloaded and validated Arrived_in_last_36_hours.xml
2025-10-30 19:33:25,287 - vessel_data_pipeline - INFO - Downloading Departed_in_last_36_hours.xml (attempt 1/3)
2025-10-30 19:33:25,353 - vessel_data_pipeline - INFO - File temp_Departed_in_last_36_hours.xml passed validation checks
2025-10-30 19:33:25,353 - vessel_data_pipeline - INFO - Created backup: Departed_in_last_36_hours_20251030_193325.xml
2025-10-30 19:33:25,354 - vessel_data_pipeline - INFO - Updated metadata for Departed_in_last_36_hours.xml
2025-10-30 19:33:25,354 - vessel_data_pipeline - INFO - Successfully downloaded and validated Departed_in_last_36_hours.xml
2025-10-30 19:33:27,359 - vessel_data_pipeline - INFO - Downloading Expected_arrivals.xml (attempt 1/3)
2025-10-30 19:33:27,449 - vessel_data_pipeline - INFO - File temp_Expected_arrivals.xml passed validation checks
2025-10-30 19:33:27,449 - vessel_data_pipeline - INFO - Created backup: Expected_arrivals_20251030_193327.xml
2025-10-30 19:33:27,450 - vessel_data_pipeline - INFO - Updated metadata for Expected_arrivals.xml
2025-10-30 19:33:27,450 - vessel_data_pipeline - INFO - Successfully downloaded and validated Expected_arrivals.xml
2025-10-30 19:33:29,451 - vessel_data_pipeline - INFO - Downloading Expected_departures.xml (attempt 1/3)
2025-10-30 19:33:29,510 - vessel_data_pipeline - INFO - File temp_Expected_departures.xml passed validation checks
2025-10-30 19:33:29,511 - vessel_data_pipeline - INFO - Created backup: Expected_departures_20251030_193329.xml
2025-10-30 19:33:29,511 - vessel_data_pipeline - INFO - Updated metadata for Expected_departures.xml
2025-10-30 19:33:29,511 - vessel_data_pipeline - INFO - Successfully downloaded and validated Expected_departures.xml
2025-10-30 19:33:31,515 - vessel_data_pipeline - INFO - Fetch operation completed. Results: {'Arrived_in_last_36_hours.xml': True, 'Departed_in_last_36_hours.xml': True, 'Expected_arrivals.xml': True, 'Expected_departures.xml': True}
2025-10-30 19:33:31,526 - vessel_data_pipeline - INFO - VesselDataFetcher initialized. Pipeline enabled: True
2025-10-30 19:33:31,532 - vessel_data_pipeline - INFO - Starting vessel data fetch operation
2025-10-30 19:33:31,532 - vessel_data_pipeline - INFO - Discovering XML files from Hong Kong Marine Department portal
2025-10-30 19:33:31,611 - vessel_data_pipeline - INFO - Verified access to Arrived_in_last_36_hours.xml
2025-10-30 19:33:31,651 - vessel_data_pipeline - INFO - Verified access to Departed_in_last_36_hours.xml
2025-10-30 19:33:31,697 - vessel_data_pipeline - INFO - Verified access to Expected_arrivals.xml
2025-10-30 19:33:31,767 - vessel_data_pipeline - INFO - Verified access to Expected_departures.xml
2025-10-30 19:33:31,767 - vessel_data_pipeline - INFO - Discovered 4 XML files for download
2025-10-30 19:33:31,767 - vessel_data_pipeline - INFO - Downloading Arrived_in_last_36_hours.xml (attempt 1/3)
2025-10-30 19:33:32,085 - vessel_data_pipeline - INFO - File temp_Arrived_in_last_36_hours.xml passed validation checks
2025-10-30 19:33:32,085 - vessel_data_pipeline - INFO - Created backup: Arrived_in_last_36_hours_20251030_193332.xml
2025-10-30 19:33:32,086 - vessel_data_pipeline - INFO - Updated metadata for Arrived_in_last_36_hours.xml
2025-10-30 19:33:32,086 - vessel_data_pipeline - INFO - Successfully downloaded and validated Arrived_in_last_36_hours.xml
2025-10-30 19:33:34,089 - vessel_data_pipeline - INFO - Downloading Departed_in_last_36_hours.xml (attempt 1/3)
2025-10-30 19:33:34,149 - vessel_data_pipeline - INFO - File temp_Departed_in_last_36_hours.xml passed validation checks
2025-10-30 19:33:34,149 - vessel_data_pipeline - INFO - Created backup: Departed_in_last_36_hours_20251030_193334.xml
2025-10-30 19:33:34,150 - vessel_data_pipeline - INFO - Updated metadata for Departed_in_last_36_hours.xml
2025-10-30 19:33:34,150 - vessel_data_pipeline - INFO - Successfully downloaded and validated Departed_in_last_36_hours.xml
2025-10-30 19:33:36,150 - vessel_data_pipeline - INFO - Downloading Expected_arrivals.xml (attempt 1/3)
2025-10-30 19:33:36,200 - vessel_data_pipeline - INFO - File temp_Expected_arrivals.xml passed validation checks
2025-10-30 19:33:36,201 - vessel_data_pipeline - INFO - Created backup: Expected_arrivals_20251030_193336.xml
2025-10-30 19:33:36,201 - vessel_data_pipeline - INFO - Updated metadata for Expected_arrivals.xml
2025-10-30 19:33:36,201 - vessel_data_pipeline - INFO - Successfully downloaded and validated Expected_arrivals.xml
2025-10-30 19:33:38,206 - vessel_data_pipeline - INFO - Downloading Expected_departures.xml (attempt 1/3)
2025-10-30 19:33:38,256 - vessel_data_pipeline - INFO - File temp_Expected_departures.xml passed validation checks
2025-10-30 19:33:38,256 - vessel_data_pipeline - INFO - Created backup: Expected_departures_20251030_193338.xml
2025-10-30 19:33:38,257 - vessel_data_pipeline - INFO - Updated metadata for Expected_departures.xml
2025-10-30 19:33:38,257 - vessel_data_pipeline - INFO - Successfully downloaded and validated Expected_departures.xml
2025-10-30 19:33:40,262 - vessel_data_pipeline - INFO - Fetch operation completed. Results: {'Arrived_in_last_36_hours.xml': True, 'Departed_in_last_36_hours.xml': True, 'Expected_arrivals.xml': True, 'Expected_departures.xml': True}
2025-10-30 19:33:43,283 - vessel_data_pipeline - INFO - VesselDataFetcher initialized. Pipeline enabled: True
2025-10-30 19:33:43,283 - vessel_data_pipeline - INFO - Starting vessel data fetch operation
2025-10-30 19:33:43,283 - vessel_data_pipeline - INFO - Discovering XML files from Hong Kong Marine Department portal
2025-10-30 19:33:43,335 - vessel_data_pipeline - INFO - Verified access to Arrived_in_last_36_hours.xml
2025-10-30 19:33:43,385 - vessel_data_pipeline - INFO - Verified access to Departed_in_last_36_hours.xml
2025-10-30 19:33:43,424 - vessel_data_pipeline - INFO - Verified access to Expected_arrivals.xml
2025-10-30 19:33:43,460 - vessel_data_pipeline - INFO - Verified access to Expected_departures.xml
2025-10-30 19:33:43,461 - vessel_data_pipeline - INFO - Discovered 4 XML files for download
2025-10-30 19:33:43,461 - vessel_data_pipeline - INFO - Downloading Arrived_in_last_36_hours.xml (attempt 1/3)
2025-10-30 19:33:43,528 - vessel_data_pipeline - INFO - File temp_Arrived_in_last_36_hours.xml passed validation checks
2025-10-30 19:33:43,528 - vessel_data_pipeline - INFO - Created backup: Arrived_in_last_36_hours_20251030_193343.xml
2025-10-30 19:33:43,529 - vessel_data_pipeline - INFO - Updated metadata for Arrived_in_last_36_hours.xml
2025-10-30 19:33:43,529 - vessel_data_pipeline - INFO - Successfully downloaded and validated Arrived_in_last_36_hours.xml
2025-10-30 19:33:45,533 - vessel_data_pipeline - INFO - Downloading Departed_in_last_36_hours.xml (attempt 1/3)
2025-10-30 19:33:45,594 - vessel_data_pipeline - INFO - File temp_Departed_in_last_36_hours.xml passed validation checks
2025-10-30 19:33:45,595 - vessel_data_pipeline - INFO - Created backup: Departed_in_last_36_hours_20251030_193345.xml
2025-10-30 19:33:45,595 - vessel_data_pipeline - INFO - Updated metadata for Departed_in_last_36_hours.xml
2025-10-30 19:33:45,595 - vessel_data_pipeline - INFO - Successfully downloaded and validated Departed_in_last_36_hours.xml
2025-10-30 19:33:47,600 - vessel_data_pipeline - INFO - Downloading Expected_arrivals.xml (attempt 1/3)
2025-10-30 19:33:47,644 - vessel_data_pipeline - INFO - File temp_Expected_arrivals.xml passed validation checks
2025-10-30 19:33:47,645 - vessel_data_pipeline - INFO - Created backup: Expected_arrivals_20251030_193347.xml
2025-10-30 19:33:47,645 - vessel_data_pipeline - INFO - Updated metadata for Expected_arrivals.xml
2025-10-30 19:33:47,645 - vessel_data_pipeline - INFO - Successfully downloaded and validated Expected_arrivals.xml
2025-10-30 19:33:49,645 - vessel_data_pipeline - INFO - Downloading Expected_departures.xml (attempt 1/3)
2025-10-30 19:33:49,736 - vessel_data_pipeline - INFO - File temp_Expected_departures.xml passed validation checks
2025-10-30 19:33:49,736 - vessel_data_pipeline - INFO - Created backup: Expected_departures_20251030_193349.xml
2025-10-30 19:33:49,737 - vessel_data_pipeline - INFO - Updated metadata for Expected_departures.xml
2025-10-30 19:33:49,737 - vessel_data_pipeline - INFO - Successfully downloaded and validated Expected_departures.xml
2025-10-30 19:33:51,742 - vessel_data_pipeline - INFO - Fetch operation completed. Results: {'Arrived_in_last_36_hours.xml': True, 'Departed_in_last_36_hours.xml': True, 'Expected_arrivals.xml': True, 'Expected_departures.xml': True}
2025-10-30 19:33:51,747 - vessel_data_pipeline - INFO - VesselDataFetcher initialized. Pipeline enabled: True
2025-10-30 19:33:51,747 - vessel_data_pipeline - INFO - Starting vessel data fetch operation
2025-10-30 19:33:51,747 - vessel_data_pipeline - INFO - Discovering XML files from Hong Kong Marine Department portal
2025-10-30 19:33:51,909 - vessel_data_pipeline - INFO - Verified access to Arrived_in_last_36_hours.xml
2025-10-30 19:33:51,941 - vessel_data_pipeline - INFO - Verified access to Departed_in_last_36_hours.xml
2025-10-30 19:33:51,995 - vessel_data_pipeline - INFO - Verified access to Expected_arrivals.xml
2025-10-30 19:33:52,033 - vessel_data_pipeline - INFO - Verified access to Expected_departures.xml
2025-10-30 19:33:52,033 - vessel_data_pipeline - INFO - Discovered 4 XML files for download
2025-10-30 19:33:52,033 - vessel_data_pipeline - INFO - Downloading Arrived_in_last_36_hours.xml (attempt 1/3)
2025-10-30 19:33:52,099 - vessel_data_pipeline - INFO - File temp_Arrived_in_last_36_hours.xml passed validation checks
2025-10-30 19:33:52,100 - vessel_data_pipeline - INFO - Created backup: Arrived_in_last_36_hours_20251030_193352.xml
2025-10-30 19:33:52,100 - vessel_data_pipeline - INFO - Updated metadata for Arrived_in_last_36_hours.xml
2025-10-30 19:33:52,100 - vessel_data_pipeline - INFO - Successfully downloaded and validated Arrived_in_last_36_hours.xml
2025-10-30 19:33:54,105 - vessel_data_pipeline - INFO - Downloading Departed_in_last_36_hours.xml (attempt 1/3)
2025-10-30 19:33:54,171 - vessel_data_pipeline - INFO - File temp_Departed_in_last_36_hours.xml passed validation checks
2025-10-30 19:33:54,172 - vessel_data_pipeline - INFO - Created backup: Departed_in_last_36_hours_20251030_193354.xml
2025-10-30 19:33:54,173 - vessel_data_pipeline - INFO - Updated metadata for Departed_in_last_36_hours.xml
2025-10-30 19:33:54,173 - vessel_data_pipeline - INFO - Successfully downloaded and validated Departed_in_last_36_hours.xml
2025-10-30 19:33:56,178 - vessel_data_pipeline - INFO - Downloading Expected_arrivals.xml (attempt 1/3)
2025-10-30 19:33:56,242 - vessel_data_pipeline - INFO - File temp_Expected_arrivals.xml passed validation checks
2025-10-30 19:33:56,243 - vessel_data_pipeline - INFO - Created backup: Expected_arrivals_20251030_193356.xml
2025-10-30 19:33:56,243 - vessel_data_pipeline - INFO - Updated metadata for Expected_arrivals.xml
2025-10-30 19:33:56,243 - vessel_data_pipeline - INFO - Successfully downloaded and validated Expected_arrivals.xml
2025-10-30 19:33:58,247 - vessel_data_pipeline - INFO - Downloading Expected_departures.xml (attempt 1/3)
2025-10-30 19:33:58,309 - vessel_data_pipeline - INFO - File temp_Expected_departures.xml passed validation checks
2025-10-30 19:33:58,309 - vessel_data_pipeline - INFO - Created backup: Expected_departures_20251030_193358.xml
2025-10-30 19:33:58,309 - vessel_data_pipeline - INFO - Updated metadata for Expected_departures.xml
2025-10-30 19:33:58,309 - vessel_data_pipeline - INFO - Successfully downloaded and validated Expected_departures.xml
2025-10-30 19:34:00,314 - vessel_data_pipeline - INFO - Fetch operation completed. Results: {'Arrived_in_last_36_hours.xml': True, 'Departed_in_last_36_hours.xml': True, 'Expected_arrivals.xml': True, 'Expected_departures.xml': True}
2025-10-30 19:34:00,329 - vessel_data_pipeline - INFO - VesselDataFetcher initialized. Pipeline enabled: True
2025-10-30 19:34:00,330 - vessel_data_pipeline - INFO - Starting vessel data fetch operation
2025-10-30 19:34:00,330 - vessel_data_pipeline - INFO - Discovering XML files from Hong Kong Marine Department portal
2025-10-30 19:34:00,385 - vessel_data_pipeline - INFO - Verified access to Arrived_in_last_36_hours.xml
2025-10-30 19:34:00,427 - vessel_data_pipeline - INFO - Verified access to Departed_in_last_36_hours.xml
2025-10-30 19:34:00,489 - vessel_data_pipeline - INFO - Verified access to Expected_arrivals.xml
2025-10-30 19:34:00,519 - vessel_data_pipeline - INFO - Verified access to Expected_departures.xml
2025-10-30 19:34:00,519 - vessel_data_pipeline - INFO - Discovered 4 XML files for download
2025-10-30 19:34:00,519 - vessel_data_pipeline - INFO - Downloading Arrived_in_last_36_hours.xml (attempt 1/3)
2025-10-30 19:34:00,616 - vessel_data_pipeline - INFO - File temp_Arrived_in_last_36_hours.xml passed validation checks
2025-10-30 19:34:00,616 - vessel_data_pipeline - INFO - Created backup: Arrived_in_last_36_hours_20251030_193400.xml
2025-10-30 19:34:00,616 - vessel_data_pipeline - INFO - Updated metadata for Arrived_in_last_36_hours.xml
2025-10-30 19:34:00,616 - vessel_data_pipeline - INFO - Successfully downloaded and validated Arrived_in_last_36_hours.xml
2025-10-30 19:34:02,618 - vessel_data_pipeline - INFO - Downloading Departed_in_last_36_hours.xml (attempt 1/3)
2025-10-30 19:34:02,716 - vessel_data_pipeline - INFO - File temp_Departed_in_last_36_hours.xml passed validation checks
2025-10-30 19:34:02,723 - vessel_data_pipeline - INFO - Created backup: Departed_in_last_36_hours_20251030_193402.xml
2025-10-30 19:34:02,725 - vessel_data_pipeline - INFO - Updated metadata for Departed_in_last_36_hours.xml
2025-10-30 19:34:02,726 - vessel_data_pipeline - INFO - Successfully downloaded and validated Departed_in_last_36_hours.xml
2025-10-30 19:34:04,731 - vessel_data_pipeline - INFO - Downloading Expected_arrivals.xml (attempt 1/3)
2025-10-30 19:34:04,782 - vessel_data_pipeline - INFO - File temp_Expected_arrivals.xml passed validation checks
2025-10-30 19:34:04,782 - vessel_data_pipeline - INFO - Created backup: Expected_arrivals_20251030_193404.xml
2025-10-30 19:34:04,782 - vessel_data_pipeline - INFO - Updated metadata for Expected_arrivals.xml
2025-10-30 19:34:04,782 - vessel_data_pipeline - INFO - Successfully downloaded and validated Expected_arrivals.xml
2025-10-30 19:34:06,784 - vessel_data_pipeline - INFO - Downloading Expected_departures.xml (attempt 1/3)
2025-10-30 19:34:06,851 - vessel_data_pipeline - INFO - File temp_Expected_departures.xml passed validation checks
2025-10-30 19:34:06,851 - vessel_data_pipeline - INFO - Created backup: Expected_departures_20251030_193406.xml
2025-10-30 19:34:06,851 - vessel_data_pipeline - INFO - Updated metadata for Expected_departures.xml
2025-10-30 19:34:06,851 - vessel_data_pipeline - INFO - Successfully downloaded and validated Expected_departures.xml
2025-10-30 19:34:08,853 - vessel_data_pipeline - INFO - Fetch operation completed. Results: {'Arrived_in_last_36_hours.xml': True, 'Departed_in_last_36_hours.xml': True, 'Expected_arrivals.xml': True, 'Expected_departures.xml': True}
2025-10-30 19:34:08,857 - vessel_data_pipeline - INFO - VesselDataFetcher initialized. Pipeline enabled: True
2025-10-30 19:34:08,858 - vessel_data_pipeline - INFO - Starting vessel data fetch operation
2025-10-30 19:34:08,858 - vessel_data_pipeline - INFO - Discovering XML files from Hong Kong Marine Department portal
2025-10-30 19:34:08,931 - vessel_data_pipeline - INFO - Verified access to Arrived_in_last_36_hours.xml
2025-10-30 19:34:08,967 - vessel_data_pipeline - INFO - Verified access to Departed_in_last_36_hours.xml
2025-10-30 19:34:09,034 - vessel_data_pipeline - INFO - Verified access to Expected_arrivals.xml
2025-10-30 19:34:09,066 - vessel_data_pipeline - INFO - Verified access to Expected_departures.xml
2025-10-30 19:34:09,066 - vessel_data_pipeline - INFO - Discovered 4 XML files for download
2025-10-30 19:34:09,066 - vessel_data_pipeline - INFO - Downloading Arrived_in_last_36_hours.xml (attempt 1/3)
2025-10-30 19:34:09,116 - vessel_data_pipeline - INFO - File temp_Arrived_in_last_36_hours.xml passed validation checks
2025-10-30 19:34:09,117 - vessel_data_pipeline - INFO - Created backup: Arrived_in_last_36_hours_20251030_193409.xml
2025-10-30 19:34:09,117 - vessel_data_pipeline - INFO - Updated metadata for Arrived_in_last_36_hours.xml
2025-10-30 19:34:09,117 - vessel_data_pipeline - INFO - Successfully downloaded and validated Arrived_in_last_36_hours.xml
2025-10-30 19:34:11,119 - vessel_data_pipeline - INFO - Downloading Departed_in_last_36_hours.xml (attempt 1/3)
2025-10-30 19:34:11,329 - vessel_data_pipeline - INFO - File temp_Departed_in_last_36_hours.xml passed validation checks
2025-10-30 19:34:11,330 - vessel_data_pipeline - INFO - Created backup: Departed_in_last_36_hours_20251030_193411.xml
2025-10-30 19:34:11,330 - vessel_data_pipeline - INFO - Updated metadata for Departed_in_last_36_hours.xml
2025-10-30 19:34:11,330 - vessel_data_pipeline - INFO - Successfully downloaded and validated Departed_in_last_36_hours.xml
2025-10-30 19:34:13,335 - vessel_data_pipeline - INFO - Downloading Expected_arrivals.xml (attempt 1/3)
2025-10-30 19:34:13,419 - vessel_data_pipeline - INFO - File temp_Expected_arrivals.xml passed validation checks
2025-10-30 19:34:13,419 - vessel_data_pipeline - INFO - Created backup: Expected_arrivals_20251030_193413.xml
2025-10-30 19:34:13,420 - vessel_data_pipeline - INFO - Updated metadata for Expected_arrivals.xml
2025-10-30 19:34:13,420 - vessel_data_pipeline - INFO - Successfully downloaded and validated Expected_arrivals.xml
2025-10-30 19:34:15,425 - vessel_data_pipeline - INFO - Downloading Expected_departures.xml (attempt 1/3)
2025-10-30 19:34:15,541 - vessel_data_pipeline - INFO - File temp_Expected_departures.xml passed validation checks
2025-10-30 19:34:15,541 - vessel_data_pipeline - INFO - Created backup: Expected_departures_20251030_193415.xml
2025-10-30 19:34:15,542 - vessel_data_pipeline - INFO - Updated metadata for Expected_departures.xml
2025-10-30 19:34:15,542 - vessel_data_pipeline - INFO - Successfully downloaded and validated Expected_departures.xml
2025-10-30 19:34:17,547 - vessel_data_pipeline - INFO - Fetch operation completed. Results: {'Arrived_in_last_36_hours.xml': True, 'Departed_in_last_36_hours.xml': True, 'Expected_arrivals.xml': True, 'Expected_departures.xml': True}
2025-10-30 19:37:31,266 - vessel_data_pipeline - INFO - VesselDataFetcher initialized. Pipeline enabled: True
2025-10-30 19:37:31,267 - vessel_data_pipeline - INFO - Starting vessel data fetch operation
2025-10-30 19:37:31,267 - vessel_data_pipeline - INFO - Discovering XML files from Hong Kong Marine Department portal
2025-10-30 19:37:31,367 - vessel_data_pipeline - INFO - Verified access to Arrived_in_last_36_hours.xml
2025-10-30 19:37:31,418 - vessel_data_pipeline - INFO - Verified access to Departed_in_last_36_hours.xml
2025-10-30 19:37:31,461 - vessel_data_pipeline - INFO - Verified access to Expected_arrivals.xml
2025-10-30 19:37:31,559 - vessel_data_pipeline - INFO - Verified access to Expected_departures.xml
2025-10-30 19:37:31,559 - vessel_data_pipeline - INFO - Discovered 4 XML files for download
2025-10-30 19:37:31,559 - vessel_data_pipeline - INFO - Downloading Arrived_in_last_36_hours.xml (attempt 1/3)
2025-10-30 19:37:31,651 - vessel_data_pipeline - INFO - File temp_Arrived_in_last_36_hours.xml passed validation checks
2025-10-30 19:37:31,652 - vessel_data_pipeline - INFO - Created backup: Arrived_in_last_36_hours_20251030_193731.xml
2025-10-30 19:37:31,653 - vessel_data_pipeline - INFO - Updated metadata for Arrived_in_last_36_hours.xml
2025-10-30 19:37:31,653 - vessel_data_pipeline - INFO - Successfully downloaded and validated Arrived_in_last_36_hours.xml
2025-10-30 19:37:33,655 - vessel_data_pipeline - INFO - Downloading Departed_in_last_36_hours.xml (attempt 1/3)
2025-10-30 19:37:33,738 - vessel_data_pipeline - INFO - File temp_Departed_in_last_36_hours.xml passed validation checks
2025-10-30 19:37:33,739 - vessel_data_pipeline - INFO - Created backup: Departed_in_last_36_hours_20251030_193733.xml
2025-10-30 19:37:33,739 - vessel_data_pipeline - INFO - Updated metadata for Departed_in_last_36_hours.xml
2025-10-30 19:37:33,739 - vessel_data_pipeline - INFO - Successfully downloaded and validated Departed_in_last_36_hours.xml
2025-10-30 19:37:35,742 - vessel_data_pipeline - INFO - Downloading Expected_arrivals.xml (attempt 1/3)
2025-10-30 19:37:35,888 - vessel_data_pipeline - INFO - File temp_Expected_arrivals.xml passed validation checks
2025-10-30 19:37:35,888 - vessel_data_pipeline - INFO - Created backup: Expected_arrivals_20251030_193735.xml
2025-10-30 19:37:35,889 - vessel_data_pipeline - INFO - Updated metadata for Expected_arrivals.xml
2025-10-30 19:37:35,889 - vessel_data_pipeline - INFO - Successfully downloaded and validated Expected_arrivals.xml
2025-10-30 19:37:37,893 - vessel_data_pipeline - INFO - Downloading Expected_departures.xml (attempt 1/3)
2025-10-30 19:37:38,182 - vessel_data_pipeline - INFO - File temp_Expected_departures.xml passed validation checks
2025-10-30 19:37:38,183 - vessel_data_pipeline - INFO - Created backup: Expected_departures_20251030_193738.xml
2025-10-30 19:37:38,183 - vessel_data_pipeline - INFO - Updated metadata for Expected_departures.xml
2025-10-30 19:37:38,183 - vessel_data_pipeline - INFO - Successfully downloaded and validated Expected_departures.xml
2025-10-30 19:37:40,186 - vessel_data_pipeline - INFO - Fetch operation completed. Results: {'Arrived_in_last_36_hours.xml': True, 'Departed_in_last_36_hours.xml': True, 'Expected_arrivals.xml': True, 'Expected_departures.xml': True}
2025-10-30 19:37:40,490 - vessel_data_pipeline - INFO - VesselDataFetcher initialized. Pipeline enabled: True
2025-10-30 19:37:40,492 - vessel_data_pipeline - INFO - Starting vessel data fetch operation
2025-10-30 19:37:40,492 - vessel_data_pipeline - INFO - Discovering XML files from Hong Kong Marine Department portal
2025-10-30 19:37:40,554 - vessel_data_pipeline - INFO - Verified access to Arrived_in_last_36_hours.xml
2025-10-30 19:37:40,592 - vessel_data_pipeline - INFO - Verified access to Departed_in_last_36_hours.xml
2025-10-30 19:37:40,629 - vessel_data_pipeline - INFO - Verified access to Expected_arrivals.xml
2025-10-30 19:37:40,860 - vessel_data_pipeline - INFO - Verified access to Expected_departures.xml
2025-10-30 19:37:40,860 - vessel_data_pipeline - INFO - Discovered 4 XML files for download
2025-10-30 19:37:40,860 - vessel_data_pipeline - INFO - Downloading Arrived_in_last_36_hours.xml (attempt 1/3)
2025-10-30 19:37:40,917 - vessel_data_pipeline - INFO - File temp_Arrived_in_last_36_hours.xml passed validation checks
2025-10-30 19:37:40,922 - vessel_data_pipeline - INFO - Created backup: Arrived_in_last_36_hours_20251030_193740.xml
2025-10-30 19:37:40,929 - vessel_data_pipeline - INFO - Updated metadata for Arrived_in_last_36_hours.xml
2025-10-30 19:37:40,930 - vessel_data_pipeline - INFO - Successfully downloaded and validated Arrived_in_last_36_hours.xml
2025-10-30 19:37:42,935 - vessel_data_pipeline - INFO - Downloading Departed_in_last_36_hours.xml (attempt 1/3)
2025-10-30 19:37:43,004 - vessel_data_pipeline - INFO - File temp_Departed_in_last_36_hours.xml passed validation checks
2025-10-30 19:37:43,005 - vessel_data_pipeline - INFO - Created backup: Departed_in_last_36_hours_20251030_193743.xml
2025-10-30 19:37:43,005 - vessel_data_pipeline - INFO - Updated metadata for Departed_in_last_36_hours.xml
2025-10-30 19:37:43,005 - vessel_data_pipeline - INFO - Successfully downloaded and validated Departed_in_last_36_hours.xml
2025-10-30 19:37:45,010 - vessel_data_pipeline - INFO - Downloading Expected_arrivals.xml (attempt 1/3)
2025-10-30 19:37:45,065 - vessel_data_pipeline - INFO - File temp_Expected_arrivals.xml passed validation checks
2025-10-30 19:37:45,066 - vessel_data_pipeline - INFO - Created backup: Expected_arrivals_20251030_193745.xml
2025-10-30 19:37:45,066 - vessel_data_pipeline - INFO - Updated metadata for Expected_arrivals.xml
2025-10-30 19:37:45,066 - vessel_data_pipeline - INFO - Successfully downloaded and validated Expected_arrivals.xml
2025-10-30 19:37:47,069 - vessel_data_pipeline - INFO - Downloading Expected_departures.xml (attempt 1/3)
2025-10-30 19:37:47,127 - vessel_data_pipeline - INFO - File temp_Expected_departures.xml passed validation checks
2025-10-30 19:37:47,127 - vessel_data_pipeline - INFO - Created backup: Expected_departures_20251030_193747.xml
2025-10-30 19:37:47,127 - vessel_data_pipeline - INFO - Updated metadata for Expected_departures.xml
2025-10-30 19:37:47,127 - vessel_data_pipeline - INFO - Successfully downloaded and validated Expected_departures.xml
2025-10-30 19:37:49,130 - vessel_data_pipeline - INFO - Fetch operation completed. Results: {'Arrived_in_last_36_hours.xml': True, 'Departed_in_last_36_hours.xml': True, 'Expected_arrivals.xml': True, 'Expected_departures.xml': True}
2025-10-30 19:37:49,139 - vessel_data_pipeline - INFO - VesselDataFetcher initialized. Pipeline enabled: True
2025-10-30 19:37:49,142 - vessel_data_pipeline - INFO - Starting vessel data fetch operation
2025-10-30 19:37:49,142 - vessel_data_pipeline - INFO - Discovering XML files from Hong Kong Marine Department portal
2025-10-30 19:37:49,215 - vessel_data_pipeline - INFO - Verified access to Arrived_in_last_36_hours.xml
2025-10-30 19:37:49,248 - vessel_data_pipeline - INFO - Verified access to Departed_in_last_36_hours.xml
2025-10-30 19:37:49,312 - vessel_data_pipeline - INFO - Verified access to Expected_arrivals.xml
2025-10-30 19:37:49,349 - vessel_data_pipeline - INFO - Verified access to Expected_departures.xml
2025-10-30 19:37:49,349 - vessel_data_pipeline - INFO - Discovered 4 XML files for download
2025-10-30 19:37:49,349 - vessel_data_pipeline - INFO - Downloading Arrived_in_last_36_hours.xml (attempt 1/3)
2025-10-30 19:37:49,411 - vessel_data_pipeline - INFO - File temp_Arrived_in_last_36_hours.xml passed validation checks
2025-10-30 19:37:49,417 - vessel_data_pipeline - INFO - Created backup: Arrived_in_last_36_hours_20251030_193749.xml
2025-10-30 19:37:49,418 - vessel_data_pipeline - INFO - Updated metadata for Arrived_in_last_36_hours.xml
2025-10-30 19:37:49,418 - vessel_data_pipeline - INFO - Successfully downloaded and validated Arrived_in_last_36_hours.xml
2025-10-30 19:37:51,418 - vessel_data_pipeline - INFO - Downloading Departed_in_last_36_hours.xml (attempt 1/3)
2025-10-30 19:37:51,595 - vessel_data_pipeline - INFO - File temp_Departed_in_last_36_hours.xml passed validation checks
2025-10-30 19:37:51,596 - vessel_data_pipeline - INFO - Created backup: Departed_in_last_36_hours_20251030_193751.xml
2025-10-30 19:37:51,596 - vessel_data_pipeline - INFO - Updated metadata for Departed_in_last_36_hours.xml
2025-10-30 19:37:51,596 - vessel_data_pipeline - INFO - Successfully downloaded and validated Departed_in_last_36_hours.xml
2025-10-30 19:37:53,600 - vessel_data_pipeline - INFO - Downloading Expected_arrivals.xml (attempt 1/3)
2025-10-30 19:37:53,659 - vessel_data_pipeline - INFO - File temp_Expected_arrivals.xml passed validation checks
2025-10-30 19:37:53,659 - vessel_data_pipeline - INFO - Created backup: Expected_arrivals_20251030_193753.xml
2025-10-30 19:37:53,659 - vessel_data_pipeline - INFO - Updated metadata for Expected_arrivals.xml
2025-10-30 19:37:53,659 - vessel_data_pipeline - INFO - Successfully downloaded and validated Expected_arrivals.xml
2025-10-30 19:37:55,665 - vessel_data_pipeline - INFO - Downloading Expected_departures.xml (attempt 1/3)
2025-10-30 19:37:55,711 - vessel_data_pipeline - INFO - File temp_Expected_departures.xml passed validation checks
2025-10-30 19:37:55,711 - vessel_data_pipeline - INFO - Created backup: Expected_departures_20251030_193755.xml
2025-10-30 19:37:55,711 - vessel_data_pipeline - INFO - Updated metadata for Expected_departures.xml
2025-10-30 19:37:55,711 - vessel_data_pipeline - INFO - Successfully downloaded and validated Expected_departures.xml
2025-10-30 19:37:57,715 - vessel_data_pipeline - INFO - Fetch operation completed. Results: {'Arrived_in_last_36_hours.xml': True, 'Departed_in_last_36_hours.xml': True, 'Expected_arrivals.xml': True, 'Expected_departures.xml': True}
2025-10-30 19:38:00,720 - vessel_data_pipeline - INFO - VesselDataFetcher initialized. Pipeline enabled: True
2025-10-30 19:38:00,721 - vessel_data_pipeline - INFO - Starting vessel data fetch operation
2025-10-30 19:38:00,721 - vessel_data_pipeline - INFO - Discovering XML files from Hong Kong Marine Department portal
2025-10-30 19:38:00,779 - vessel_data_pipeline - INFO - Verified access to Arrived_in_last_36_hours.xml
2025-10-30 19:38:00,846 - vessel_data_pipeline - INFO - Verified access to Departed_in_last_36_hours.xml
2025-10-30 19:38:00,979 - vessel_data_pipeline - INFO - Verified access to Expected_arrivals.xml
2025-10-30 19:38:01,121 - vessel_data_pipeline - INFO - Verified access to Expected_departures.xml
2025-10-30 19:38:01,121 - vessel_data_pipeline - INFO - Discovered 4 XML files for download
2025-10-30 19:38:01,122 - vessel_data_pipeline - INFO - Downloading Arrived_in_last_36_hours.xml (attempt 1/3)
2025-10-30 19:38:01,202 - vessel_data_pipeline - INFO - File temp_Arrived_in_last_36_hours.xml passed validation checks
2025-10-30 19:38:01,202 - vessel_data_pipeline - INFO - Created backup: Arrived_in_last_36_hours_20251030_193801.xml
2025-10-30 19:38:01,203 - vessel_data_pipeline - INFO - Updated metadata for Arrived_in_last_36_hours.xml
2025-10-30 19:38:01,203 - vessel_data_pipeline - INFO - Successfully downloaded and validated Arrived_in_last_36_hours.xml
2025-10-30 19:38:03,208 - vessel_data_pipeline - INFO - Downloading Departed_in_last_36_hours.xml (attempt 1/3)
2025-10-30 19:38:03,283 - vessel_data_pipeline - INFO - File temp_Departed_in_last_36_hours.xml passed validation checks
2025-10-30 19:38:03,284 - vessel_data_pipeline - INFO - Created backup: Departed_in_last_36_hours_20251030_193803.xml
2025-10-30 19:38:03,284 - vessel_data_pipeline - INFO - Updated metadata for Departed_in_last_36_hours.xml
2025-10-30 19:38:03,284 - vessel_data_pipeline - INFO - Successfully downloaded and validated Departed_in_last_36_hours.xml
2025-10-30 19:38:05,289 - vessel_data_pipeline - INFO - Downloading Expected_arrivals.xml (attempt 1/3)
2025-10-30 19:38:05,339 - vessel_data_pipeline - INFO - File temp_Expected_arrivals.xml passed validation checks
2025-10-30 19:38:05,340 - vessel_data_pipeline - INFO - Created backup: Expected_arrivals_20251030_193805.xml
2025-10-30 19:38:05,340 - vessel_data_pipeline - INFO - Updated metadata for Expected_arrivals.xml
2025-10-30 19:38:05,340 - vessel_data_pipeline - INFO - Successfully downloaded and validated Expected_arrivals.xml
2025-10-30 19:38:07,344 - vessel_data_pipeline - INFO - Downloading Expected_departures.xml (attempt 1/3)
2025-10-30 19:38:07,389 - vessel_data_pipeline - INFO - File temp_Expected_departures.xml passed validation checks
2025-10-30 19:38:07,389 - vessel_data_pipeline - INFO - Created backup: Expected_departures_20251030_193807.xml
2025-10-30 19:38:07,389 - vessel_data_pipeline - INFO - Updated metadata for Expected_departures.xml
2025-10-30 19:38:07,389 - vessel_data_pipeline - INFO - Successfully downloaded and validated Expected_departures.xml
2025-10-30 19:38:09,391 - vessel_data_pipeline - INFO - Fetch operation completed. Results: {'Arrived_in_last_36_hours.xml': True, 'Departed_in_last_36_hours.xml': True, 'Expected_arrivals.xml': True, 'Expected_departures.xml': True}
2025-10-30 19:38:09,395 - vessel_data_pipeline - INFO - VesselDataFetcher initialized. Pipeline enabled: True
2025-10-30 19:38:09,395 - vessel_data_pipeline - INFO - Starting vessel data fetch operation
2025-10-30 19:38:09,395 - vessel_data_pipeline - INFO - Discovering XML files from Hong Kong Marine Department portal
2025-10-30 19:38:09,455 - vessel_data_pipeline - INFO - Verified access to Arrived_in_last_36_hours.xml
2025-10-30 19:38:09,499 - vessel_data_pipeline - INFO - Verified access to Departed_in_last_36_hours.xml
2025-10-30 19:38:09,616 - vessel_data_pipeline - INFO - Verified access to Expected_arrivals.xml
2025-10-30 19:38:09,660 - vessel_data_pipeline - INFO - Verified access to Expected_departures.xml
2025-10-30 19:38:09,660 - vessel_data_pipeline - INFO - Discovered 4 XML files for download
2025-10-30 19:38:09,660 - vessel_data_pipeline - INFO - Downloading Arrived_in_last_36_hours.xml (attempt 1/3)
2025-10-30 19:38:09,722 - vessel_data_pipeline - INFO - File temp_Arrived_in_last_36_hours.xml passed validation checks
2025-10-30 19:38:09,723 - vessel_data_pipeline - INFO - Created backup: Arrived_in_last_36_hours_20251030_193809.xml
2025-10-30 19:38:09,723 - vessel_data_pipeline - INFO - Updated metadata for Arrived_in_last_36_hours.xml
2025-10-30 19:38:09,723 - vessel_data_pipeline - INFO - Successfully downloaded and validated Arrived_in_last_36_hours.xml
2025-10-30 19:38:11,728 - vessel_data_pipeline - INFO - Downloading Departed_in_last_36_hours.xml (attempt 1/3)
2025-10-30 19:38:11,807 - vessel_data_pipeline - INFO - File temp_Departed_in_last_36_hours.xml passed validation checks
2025-10-30 19:38:11,808 - vessel_data_pipeline - INFO - Created backup: Departed_in_last_36_hours_20251030_193811.xml
2025-10-30 19:38:11,808 - vessel_data_pipeline - INFO - Updated metadata for Departed_in_last_36_hours.xml
2025-10-30 19:38:11,808 - vessel_data_pipeline - INFO - Successfully downloaded and validated Departed_in_last_36_hours.xml
2025-10-30 19:38:13,811 - vessel_data_pipeline - INFO - Downloading Expected_arrivals.xml (attempt 1/3)
2025-10-30 19:38:13,870 - vessel_data_pipeline - INFO - File temp_Expected_arrivals.xml passed validation checks
2025-10-30 19:38:13,870 - vessel_data_pipeline - INFO - Created backup: Expected_arrivals_20251030_193813.xml
2025-10-30 19:38:13,871 - vessel_data_pipeline - INFO - Updated metadata for Expected_arrivals.xml
2025-10-30 19:38:13,871 - vessel_data_pipeline - INFO - Successfully downloaded and validated Expected_arrivals.xml
2025-10-30 19:38:15,876 - vessel_data_pipeline - INFO - Downloading Expected_departures.xml (attempt 1/3)
2025-10-30 19:38:16,044 - vessel_data_pipeline - INFO - File temp_Expected_departures.xml passed validation checks
2025-10-30 19:38:16,044 - vessel_data_pipeline - INFO - Created backup: Expected_departures_20251030_193816.xml
2025-10-30 19:38:16,044 - vessel_data_pipeline - INFO - Updated metadata for Expected_departures.xml
2025-10-30 19:38:16,045 - vessel_data_pipeline - INFO - Successfully downloaded and validated Expected_departures.xml
2025-10-30 19:38:18,045 - vessel_data_pipeline - INFO - Fetch operation completed. Results: {'Arrived_in_last_36_hours.xml': True, 'Departed_in_last_36_hours.xml': True, 'Expected_arrivals.xml': True, 'Expected_departures.xml': True}
2025-10-30 19:38:18,061 - vessel_data_pipeline - INFO - VesselDataFetcher initialized. Pipeline enabled: True
2025-10-30 19:38:18,062 - vessel_data_pipeline - INFO - Starting vessel data fetch operation
2025-10-30 19:38:18,062 - vessel_data_pipeline - INFO - Discovering XML files from Hong Kong Marine Department portal
2025-10-30 19:38:18,269 - vessel_data_pipeline - INFO - Verified access to Arrived_in_last_36_hours.xml
2025-10-30 19:38:18,581 - vessel_data_pipeline - INFO - Verified access to Departed_in_last_36_hours.xml
2025-10-30 19:38:18,747 - vessel_data_pipeline - INFO - Verified access to Expected_arrivals.xml
2025-10-30 19:38:18,779 - vessel_data_pipeline - INFO - Verified access to Expected_departures.xml
2025-10-30 19:38:18,779 - vessel_data_pipeline - INFO - Discovered 4 XML files for download
2025-10-30 19:38:18,779 - vessel_data_pipeline - INFO - Downloading Arrived_in_last_36_hours.xml (attempt 1/3)
2025-10-30 19:38:18,827 - vessel_data_pipeline - INFO - File temp_Arrived_in_last_36_hours.xml passed validation checks
2025-10-30 19:38:18,827 - vessel_data_pipeline - INFO - Created backup: Arrived_in_last_36_hours_20251030_193818.xml
2025-10-30 19:38:18,828 - vessel_data_pipeline - INFO - Updated metadata for Arrived_in_last_36_hours.xml
2025-10-30 19:38:18,828 - vessel_data_pipeline - INFO - Successfully downloaded and validated Arrived_in_last_36_hours.xml
2025-10-30 19:38:20,833 - vessel_data_pipeline - INFO - Downloading Departed_in_last_36_hours.xml (attempt 1/3)
2025-10-30 19:38:20,909 - vessel_data_pipeline - INFO - File temp_Departed_in_last_36_hours.xml passed validation checks
2025-10-30 19:38:20,910 - vessel_data_pipeline - INFO - Created backup: Departed_in_last_36_hours_20251030_193820.xml
2025-10-30 19:38:20,910 - vessel_data_pipeline - INFO - Updated metadata for Departed_in_last_36_hours.xml
2025-10-30 19:38:20,910 - vessel_data_pipeline - INFO - Successfully downloaded and validated Departed_in_last_36_hours.xml
2025-10-30 19:38:22,912 - vessel_data_pipeline - INFO - Downloading Expected_arrivals.xml (attempt 1/3)
2025-10-30 19:38:22,987 - vessel_data_pipeline - INFO - File temp_Expected_arrivals.xml passed validation checks
2025-10-30 19:38:22,987 - vessel_data_pipeline - INFO - Created backup: Expected_arrivals_20251030_193822.xml
2025-10-30 19:38:22,987 - vessel_data_pipeline - INFO - Updated metadata for Expected_arrivals.xml
2025-10-30 19:38:22,987 - vessel_data_pipeline - INFO - Successfully downloaded and validated Expected_arrivals.xml
2025-10-30 19:38:24,992 - vessel_data_pipeline - INFO - Downloading Expected_departures.xml (attempt 1/3)
2025-10-30 19:38:25,064 - vessel_data_pipeline - INFO - File temp_Expected_departures.xml passed validation checks
2025-10-30 19:38:25,065 - vessel_data_pipeline - INFO - Created backup: Expected_departures_20251030_193825.xml
2025-10-30 19:38:25,065 - vessel_data_pipeline - INFO - Updated metadata for Expected_departures.xml
2025-10-30 19:38:25,065 - vessel_data_pipeline - INFO - Successfully downloaded and validated Expected_departures.xml
2025-10-30 19:38:27,070 - vessel_data_pipeline - INFO - Fetch operation completed. Results: {'Arrived_in_last_36_hours.xml': True, 'Departed_in_last_36_hours.xml': True, 'Expected_arrivals.xml': True, 'Expected_departures.xml': True}
2025-10-30 19:38:27,075 - vessel_data_pipeline - INFO - VesselDataFetcher initialized. Pipeline enabled: True
2025-10-30 19:38:27,076 - vessel_data_pipeline - INFO - Starting vessel data fetch operation
2025-10-30 19:38:27,076 - vessel_data_pipeline - INFO - Discovering XML files from Hong Kong Marine Department portal
2025-10-30 19:38:27,139 - vessel_data_pipeline - INFO - Verified access to Arrived_in_last_36_hours.xml
2025-10-30 19:38:27,178 - vessel_data_pipeline - INFO - Verified access to Departed_in_last_36_hours.xml
2025-10-30 19:38:27,226 - vessel_data_pipeline - INFO - Verified access to Expected_arrivals.xml
2025-10-30 19:38:27,263 - vessel_data_pipeline - INFO - Verified access to Expected_departures.xml
2025-10-30 19:38:27,264 - vessel_data_pipeline - INFO - Discovered 4 XML files for download
2025-10-30 19:38:27,264 - vessel_data_pipeline - INFO - Downloading Arrived_in_last_36_hours.xml (attempt 1/3)
2025-10-30 19:38:27,851 - vessel_data_pipeline - INFO - File temp_Arrived_in_last_36_hours.xml passed validation checks
2025-10-30 19:38:27,852 - vessel_data_pipeline - INFO - Created backup: Arrived_in_last_36_hours_20251030_193827.xml
2025-10-30 19:38:27,852 - vessel_data_pipeline - INFO - Updated metadata for Arrived_in_last_36_hours.xml
2025-10-30 19:38:27,852 - vessel_data_pipeline - INFO - Successfully downloaded and validated Arrived_in_last_36_hours.xml
2025-10-30 19:38:29,856 - vessel_data_pipeline - INFO - Downloading Departed_in_last_36_hours.xml (attempt 1/3)
2025-10-30 19:38:29,954 - vessel_data_pipeline - INFO - File temp_Departed_in_last_36_hours.xml passed validation checks
2025-10-30 19:38:29,955 - vessel_data_pipeline - INFO - Created backup: Departed_in_last_36_hours_20251030_193829.xml
2025-10-30 19:38:29,955 - vessel_data_pipeline - INFO - Updated metadata for Departed_in_last_36_hours.xml
2025-10-30 19:38:29,955 - vessel_data_pipeline - INFO - Successfully downloaded and validated Departed_in_last_36_hours.xml
2025-10-30 19:38:31,957 - vessel_data_pipeline - INFO - Downloading Expected_arrivals.xml (attempt 1/3)
2025-10-30 19:38:32,012 - vessel_data_pipeline - INFO - File temp_Expected_arrivals.xml passed validation checks
2025-10-30 19:38:32,013 - vessel_data_pipeline - INFO - Created backup: Expected_arrivals_20251030_193832.xml
2025-10-30 19:38:32,013 - vessel_data_pipeline - INFO - Updated metadata for Expected_arrivals.xml
2025-10-30 19:38:32,013 - vessel_data_pipeline - INFO - Successfully downloaded and validated Expected_arrivals.xml
2025-10-30 19:38:34,018 - vessel_data_pipeline - INFO - Downloading Expected_departures.xml (attempt 1/3)
2025-10-30 19:38:34,069 - vessel_data_pipeline - INFO - File temp_Expected_departures.xml passed validation checks
2025-10-30 19:38:34,070 - vessel_data_pipeline - INFO - Created backup: Expected_departures_20251030_193834.xml
2025-10-30 19:38:34,070 - vessel_data_pipeline - INFO - Updated metadata for Expected_departures.xml
2025-10-30 19:38:34,070 - vessel_data_pipeline - INFO - Successfully downloaded and validated Expected_departures.xml
2025-10-30 19:38:36,076 - vessel_data_pipeline - INFO - Fetch operation completed. Results: {'Arrived_in_last_36_hours.xml': True, 'Departed_in_last_36_hours.xml': True, 'Expected_arrivals.xml': True, 'Expected_departures.xml': True}
2025-10-30 19:39:04,341 - vessel_data_pipeline - INFO - VesselDataFetcher initialized. Pipeline enabled: True
2025-10-30 19:39:04,347 - vessel_data_pipeline - INFO - Starting vessel data fetch operation
2025-10-30 19:39:04,347 - vessel_data_pipeline - INFO - Discovering XML files from Hong Kong Marine Department portal
2025-10-30 19:39:04,453 - vessel_data_pipeline - INFO - Verified access to Arrived_in_last_36_hours.xml
2025-10-30 19:39:04,495 - vessel_data_pipeline - INFO - Verified access to Departed_in_last_36_hours.xml
2025-10-30 19:39:04,539 - vessel_data_pipeline - INFO - Verified access to Expected_arrivals.xml
2025-10-30 19:39:04,571 - vessel_data_pipeline - INFO - Verified access to Expected_departures.xml
2025-10-30 19:39:04,571 - vessel_data_pipeline - INFO - Discovered 4 XML files for download
2025-10-30 19:39:04,571 - vessel_data_pipeline - INFO - Downloading Arrived_in_last_36_hours.xml (attempt 1/3)
2025-10-30 19:39:04,630 - vessel_data_pipeline - INFO - File temp_Arrived_in_last_36_hours.xml passed validation checks
2025-10-30 19:39:04,631 - vessel_data_pipeline - INFO - Created backup: Arrived_in_last_36_hours_20251030_193904.xml
2025-10-30 19:39:04,631 - vessel_data_pipeline - INFO - Updated metadata for Arrived_in_last_36_hours.xml
2025-10-30 19:39:04,631 - vessel_data_pipeline - INFO - Successfully downloaded and validated Arrived_in_last_36_hours.xml
2025-10-30 19:39:06,636 - vessel_data_pipeline - INFO - Downloading Departed_in_last_36_hours.xml (attempt 1/3)
2025-10-30 19:39:06,732 - vessel_data_pipeline - INFO - File temp_Departed_in_last_36_hours.xml passed validation checks
2025-10-30 19:39:06,733 - vessel_data_pipeline - INFO - Created backup: Departed_in_last_36_hours_20251030_193906.xml
2025-10-30 19:39:06,733 - vessel_data_pipeline - INFO - Updated metadata for Departed_in_last_36_hours.xml
2025-10-30 19:39:06,733 - vessel_data_pipeline - INFO - Successfully downloaded and validated Departed_in_last_36_hours.xml
2025-10-30 19:39:08,736 - vessel_data_pipeline - INFO - Downloading Expected_arrivals.xml (attempt 1/3)
2025-10-30 19:39:08,814 - vessel_data_pipeline - INFO - File temp_Expected_arrivals.xml passed validation checks
2025-10-30 19:39:08,815 - vessel_data_pipeline - INFO - Created backup: Expected_arrivals_20251030_193908.xml
2025-10-30 19:39:08,816 - vessel_data_pipeline - INFO - Updated metadata for Expected_arrivals.xml
2025-10-30 19:39:08,816 - vessel_data_pipeline - INFO - Successfully downloaded and validated Expected_arrivals.xml
2025-10-30 19:39:10,821 - vessel_data_pipeline - INFO - Downloading Expected_departures.xml (attempt 1/3)
2025-10-30 19:39:10,878 - vessel_data_pipeline - INFO - File temp_Expected_departures.xml passed validation checks
2025-10-30 19:39:10,879 - vessel_data_pipeline - INFO - Created backup: Expected_departures_20251030_193910.xml
2025-10-30 19:39:10,879 - vessel_data_pipeline - INFO - Updated metadata for Expected_departures.xml
2025-10-30 19:39:10,879 - vessel_data_pipeline - INFO - Successfully downloaded and validated Expected_departures.xml
2025-10-30 19:39:12,880 - vessel_data_pipeline - INFO - Fetch operation completed. Results: {'Arrived_in_last_36_hours.xml': True, 'Departed_in_last_36_hours.xml': True, 'Expected_arrivals.xml': True, 'Expected_departures.xml': True}
2025-10-30 19:39:13,158 - vessel_data_pipeline - INFO - VesselDataFetcher initialized. Pipeline enabled: True
2025-10-30 19:39:13,159 - vessel_data_pipeline - INFO - Starting vessel data fetch operation
2025-10-30 19:39:13,159 - vessel_data_pipeline - INFO - Discovering XML files from Hong Kong Marine Department portal
2025-10-30 19:39:13,424 - vessel_data_pipeline - INFO - Verified access to Arrived_in_last_36_hours.xml
2025-10-30 19:39:13,470 - vessel_data_pipeline - INFO - Verified access to Departed_in_last_36_hours.xml
2025-10-30 19:39:13,517 - vessel_data_pipeline - INFO - Verified access to Expected_arrivals.xml
2025-10-30 19:39:13,577 - vessel_data_pipeline - INFO - Verified access to Expected_departures.xml
2025-10-30 19:39:13,578 - vessel_data_pipeline - INFO - Discovered 4 XML files for download
2025-10-30 19:39:13,578 - vessel_data_pipeline - INFO - Downloading Arrived_in_last_36_hours.xml (attempt 1/3)
2025-10-30 19:39:13,630 - vessel_data_pipeline - INFO - File temp_Arrived_in_last_36_hours.xml passed validation checks
2025-10-30 19:39:13,636 - vessel_data_pipeline - INFO - Created backup: Arrived_in_last_36_hours_20251030_193913.xml
2025-10-30 19:39:13,641 - vessel_data_pipeline - INFO - Updated metadata for Arrived_in_last_36_hours.xml
2025-10-30 19:39:13,641 - vessel_data_pipeline - INFO - Successfully downloaded and validated Arrived_in_last_36_hours.xml
2025-10-30 19:39:15,646 - vessel_data_pipeline - INFO - Downloading Departed_in_last_36_hours.xml (attempt 1/3)
2025-10-30 19:39:15,714 - vessel_data_pipeline - INFO - File temp_Departed_in_last_36_hours.xml passed validation checks
2025-10-30 19:39:15,714 - vessel_data_pipeline - INFO - Created backup: Departed_in_last_36_hours_20251030_193915.xml
2025-10-30 19:39:15,715 - vessel_data_pipeline - INFO - Updated metadata for Departed_in_last_36_hours.xml
2025-10-30 19:39:15,715 - vessel_data_pipeline - INFO - Successfully downloaded and validated Departed_in_last_36_hours.xml
2025-10-30 19:39:17,719 - vessel_data_pipeline - INFO - Downloading Expected_arrivals.xml (attempt 1/3)
2025-10-30 19:39:17,772 - vessel_data_pipeline - INFO - File temp_Expected_arrivals.xml passed validation checks
2025-10-30 19:39:17,773 - vessel_data_pipeline - INFO - Created backup: Expected_arrivals_20251030_193917.xml
2025-10-30 19:39:17,773 - vessel_data_pipeline - INFO - Updated metadata for Expected_arrivals.xml
2025-10-30 19:39:17,773 - vessel_data_pipeline - INFO - Successfully downloaded and validated Expected_arrivals.xml
2025-10-30 19:39:19,778 - vessel_data_pipeline - INFO - Downloading Expected_departures.xml (attempt 1/3)
2025-10-30 19:39:19,842 - vessel_data_pipeline - INFO - File temp_Expected_departures.xml passed validation checks
2025-10-30 19:39:19,842 - vessel_data_pipeline - INFO - Created backup: Expected_departures_20251030_193919.xml
2025-10-30 19:39:19,842 - vessel_data_pipeline - INFO - Updated metadata for Expected_departures.xml
2025-10-30 19:39:19,842 - vessel_data_pipeline - INFO - Successfully downloaded and validated Expected_departures.xml
2025-10-30 19:39:21,848 - vessel_data_pipeline - INFO - Fetch operation completed. Results: {'Arrived_in_last_36_hours.xml': True, 'Departed_in_last_36_hours.xml': True, 'Expected_arrivals.xml': True, 'Expected_departures.xml': True}
2025-10-30 19:39:21,862 - vessel_data_pipeline - INFO - VesselDataFetcher initialized. Pipeline enabled: True
2025-10-30 19:39:21,866 - vessel_data_pipeline - INFO - Starting vessel data fetch operation
2025-10-30 19:39:21,866 - vessel_data_pipeline - INFO - Discovering XML files from Hong Kong Marine Department portal
2025-10-30 19:39:21,945 - vessel_data_pipeline - INFO - Verified access to Arrived_in_last_36_hours.xml
2025-10-30 19:39:21,990 - vessel_data_pipeline - INFO - Verified access to Departed_in_last_36_hours.xml
2025-10-30 19:39:22,027 - vessel_data_pipeline - INFO - Verified access to Expected_arrivals.xml
2025-10-30 19:39:22,095 - vessel_data_pipeline - INFO - Verified access to Expected_departures.xml
2025-10-30 19:39:22,095 - vessel_data_pipeline - INFO - Discovered 4 XML files for download
2025-10-30 19:39:22,095 - vessel_data_pipeline - INFO - Downloading Arrived_in_last_36_hours.xml (attempt 1/3)
2025-10-30 19:39:22,193 - vessel_data_pipeline - INFO - File temp_Arrived_in_last_36_hours.xml passed validation checks
2025-10-30 19:39:22,208 - vessel_data_pipeline - INFO - Created backup: Arrived_in_last_36_hours_20251030_193922.xml
2025-10-30 19:39:22,218 - vessel_data_pipeline - INFO - Updated metadata for Arrived_in_last_36_hours.xml
2025-10-30 19:39:22,219 - vessel_data_pipeline - INFO - Successfully downloaded and validated Arrived_in_last_36_hours.xml
2025-10-30 19:39:24,222 - vessel_data_pipeline - INFO - Downloading Departed_in_last_36_hours.xml (attempt 1/3)
2025-10-30 19:39:24,289 - vessel_data_pipeline - INFO - File temp_Departed_in_last_36_hours.xml passed validation checks
2025-10-30 19:39:24,290 - vessel_data_pipeline - INFO - Created backup: Departed_in_last_36_hours_20251030_193924.xml
2025-10-30 19:39:24,290 - vessel_data_pipeline - INFO - Updated metadata for Departed_in_last_36_hours.xml
2025-10-30 19:39:24,290 - vessel_data_pipeline - INFO - Successfully downloaded and validated Departed_in_last_36_hours.xml
2025-10-30 19:39:26,295 - vessel_data_pipeline - INFO - Downloading Expected_arrivals.xml (attempt 1/3)
2025-10-30 19:39:26,363 - vessel_data_pipeline - INFO - File temp_Expected_arrivals.xml passed validation checks
2025-10-30 19:39:26,364 - vessel_data_pipeline - INFO - Created backup: Expected_arrivals_20251030_193926.xml
2025-10-30 19:39:26,364 - vessel_data_pipeline - INFO - Updated metadata for Expected_arrivals.xml
2025-10-30 19:39:26,364 - vessel_data_pipeline - INFO - Successfully downloaded and validated Expected_arrivals.xml
2025-10-30 19:39:28,369 - vessel_data_pipeline - INFO - Downloading Expected_departures.xml (attempt 1/3)
2025-10-30 19:39:28,433 - vessel_data_pipeline - INFO - File temp_Expected_departures.xml passed validation checks
2025-10-30 19:39:28,433 - vessel_data_pipeline - INFO - Created backup: Expected_departures_20251030_193928.xml
2025-10-30 19:39:28,434 - vessel_data_pipeline - INFO - Updated metadata for Expected_departures.xml
2025-10-30 19:39:28,434 - vessel_data_pipeline - INFO - Successfully downloaded and validated Expected_departures.xml
2025-10-30 19:39:30,438 - vessel_data_pipeline - INFO - Fetch operation completed. Results: {'Arrived_in_last_36_hours.xml': True, 'Departed_in_last_36_hours.xml': True, 'Expected_arrivals.xml': True, 'Expected_departures.xml': True}
2025-10-30 19:39:33,421 - vessel_data_pipeline - INFO - VesselDataFetcher initialized. Pipeline enabled: True
2025-10-30 19:39:33,422 - vessel_data_pipeline - INFO - Starting vessel data fetch operation
2025-10-30 19:39:33,422 - vessel_data_pipeline - INFO - Discovering XML files from Hong Kong Marine Department portal
2025-10-30 19:39:33,483 - vessel_data_pipeline - INFO - Verified access to Arrived_in_last_36_hours.xml
2025-10-30 19:39:33,519 - vessel_data_pipeline - INFO - Verified access to Departed_in_last_36_hours.xml
2025-10-30 19:39:33,570 - vessel_data_pipeline - INFO - Verified access to Expected_arrivals.xml
2025-10-30 19:39:33,601 - vessel_data_pipeline - INFO - Verified access to Expected_departures.xml
2025-10-30 19:39:33,601 - vessel_data_pipeline - INFO - Discovered 4 XML files for download
2025-10-30 19:39:33,601 - vessel_data_pipeline - INFO - Downloading Arrived_in_last_36_hours.xml (attempt 1/3)
2025-10-30 19:39:33,656 - vessel_data_pipeline - INFO - File temp_Arrived_in_last_36_hours.xml passed validation checks
2025-10-30 19:39:33,656 - vessel_data_pipeline - INFO - Created backup: Arrived_in_last_36_hours_20251030_193933.xml
2025-10-30 19:39:33,657 - vessel_data_pipeline - INFO - Updated metadata for Arrived_in_last_36_hours.xml
2025-10-30 19:39:33,657 - vessel_data_pipeline - INFO - Successfully downloaded and validated Arrived_in_last_36_hours.xml
2025-10-30 19:39:35,661 - vessel_data_pipeline - INFO - Downloading Departed_in_last_36_hours.xml (attempt 1/3)
2025-10-30 19:39:35,734 - vessel_data_pipeline - INFO - File temp_Departed_in_last_36_hours.xml passed validation checks
2025-10-30 19:39:35,734 - vessel_data_pipeline - INFO - Created backup: Departed_in_last_36_hours_20251030_193935.xml
2025-10-30 19:39:35,735 - vessel_data_pipeline - INFO - Updated metadata for Departed_in_last_36_hours.xml
2025-10-30 19:39:35,735 - vessel_data_pipeline - INFO - Successfully downloaded and validated Departed_in_last_36_hours.xml
2025-10-30 19:39:37,743 - vessel_data_pipeline - INFO - Downloading Expected_arrivals.xml (attempt 1/3)
2025-10-30 19:39:37,802 - vessel_data_pipeline - INFO - File temp_Expected_arrivals.xml passed validation checks
2025-10-30 19:39:37,819 - vessel_data_pipeline - INFO - Created backup: Expected_arrivals_20251030_193937.xml
2025-10-30 19:39:37,830 - vessel_data_pipeline - INFO - Updated metadata for Expected_arrivals.xml
2025-10-30 19:39:37,831 - vessel_data_pipeline - INFO - Successfully downloaded and validated Expected_arrivals.xml
2025-10-30 19:39:39,833 - vessel_data_pipeline - INFO - Downloading Expected_departures.xml (attempt 1/3)
2025-10-30 19:39:39,888 - vessel_data_pipeline - INFO - File temp_Expected_departures.xml passed validation checks
2025-10-30 19:39:39,891 - vessel_data_pipeline - INFO - Created backup: Expected_departures_20251030_193939.xml
2025-10-30 19:39:39,891 - vessel_data_pipeline - INFO - Updated metadata for Expected_departures.xml
2025-10-30 19:39:39,891 - vessel_data_pipeline - INFO - Successfully downloaded and validated Expected_departures.xml
2025-10-30 19:39:41,897 - vessel_data_pipeline - INFO - Fetch operation completed. Results: {'Arrived_in_last_36_hours.xml': True, 'Departed_in_last_36_hours.xml': True, 'Expected_arrivals.xml': True, 'Expected_departures.xml': True}
2025-10-30 19:39:41,902 - vessel_data_pipeline - INFO - VesselDataFetcher initialized. Pipeline enabled: True
2025-10-30 19:39:41,903 - vessel_data_pipeline - INFO - Starting vessel data fetch operation
2025-10-30 19:39:41,903 - vessel_data_pipeline - INFO - Discovering XML files from Hong Kong Marine Department portal
2025-10-30 19:39:41,971 - vessel_data_pipeline - INFO - Verified access to Arrived_in_last_36_hours.xml
2025-10-30 19:39:42,008 - vessel_data_pipeline - INFO - Verified access to Departed_in_last_36_hours.xml
2025-10-30 19:39:42,042 - vessel_data_pipeline - INFO - Verified access to Expected_arrivals.xml
2025-10-30 19:39:42,083 - vessel_data_pipeline - INFO - Verified access to Expected_departures.xml
2025-10-30 19:39:42,084 - vessel_data_pipeline - INFO - Discovered 4 XML files for download
2025-10-30 19:39:42,084 - vessel_data_pipeline - INFO - Downloading Arrived_in_last_36_hours.xml (attempt 1/3)
2025-10-30 19:39:42,144 - vessel_data_pipeline - INFO - File temp_Arrived_in_last_36_hours.xml passed validation checks
2025-10-30 19:39:42,145 - vessel_data_pipeline - INFO - Created backup: Arrived_in_last_36_hours_20251030_193942.xml
2025-10-30 19:39:42,145 - vessel_data_pipeline - INFO - Updated metadata for Arrived_in_last_36_hours.xml
2025-10-30 19:39:42,145 - vessel_data_pipeline - INFO - Successfully downloaded and validated Arrived_in_last_36_hours.xml
2025-10-30 19:39:44,147 - vessel_data_pipeline - INFO - Downloading Departed_in_last_36_hours.xml (attempt 1/3)
2025-10-30 19:39:44,221 - vessel_data_pipeline - INFO - File temp_Departed_in_last_36_hours.xml passed validation checks
2025-10-30 19:39:44,221 - vessel_data_pipeline - INFO - Created backup: Departed_in_last_36_hours_20251030_193944.xml
2025-10-30 19:39:44,222 - vessel_data_pipeline - INFO - Updated metadata for Departed_in_last_36_hours.xml
2025-10-30 19:39:44,222 - vessel_data_pipeline - INFO - Successfully downloaded and validated Departed_in_last_36_hours.xml
2025-10-30 19:39:46,225 - vessel_data_pipeline - INFO - Downloading Expected_arrivals.xml (attempt 1/3)
2025-10-30 19:39:46,277 - vessel_data_pipeline - INFO - File temp_Expected_arrivals.xml passed validation checks
2025-10-30 19:39:46,278 - vessel_data_pipeline - INFO - Created backup: Expected_arrivals_20251030_193946.xml
2025-10-30 19:39:46,278 - vessel_data_pipeline - INFO - Updated metadata for Expected_arrivals.xml
2025-10-30 19:39:46,278 - vessel_data_pipeline - INFO - Successfully downloaded and validated Expected_arrivals.xml
2025-10-30 19:39:48,283 - vessel_data_pipeline - INFO - Downloading Expected_departures.xml (attempt 1/3)
2025-10-30 19:39:48,363 - vessel_data_pipeline - INFO - File temp_Expected_departures.xml passed validation checks
2025-10-30 19:39:48,364 - vessel_data_pipeline - INFO - Created backup: Expected_departures_20251030_193948.xml
2025-10-30 19:39:48,364 - vessel_data_pipeline - INFO - Updated metadata for Expected_departures.xml
2025-10-30 19:39:48,364 - vessel_data_pipeline - INFO - Successfully downloaded and validated Expected_departures.xml
2025-10-30 19:39:50,366 - vessel_data_pipeline - INFO - Fetch operation completed. Results: {'Arrived_in_last_36_hours.xml': True, 'Departed_in_last_36_hours.xml': True, 'Expected_arrivals.xml': True, 'Expected_departures.xml': True}
2025-10-30 19:39:50,390 - vessel_data_pipeline - INFO - VesselDataFetcher initialized. Pipeline enabled: True
2025-10-30 19:39:50,391 - vessel_data_pipeline - INFO - Starting vessel data fetch operation
2025-10-30 19:39:50,391 - vessel_data_pipeline - INFO - Discovering XML files from Hong Kong Marine Department portal
2025-10-30 19:39:50,454 - vessel_data_pipeline - INFO - Verified access to Arrived_in_last_36_hours.xml
2025-10-30 19:39:50,489 - vessel_data_pipeline - INFO - Verified access to Departed_in_last_36_hours.xml
2025-10-30 19:39:50,550 - vessel_data_pipeline - INFO - Verified access to Expected_arrivals.xml
2025-10-30 19:39:50,602 - vessel_data_pipeline - INFO - Verified access to Expected_departures.xml
2025-10-30 19:39:50,602 - vessel_data_pipeline - INFO - Discovered 4 XML files for download
2025-10-30 19:39:50,602 - vessel_data_pipeline - INFO - Downloading Arrived_in_last_36_hours.xml (attempt 1/3)
2025-10-30 19:39:50,662 - vessel_data_pipeline - INFO - File temp_Arrived_in_last_36_hours.xml passed validation checks
2025-10-30 19:39:50,662 - vessel_data_pipeline - INFO - Created backup: Arrived_in_last_36_hours_20251030_193950.xml
2025-10-30 19:39:50,663 - vessel_data_pipeline - INFO - Updated metadata for Arrived_in_last_36_hours.xml
2025-10-30 19:39:50,663 - vessel_data_pipeline - INFO - Successfully downloaded and validated Arrived_in_last_36_hours.xml
2025-10-30 19:39:52,667 - vessel_data_pipeline - INFO - Downloading Departed_in_last_36_hours.xml (attempt 1/3)
2025-10-30 19:39:52,762 - vessel_data_pipeline - INFO - File temp_Departed_in_last_36_hours.xml passed validation checks
2025-10-30 19:39:52,763 - vessel_data_pipeline - INFO - Created backup: Departed_in_last_36_hours_20251030_193952.xml
2025-10-30 19:39:52,763 - vessel_data_pipeline - INFO - Updated metadata for Departed_in_last_36_hours.xml
2025-10-30 19:39:52,763 - vessel_data_pipeline - INFO - Successfully downloaded and validated Departed_in_last_36_hours.xml
2025-10-30 19:39:54,768 - vessel_data_pipeline - INFO - Downloading Expected_arrivals.xml (attempt 1/3)
2025-10-30 19:39:54,821 - vessel_data_pipeline - INFO - File temp_Expected_arrivals.xml passed validation checks
2025-10-30 19:39:54,821 - vessel_data_pipeline - INFO - Created backup: Expected_arrivals_20251030_193954.xml
2025-10-30 19:39:54,821 - vessel_data_pipeline - INFO - Updated metadata for Expected_arrivals.xml
2025-10-30 19:39:54,821 - vessel_data_pipeline - INFO - Successfully downloaded and validated Expected_arrivals.xml
2025-10-30 19:39:56,826 - vessel_data_pipeline - INFO - Downloading Expected_departures.xml (attempt 1/3)
2025-10-30 19:39:56,883 - vessel_data_pipeline - INFO - File temp_Expected_departures.xml passed validation checks
2025-10-30 19:39:56,884 - vessel_data_pipeline - INFO - Created backup: Expected_departures_20251030_193956.xml
2025-10-30 19:39:56,884 - vessel_data_pipeline - INFO - Updated metadata for Expected_departures.xml
2025-10-30 19:39:56,884 - vessel_data_pipeline - INFO - Successfully downloaded and validated Expected_departures.xml
2025-10-30 19:39:58,889 - vessel_data_pipeline - INFO - Fetch operation completed. Results: {'Arrived_in_last_36_hours.xml': True, 'Departed_in_last_36_hours.xml': True, 'Expected_arrivals.xml': True, 'Expected_departures.xml': True}
2025-10-30 19:39:58,894 - vessel_data_pipeline - INFO - VesselDataFetcher initialized. Pipeline enabled: True
2025-10-30 19:39:58,895 - vessel_data_pipeline - INFO - Starting vessel data fetch operation
2025-10-30 19:39:58,895 - vessel_data_pipeline - INFO - Discovering XML files from Hong Kong Marine Department portal
2025-10-30 19:39:58,952 - vessel_data_pipeline - INFO - Verified access to Arrived_in_last_36_hours.xml
2025-10-30 19:39:58,983 - vessel_data_pipeline - INFO - Verified access to Departed_in_last_36_hours.xml
2025-10-30 19:39:59,042 - vessel_data_pipeline - INFO - Verified access to Expected_arrivals.xml
2025-10-30 19:39:59,079 - vessel_data_pipeline - INFO - Verified access to Expected_departures.xml
2025-10-30 19:39:59,080 - vessel_data_pipeline - INFO - Discovered 4 XML files for download
2025-10-30 19:39:59,080 - vessel_data_pipeline - INFO - Downloading Arrived_in_last_36_hours.xml (attempt 1/3)
2025-10-30 19:39:59,241 - vessel_data_pipeline - INFO - File temp_Arrived_in_last_36_hours.xml passed validation checks
2025-10-30 19:39:59,242 - vessel_data_pipeline - INFO - Created backup: Arrived_in_last_36_hours_20251030_193959.xml
2025-10-30 19:39:59,242 - vessel_data_pipeline - INFO - Updated metadata for Arrived_in_last_36_hours.xml
2025-10-30 19:39:59,242 - vessel_data_pipeline - INFO - Successfully downloaded and validated Arrived_in_last_36_hours.xml
2025-10-30 19:40:01,245 - vessel_data_pipeline - INFO - Downloading Departed_in_last_36_hours.xml (attempt 1/3)
2025-10-30 19:40:01,306 - vessel_data_pipeline - INFO - File temp_Departed_in_last_36_hours.xml passed validation checks
2025-10-30 19:40:01,306 - vessel_data_pipeline - INFO - Created backup: Departed_in_last_36_hours_20251030_194001.xml
2025-10-30 19:40:01,307 - vessel_data_pipeline - INFO - Updated metadata for Departed_in_last_36_hours.xml
2025-10-30 19:40:01,307 - vessel_data_pipeline - INFO - Successfully downloaded and validated Departed_in_last_36_hours.xml
2025-10-30 19:40:03,312 - vessel_data_pipeline - INFO - Downloading Expected_arrivals.xml (attempt 1/3)
2025-10-30 19:40:03,365 - vessel_data_pipeline - INFO - File temp_Expected_arrivals.xml passed validation checks
2025-10-30 19:40:03,366 - vessel_data_pipeline - INFO - Created backup: Expected_arrivals_20251030_194003.xml
2025-10-30 19:40:03,366 - vessel_data_pipeline - INFO - Updated metadata for Expected_arrivals.xml
2025-10-30 19:40:03,366 - vessel_data_pipeline - INFO - Successfully downloaded and validated Expected_arrivals.xml
2025-10-30 19:40:05,371 - vessel_data_pipeline - INFO - Downloading Expected_departures.xml (attempt 1/3)
2025-10-30 19:40:05,419 - vessel_data_pipeline - INFO - File temp_Expected_departures.xml passed validation checks
2025-10-30 19:40:05,420 - vessel_data_pipeline - INFO - Created backup: Expected_departures_20251030_194005.xml
2025-10-30 19:40:05,421 - vessel_data_pipeline - INFO - Updated metadata for Expected_departures.xml
2025-10-30 19:40:05,421 - vessel_data_pipeline - INFO - Successfully downloaded and validated Expected_departures.xml
2025-10-30 19:40:07,426 - vessel_data_pipeline - INFO - Fetch operation completed. Results: {'Arrived_in_last_36_hours.xml': True, 'Departed_in_last_36_hours.xml': True, 'Expected_arrivals.xml': True, 'Expected_departures.xml': True}
2025-10-30 19:40:23,240 - vessel_data_pipeline - INFO - VesselDataFetcher initialized. Pipeline enabled: True
2025-10-30 19:40:23,241 - vessel_data_pipeline - INFO - Starting vessel data fetch operation
2025-10-30 19:40:23,241 - vessel_data_pipeline - INFO - Discovering XML files from Hong Kong Marine Department portal
2025-10-30 19:40:23,352 - vessel_data_pipeline - INFO - Verified access to Arrived_in_last_36_hours.xml
2025-10-30 19:40:23,385 - vessel_data_pipeline - INFO - Verified access to Departed_in_last_36_hours.xml
2025-10-30 19:40:23,416 - vessel_data_pipeline - INFO - Verified access to Expected_arrivals.xml
2025-10-30 19:40:23,474 - vessel_data_pipeline - INFO - Verified access to Expected_departures.xml
2025-10-30 19:40:23,474 - vessel_data_pipeline - INFO - Discovered 4 XML files for download
2025-10-30 19:40:23,474 - vessel_data_pipeline - INFO - Downloading Arrived_in_last_36_hours.xml (attempt 1/3)
2025-10-30 19:40:23,531 - vessel_data_pipeline - INFO - File temp_Arrived_in_last_36_hours.xml passed validation checks
2025-10-30 19:40:23,532 - vessel_data_pipeline - INFO - Created backup: Arrived_in_last_36_hours_20251030_194023.xml
2025-10-30 19:40:23,532 - vessel_data_pipeline - INFO - Updated metadata for Arrived_in_last_36_hours.xml
2025-10-30 19:40:23,532 - vessel_data_pipeline - INFO - Successfully downloaded and validated Arrived_in_last_36_hours.xml
2025-10-30 19:40:25,535 - vessel_data_pipeline - INFO - Downloading Departed_in_last_36_hours.xml (attempt 1/3)
2025-10-30 19:40:25,595 - vessel_data_pipeline - INFO - File temp_Departed_in_last_36_hours.xml passed validation checks
2025-10-30 19:40:25,596 - vessel_data_pipeline - INFO - Created backup: Departed_in_last_36_hours_20251030_194025.xml
2025-10-30 19:40:25,596 - vessel_data_pipeline - INFO - Updated metadata for Departed_in_last_36_hours.xml
2025-10-30 19:40:25,596 - vessel_data_pipeline - INFO - Successfully downloaded and validated Departed_in_last_36_hours.xml
2025-10-30 19:40:27,602 - vessel_data_pipeline - INFO - Downloading Expected_arrivals.xml (attempt 1/3)
2025-10-30 19:40:27,701 - vessel_data_pipeline - INFO - File temp_Expected_arrivals.xml passed validation checks
2025-10-30 19:40:27,702 - vessel_data_pipeline - INFO - Created backup: Expected_arrivals_20251030_194027.xml
2025-10-30 19:40:27,702 - vessel_data_pipeline - INFO - Updated metadata for Expected_arrivals.xml
2025-10-30 19:40:27,702 - vessel_data_pipeline - INFO - Successfully downloaded and validated Expected_arrivals.xml
2025-10-30 19:40:29,707 - vessel_data_pipeline - INFO - Downloading Expected_departures.xml (attempt 1/3)
2025-10-30 19:40:29,766 - vessel_data_pipeline - INFO - File temp_Expected_departures.xml passed validation checks
2025-10-30 19:40:29,767 - vessel_data_pipeline - INFO - Created backup: Expected_departures_20251030_194029.xml
2025-10-30 19:40:29,767 - vessel_data_pipeline - INFO - Updated metadata for Expected_departures.xml
2025-10-30 19:40:29,767 - vessel_data_pipeline - INFO - Successfully downloaded and validated Expected_departures.xml
2025-10-30 19:40:31,769 - vessel_data_pipeline - INFO - Fetch operation completed. Results: {'Arrived_in_last_36_hours.xml': True, 'Departed_in_last_36_hours.xml': True, 'Expected_arrivals.xml': True, 'Expected_departures.xml': True}
2025-10-30 19:40:32,102 - vessel_data_pipeline - INFO - VesselDataFetcher initialized. Pipeline enabled: True
2025-10-30 19:40:32,102 - vessel_data_pipeline - INFO - Starting vessel data fetch operation
2025-10-30 19:40:32,103 - vessel_data_pipeline - INFO - Discovering XML files from Hong Kong Marine Department portal
2025-10-30 19:40:32,233 - vessel_data_pipeline - INFO - Verified access to Arrived_in_last_36_hours.xml
2025-10-30 19:40:32,269 - vessel_data_pipeline - INFO - Verified access to Departed_in_last_36_hours.xml
2025-10-30 19:40:32,349 - vessel_data_pipeline - INFO - Verified access to Expected_arrivals.xml
2025-10-30 19:40:32,387 - vessel_data_pipeline - INFO - Verified access to Expected_departures.xml
2025-10-30 19:40:32,387 - vessel_data_pipeline - INFO - Discovered 4 XML files for download
2025-10-30 19:40:32,387 - vessel_data_pipeline - INFO - Downloading Arrived_in_last_36_hours.xml (attempt 1/3)
2025-10-30 19:40:32,446 - vessel_data_pipeline - INFO - File temp_Arrived_in_last_36_hours.xml passed validation checks
2025-10-30 19:40:32,454 - vessel_data_pipeline - INFO - Created backup: Arrived_in_last_36_hours_20251030_194032.xml
2025-10-30 19:40:32,455 - vessel_data_pipeline - INFO - Updated metadata for Arrived_in_last_36_hours.xml
2025-10-30 19:40:32,455 - vessel_data_pipeline - INFO - Successfully downloaded and validated Arrived_in_last_36_hours.xml
2025-10-30 19:40:34,460 - vessel_data_pipeline - INFO - Downloading Departed_in_last_36_hours.xml (attempt 1/3)
2025-10-30 19:40:34,519 - vessel_data_pipeline - INFO - File temp_Departed_in_last_36_hours.xml passed validation checks
2025-10-30 19:40:34,519 - vessel_data_pipeline - INFO - Created backup: Departed_in_last_36_hours_20251030_194034.xml
2025-10-30 19:40:34,520 - vessel_data_pipeline - INFO - Updated metadata for Departed_in_last_36_hours.xml
2025-10-30 19:40:34,520 - vessel_data_pipeline - INFO - Successfully downloaded and validated Departed_in_last_36_hours.xml
2025-10-30 19:40:36,521 - vessel_data_pipeline - INFO - Downloading Expected_arrivals.xml (attempt 1/3)
2025-10-30 19:40:36,573 - vessel_data_pipeline - INFO - File temp_Expected_arrivals.xml passed validation checks
2025-10-30 19:40:36,574 - vessel_data_pipeline - INFO - Created backup: Expected_arrivals_20251030_194036.xml
2025-10-30 19:40:36,574 - vessel_data_pipeline - INFO - Updated metadata for Expected_arrivals.xml
2025-10-30 19:40:36,574 - vessel_data_pipeline - INFO - Successfully downloaded and validated Expected_arrivals.xml
2025-10-30 19:40:38,577 - vessel_data_pipeline - INFO - Downloading Expected_departures.xml (attempt 1/3)
2025-10-30 19:40:38,660 - vessel_data_pipeline - INFO - File temp_Expected_departures.xml passed validation checks
2025-10-30 19:40:38,661 - vessel_data_pipeline - INFO - Created backup: Expected_departures_20251030_194038.xml
2025-10-30 19:40:38,661 - vessel_data_pipeline - INFO - Updated metadata for Expected_departures.xml
2025-10-30 19:40:38,661 - vessel_data_pipeline - INFO - Successfully downloaded and validated Expected_departures.xml
2025-10-30 19:40:40,666 - vessel_data_pipeline - INFO - Fetch operation completed. Results: {'Arrived_in_last_36_hours.xml': True, 'Departed_in_last_36_hours.xml': True, 'Expected_arrivals.xml': True, 'Expected_departures.xml': True}
2025-10-30 19:40:40,684 - vessel_data_pipeline - INFO - VesselDataFetcher initialized. Pipeline enabled: True
2025-10-30 19:40:40,695 - vessel_data_pipeline - INFO - Starting vessel data fetch operation
2025-10-30 19:40:40,695 - vessel_data_pipeline - INFO - Discovering XML files from Hong Kong Marine Department portal
2025-10-30 19:40:40,772 - vessel_data_pipeline - INFO - Verified access to Arrived_in_last_36_hours.xml
2025-10-30 19:40:40,810 - vessel_data_pipeline - INFO - Verified access to Departed_in_last_36_hours.xml
2025-10-30 19:40:40,879 - vessel_data_pipeline - INFO - Verified access to Expected_arrivals.xml
2025-10-30 19:40:40,934 - vessel_data_pipeline - INFO - Verified access to Expected_departures.xml
2025-10-30 19:40:40,934 - vessel_data_pipeline - INFO - Discovered 4 XML files for download
2025-10-30 19:40:40,934 - vessel_data_pipeline - INFO - Downloading Arrived_in_last_36_hours.xml (attempt 1/3)
2025-10-30 19:40:41,008 - vessel_data_pipeline - INFO - File temp_Arrived_in_last_36_hours.xml passed validation checks
2025-10-30 19:40:41,020 - vessel_data_pipeline - INFO - Created backup: Arrived_in_last_36_hours_20251030_194041.xml
2025-10-30 19:40:41,021 - vessel_data_pipeline - INFO - Updated metadata for Arrived_in_last_36_hours.xml
2025-10-30 19:40:41,026 - vessel_data_pipeline - INFO - Successfully downloaded and validated Arrived_in_last_36_hours.xml
2025-10-30 19:40:43,030 - vessel_data_pipeline - INFO - Downloading Departed_in_last_36_hours.xml (attempt 1/3)
2025-10-30 19:40:43,187 - vessel_data_pipeline - INFO - File temp_Departed_in_last_36_hours.xml passed validation checks
2025-10-30 19:40:43,188 - vessel_data_pipeline - INFO - Created backup: Departed_in_last_36_hours_20251030_194043.xml
2025-10-30 19:40:43,188 - vessel_data_pipeline - INFO - Updated metadata for Departed_in_last_36_hours.xml
2025-10-30 19:40:43,188 - vessel_data_pipeline - INFO - Successfully downloaded and validated Departed_in_last_36_hours.xml
2025-10-30 19:40:45,193 - vessel_data_pipeline - INFO - Downloading Expected_arrivals.xml (attempt 1/3)
2025-10-30 19:40:45,248 - vessel_data_pipeline - INFO - File temp_Expected_arrivals.xml passed validation checks
2025-10-30 19:40:45,249 - vessel_data_pipeline - INFO - Created backup: Expected_arrivals_20251030_194045.xml
2025-10-30 19:40:45,249 - vessel_data_pipeline - INFO - Updated metadata for Expected_arrivals.xml
2025-10-30 19:40:45,249 - vessel_data_pipeline - INFO - Successfully downloaded and validated Expected_arrivals.xml
2025-10-30 19:40:47,254 - vessel_data_pipeline - INFO - Downloading Expected_departures.xml (attempt 1/3)
2025-10-30 19:40:47,312 - vessel_data_pipeline - INFO - File temp_Expected_departures.xml passed validation checks
2025-10-30 19:40:47,313 - vessel_data_pipeline - INFO - Created backup: Expected_departures_20251030_194047.xml
2025-10-30 19:40:47,313 - vessel_data_pipeline - INFO - Updated metadata for Expected_departures.xml
2025-10-30 19:40:47,313 - vessel_data_pipeline - INFO - Successfully downloaded and validated Expected_departures.xml
2025-10-30 19:40:49,318 - vessel_data_pipeline - INFO - Fetch operation completed. Results: {'Arrived_in_last_36_hours.xml': True, 'Departed_in_last_36_hours.xml': True, 'Expected_arrivals.xml': True, 'Expected_departures.xml': True}
2025-10-30 19:40:52,311 - vessel_data_pipeline - INFO - VesselDataFetcher initialized. Pipeline enabled: True
2025-10-30 19:40:52,313 - vessel_data_pipeline - INFO - Starting vessel data fetch operation
2025-10-30 19:40:52,313 - vessel_data_pipeline - INFO - Discovering XML files from Hong Kong Marine Department portal
2025-10-30 19:40:52,378 - vessel_data_pipeline - INFO - Verified access to Arrived_in_last_36_hours.xml
2025-10-30 19:40:52,417 - vessel_data_pipeline - INFO - Verified access to Departed_in_last_36_hours.xml
2025-10-30 19:40:52,462 - vessel_data_pipeline - INFO - Verified access to Expected_arrivals.xml
2025-10-30 19:40:52,581 - vessel_data_pipeline - INFO - Verified access to Expected_departures.xml
2025-10-30 19:40:52,581 - vessel_data_pipeline - INFO - Discovered 4 XML files for download
2025-10-30 19:40:52,581 - vessel_data_pipeline - INFO - Downloading Arrived_in_last_36_hours.xml (attempt 1/3)
2025-10-30 19:40:52,643 - vessel_data_pipeline - INFO - File temp_Arrived_in_last_36_hours.xml passed validation checks
2025-10-30 19:40:52,643 - vessel_data_pipeline - INFO - Created backup: Arrived_in_last_36_hours_20251030_194052.xml
2025-10-30 19:40:52,644 - vessel_data_pipeline - INFO - Updated metadata for Arrived_in_last_36_hours.xml
2025-10-30 19:40:52,644 - vessel_data_pipeline - INFO - Successfully downloaded and validated Arrived_in_last_36_hours.xml
2025-10-30 19:40:54,649 - vessel_data_pipeline - INFO - Downloading Departed_in_last_36_hours.xml (attempt 1/3)
2025-10-30 19:40:54,736 - vessel_data_pipeline - INFO - File temp_Departed_in_last_36_hours.xml passed validation checks
2025-10-30 19:40:54,736 - vessel_data_pipeline - INFO - Created backup: Departed_in_last_36_hours_20251030_194054.xml
2025-10-30 19:40:54,736 - vessel_data_pipeline - INFO - Updated metadata for Departed_in_last_36_hours.xml
2025-10-30 19:40:54,736 - vessel_data_pipeline - INFO - Successfully downloaded and validated Departed_in_last_36_hours.xml
2025-10-30 19:40:56,742 - vessel_data_pipeline - INFO - Downloading Expected_arrivals.xml (attempt 1/3)
2025-10-30 19:40:56,868 - vessel_data_pipeline - INFO - File temp_Expected_arrivals.xml passed validation checks
2025-10-30 19:40:56,882 - vessel_data_pipeline - INFO - Created backup: Expected_arrivals_20251030_194056.xml
2025-10-30 19:40:56,883 - vessel_data_pipeline - INFO - Updated metadata for Expected_arrivals.xml
2025-10-30 19:40:56,883 - vessel_data_pipeline - INFO - Successfully downloaded and validated Expected_arrivals.xml
2025-10-30 19:40:58,888 - vessel_data_pipeline - INFO - Downloading Expected_departures.xml (attempt 1/3)
2025-10-30 19:40:58,953 - vessel_data_pipeline - INFO - File temp_Expected_departures.xml passed validation checks
2025-10-30 19:40:58,953 - vessel_data_pipeline - INFO - Created backup: Expected_departures_20251030_194058.xml
2025-10-30 19:40:58,953 - vessel_data_pipeline - INFO - Updated metadata for Expected_departures.xml
2025-10-30 19:40:58,953 - vessel_data_pipeline - INFO - Successfully downloaded and validated Expected_departures.xml
2025-10-30 19:41:00,956 - vessel_data_pipeline - INFO - Fetch operation completed. Results: {'Arrived_in_last_36_hours.xml': True, 'Departed_in_last_36_hours.xml': True, 'Expected_arrivals.xml': True, 'Expected_departures.xml': True}
2025-10-30 19:41:00,959 - vessel_data_pipeline - INFO - VesselDataFetcher initialized. Pipeline enabled: True
2025-10-30 19:41:00,960 - vessel_data_pipeline - INFO - Starting vessel data fetch operation
2025-10-30 19:41:00,960 - vessel_data_pipeline - INFO - Discovering XML files from Hong Kong Marine Department portal
2025-10-30 19:41:01,015 - vessel_data_pipeline - INFO - Verified access to Arrived_in_last_36_hours.xml
2025-10-30 19:41:01,229 - vessel_data_pipeline - INFO - Verified access to Departed_in_last_36_hours.xml
2025-10-30 19:41:01,270 - vessel_data_pipeline - INFO - Verified access to Expected_arrivals.xml
2025-10-30 19:41:01,301 - vessel_data_pipeline - INFO - Verified access to Expected_departures.xml
2025-10-30 19:41:01,301 - vessel_data_pipeline - INFO - Discovered 4 XML files for download
2025-10-30 19:41:01,301 - vessel_data_pipeline - INFO - Downloading Arrived_in_last_36_hours.xml (attempt 1/3)
2025-10-30 19:41:01,360 - vessel_data_pipeline - INFO - File temp_Arrived_in_last_36_hours.xml passed validation checks
2025-10-30 19:41:01,361 - vessel_data_pipeline - INFO - Created backup: Arrived_in_last_36_hours_20251030_194101.xml
2025-10-30 19:41:01,361 - vessel_data_pipeline - INFO - Updated metadata for Arrived_in_last_36_hours.xml
2025-10-30 19:41:01,361 - vessel_data_pipeline - INFO - Successfully downloaded and validated Arrived_in_last_36_hours.xml
2025-10-30 19:41:03,364 - vessel_data_pipeline - INFO - Downloading Departed_in_last_36_hours.xml (attempt 1/3)
2025-10-30 19:41:03,431 - vessel_data_pipeline - INFO - File temp_Departed_in_last_36_hours.xml passed validation checks
2025-10-30 19:41:03,432 - vessel_data_pipeline - INFO - Created backup: Departed_in_last_36_hours_20251030_194103.xml
2025-10-30 19:41:03,432 - vessel_data_pipeline - INFO - Updated metadata for Departed_in_last_36_hours.xml
2025-10-30 19:41:03,432 - vessel_data_pipeline - INFO - Successfully downloaded and validated Departed_in_last_36_hours.xml
2025-10-30 19:41:05,433 - vessel_data_pipeline - INFO - Downloading Expected_arrivals.xml (attempt 1/3)
2025-10-30 19:41:05,480 - vessel_data_pipeline - INFO - File temp_Expected_arrivals.xml passed validation checks
2025-10-30 19:41:05,481 - vessel_data_pipeline - INFO - Created backup: Expected_arrivals_20251030_194105.xml
2025-10-30 19:41:05,481 - vessel_data_pipeline - INFO - Updated metadata for Expected_arrivals.xml
2025-10-30 19:41:05,481 - vessel_data_pipeline - INFO - Successfully downloaded and validated Expected_arrivals.xml
2025-10-30 19:41:07,486 - vessel_data_pipeline - INFO - Downloading Expected_departures.xml (attempt 1/3)
2025-10-30 19:41:07,533 - vessel_data_pipeline - INFO - File temp_Expected_departures.xml passed validation checks
2025-10-30 19:41:07,534 - vessel_data_pipeline - INFO - Created backup: Expected_departures_20251030_194107.xml
2025-10-30 19:41:07,535 - vessel_data_pipeline - INFO - Updated metadata for Expected_departures.xml
2025-10-30 19:41:07,535 - vessel_data_pipeline - INFO - Successfully downloaded and validated Expected_departures.xml
2025-10-30 19:41:09,540 - vessel_data_pipeline - INFO - Fetch operation completed. Results: {'Arrived_in_last_36_hours.xml': True, 'Departed_in_last_36_hours.xml': True, 'Expected_arrivals.xml': True, 'Expected_departures.xml': True}
2025-10-30 19:41:09,551 - vessel_data_pipeline - INFO - VesselDataFetcher initialized. Pipeline enabled: True
2025-10-30 19:41:09,551 - vessel_data_pipeline - INFO - Starting vessel data fetch operation
2025-10-30 19:41:09,551 - vessel_data_pipeline - INFO - Discovering XML files from Hong Kong Marine Department portal
2025-10-30 19:41:09,630 - vessel_data_pipeline - INFO - Verified access to Arrived_in_last_36_hours.xml
2025-10-30 19:41:09,669 - vessel_data_pipeline - INFO - Verified access to Departed_in_last_36_hours.xml
2025-10-30 19:41:09,699 - vessel_data_pipeline - INFO - Verified access to Expected_arrivals.xml
2025-10-30 19:41:09,796 - vessel_data_pipeline - INFO - Verified access to Expected_departures.xml
2025-10-30 19:41:09,796 - vessel_data_pipeline - INFO - Discovered 4 XML files for download
2025-10-30 19:41:09,796 - vessel_data_pipeline - INFO - Downloading Arrived_in_last_36_hours.xml (attempt 1/3)
2025-10-30 19:41:09,851 - vessel_data_pipeline - INFO - File temp_Arrived_in_last_36_hours.xml passed validation checks
2025-10-30 19:41:09,852 - vessel_data_pipeline - INFO - Created backup: Arrived_in_last_36_hours_20251030_194109.xml
2025-10-30 19:41:09,852 - vessel_data_pipeline - INFO - Updated metadata for Arrived_in_last_36_hours.xml
2025-10-30 19:41:09,852 - vessel_data_pipeline - INFO - Successfully downloaded and validated Arrived_in_last_36_hours.xml
2025-10-30 19:41:11,857 - vessel_data_pipeline - INFO - Downloading Departed_in_last_36_hours.xml (attempt 1/3)
2025-10-30 19:41:11,958 - vessel_data_pipeline - INFO - File temp_Departed_in_last_36_hours.xml passed validation checks
2025-10-30 19:41:11,968 - vessel_data_pipeline - INFO - Created backup: Departed_in_last_36_hours_20251030_194111.xml
2025-10-30 19:41:11,972 - vessel_data_pipeline - INFO - Updated metadata for Departed_in_last_36_hours.xml
2025-10-30 19:41:11,972 - vessel_data_pipeline - INFO - Successfully downloaded and validated Departed_in_last_36_hours.xml
2025-10-30 19:41:13,975 - vessel_data_pipeline - INFO - Downloading Expected_arrivals.xml (attempt 1/3)
2025-10-30 19:41:14,042 - vessel_data_pipeline - INFO - File temp_Expected_arrivals.xml passed validation checks
2025-10-30 19:41:14,042 - vessel_data_pipeline - INFO - Created backup: Expected_arrivals_20251030_194114.xml
2025-10-30 19:41:14,042 - vessel_data_pipeline - INFO - Updated metadata for Expected_arrivals.xml
2025-10-30 19:41:14,042 - vessel_data_pipeline - INFO - Successfully downloaded and validated Expected_arrivals.xml
2025-10-30 19:41:16,045 - vessel_data_pipeline - INFO - Downloading Expected_departures.xml (attempt 1/3)
2025-10-30 19:41:16,142 - vessel_data_pipeline - INFO - File temp_Expected_departures.xml passed validation checks
2025-10-30 19:41:16,143 - vessel_data_pipeline - INFO - Created backup: Expected_departures_20251030_194116.xml
2025-10-30 19:41:16,143 - vessel_data_pipeline - INFO - Updated metadata for Expected_departures.xml
2025-10-30 19:41:16,144 - vessel_data_pipeline - INFO - Successfully downloaded and validated Expected_departures.xml
2025-10-30 19:41:18,146 - vessel_data_pipeline - INFO - Fetch operation completed. Results: {'Arrived_in_last_36_hours.xml': True, 'Departed_in_last_36_hours.xml': True, 'Expected_arrivals.xml': True, 'Expected_departures.xml': True}
2025-10-30 19:41:18,151 - vessel_data_pipeline - INFO - VesselDataFetcher initialized. Pipeline enabled: True
2025-10-30 19:41:18,151 - vessel_data_pipeline - INFO - Starting vessel data fetch operation
2025-10-30 19:41:18,151 - vessel_data_pipeline - INFO - Discovering XML files from Hong Kong Marine Department portal
2025-10-30 19:41:18,262 - vessel_data_pipeline - INFO - Verified access to Arrived_in_last_36_hours.xml
2025-10-30 19:41:18,418 - vessel_data_pipeline - INFO - Verified access to Departed_in_last_36_hours.xml
2025-10-30 19:41:18,453 - vessel_data_pipeline - INFO - Verified access to Expected_arrivals.xml
2025-10-30 19:41:18,609 - vessel_data_pipeline - INFO - Verified access to Expected_departures.xml
2025-10-30 19:41:18,609 - vessel_data_pipeline - INFO - Discovered 4 XML files for download
2025-10-30 19:41:18,609 - vessel_data_pipeline - INFO - Downloading Arrived_in_last_36_hours.xml (attempt 1/3)
2025-10-30 19:41:18,654 - vessel_data_pipeline - INFO - File temp_Arrived_in_last_36_hours.xml passed validation checks
2025-10-30 19:41:18,654 - vessel_data_pipeline - INFO - Created backup: Arrived_in_last_36_hours_20251030_194118.xml
2025-10-30 19:41:18,654 - vessel_data_pipeline - INFO - Updated metadata for Arrived_in_last_36_hours.xml
2025-10-30 19:41:18,654 - vessel_data_pipeline - INFO - Successfully downloaded and validated Arrived_in_last_36_hours.xml
2025-10-30 19:41:20,659 - vessel_data_pipeline - INFO - Downloading Departed_in_last_36_hours.xml (attempt 1/3)
2025-10-30 19:41:20,732 - vessel_data_pipeline - INFO - File temp_Departed_in_last_36_hours.xml passed validation checks
2025-10-30 19:41:20,732 - vessel_data_pipeline - INFO - Created backup: Departed_in_last_36_hours_20251030_194120.xml
2025-10-30 19:41:20,733 - vessel_data_pipeline - INFO - Updated metadata for Departed_in_last_36_hours.xml
2025-10-30 19:41:20,733 - vessel_data_pipeline - INFO - Successfully downloaded and validated Departed_in_last_36_hours.xml
2025-10-30 19:41:22,738 - vessel_data_pipeline - INFO - Downloading Expected_arrivals.xml (attempt 1/3)
2025-10-30 19:41:22,778 - vessel_data_pipeline - INFO - File temp_Expected_arrivals.xml passed validation checks
2025-10-30 19:41:22,778 - vessel_data_pipeline - INFO - Created backup: Expected_arrivals_20251030_194122.xml
2025-10-30 19:41:22,778 - vessel_data_pipeline - INFO - Updated metadata for Expected_arrivals.xml
2025-10-30 19:41:22,778 - vessel_data_pipeline - INFO - Successfully downloaded and validated Expected_arrivals.xml
2025-10-30 19:41:24,783 - vessel_data_pipeline - INFO - Downloading Expected_departures.xml (attempt 1/3)
2025-10-30 19:41:24,859 - vessel_data_pipeline - INFO - File temp_Expected_departures.xml passed validation checks
2025-10-30 19:41:24,859 - vessel_data_pipeline - INFO - Created backup: Expected_departures_20251030_194124.xml
2025-10-30 19:41:24,860 - vessel_data_pipeline - INFO - Updated metadata for Expected_departures.xml
2025-10-30 19:41:24,860 - vessel_data_pipeline - INFO - Successfully downloaded and validated Expected_departures.xml
2025-10-30 19:41:26,865 - vessel_data_pipeline - INFO - Fetch operation completed. Results: {'Arrived_in_last_36_hours.xml': True, 'Departed_in_last_36_hours.xml': True, 'Expected_arrivals.xml': True, 'Expected_departures.xml': True}
2025-10-30 19:42:02,910 - vessel_data_pipeline - INFO - VesselDataFetcher initialized. Pipeline enabled: True
2025-10-30 19:42:02,916 - vessel_data_pipeline - INFO - Starting vessel data fetch operation
2025-10-30 19:42:02,916 - vessel_data_pipeline - INFO - Discovering XML files from Hong Kong Marine Department portal
2025-10-30 19:42:03,001 - vessel_data_pipeline - INFO - Verified access to Arrived_in_last_36_hours.xml
2025-10-30 19:42:03,033 - vessel_data_pipeline - INFO - Verified access to Departed_in_last_36_hours.xml
2025-10-30 19:42:03,075 - vessel_data_pipeline - INFO - Verified access to Expected_arrivals.xml
2025-10-30 19:42:03,109 - vessel_data_pipeline - INFO - Verified access to Expected_departures.xml
2025-10-30 19:42:03,109 - vessel_data_pipeline - INFO - Discovered 4 XML files for download
2025-10-30 19:42:03,110 - vessel_data_pipeline - INFO - Downloading Arrived_in_last_36_hours.xml (attempt 1/3)
2025-10-30 19:42:03,184 - vessel_data_pipeline - INFO - File temp_Arrived_in_last_36_hours.xml passed validation checks
2025-10-30 19:42:03,185 - vessel_data_pipeline - INFO - Created backup: Arrived_in_last_36_hours_20251030_194203.xml
2025-10-30 19:42:03,186 - vessel_data_pipeline - INFO - Updated metadata for Arrived_in_last_36_hours.xml
2025-10-30 19:42:03,186 - vessel_data_pipeline - INFO - Successfully downloaded and validated Arrived_in_last_36_hours.xml
2025-10-30 19:42:05,190 - vessel_data_pipeline - INFO - Downloading Departed_in_last_36_hours.xml (attempt 1/3)
2025-10-30 19:42:05,264 - vessel_data_pipeline - INFO - File temp_Departed_in_last_36_hours.xml passed validation checks
2025-10-30 19:42:05,265 - vessel_data_pipeline - INFO - Created backup: Departed_in_last_36_hours_20251030_194205.xml
2025-10-30 19:42:05,265 - vessel_data_pipeline - INFO - Updated metadata for Departed_in_last_36_hours.xml
2025-10-30 19:42:05,265 - vessel_data_pipeline - INFO - Successfully downloaded and validated Departed_in_last_36_hours.xml
2025-10-30 19:42:07,266 - vessel_data_pipeline - INFO - Downloading Expected_arrivals.xml (attempt 1/3)
2025-10-30 19:42:07,313 - vessel_data_pipeline - INFO - File temp_Expected_arrivals.xml passed validation checks
2025-10-30 19:42:07,314 - vessel_data_pipeline - INFO - Created backup: Expected_arrivals_20251030_194207.xml
2025-10-30 19:42:07,314 - vessel_data_pipeline - INFO - Updated metadata for Expected_arrivals.xml
2025-10-30 19:42:07,314 - vessel_data_pipeline - INFO - Successfully downloaded and validated Expected_arrivals.xml
2025-10-30 19:42:09,319 - vessel_data_pipeline - INFO - Downloading Expected_departures.xml (attempt 1/3)
2025-10-30 19:42:09,371 - vessel_data_pipeline - INFO - File temp_Expected_departures.xml passed validation checks
2025-10-30 19:42:09,372 - vessel_data_pipeline - INFO - Created backup: Expected_departures_20251030_194209.xml
2025-10-30 19:42:09,372 - vessel_data_pipeline - INFO - Updated metadata for Expected_departures.xml
2025-10-30 19:42:09,372 - vessel_data_pipeline - INFO - Successfully downloaded and validated Expected_departures.xml
2025-10-30 19:42:11,373 - vessel_data_pipeline - INFO - Fetch operation completed. Results: {'Arrived_in_last_36_hours.xml': True, 'Departed_in_last_36_hours.xml': True, 'Expected_arrivals.xml': True, 'Expected_departures.xml': True}
2025-10-30 19:42:11,646 - vessel_data_pipeline - INFO - VesselDataFetcher initialized. Pipeline enabled: True
2025-10-30 19:42:11,647 - vessel_data_pipeline - INFO - Starting vessel data fetch operation
2025-10-30 19:42:11,647 - vessel_data_pipeline - INFO - Discovering XML files from Hong Kong Marine Department portal
2025-10-30 19:42:11,702 - vessel_data_pipeline - INFO - Verified access to Arrived_in_last_36_hours.xml
2025-10-30 19:42:11,778 - vessel_data_pipeline - INFO - Verified access to Departed_in_last_36_hours.xml
2025-10-30 19:42:11,814 - vessel_data_pipeline - INFO - Verified access to Expected_arrivals.xml
2025-10-30 19:42:11,864 - vessel_data_pipeline - INFO - Verified access to Expected_departures.xml
2025-10-30 19:42:11,864 - vessel_data_pipeline - INFO - Discovered 4 XML files for download
2025-10-30 19:42:11,864 - vessel_data_pipeline - INFO - Downloading Arrived_in_last_36_hours.xml (attempt 1/3)
2025-10-30 19:42:11,934 - vessel_data_pipeline - INFO - File temp_Arrived_in_last_36_hours.xml passed validation checks
2025-10-30 19:42:11,945 - vessel_data_pipeline - INFO - Created backup: Arrived_in_last_36_hours_20251030_194211.xml
2025-10-30 19:42:11,950 - vessel_data_pipeline - INFO - Updated metadata for Arrived_in_last_36_hours.xml
2025-10-30 19:42:11,950 - vessel_data_pipeline - INFO - Successfully downloaded and validated Arrived_in_last_36_hours.xml
2025-10-30 19:42:13,955 - vessel_data_pipeline - INFO - Downloading Departed_in_last_36_hours.xml (attempt 1/3)
2025-10-30 19:42:14,257 - vessel_data_pipeline - INFO - File temp_Departed_in_last_36_hours.xml passed validation checks
2025-10-30 19:42:14,258 - vessel_data_pipeline - INFO - Created backup: Departed_in_last_36_hours_20251030_194214.xml
2025-10-30 19:42:14,258 - vessel_data_pipeline - INFO - Updated metadata for Departed_in_last_36_hours.xml
2025-10-30 19:42:14,258 - vessel_data_pipeline - INFO - Successfully downloaded and validated Departed_in_last_36_hours.xml
2025-10-30 19:42:16,263 - vessel_data_pipeline - INFO - Downloading Expected_arrivals.xml (attempt 1/3)
2025-10-30 19:42:16,332 - vessel_data_pipeline - INFO - File temp_Expected_arrivals.xml passed validation checks
2025-10-30 19:42:16,332 - vessel_data_pipeline - INFO - Created backup: Expected_arrivals_20251030_194216.xml
2025-10-30 19:42:16,332 - vessel_data_pipeline - INFO - Updated metadata for Expected_arrivals.xml
2025-10-30 19:42:16,332 - vessel_data_pipeline - INFO - Successfully downloaded and validated Expected_arrivals.xml
2025-10-30 19:42:18,333 - vessel_data_pipeline - INFO - Downloading Expected_departures.xml (attempt 1/3)
2025-10-30 19:42:18,504 - vessel_data_pipeline - INFO - File temp_Expected_departures.xml passed validation checks
2025-10-30 19:42:18,505 - vessel_data_pipeline - INFO - Created backup: Expected_departures_20251030_194218.xml
2025-10-30 19:42:18,505 - vessel_data_pipeline - INFO - Updated metadata for Expected_departures.xml
2025-10-30 19:42:18,505 - vessel_data_pipeline - INFO - Successfully downloaded and validated Expected_departures.xml
2025-10-30 19:42:20,510 - vessel_data_pipeline - INFO - Fetch operation completed. Results: {'Arrived_in_last_36_hours.xml': True, 'Departed_in_last_36_hours.xml': True, 'Expected_arrivals.xml': True, 'Expected_departures.xml': True}
2025-10-30 19:42:20,519 - vessel_data_pipeline - INFO - VesselDataFetcher initialized. Pipeline enabled: True
2025-10-30 19:42:20,520 - vessel_data_pipeline - INFO - Starting vessel data fetch operation
2025-10-30 19:42:20,522 - vessel_data_pipeline - INFO - Discovering XML files from Hong Kong Marine Department portal
2025-10-30 19:42:20,628 - vessel_data_pipeline - INFO - Verified access to Arrived_in_last_36_hours.xml
2025-10-30 19:42:20,666 - vessel_data_pipeline - INFO - Verified access to Departed_in_last_36_hours.xml
2025-10-30 19:42:20,737 - vessel_data_pipeline - INFO - Verified access to Expected_arrivals.xml
2025-10-30 19:42:20,780 - vessel_data_pipeline - INFO - Verified access to Expected_departures.xml
2025-10-30 19:42:20,780 - vessel_data_pipeline - INFO - Discovered 4 XML files for download
2025-10-30 19:42:20,780 - vessel_data_pipeline - INFO - Downloading Arrived_in_last_36_hours.xml (attempt 1/3)
2025-10-30 19:42:20,835 - vessel_data_pipeline - INFO - File temp_Arrived_in_last_36_hours.xml passed validation checks
2025-10-30 19:42:20,845 - vessel_data_pipeline - INFO - Created backup: Arrived_in_last_36_hours_20251030_194220.xml
2025-10-30 19:42:20,850 - vessel_data_pipeline - INFO - Updated metadata for Arrived_in_last_36_hours.xml
2025-10-30 19:42:20,851 - vessel_data_pipeline - INFO - Successfully downloaded and validated Arrived_in_last_36_hours.xml
2025-10-30 19:42:22,853 - vessel_data_pipeline - INFO - Downloading Departed_in_last_36_hours.xml (attempt 1/3)
2025-10-30 19:42:22,938 - vessel_data_pipeline - INFO - File temp_Departed_in_last_36_hours.xml passed validation checks
2025-10-30 19:42:22,939 - vessel_data_pipeline - INFO - Created backup: Departed_in_last_36_hours_20251030_194222.xml
2025-10-30 19:42:22,939 - vessel_data_pipeline - INFO - Updated metadata for Departed_in_last_36_hours.xml
2025-10-30 19:42:22,939 - vessel_data_pipeline - INFO - Successfully downloaded and validated Departed_in_last_36_hours.xml
2025-10-30 19:42:24,941 - vessel_data_pipeline - INFO - Downloading Expected_arrivals.xml (attempt 1/3)
2025-10-30 19:42:25,000 - vessel_data_pipeline - INFO - File temp_Expected_arrivals.xml passed validation checks
2025-10-30 19:42:25,001 - vessel_data_pipeline - INFO - Created backup: Expected_arrivals_20251030_194225.xml
2025-10-30 19:42:25,001 - vessel_data_pipeline - INFO - Updated metadata for Expected_arrivals.xml
2025-10-30 19:42:25,001 - vessel_data_pipeline - INFO - Successfully downloaded and validated Expected_arrivals.xml
2025-10-30 19:42:27,006 - vessel_data_pipeline - INFO - Downloading Expected_departures.xml (attempt 1/3)
2025-10-30 19:42:27,055 - vessel_data_pipeline - INFO - File temp_Expected_departures.xml passed validation checks
2025-10-30 19:42:27,056 - vessel_data_pipeline - INFO - Created backup: Expected_departures_20251030_194227.xml
2025-10-30 19:42:27,056 - vessel_data_pipeline - INFO - Updated metadata for Expected_departures.xml
2025-10-30 19:42:27,056 - vessel_data_pipeline - INFO - Successfully downloaded and validated Expected_departures.xml
2025-10-30 19:42:29,059 - vessel_data_pipeline - INFO - Fetch operation completed. Results: {'Arrived_in_last_36_hours.xml': True, 'Departed_in_last_36_hours.xml': True, 'Expected_arrivals.xml': True, 'Expected_departures.xml': True}
2025-10-30 19:42:32,053 - vessel_data_pipeline - INFO - VesselDataFetcher initialized. Pipeline enabled: True
2025-10-30 19:42:32,053 - vessel_data_pipeline - INFO - Starting vessel data fetch operation
2025-10-30 19:42:32,053 - vessel_data_pipeline - INFO - Discovering XML files from Hong Kong Marine Department portal
2025-10-30 19:42:32,117 - vessel_data_pipeline - INFO - Verified access to Arrived_in_last_36_hours.xml
2025-10-30 19:42:32,149 - vessel_data_pipeline - INFO - Verified access to Departed_in_last_36_hours.xml
2025-10-30 19:42:32,192 - vessel_data_pipeline - INFO - Verified access to Expected_arrivals.xml
2025-10-30 19:42:32,227 - vessel_data_pipeline - INFO - Verified access to Expected_departures.xml
2025-10-30 19:42:32,227 - vessel_data_pipeline - INFO - Discovered 4 XML files for download
2025-10-30 19:42:32,227 - vessel_data_pipeline - INFO - Downloading Arrived_in_last_36_hours.xml (attempt 1/3)
2025-10-30 19:42:32,284 - vessel_data_pipeline - INFO - File temp_Arrived_in_last_36_hours.xml passed validation checks
2025-10-30 19:42:32,284 - vessel_data_pipeline - INFO - Created backup: Arrived_in_last_36_hours_20251030_194232.xml
2025-10-30 19:42:32,285 - vessel_data_pipeline - INFO - Updated metadata for Arrived_in_last_36_hours.xml
2025-10-30 19:42:32,285 - vessel_data_pipeline - INFO - Successfully downloaded and validated Arrived_in_last_36_hours.xml
2025-10-30 19:42:34,290 - vessel_data_pipeline - INFO - Downloading Departed_in_last_36_hours.xml (attempt 1/3)
2025-10-30 19:42:34,352 - vessel_data_pipeline - INFO - File temp_Departed_in_last_36_hours.xml passed validation checks
2025-10-30 19:42:34,353 - vessel_data_pipeline - INFO - Created backup: Departed_in_last_36_hours_20251030_194234.xml
2025-10-30 19:42:34,353 - vessel_data_pipeline - INFO - Updated metadata for Departed_in_last_36_hours.xml
2025-10-30 19:42:34,353 - vessel_data_pipeline - INFO - Successfully downloaded and validated Departed_in_last_36_hours.xml
2025-10-30 19:42:36,358 - vessel_data_pipeline - INFO - Downloading Expected_arrivals.xml (attempt 1/3)
2025-10-30 19:42:36,421 - vessel_data_pipeline - INFO - File temp_Expected_arrivals.xml passed validation checks
2025-10-30 19:42:36,432 - vessel_data_pipeline - INFO - Created backup: Expected_arrivals_20251030_194236.xml
2025-10-30 19:42:36,440 - vessel_data_pipeline - INFO - Updated metadata for Expected_arrivals.xml
2025-10-30 19:42:36,440 - vessel_data_pipeline - INFO - Successfully downloaded and validated Expected_arrivals.xml
2025-10-30 19:42:38,446 - vessel_data_pipeline - INFO - Downloading Expected_departures.xml (attempt 1/3)
2025-10-30 19:42:38,504 - vessel_data_pipeline - INFO - File temp_Expected_departures.xml passed validation checks
2025-10-30 19:42:38,505 - vessel_data_pipeline - INFO - Created backup: Expected_departures_20251030_194238.xml
2025-10-30 19:42:38,505 - vessel_data_pipeline - INFO - Updated metadata for Expected_departures.xml
2025-10-30 19:42:38,505 - vessel_data_pipeline - INFO - Successfully downloaded and validated Expected_departures.xml
2025-10-30 19:42:40,510 - vessel_data_pipeline - INFO - Fetch operation completed. Results: {'Arrived_in_last_36_hours.xml': True, 'Departed_in_last_36_hours.xml': True, 'Expected_arrivals.xml': True, 'Expected_departures.xml': True}
2025-10-30 19:42:40,514 - vessel_data_pipeline - INFO - VesselDataFetcher initialized. Pipeline enabled: True
2025-10-30 19:42:40,514 - vessel_data_pipeline - INFO - Starting vessel data fetch operation
2025-10-30 19:42:40,514 - vessel_data_pipeline - INFO - Discovering XML files from Hong Kong Marine Department portal
2025-10-30 19:42:40,860 - vessel_data_pipeline - INFO - Verified access to Arrived_in_last_36_hours.xml
2025-10-30 19:42:40,912 - vessel_data_pipeline - INFO - Verified access to Departed_in_last_36_hours.xml
2025-10-30 19:42:40,947 - vessel_data_pipeline - INFO - Verified access to Expected_arrivals.xml
2025-10-30 19:42:41,036 - vessel_data_pipeline - INFO - Verified access to Expected_departures.xml
2025-10-30 19:42:41,036 - vessel_data_pipeline - INFO - Discovered 4 XML files for download
2025-10-30 19:42:41,036 - vessel_data_pipeline - INFO - Downloading Arrived_in_last_36_hours.xml (attempt 1/3)
2025-10-30 19:42:41,388 - vessel_data_pipeline - INFO - File temp_Arrived_in_last_36_hours.xml passed validation checks
2025-10-30 19:42:41,389 - vessel_data_pipeline - INFO - Created backup: Arrived_in_last_36_hours_20251030_194241.xml
2025-10-30 19:42:41,389 - vessel_data_pipeline - INFO - Updated metadata for Arrived_in_last_36_hours.xml
2025-10-30 19:42:41,389 - vessel_data_pipeline - INFO - Successfully downloaded and validated Arrived_in_last_36_hours.xml
2025-10-30 19:42:43,392 - vessel_data_pipeline - INFO - Downloading Departed_in_last_36_hours.xml (attempt 1/3)
2025-10-30 19:42:43,683 - vessel_data_pipeline - INFO - File temp_Departed_in_last_36_hours.xml passed validation checks
2025-10-30 19:42:43,683 - vessel_data_pipeline - INFO - Created backup: Departed_in_last_36_hours_20251030_194243.xml
2025-10-30 19:42:43,683 - vessel_data_pipeline - INFO - Updated metadata for Departed_in_last_36_hours.xml
2025-10-30 19:42:43,683 - vessel_data_pipeline - INFO - Successfully downloaded and validated Departed_in_last_36_hours.xml
2025-10-30 19:42:45,684 - vessel_data_pipeline - INFO - Downloading Expected_arrivals.xml (attempt 1/3)
2025-10-30 19:42:45,852 - vessel_data_pipeline - INFO - File temp_Expected_arrivals.xml passed validation checks
2025-10-30 19:42:45,852 - vessel_data_pipeline - INFO - Created backup: Expected_arrivals_20251030_194245.xml
2025-10-30 19:42:45,853 - vessel_data_pipeline - INFO - Updated metadata for Expected_arrivals.xml
2025-10-30 19:42:45,853 - vessel_data_pipeline - INFO - Successfully downloaded and validated Expected_arrivals.xml
2025-10-30 19:42:47,853 - vessel_data_pipeline - INFO - Downloading Expected_departures.xml (attempt 1/3)
2025-10-30 19:42:47,941 - vessel_data_pipeline - INFO - File temp_Expected_departures.xml passed validation checks
2025-10-30 19:42:47,942 - vessel_data_pipeline - INFO - Created backup: Expected_departures_20251030_194247.xml
2025-10-30 19:42:47,942 - vessel_data_pipeline - INFO - Updated metadata for Expected_departures.xml
2025-10-30 19:42:47,942 - vessel_data_pipeline - INFO - Successfully downloaded and validated Expected_departures.xml
2025-10-30 19:42:49,943 - vessel_data_pipeline - INFO - Fetch operation completed. Results: {'Arrived_in_last_36_hours.xml': True, 'Departed_in_last_36_hours.xml': True, 'Expected_arrivals.xml': True, 'Expected_departures.xml': True}
2025-10-30 19:42:49,954 - vessel_data_pipeline - INFO - VesselDataFetcher initialized. Pipeline enabled: True
2025-10-30 19:42:49,955 - vessel_data_pipeline - INFO - Starting vessel data fetch operation
2025-10-30 19:42:49,955 - vessel_data_pipeline - INFO - Discovering XML files from Hong Kong Marine Department portal
2025-10-30 19:42:50,017 - vessel_data_pipeline - INFO - Verified access to Arrived_in_last_36_hours.xml
2025-10-30 19:42:50,059 - vessel_data_pipeline - INFO - Verified access to Departed_in_last_36_hours.xml
2025-10-30 19:42:50,096 - vessel_data_pipeline - INFO - Verified access to Expected_arrivals.xml
2025-10-30 19:42:50,134 - vessel_data_pipeline - INFO - Verified access to Expected_departures.xml
2025-10-30 19:42:50,134 - vessel_data_pipeline - INFO - Discovered 4 XML files for download
2025-10-30 19:42:50,134 - vessel_data_pipeline - INFO - Downloading Arrived_in_last_36_hours.xml (attempt 1/3)
2025-10-30 19:42:50,180 - vessel_data_pipeline - INFO - File temp_Arrived_in_last_36_hours.xml passed validation checks
2025-10-30 19:42:50,180 - vessel_data_pipeline - INFO - Created backup: Arrived_in_last_36_hours_20251030_194250.xml
2025-10-30 19:42:50,180 - vessel_data_pipeline - INFO - Updated metadata for Arrived_in_last_36_hours.xml
2025-10-30 19:42:50,180 - vessel_data_pipeline - INFO - Successfully downloaded and validated Arrived_in_last_36_hours.xml
2025-10-30 19:42:52,187 - vessel_data_pipeline - INFO - Downloading Departed_in_last_36_hours.xml (attempt 1/3)
2025-10-30 19:42:52,294 - vessel_data_pipeline - INFO - File temp_Departed_in_last_36_hours.xml passed validation checks
2025-10-30 19:42:52,294 - vessel_data_pipeline - INFO - Created backup: Departed_in_last_36_hours_20251030_194252.xml
2025-10-30 19:42:52,294 - vessel_data_pipeline - INFO - Updated metadata for Departed_in_last_36_hours.xml
2025-10-30 19:42:52,295 - vessel_data_pipeline - INFO - Successfully downloaded and validated Departed_in_last_36_hours.xml
2025-10-30 19:42:54,297 - vessel_data_pipeline - INFO - Downloading Expected_arrivals.xml (attempt 1/3)
2025-10-30 19:42:54,560 - vessel_data_pipeline - INFO - File temp_Expected_arrivals.xml passed validation checks
2025-10-30 19:42:54,560 - vessel_data_pipeline - INFO - Created backup: Expected_arrivals_20251030_194254.xml
2025-10-30 19:42:54,560 - vessel_data_pipeline - INFO - Updated metadata for Expected_arrivals.xml
2025-10-30 19:42:54,560 - vessel_data_pipeline - INFO - Successfully downloaded and validated Expected_arrivals.xml
2025-10-30 19:42:56,566 - vessel_data_pipeline - INFO - Downloading Expected_departures.xml (attempt 1/3)
2025-10-30 19:42:56,680 - vessel_data_pipeline - INFO - File temp_Expected_departures.xml passed validation checks
2025-10-30 19:42:56,680 - vessel_data_pipeline - INFO - Created backup: Expected_departures_20251030_194256.xml
2025-10-30 19:42:56,681 - vessel_data_pipeline - INFO - Updated metadata for Expected_departures.xml
2025-10-30 19:42:56,681 - vessel_data_pipeline - INFO - Successfully downloaded and validated Expected_departures.xml
2025-10-30 19:42:58,683 - vessel_data_pipeline - INFO - Fetch operation completed. Results: {'Arrived_in_last_36_hours.xml': True, 'Departed_in_last_36_hours.xml': True, 'Expected_arrivals.xml': True, 'Expected_departures.xml': True}
2025-10-30 19:42:58,686 - vessel_data_pipeline - INFO - VesselDataFetcher initialized. Pipeline enabled: True
2025-10-30 19:42:58,686 - vessel_data_pipeline - INFO - Starting vessel data fetch operation
2025-10-30 19:42:58,687 - vessel_data_pipeline - INFO - Discovering XML files from Hong Kong Marine Department portal
2025-10-30 19:42:59,003 - vessel_data_pipeline - INFO - Verified access to Arrived_in_last_36_hours.xml
2025-10-30 19:42:59,041 - vessel_data_pipeline - INFO - Verified access to Departed_in_last_36_hours.xml
2025-10-30 19:42:59,102 - vessel_data_pipeline - INFO - Verified access to Expected_arrivals.xml
2025-10-30 19:42:59,145 - vessel_data_pipeline - INFO - Verified access to Expected_departures.xml
2025-10-30 19:42:59,145 - vessel_data_pipeline - INFO - Discovered 4 XML files for download
2025-10-30 19:42:59,145 - vessel_data_pipeline - INFO - Downloading Arrived_in_last_36_hours.xml (attempt 1/3)
2025-10-30 19:42:59,273 - vessel_data_pipeline - INFO - File temp_Arrived_in_last_36_hours.xml passed validation checks
2025-10-30 19:42:59,274 - vessel_data_pipeline - INFO - Created backup: Arrived_in_last_36_hours_20251030_194259.xml
2025-10-30 19:42:59,275 - vessel_data_pipeline - INFO - Updated metadata for Arrived_in_last_36_hours.xml
2025-10-30 19:42:59,275 - vessel_data_pipeline - INFO - Successfully downloaded and validated Arrived_in_last_36_hours.xml
2025-10-30 19:43:01,280 - vessel_data_pipeline - INFO - Downloading Departed_in_last_36_hours.xml (attempt 1/3)
2025-10-30 19:43:01,402 - vessel_data_pipeline - INFO - File temp_Departed_in_last_36_hours.xml passed validation checks
2025-10-30 19:43:01,402 - vessel_data_pipeline - INFO - Created backup: Departed_in_last_36_hours_20251030_194301.xml
2025-10-30 19:43:01,403 - vessel_data_pipeline - INFO - Updated metadata for Departed_in_last_36_hours.xml
2025-10-30 19:43:01,403 - vessel_data_pipeline - INFO - Successfully downloaded and validated Departed_in_last_36_hours.xml
2025-10-30 19:43:03,408 - vessel_data_pipeline - INFO - Downloading Expected_arrivals.xml (attempt 1/3)
2025-10-30 19:43:03,502 - vessel_data_pipeline - INFO - File temp_Expected_arrivals.xml passed validation checks
2025-10-30 19:43:03,502 - vessel_data_pipeline - INFO - Created backup: Expected_arrivals_20251030_194303.xml
2025-10-30 19:43:03,502 - vessel_data_pipeline - INFO - Updated metadata for Expected_arrivals.xml
2025-10-30 19:43:03,502 - vessel_data_pipeline - INFO - Successfully downloaded and validated Expected_arrivals.xml
2025-10-30 19:43:05,508 - vessel_data_pipeline - INFO - Downloading Expected_departures.xml (attempt 1/3)
2025-10-30 19:43:05,552 - vessel_data_pipeline - INFO - File temp_Expected_departures.xml passed validation checks
2025-10-30 19:43:05,552 - vessel_data_pipeline - INFO - Created backup: Expected_departures_20251030_194305.xml
2025-10-30 19:43:05,552 - vessel_data_pipeline - INFO - Updated metadata for Expected_departures.xml
2025-10-30 19:43:05,552 - vessel_data_pipeline - INFO - Successfully downloaded and validated Expected_departures.xml
2025-10-30 19:43:07,562 - vessel_data_pipeline - INFO - Fetch operation completed. Results: {'Arrived_in_last_36_hours.xml': True, 'Departed_in_last_36_hours.xml': True, 'Expected_arrivals.xml': True, 'Expected_departures.xml': True}
2025-10-30 19:43:49,169 - vessel_data_pipeline - INFO - VesselDataFetcher initialized. Pipeline enabled: True
2025-10-30 19:43:49,170 - vessel_data_pipeline - INFO - Starting vessel data fetch operation
2025-10-30 19:43:49,170 - vessel_data_pipeline - INFO - Discovering XML files from Hong Kong Marine Department portal
2025-10-30 19:43:49,404 - vessel_data_pipeline - INFO - Verified access to Arrived_in_last_36_hours.xml
2025-10-30 19:43:49,692 - vessel_data_pipeline - INFO - Verified access to Departed_in_last_36_hours.xml
2025-10-30 19:43:49,917 - vessel_data_pipeline - INFO - Verified access to Expected_arrivals.xml
2025-10-30 19:43:50,101 - vessel_data_pipeline - INFO - Verified access to Expected_departures.xml
2025-10-30 19:43:50,101 - vessel_data_pipeline - INFO - Discovered 4 XML files for download
2025-10-30 19:43:50,101 - vessel_data_pipeline - INFO - Downloading Arrived_in_last_36_hours.xml (attempt 1/3)
2025-10-30 19:43:50,170 - vessel_data_pipeline - INFO - File temp_Arrived_in_last_36_hours.xml passed validation checks
2025-10-30 19:43:50,171 - vessel_data_pipeline - INFO - Created backup: Arrived_in_last_36_hours_20251030_194350.xml
2025-10-30 19:43:50,172 - vessel_data_pipeline - INFO - Updated metadata for Arrived_in_last_36_hours.xml
2025-10-30 19:43:50,172 - vessel_data_pipeline - INFO - Successfully downloaded and validated Arrived_in_last_36_hours.xml
2025-10-30 19:43:52,173 - vessel_data_pipeline - INFO - Downloading Departed_in_last_36_hours.xml (attempt 1/3)
2025-10-30 19:43:52,297 - vessel_data_pipeline - INFO - File temp_Departed_in_last_36_hours.xml passed validation checks
2025-10-30 19:43:52,298 - vessel_data_pipeline - INFO - Created backup: Departed_in_last_36_hours_20251030_194352.xml
2025-10-30 19:43:52,298 - vessel_data_pipeline - INFO - Updated metadata for Departed_in_last_36_hours.xml
2025-10-30 19:43:52,298 - vessel_data_pipeline - INFO - Successfully downloaded and validated Departed_in_last_36_hours.xml
2025-10-30 19:43:54,304 - vessel_data_pipeline - INFO - Downloading Expected_arrivals.xml (attempt 1/3)
2025-10-30 19:43:54,361 - vessel_data_pipeline - INFO - File temp_Expected_arrivals.xml passed validation checks
2025-10-30 19:43:54,362 - vessel_data_pipeline - INFO - Created backup: Expected_arrivals_20251030_194354.xml
2025-10-30 19:43:54,362 - vessel_data_pipeline - INFO - Updated metadata for Expected_arrivals.xml
2025-10-30 19:43:54,362 - vessel_data_pipeline - INFO - Successfully downloaded and validated Expected_arrivals.xml
2025-10-30 19:43:56,364 - vessel_data_pipeline - INFO - Downloading Expected_departures.xml (attempt 1/3)
2025-10-30 19:43:56,480 - vessel_data_pipeline - INFO - File temp_Expected_departures.xml passed validation checks
2025-10-30 19:43:56,481 - vessel_data_pipeline - INFO - Created backup: Expected_departures_20251030_194356.xml
2025-10-30 19:43:56,481 - vessel_data_pipeline - INFO - Updated metadata for Expected_departures.xml
2025-10-30 19:43:56,481 - vessel_data_pipeline - INFO - Successfully downloaded and validated Expected_departures.xml
2025-10-30 19:43:58,486 - vessel_data_pipeline - INFO - Fetch operation completed. Results: {'Arrived_in_last_36_hours.xml': True, 'Departed_in_last_36_hours.xml': True, 'Expected_arrivals.xml': True, 'Expected_departures.xml': True}
2025-10-30 19:43:58,775 - vessel_data_pipeline - INFO - VesselDataFetcher initialized. Pipeline enabled: True
2025-10-30 19:43:58,776 - vessel_data_pipeline - INFO - Starting vessel data fetch operation
2025-10-30 19:43:58,776 - vessel_data_pipeline - INFO - Discovering XML files from Hong Kong Marine Department portal
2025-10-30 19:43:58,871 - vessel_data_pipeline - INFO - Verified access to Arrived_in_last_36_hours.xml
2025-10-30 19:43:58,930 - vessel_data_pipeline - INFO - Verified access to Departed_in_last_36_hours.xml
2025-10-30 19:43:58,964 - vessel_data_pipeline - INFO - Verified access to Expected_arrivals.xml
2025-10-30 19:43:59,007 - vessel_data_pipeline - INFO - Verified access to Expected_departures.xml
2025-10-30 19:43:59,007 - vessel_data_pipeline - INFO - Discovered 4 XML files for download
2025-10-30 19:43:59,007 - vessel_data_pipeline - INFO - Downloading Arrived_in_last_36_hours.xml (attempt 1/3)
2025-10-30 19:43:59,092 - vessel_data_pipeline - INFO - File temp_Arrived_in_last_36_hours.xml passed validation checks
2025-10-30 19:43:59,102 - vessel_data_pipeline - INFO - Created backup: Arrived_in_last_36_hours_20251030_194359.xml
2025-10-30 19:43:59,108 - vessel_data_pipeline - INFO - Updated metadata for Arrived_in_last_36_hours.xml
2025-10-30 19:43:59,108 - vessel_data_pipeline - INFO - Successfully downloaded and validated Arrived_in_last_36_hours.xml
2025-10-30 19:44:01,113 - vessel_data_pipeline - INFO - Downloading Departed_in_last_36_hours.xml (attempt 1/3)
2025-10-30 19:44:01,599 - vessel_data_pipeline - INFO - File temp_Departed_in_last_36_hours.xml passed validation checks
2025-10-30 19:44:01,599 - vessel_data_pipeline - INFO - Created backup: Departed_in_last_36_hours_20251030_194401.xml
2025-10-30 19:44:01,600 - vessel_data_pipeline - INFO - Updated metadata for Departed_in_last_36_hours.xml
2025-10-30 19:44:01,600 - vessel_data_pipeline - INFO - Successfully downloaded and validated Departed_in_last_36_hours.xml
2025-10-30 19:44:03,601 - vessel_data_pipeline - INFO - Downloading Expected_arrivals.xml (attempt 1/3)
2025-10-30 19:44:03,648 - vessel_data_pipeline - INFO - File temp_Expected_arrivals.xml passed validation checks
2025-10-30 19:44:03,649 - vessel_data_pipeline - INFO - Created backup: Expected_arrivals_20251030_194403.xml
2025-10-30 19:44:03,649 - vessel_data_pipeline - INFO - Updated metadata for Expected_arrivals.xml
2025-10-30 19:44:03,649 - vessel_data_pipeline - INFO - Successfully downloaded and validated Expected_arrivals.xml
2025-10-30 19:44:05,654 - vessel_data_pipeline - INFO - Downloading Expected_departures.xml (attempt 1/3)
2025-10-30 19:44:05,723 - vessel_data_pipeline - INFO - File temp_Expected_departures.xml passed validation checks
2025-10-30 19:44:05,724 - vessel_data_pipeline - INFO - Created backup: Expected_departures_20251030_194405.xml
2025-10-30 19:44:05,724 - vessel_data_pipeline - INFO - Updated metadata for Expected_departures.xml
2025-10-30 19:44:05,724 - vessel_data_pipeline - INFO - Successfully downloaded and validated Expected_departures.xml
2025-10-30 19:44:07,725 - vessel_data_pipeline - INFO - Fetch operation completed. Results: {'Arrived_in_last_36_hours.xml': True, 'Departed_in_last_36_hours.xml': True, 'Expected_arrivals.xml': True, 'Expected_departures.xml': True}
2025-10-30 19:44:07,729 - vessel_data_pipeline - INFO - VesselDataFetcher initialized. Pipeline enabled: True
2025-10-30 19:44:07,737 - vessel_data_pipeline - INFO - Starting vessel data fetch operation
2025-10-30 19:44:07,739 - vessel_data_pipeline - INFO - Discovering XML files from Hong Kong Marine Department portal
2025-10-30 19:44:07,811 - vessel_data_pipeline - INFO - Verified access to Arrived_in_last_36_hours.xml
2025-10-30 19:44:07,863 - vessel_data_pipeline - INFO - Verified access to Departed_in_last_36_hours.xml
2025-10-30 19:44:07,903 - vessel_data_pipeline - INFO - Verified access to Expected_arrivals.xml
2025-10-30 19:44:07,992 - vessel_data_pipeline - INFO - Verified access to Expected_departures.xml
2025-10-30 19:44:07,993 - vessel_data_pipeline - INFO - Discovered 4 XML files for download
2025-10-30 19:44:07,993 - vessel_data_pipeline - INFO - Downloading Arrived_in_last_36_hours.xml (attempt 1/3)
2025-10-30 19:44:08,074 - vessel_data_pipeline - INFO - File temp_Arrived_in_last_36_hours.xml passed validation checks
2025-10-30 19:44:08,088 - vessel_data_pipeline - INFO - Created backup: Arrived_in_last_36_hours_20251030_194408.xml
2025-10-30 19:44:08,089 - vessel_data_pipeline - INFO - Updated metadata for Arrived_in_last_36_hours.xml
2025-10-30 19:44:08,089 - vessel_data_pipeline - INFO - Successfully downloaded and validated Arrived_in_last_36_hours.xml
2025-10-30 19:44:10,094 - vessel_data_pipeline - INFO - Downloading Departed_in_last_36_hours.xml (attempt 1/3)
2025-10-30 19:44:10,286 - vessel_data_pipeline - INFO - File temp_Departed_in_last_36_hours.xml passed validation checks
2025-10-30 19:44:10,287 - vessel_data_pipeline - INFO - Created backup: Departed_in_last_36_hours_20251030_194410.xml
2025-10-30 19:44:10,287 - vessel_data_pipeline - INFO - Updated metadata for Departed_in_last_36_hours.xml
2025-10-30 19:44:10,287 - vessel_data_pipeline - INFO - Successfully downloaded and validated Departed_in_last_36_hours.xml
2025-10-30 19:44:12,292 - vessel_data_pipeline - INFO - Downloading Expected_arrivals.xml (attempt 1/3)
2025-10-30 19:44:12,353 - vessel_data_pipeline - INFO - File temp_Expected_arrivals.xml passed validation checks
2025-10-30 19:44:12,353 - vessel_data_pipeline - INFO - Created backup: Expected_arrivals_20251030_194412.xml
2025-10-30 19:44:12,353 - vessel_data_pipeline - INFO - Updated metadata for Expected_arrivals.xml
2025-10-30 19:44:12,354 - vessel_data_pipeline - INFO - Successfully downloaded and validated Expected_arrivals.xml
2025-10-30 19:44:14,359 - vessel_data_pipeline - INFO - Downloading Expected_departures.xml (attempt 1/3)
2025-10-30 19:44:14,455 - vessel_data_pipeline - INFO - File temp_Expected_departures.xml passed validation checks
2025-10-30 19:44:14,456 - vessel_data_pipeline - INFO - Created backup: Expected_departures_20251030_194414.xml
2025-10-30 19:44:14,456 - vessel_data_pipeline - INFO - Updated metadata for Expected_departures.xml
2025-10-30 19:44:14,456 - vessel_data_pipeline - INFO - Successfully downloaded and validated Expected_departures.xml
2025-10-30 19:44:16,461 - vessel_data_pipeline - INFO - Fetch operation completed. Results: {'Arrived_in_last_36_hours.xml': True, 'Departed_in_last_36_hours.xml': True, 'Expected_arrivals.xml': True, 'Expected_departures.xml': True}
2025-10-30 19:44:19,486 - vessel_data_pipeline - INFO - VesselDataFetcher initialized. Pipeline enabled: True
2025-10-30 19:44:19,487 - vessel_data_pipeline - INFO - Starting vessel data fetch operation
2025-10-30 19:44:19,487 - vessel_data_pipeline - INFO - Discovering XML files from Hong Kong Marine Department portal
2025-10-30 19:44:19,548 - vessel_data_pipeline - INFO - Verified access to Arrived_in_last_36_hours.xml
2025-10-30 19:44:19,587 - vessel_data_pipeline - INFO - Verified access to Departed_in_last_36_hours.xml
2025-10-30 19:44:19,632 - vessel_data_pipeline - INFO - Verified access to Expected_arrivals.xml
2025-10-30 19:44:19,671 - vessel_data_pipeline - INFO - Verified access to Expected_departures.xml
2025-10-30 19:44:19,671 - vessel_data_pipeline - INFO - Discovered 4 XML files for download
2025-10-30 19:44:19,671 - vessel_data_pipeline - INFO - Downloading Arrived_in_last_36_hours.xml (attempt 1/3)
2025-10-30 19:44:19,714 - vessel_data_pipeline - INFO - File temp_Arrived_in_last_36_hours.xml passed validation checks
2025-10-30 19:44:19,714 - vessel_data_pipeline - INFO - Created backup: Arrived_in_last_36_hours_20251030_194419.xml
2025-10-30 19:44:19,715 - vessel_data_pipeline - INFO - Updated metadata for Arrived_in_last_36_hours.xml
2025-10-30 19:44:19,715 - vessel_data_pipeline - INFO - Successfully downloaded and validated Arrived_in_last_36_hours.xml
2025-10-30 19:44:21,717 - vessel_data_pipeline - INFO - Downloading Departed_in_last_36_hours.xml (attempt 1/3)
2025-10-30 19:44:21,894 - vessel_data_pipeline - INFO - File temp_Departed_in_last_36_hours.xml passed validation checks
2025-10-30 19:44:21,894 - vessel_data_pipeline - INFO - Created backup: Departed_in_last_36_hours_20251030_194421.xml
2025-10-30 19:44:21,895 - vessel_data_pipeline - INFO - Updated metadata for Departed_in_last_36_hours.xml
2025-10-30 19:44:21,895 - vessel_data_pipeline - INFO - Successfully downloaded and validated Departed_in_last_36_hours.xml
2025-10-30 19:44:23,899 - vessel_data_pipeline - INFO - Downloading Expected_arrivals.xml (attempt 1/3)
2025-10-30 19:44:23,972 - vessel_data_pipeline - INFO - File temp_Expected_arrivals.xml passed validation checks
2025-10-30 19:44:23,973 - vessel_data_pipeline - INFO - Created backup: Expected_arrivals_20251030_194423.xml
2025-10-30 19:44:23,973 - vessel_data_pipeline - INFO - Updated metadata for Expected_arrivals.xml
2025-10-30 19:44:23,973 - vessel_data_pipeline - INFO - Successfully downloaded and validated Expected_arrivals.xml
2025-10-30 19:44:25,975 - vessel_data_pipeline - INFO - Downloading Expected_departures.xml (attempt 1/3)
2025-10-30 19:44:26,024 - vessel_data_pipeline - INFO - File temp_Expected_departures.xml passed validation checks
2025-10-30 19:44:26,024 - vessel_data_pipeline - INFO - Created backup: Expected_departures_20251030_194426.xml
2025-10-30 19:44:26,024 - vessel_data_pipeline - INFO - Updated metadata for Expected_departures.xml
2025-10-30 19:44:26,025 - vessel_data_pipeline - INFO - Successfully downloaded and validated Expected_departures.xml
2025-10-30 19:44:28,030 - vessel_data_pipeline - INFO - Fetch operation completed. Results: {'Arrived_in_last_36_hours.xml': True, 'Departed_in_last_36_hours.xml': True, 'Expected_arrivals.xml': True, 'Expected_departures.xml': True}
2025-10-30 19:44:28,034 - vessel_data_pipeline - INFO - VesselDataFetcher initialized. Pipeline enabled: True
2025-10-30 19:44:28,035 - vessel_data_pipeline - INFO - Starting vessel data fetch operation
2025-10-30 19:44:28,035 - vessel_data_pipeline - INFO - Discovering XML files from Hong Kong Marine Department portal
2025-10-30 19:44:28,100 - vessel_data_pipeline - INFO - Verified access to Arrived_in_last_36_hours.xml
2025-10-30 19:44:28,137 - vessel_data_pipeline - INFO - Verified access to Departed_in_last_36_hours.xml
2025-10-30 19:44:28,194 - vessel_data_pipeline - INFO - Verified access to Expected_arrivals.xml
2025-10-30 19:44:28,229 - vessel_data_pipeline - INFO - Verified access to Expected_departures.xml
2025-10-30 19:44:28,229 - vessel_data_pipeline - INFO - Discovered 4 XML files for download
2025-10-30 19:44:28,229 - vessel_data_pipeline - INFO - Downloading Arrived_in_last_36_hours.xml (attempt 1/3)
2025-10-30 19:44:28,272 - vessel_data_pipeline - INFO - File temp_Arrived_in_last_36_hours.xml passed validation checks
2025-10-30 19:44:28,273 - vessel_data_pipeline - INFO - Created backup: Arrived_in_last_36_hours_20251030_194428.xml
2025-10-30 19:44:28,273 - vessel_data_pipeline - INFO - Updated metadata for Arrived_in_last_36_hours.xml
2025-10-30 19:44:28,273 - vessel_data_pipeline - INFO - Successfully downloaded and validated Arrived_in_last_36_hours.xml
2025-10-30 19:44:30,276 - vessel_data_pipeline - INFO - Downloading Departed_in_last_36_hours.xml (attempt 1/3)
2025-10-30 19:44:30,367 - vessel_data_pipeline - INFO - File temp_Departed_in_last_36_hours.xml passed validation checks
2025-10-30 19:44:30,367 - vessel_data_pipeline - INFO - Created backup: Departed_in_last_36_hours_20251030_194430.xml
2025-10-30 19:44:30,368 - vessel_data_pipeline - INFO - Updated metadata for Departed_in_last_36_hours.xml
2025-10-30 19:44:30,368 - vessel_data_pipeline - INFO - Successfully downloaded and validated Departed_in_last_36_hours.xml
2025-10-30 19:44:32,372 - vessel_data_pipeline - INFO - Downloading Expected_arrivals.xml (attempt 1/3)
2025-10-30 19:44:32,419 - vessel_data_pipeline - INFO - File temp_Expected_arrivals.xml passed validation checks
2025-10-30 19:44:32,419 - vessel_data_pipeline - INFO - Created backup: Expected_arrivals_20251030_194432.xml
2025-10-30 19:44:32,420 - vessel_data_pipeline - INFO - Updated metadata for Expected_arrivals.xml
2025-10-30 19:44:32,420 - vessel_data_pipeline - INFO - Successfully downloaded and validated Expected_arrivals.xml
2025-10-30 19:44:34,420 - vessel_data_pipeline - INFO - Downloading Expected_departures.xml (attempt 1/3)
2025-10-30 19:44:34,473 - vessel_data_pipeline - INFO - File temp_Expected_departures.xml passed validation checks
2025-10-30 19:44:34,474 - vessel_data_pipeline - INFO - Created backup: Expected_departures_20251030_194434.xml
2025-10-30 19:44:34,474 - vessel_data_pipeline - INFO - Updated metadata for Expected_departures.xml
2025-10-30 19:44:34,474 - vessel_data_pipeline - INFO - Successfully downloaded and validated Expected_departures.xml
2025-10-30 19:44:36,479 - vessel_data_pipeline - INFO - Fetch operation completed. Results: {'Arrived_in_last_36_hours.xml': True, 'Departed_in_last_36_hours.xml': True, 'Expected_arrivals.xml': True, 'Expected_departures.xml': True}
2025-10-30 19:44:36,494 - vessel_data_pipeline - INFO - VesselDataFetcher initialized. Pipeline enabled: True
2025-10-30 19:44:36,495 - vessel_data_pipeline - INFO - Starting vessel data fetch operation
2025-10-30 19:44:36,495 - vessel_data_pipeline - INFO - Discovering XML files from Hong Kong Marine Department portal
2025-10-30 19:44:36,552 - vessel_data_pipeline - INFO - Verified access to Arrived_in_last_36_hours.xml
2025-10-30 19:44:36,663 - vessel_data_pipeline - INFO - Verified access to Departed_in_last_36_hours.xml
2025-10-30 19:44:36,698 - vessel_data_pipeline - INFO - Verified access to Expected_arrivals.xml
2025-10-30 19:44:36,732 - vessel_data_pipeline - INFO - Verified access to Expected_departures.xml
2025-10-30 19:44:36,732 - vessel_data_pipeline - INFO - Discovered 4 XML files for download
2025-10-30 19:44:36,732 - vessel_data_pipeline - INFO - Downloading Arrived_in_last_36_hours.xml (attempt 1/3)
2025-10-30 19:44:36,791 - vessel_data_pipeline - INFO - File temp_Arrived_in_last_36_hours.xml passed validation checks
2025-10-30 19:44:36,791 - vessel_data_pipeline - INFO - Created backup: Arrived_in_last_36_hours_20251030_194436.xml
2025-10-30 19:44:36,791 - vessel_data_pipeline - INFO - Updated metadata for Arrived_in_last_36_hours.xml
2025-10-30 19:44:36,791 - vessel_data_pipeline - INFO - Successfully downloaded and validated Arrived_in_last_36_hours.xml
2025-10-30 19:44:38,794 - vessel_data_pipeline - INFO - Downloading Departed_in_last_36_hours.xml (attempt 1/3)
2025-10-30 19:44:38,875 - vessel_data_pipeline - INFO - File temp_Departed_in_last_36_hours.xml passed validation checks
2025-10-30 19:44:38,875 - vessel_data_pipeline - INFO - Created backup: Departed_in_last_36_hours_20251030_194438.xml
2025-10-30 19:44:38,876 - vessel_data_pipeline - INFO - Updated metadata for Departed_in_last_36_hours.xml
2025-10-30 19:44:38,876 - vessel_data_pipeline - INFO - Successfully downloaded and validated Departed_in_last_36_hours.xml
2025-10-30 19:44:40,876 - vessel_data_pipeline - INFO - Downloading Expected_arrivals.xml (attempt 1/3)
2025-10-30 19:44:40,942 - vessel_data_pipeline - INFO - File temp_Expected_arrivals.xml passed validation checks
2025-10-30 19:44:40,942 - vessel_data_pipeline - INFO - Created backup: Expected_arrivals_20251030_194440.xml
2025-10-30 19:44:40,942 - vessel_data_pipeline - INFO - Updated metadata for Expected_arrivals.xml
2025-10-30 19:44:40,942 - vessel_data_pipeline - INFO - Successfully downloaded and validated Expected_arrivals.xml
2025-10-30 19:44:42,948 - vessel_data_pipeline - INFO - Downloading Expected_departures.xml (attempt 1/3)
2025-10-30 19:44:43,003 - vessel_data_pipeline - INFO - File temp_Expected_departures.xml passed validation checks
2025-10-30 19:44:43,003 - vessel_data_pipeline - INFO - Created backup: Expected_departures_20251030_194443.xml
2025-10-30 19:44:43,003 - vessel_data_pipeline - INFO - Updated metadata for Expected_departures.xml
2025-10-30 19:44:43,003 - vessel_data_pipeline - INFO - Successfully downloaded and validated Expected_departures.xml
2025-10-30 19:44:45,008 - vessel_data_pipeline - INFO - Fetch operation completed. Results: {'Arrived_in_last_36_hours.xml': True, 'Departed_in_last_36_hours.xml': True, 'Expected_arrivals.xml': True, 'Expected_departures.xml': True}
2025-10-30 19:44:45,012 - vessel_data_pipeline - INFO - VesselDataFetcher initialized. Pipeline enabled: True
2025-10-30 19:44:45,012 - vessel_data_pipeline - INFO - Starting vessel data fetch operation
2025-10-30 19:44:45,012 - vessel_data_pipeline - INFO - Discovering XML files from Hong Kong Marine Department portal
2025-10-30 19:44:45,091 - vessel_data_pipeline - INFO - Verified access to Arrived_in_last_36_hours.xml
2025-10-30 19:44:45,188 - vessel_data_pipeline - INFO - Verified access to Departed_in_last_36_hours.xml
2025-10-30 19:44:45,225 - vessel_data_pipeline - INFO - Verified access to Expected_arrivals.xml
2025-10-30 19:44:45,364 - vessel_data_pipeline - INFO - Verified access to Expected_departures.xml
2025-10-30 19:44:45,364 - vessel_data_pipeline - INFO - Discovered 4 XML files for download
2025-10-30 19:44:45,364 - vessel_data_pipeline - INFO - Downloading Arrived_in_last_36_hours.xml (attempt 1/3)
2025-10-30 19:44:45,439 - vessel_data_pipeline - INFO - File temp_Arrived_in_last_36_hours.xml passed validation checks
2025-10-30 19:44:45,439 - vessel_data_pipeline - INFO - Created backup: Arrived_in_last_36_hours_20251030_194445.xml
2025-10-30 19:44:45,440 - vessel_data_pipeline - INFO - Updated metadata for Arrived_in_last_36_hours.xml
2025-10-30 19:44:45,440 - vessel_data_pipeline - INFO - Successfully downloaded and validated Arrived_in_last_36_hours.xml
2025-10-30 19:44:47,445 - vessel_data_pipeline - INFO - Downloading Departed_in_last_36_hours.xml (attempt 1/3)
2025-10-30 19:44:47,778 - vessel_data_pipeline - INFO - File temp_Departed_in_last_36_hours.xml passed validation checks
2025-10-30 19:44:47,778 - vessel_data_pipeline - INFO - Created backup: Departed_in_last_36_hours_20251030_194447.xml
2025-10-30 19:44:47,779 - vessel_data_pipeline - INFO - Updated metadata for Departed_in_last_36_hours.xml
2025-10-30 19:44:47,779 - vessel_data_pipeline - INFO - Successfully downloaded and validated Departed_in_last_36_hours.xml
2025-10-30 19:44:49,780 - vessel_data_pipeline - INFO - Downloading Expected_arrivals.xml (attempt 1/3)
2025-10-30 19:44:49,840 - vessel_data_pipeline - INFO - File temp_Expected_arrivals.xml passed validation checks
2025-10-30 19:44:49,841 - vessel_data_pipeline - INFO - Created backup: Expected_arrivals_20251030_194449.xml
2025-10-30 19:44:49,841 - vessel_data_pipeline - INFO - Updated metadata for Expected_arrivals.xml
2025-10-30 19:44:49,841 - vessel_data_pipeline - INFO - Successfully downloaded and validated Expected_arrivals.xml
2025-10-30 19:44:51,844 - vessel_data_pipeline - INFO - Downloading Expected_departures.xml (attempt 1/3)
2025-10-30 19:44:51,925 - vessel_data_pipeline - INFO - File temp_Expected_departures.xml passed validation checks
2025-10-30 19:44:51,925 - vessel_data_pipeline - INFO - Created backup: Expected_departures_20251030_194451.xml
2025-10-30 19:44:51,926 - vessel_data_pipeline - INFO - Updated metadata for Expected_departures.xml
2025-10-30 19:44:51,926 - vessel_data_pipeline - INFO - Successfully downloaded and validated Expected_departures.xml
2025-10-30 19:44:53,927 - vessel_data_pipeline - INFO - Fetch operation completed. Results: {'Arrived_in_last_36_hours.xml': True, 'Departed_in_last_36_hours.xml': True, 'Expected_arrivals.xml': True, 'Expected_departures.xml': True}
2025-10-30 19:45:09,870 - vessel_data_pipeline - INFO - VesselDataFetcher initialized. Pipeline enabled: True
2025-10-30 19:45:09,871 - vessel_data_pipeline - INFO - Starting vessel data fetch operation
2025-10-30 19:45:09,871 - vessel_data_pipeline - INFO - Discovering XML files from Hong Kong Marine Department portal
2025-10-30 19:45:09,940 - vessel_data_pipeline - INFO - Verified access to Arrived_in_last_36_hours.xml
2025-10-30 19:45:09,973 - vessel_data_pipeline - INFO - Verified access to Departed_in_last_36_hours.xml
2025-10-30 19:45:10,018 - vessel_data_pipeline - INFO - Verified access to Expected_arrivals.xml
2025-10-30 19:45:10,052 - vessel_data_pipeline - INFO - Verified access to Expected_departures.xml
2025-10-30 19:45:10,052 - vessel_data_pipeline - INFO - Discovered 4 XML files for download
2025-10-30 19:45:10,053 - vessel_data_pipeline - INFO - Downloading Arrived_in_last_36_hours.xml (attempt 1/3)
2025-10-30 19:45:10,116 - vessel_data_pipeline - INFO - File temp_Arrived_in_last_36_hours.xml passed validation checks
2025-10-30 19:45:10,117 - vessel_data_pipeline - INFO - Created backup: Arrived_in_last_36_hours_20251030_194510.xml
2025-10-30 19:45:10,117 - vessel_data_pipeline - INFO - Updated metadata for Arrived_in_last_36_hours.xml
2025-10-30 19:45:10,117 - vessel_data_pipeline - INFO - Successfully downloaded and validated Arrived_in_last_36_hours.xml
2025-10-30 19:45:12,119 - vessel_data_pipeline - INFO - Downloading Departed_in_last_36_hours.xml (attempt 1/3)
2025-10-30 19:45:12,215 - vessel_data_pipeline - INFO - File temp_Departed_in_last_36_hours.xml passed validation checks
2025-10-30 19:45:12,215 - vessel_data_pipeline - INFO - Created backup: Departed_in_last_36_hours_20251030_194512.xml
2025-10-30 19:45:12,216 - vessel_data_pipeline - INFO - Updated metadata for Departed_in_last_36_hours.xml
2025-10-30 19:45:12,216 - vessel_data_pipeline - INFO - Successfully downloaded and validated Departed_in_last_36_hours.xml
2025-10-30 19:45:14,218 - vessel_data_pipeline - INFO - Downloading Expected_arrivals.xml (attempt 1/3)
2025-10-30 19:45:14,263 - vessel_data_pipeline - INFO - File temp_Expected_arrivals.xml passed validation checks
2025-10-30 19:45:14,263 - vessel_data_pipeline - INFO - Created backup: Expected_arrivals_20251030_194514.xml
2025-10-30 19:45:14,264 - vessel_data_pipeline - INFO - Updated metadata for Expected_arrivals.xml
2025-10-30 19:45:14,264 - vessel_data_pipeline - INFO - Successfully downloaded and validated Expected_arrivals.xml
2025-10-30 19:45:16,264 - vessel_data_pipeline - INFO - Downloading Expected_departures.xml (attempt 1/3)
2025-10-30 19:45:16,339 - vessel_data_pipeline - INFO - File temp_Expected_departures.xml passed validation checks
2025-10-30 19:45:16,340 - vessel_data_pipeline - INFO - Created backup: Expected_departures_20251030_194516.xml
2025-10-30 19:45:16,341 - vessel_data_pipeline - INFO - Updated metadata for Expected_departures.xml
2025-10-30 19:45:16,341 - vessel_data_pipeline - INFO - Successfully downloaded and validated Expected_departures.xml
2025-10-30 19:45:18,346 - vessel_data_pipeline - INFO - Fetch operation completed. Results: {'Arrived_in_last_36_hours.xml': True, 'Departed_in_last_36_hours.xml': True, 'Expected_arrivals.xml': True, 'Expected_departures.xml': True}
2025-10-30 19:45:18,630 - vessel_data_pipeline - INFO - VesselDataFetcher initialized. Pipeline enabled: True
2025-10-30 19:45:18,630 - vessel_data_pipeline - INFO - Starting vessel data fetch operation
2025-10-30 19:45:18,630 - vessel_data_pipeline - INFO - Discovering XML files from Hong Kong Marine Department portal
2025-10-30 19:45:18,723 - vessel_data_pipeline - INFO - Verified access to Arrived_in_last_36_hours.xml
2025-10-30 19:45:18,762 - vessel_data_pipeline - INFO - Verified access to Departed_in_last_36_hours.xml
2025-10-30 19:45:18,798 - vessel_data_pipeline - INFO - Verified access to Expected_arrivals.xml
2025-10-30 19:45:18,847 - vessel_data_pipeline - INFO - Verified access to Expected_departures.xml
2025-10-30 19:45:18,847 - vessel_data_pipeline - INFO - Discovered 4 XML files for download
2025-10-30 19:45:18,847 - vessel_data_pipeline - INFO - Downloading Arrived_in_last_36_hours.xml (attempt 1/3)
2025-10-30 19:45:18,906 - vessel_data_pipeline - INFO - File temp_Arrived_in_last_36_hours.xml passed validation checks
2025-10-30 19:45:18,917 - vessel_data_pipeline - INFO - Created backup: Arrived_in_last_36_hours_20251030_194518.xml
2025-10-30 19:45:18,922 - vessel_data_pipeline - INFO - Updated metadata for Arrived_in_last_36_hours.xml
2025-10-30 19:45:18,922 - vessel_data_pipeline - INFO - Successfully downloaded and validated Arrived_in_last_36_hours.xml
2025-10-30 19:45:20,923 - vessel_data_pipeline - INFO - Downloading Departed_in_last_36_hours.xml (attempt 1/3)
2025-10-30 19:45:20,983 - vessel_data_pipeline - INFO - File temp_Departed_in_last_36_hours.xml passed validation checks
2025-10-30 19:45:20,984 - vessel_data_pipeline - INFO - Created backup: Departed_in_last_36_hours_20251030_194520.xml
2025-10-30 19:45:20,984 - vessel_data_pipeline - INFO - Updated metadata for Departed_in_last_36_hours.xml
2025-10-30 19:45:20,984 - vessel_data_pipeline - INFO - Successfully downloaded and validated Departed_in_last_36_hours.xml
2025-10-30 19:45:22,989 - vessel_data_pipeline - INFO - Downloading Expected_arrivals.xml (attempt 1/3)
2025-10-30 19:45:23,042 - vessel_data_pipeline - INFO - File temp_Expected_arrivals.xml passed validation checks
2025-10-30 19:45:23,043 - vessel_data_pipeline - INFO - Created backup: Expected_arrivals_20251030_194523.xml
2025-10-30 19:45:23,043 - vessel_data_pipeline - INFO - Updated metadata for Expected_arrivals.xml
2025-10-30 19:45:23,043 - vessel_data_pipeline - INFO - Successfully downloaded and validated Expected_arrivals.xml
2025-10-30 19:45:25,048 - vessel_data_pipeline - INFO - Downloading Expected_departures.xml (attempt 1/3)
2025-10-30 19:45:25,108 - vessel_data_pipeline - INFO - File temp_Expected_departures.xml passed validation checks
2025-10-30 19:45:25,109 - vessel_data_pipeline - INFO - Created backup: Expected_departures_20251030_194525.xml
2025-10-30 19:45:25,109 - vessel_data_pipeline - INFO - Updated metadata for Expected_departures.xml
2025-10-30 19:45:25,109 - vessel_data_pipeline - INFO - Successfully downloaded and validated Expected_departures.xml
2025-10-30 19:45:27,111 - vessel_data_pipeline - INFO - Fetch operation completed. Results: {'Arrived_in_last_36_hours.xml': True, 'Departed_in_last_36_hours.xml': True, 'Expected_arrivals.xml': True, 'Expected_departures.xml': True}
2025-10-30 19:45:27,129 - vessel_data_pipeline - INFO - VesselDataFetcher initialized. Pipeline enabled: True
2025-10-30 19:45:27,134 - vessel_data_pipeline - INFO - Starting vessel data fetch operation
2025-10-30 19:45:27,134 - vessel_data_pipeline - INFO - Discovering XML files from Hong Kong Marine Department portal
2025-10-30 19:45:27,217 - vessel_data_pipeline - INFO - Verified access to Arrived_in_last_36_hours.xml
2025-10-30 19:45:27,402 - vessel_data_pipeline - INFO - Verified access to Departed_in_last_36_hours.xml
2025-10-30 19:45:27,541 - vessel_data_pipeline - INFO - Verified access to Expected_arrivals.xml
2025-10-30 19:45:27,593 - vessel_data_pipeline - INFO - Verified access to Expected_departures.xml
2025-10-30 19:45:27,593 - vessel_data_pipeline - INFO - Discovered 4 XML files for download
2025-10-30 19:45:27,593 - vessel_data_pipeline - INFO - Downloading Arrived_in_last_36_hours.xml (attempt 1/3)
2025-10-30 19:45:27,657 - vessel_data_pipeline - INFO - File temp_Arrived_in_last_36_hours.xml passed validation checks
2025-10-30 19:45:27,662 - vessel_data_pipeline - INFO - Created backup: Arrived_in_last_36_hours_20251030_194527.xml
2025-10-30 19:45:27,675 - vessel_data_pipeline - INFO - Updated metadata for Arrived_in_last_36_hours.xml
2025-10-30 19:45:27,675 - vessel_data_pipeline - INFO - Successfully downloaded and validated Arrived_in_last_36_hours.xml
2025-10-30 19:45:29,680 - vessel_data_pipeline - INFO - Downloading Departed_in_last_36_hours.xml (attempt 1/3)
2025-10-30 19:45:29,742 - vessel_data_pipeline - INFO - File temp_Departed_in_last_36_hours.xml passed validation checks
2025-10-30 19:45:29,743 - vessel_data_pipeline - INFO - Created backup: Departed_in_last_36_hours_20251030_194529.xml
2025-10-30 19:45:29,743 - vessel_data_pipeline - INFO - Updated metadata for Departed_in_last_36_hours.xml
2025-10-30 19:45:29,743 - vessel_data_pipeline - INFO - Successfully downloaded and validated Departed_in_last_36_hours.xml
2025-10-30 19:45:31,746 - vessel_data_pipeline - INFO - Downloading Expected_arrivals.xml (attempt 1/3)
2025-10-30 19:45:31,963 - vessel_data_pipeline - INFO - File temp_Expected_arrivals.xml passed validation checks
2025-10-30 19:45:31,964 - vessel_data_pipeline - INFO - Created backup: Expected_arrivals_20251030_194531.xml
2025-10-30 19:45:31,964 - vessel_data_pipeline - INFO - Updated metadata for Expected_arrivals.xml
2025-10-30 19:45:31,964 - vessel_data_pipeline - INFO - Successfully downloaded and validated Expected_arrivals.xml
2025-10-30 19:45:33,965 - vessel_data_pipeline - INFO - Downloading Expected_departures.xml (attempt 1/3)
2025-10-30 19:45:34,022 - vessel_data_pipeline - INFO - File temp_Expected_departures.xml passed validation checks
2025-10-30 19:45:34,022 - vessel_data_pipeline - INFO - Created backup: Expected_departures_20251030_194534.xml
2025-10-30 19:45:34,022 - vessel_data_pipeline - INFO - Updated metadata for Expected_departures.xml
2025-10-30 19:45:34,023 - vessel_data_pipeline - INFO - Successfully downloaded and validated Expected_departures.xml
2025-10-30 19:45:36,026 - vessel_data_pipeline - INFO - Fetch operation completed. Results: {'Arrived_in_last_36_hours.xml': True, 'Departed_in_last_36_hours.xml': True, 'Expected_arrivals.xml': True, 'Expected_departures.xml': True}
2025-10-30 19:45:39,017 - vessel_data_pipeline - INFO - VesselDataFetcher initialized. Pipeline enabled: True
2025-10-30 19:45:39,018 - vessel_data_pipeline - INFO - Starting vessel data fetch operation
2025-10-30 19:45:39,018 - vessel_data_pipeline - INFO - Discovering XML files from Hong Kong Marine Department portal
2025-10-30 19:45:39,110 - vessel_data_pipeline - INFO - Verified access to Arrived_in_last_36_hours.xml
2025-10-30 19:45:39,161 - vessel_data_pipeline - INFO - Verified access to Departed_in_last_36_hours.xml
2025-10-30 19:45:39,196 - vessel_data_pipeline - INFO - Verified access to Expected_arrivals.xml
2025-10-30 19:45:39,250 - vessel_data_pipeline - INFO - Verified access to Expected_departures.xml
2025-10-30 19:45:39,250 - vessel_data_pipeline - INFO - Discovered 4 XML files for download
2025-10-30 19:45:39,250 - vessel_data_pipeline - INFO - Downloading Arrived_in_last_36_hours.xml (attempt 1/3)
2025-10-30 19:45:39,303 - vessel_data_pipeline - INFO - File temp_Arrived_in_last_36_hours.xml passed validation checks
2025-10-30 19:45:39,304 - vessel_data_pipeline - INFO - Created backup: Arrived_in_last_36_hours_20251030_194539.xml
2025-10-30 19:45:39,304 - vessel_data_pipeline - INFO - Updated metadata for Arrived_in_last_36_hours.xml
2025-10-30 19:45:39,304 - vessel_data_pipeline - INFO - Successfully downloaded and validated Arrived_in_last_36_hours.xml
2025-10-30 19:45:41,309 - vessel_data_pipeline - INFO - Downloading Departed_in_last_36_hours.xml (attempt 1/3)
2025-10-30 19:45:41,385 - vessel_data_pipeline - INFO - File temp_Departed_in_last_36_hours.xml passed validation checks
2025-10-30 19:45:41,385 - vessel_data_pipeline - INFO - Created backup: Departed_in_last_36_hours_20251030_194541.xml
2025-10-30 19:45:41,386 - vessel_data_pipeline - INFO - Updated metadata for Departed_in_last_36_hours.xml
2025-10-30 19:45:41,386 - vessel_data_pipeline - INFO - Successfully downloaded and validated Departed_in_last_36_hours.xml
2025-10-30 19:45:43,391 - vessel_data_pipeline - INFO - Downloading Expected_arrivals.xml (attempt 1/3)
2025-10-30 19:45:43,437 - vessel_data_pipeline - INFO - File temp_Expected_arrivals.xml passed validation checks
2025-10-30 19:45:43,437 - vessel_data_pipeline - INFO - Created backup: Expected_arrivals_20251030_194543.xml
2025-10-30 19:45:43,437 - vessel_data_pipeline - INFO - Updated metadata for Expected_arrivals.xml
2025-10-30 19:45:43,437 - vessel_data_pipeline - INFO - Successfully downloaded and validated Expected_arrivals.xml
2025-10-30 19:45:45,441 - vessel_data_pipeline - INFO - Downloading Expected_departures.xml (attempt 1/3)
2025-10-30 19:45:45,555 - vessel_data_pipeline - INFO - File temp_Expected_departures.xml passed validation checks
2025-10-30 19:45:45,555 - vessel_data_pipeline - INFO - Created backup: Expected_departures_20251030_194545.xml
2025-10-30 19:45:45,555 - vessel_data_pipeline - INFO - Updated metadata for Expected_departures.xml
2025-10-30 19:45:45,555 - vessel_data_pipeline - INFO - Successfully downloaded and validated Expected_departures.xml
2025-10-30 19:45:47,561 - vessel_data_pipeline - INFO - Fetch operation completed. Results: {'Arrived_in_last_36_hours.xml': True, 'Departed_in_last_36_hours.xml': True, 'Expected_arrivals.xml': True, 'Expected_departures.xml': True}
2025-10-30 19:45:47,564 - vessel_data_pipeline - INFO - VesselDataFetcher initialized. Pipeline enabled: True
2025-10-30 19:45:47,565 - vessel_data_pipeline - INFO - Starting vessel data fetch operation
2025-10-30 19:45:47,565 - vessel_data_pipeline - INFO - Discovering XML files from Hong Kong Marine Department portal
2025-10-30 19:45:47,672 - vessel_data_pipeline - INFO - Verified access to Arrived_in_last_36_hours.xml
2025-10-30 19:45:47,706 - vessel_data_pipeline - INFO - Verified access to Departed_in_last_36_hours.xml
2025-10-30 19:45:47,827 - vessel_data_pipeline - INFO - Verified access to Expected_arrivals.xml
2025-10-30 19:45:47,862 - vessel_data_pipeline - INFO - Verified access to Expected_departures.xml
2025-10-30 19:45:47,862 - vessel_data_pipeline - INFO - Discovered 4 XML files for download
2025-10-30 19:45:47,862 - vessel_data_pipeline - INFO - Downloading Arrived_in_last_36_hours.xml (attempt 1/3)
2025-10-30 19:45:47,907 - vessel_data_pipeline - INFO - File temp_Arrived_in_last_36_hours.xml passed validation checks
2025-10-30 19:45:47,907 - vessel_data_pipeline - INFO - Created backup: Arrived_in_last_36_hours_20251030_194547.xml
2025-10-30 19:45:47,908 - vessel_data_pipeline - INFO - Updated metadata for Arrived_in_last_36_hours.xml
2025-10-30 19:45:47,908 - vessel_data_pipeline - INFO - Successfully downloaded and validated Arrived_in_last_36_hours.xml
2025-10-30 19:45:49,908 - vessel_data_pipeline - INFO - Downloading Departed_in_last_36_hours.xml (attempt 1/3)
2025-10-30 19:45:50,013 - vessel_data_pipeline - INFO - File temp_Departed_in_last_36_hours.xml passed validation checks
2025-10-30 19:45:50,014 - vessel_data_pipeline - INFO - Created backup: Departed_in_last_36_hours_20251030_194550.xml
2025-10-30 19:45:50,014 - vessel_data_pipeline - INFO - Updated metadata for Departed_in_last_36_hours.xml
2025-10-30 19:45:50,014 - vessel_data_pipeline - INFO - Successfully downloaded and validated Departed_in_last_36_hours.xml
2025-10-30 19:45:52,019 - vessel_data_pipeline - INFO - Downloading Expected_arrivals.xml (attempt 1/3)
2025-10-30 19:45:52,076 - vessel_data_pipeline - INFO - File temp_Expected_arrivals.xml passed validation checks
2025-10-30 19:45:52,077 - vessel_data_pipeline - INFO - Created backup: Expected_arrivals_20251030_194552.xml
2025-10-30 19:45:52,078 - vessel_data_pipeline - INFO - Updated metadata for Expected_arrivals.xml
2025-10-30 19:45:52,078 - vessel_data_pipeline - INFO - Successfully downloaded and validated Expected_arrivals.xml
2025-10-30 19:45:54,083 - vessel_data_pipeline - INFO - Downloading Expected_departures.xml (attempt 1/3)
2025-10-30 19:45:54,148 - vessel_data_pipeline - INFO - File temp_Expected_departures.xml passed validation checks
2025-10-30 19:45:54,148 - vessel_data_pipeline - INFO - Created backup: Expected_departures_20251030_194554.xml
2025-10-30 19:45:54,149 - vessel_data_pipeline - INFO - Updated metadata for Expected_departures.xml
2025-10-30 19:45:54,149 - vessel_data_pipeline - INFO - Successfully downloaded and validated Expected_departures.xml
2025-10-30 19:45:56,153 - vessel_data_pipeline - INFO - Fetch operation completed. Results: {'Arrived_in_last_36_hours.xml': True, 'Departed_in_last_36_hours.xml': True, 'Expected_arrivals.xml': True, 'Expected_departures.xml': True}
2025-10-30 19:45:56,171 - vessel_data_pipeline - INFO - VesselDataFetcher initialized. Pipeline enabled: True
2025-10-30 19:45:56,172 - vessel_data_pipeline - INFO - Starting vessel data fetch operation
2025-10-30 19:45:56,172 - vessel_data_pipeline - INFO - Discovering XML files from Hong Kong Marine Department portal
2025-10-30 19:45:56,226 - vessel_data_pipeline - INFO - Verified access to Arrived_in_last_36_hours.xml
2025-10-30 19:45:56,290 - vessel_data_pipeline - INFO - Verified access to Departed_in_last_36_hours.xml
2025-10-30 19:45:56,325 - vessel_data_pipeline - INFO - Verified access to Expected_arrivals.xml
2025-10-30 19:45:56,355 - vessel_data_pipeline - INFO - Verified access to Expected_departures.xml
2025-10-30 19:45:56,355 - vessel_data_pipeline - INFO - Discovered 4 XML files for download
2025-10-30 19:45:56,355 - vessel_data_pipeline - INFO - Downloading Arrived_in_last_36_hours.xml (attempt 1/3)
2025-10-30 19:45:56,522 - vessel_data_pipeline - INFO - File temp_Arrived_in_last_36_hours.xml passed validation checks
2025-10-30 19:45:56,523 - vessel_data_pipeline - INFO - Created backup: Arrived_in_last_36_hours_20251030_194556.xml
2025-10-30 19:45:56,523 - vessel_data_pipeline - INFO - Updated metadata for Arrived_in_last_36_hours.xml
2025-10-30 19:45:56,523 - vessel_data_pipeline - INFO - Successfully downloaded and validated Arrived_in_last_36_hours.xml
2025-10-30 19:45:58,531 - vessel_data_pipeline - INFO - Downloading Departed_in_last_36_hours.xml (attempt 1/3)
2025-10-30 19:45:58,754 - vessel_data_pipeline - INFO - File temp_Departed_in_last_36_hours.xml passed validation checks
2025-10-30 19:45:58,771 - vessel_data_pipeline - INFO - Created backup: Departed_in_last_36_hours_20251030_194558.xml
2025-10-30 19:45:58,781 - vessel_data_pipeline - INFO - Updated metadata for Departed_in_last_36_hours.xml
2025-10-30 19:45:58,782 - vessel_data_pipeline - INFO - Successfully downloaded and validated Departed_in_last_36_hours.xml
2025-10-30 19:46:00,784 - vessel_data_pipeline - INFO - Downloading Expected_arrivals.xml (attempt 1/3)
2025-10-30 19:46:00,908 - vessel_data_pipeline - INFO - File temp_Expected_arrivals.xml passed validation checks
2025-10-30 19:46:00,909 - vessel_data_pipeline - INFO - Created backup: Expected_arrivals_20251030_194600.xml
2025-10-30 19:46:00,909 - vessel_data_pipeline - INFO - Updated metadata for Expected_arrivals.xml
2025-10-30 19:46:00,909 - vessel_data_pipeline - INFO - Successfully downloaded and validated Expected_arrivals.xml
2025-10-30 19:46:02,914 - vessel_data_pipeline - INFO - Downloading Expected_departures.xml (attempt 1/3)
2025-10-30 19:46:02,977 - vessel_data_pipeline - INFO - File temp_Expected_departures.xml passed validation checks
2025-10-30 19:46:02,977 - vessel_data_pipeline - INFO - Created backup: Expected_departures_20251030_194602.xml
2025-10-30 19:46:02,978 - vessel_data_pipeline - INFO - Updated metadata for Expected_departures.xml
2025-10-30 19:46:02,978 - vessel_data_pipeline - INFO - Successfully downloaded and validated Expected_departures.xml
2025-10-30 19:46:04,979 - vessel_data_pipeline - INFO - Fetch operation completed. Results: {'Arrived_in_last_36_hours.xml': True, 'Departed_in_last_36_hours.xml': True, 'Expected_arrivals.xml': True, 'Expected_departures.xml': True}
2025-10-30 19:46:04,984 - vessel_data_pipeline - INFO - VesselDataFetcher initialized. Pipeline enabled: True
2025-10-30 19:46:04,984 - vessel_data_pipeline - INFO - Starting vessel data fetch operation
2025-10-30 19:46:04,984 - vessel_data_pipeline - INFO - Discovering XML files from Hong Kong Marine Department portal
2025-10-30 19:46:05,047 - vessel_data_pipeline - INFO - Verified access to Arrived_in_last_36_hours.xml
2025-10-30 19:46:05,092 - vessel_data_pipeline - INFO - Verified access to Departed_in_last_36_hours.xml
2025-10-30 19:46:05,127 - vessel_data_pipeline - INFO - Verified access to Expected_arrivals.xml
2025-10-30 19:46:05,161 - vessel_data_pipeline - INFO - Verified access to Expected_departures.xml
2025-10-30 19:46:05,161 - vessel_data_pipeline - INFO - Discovered 4 XML files for download
2025-10-30 19:46:05,161 - vessel_data_pipeline - INFO - Downloading Arrived_in_last_36_hours.xml (attempt 1/3)
2025-10-30 19:46:05,227 - vessel_data_pipeline - INFO - File temp_Arrived_in_last_36_hours.xml passed validation checks
2025-10-30 19:46:05,227 - vessel_data_pipeline - INFO - Created backup: Arrived_in_last_36_hours_20251030_194605.xml
2025-10-30 19:46:05,227 - vessel_data_pipeline - INFO - Updated metadata for Arrived_in_last_36_hours.xml
2025-10-30 19:46:05,227 - vessel_data_pipeline - INFO - Successfully downloaded and validated Arrived_in_last_36_hours.xml
2025-10-30 19:46:07,231 - vessel_data_pipeline - INFO - Downloading Departed_in_last_36_hours.xml (attempt 1/3)
2025-10-30 19:46:07,292 - vessel_data_pipeline - INFO - File temp_Departed_in_last_36_hours.xml passed validation checks
2025-10-30 19:46:07,292 - vessel_data_pipeline - INFO - Created backup: Departed_in_last_36_hours_20251030_194607.xml
2025-10-30 19:46:07,293 - vessel_data_pipeline - INFO - Updated metadata for Departed_in_last_36_hours.xml
2025-10-30 19:46:07,293 - vessel_data_pipeline - INFO - Successfully downloaded and validated Departed_in_last_36_hours.xml
2025-10-30 19:46:09,296 - vessel_data_pipeline - INFO - Downloading Expected_arrivals.xml (attempt 1/3)
2025-10-30 19:46:09,354 - vessel_data_pipeline - INFO - File temp_Expected_arrivals.xml passed validation checks
2025-10-30 19:46:09,354 - vessel_data_pipeline - INFO - Created backup: Expected_arrivals_20251030_194609.xml
2025-10-30 19:46:09,354 - vessel_data_pipeline - INFO - Updated metadata for Expected_arrivals.xml
2025-10-30 19:46:09,354 - vessel_data_pipeline - INFO - Successfully downloaded and validated Expected_arrivals.xml
2025-10-30 19:46:11,358 - vessel_data_pipeline - INFO - Downloading Expected_departures.xml (attempt 1/3)
2025-10-30 19:46:11,404 - vessel_data_pipeline - INFO - File temp_Expected_departures.xml passed validation checks
2025-10-30 19:46:11,405 - vessel_data_pipeline - INFO - Created backup: Expected_departures_20251030_194611.xml
2025-10-30 19:46:11,405 - vessel_data_pipeline - INFO - Updated metadata for Expected_departures.xml
2025-10-30 19:46:11,405 - vessel_data_pipeline - INFO - Successfully downloaded and validated Expected_departures.xml
2025-10-30 19:46:13,408 - vessel_data_pipeline - INFO - Fetch operation completed. Results: {'Arrived_in_last_36_hours.xml': True, 'Departed_in_last_36_hours.xml': True, 'Expected_arrivals.xml': True, 'Expected_departures.xml': True}
2025-10-30 19:46:33,589 - vessel_data_pipeline - INFO - VesselDataFetcher initialized. Pipeline enabled: True
2025-10-30 19:46:33,590 - vessel_data_pipeline - INFO - Starting vessel data fetch operation
2025-10-30 19:46:33,590 - vessel_data_pipeline - INFO - Discovering XML files from Hong Kong Marine Department portal
2025-10-30 19:46:33,663 - vessel_data_pipeline - INFO - Verified access to Arrived_in_last_36_hours.xml
2025-10-30 19:46:33,698 - vessel_data_pipeline - INFO - Verified access to Departed_in_last_36_hours.xml
2025-10-30 19:46:33,764 - vessel_data_pipeline - INFO - Verified access to Expected_arrivals.xml
2025-10-30 19:46:33,797 - vessel_data_pipeline - INFO - Verified access to Expected_departures.xml
2025-10-30 19:46:33,797 - vessel_data_pipeline - INFO - Discovered 4 XML files for download
2025-10-30 19:46:33,798 - vessel_data_pipeline - INFO - Downloading Arrived_in_last_36_hours.xml (attempt 1/3)
2025-10-30 19:46:33,851 - vessel_data_pipeline - INFO - File temp_Arrived_in_last_36_hours.xml passed validation checks
2025-10-30 19:46:33,854 - vessel_data_pipeline - INFO - Created backup: Arrived_in_last_36_hours_20251030_194633.xml
2025-10-30 19:46:33,855 - vessel_data_pipeline - INFO - Updated metadata for Arrived_in_last_36_hours.xml
2025-10-30 19:46:33,855 - vessel_data_pipeline - INFO - Successfully downloaded and validated Arrived_in_last_36_hours.xml
2025-10-30 19:46:35,860 - vessel_data_pipeline - INFO - Downloading Departed_in_last_36_hours.xml (attempt 1/3)
2025-10-30 19:46:35,955 - vessel_data_pipeline - INFO - File temp_Departed_in_last_36_hours.xml passed validation checks
2025-10-30 19:46:35,956 - vessel_data_pipeline - INFO - Created backup: Departed_in_last_36_hours_20251030_194635.xml
2025-10-30 19:46:35,957 - vessel_data_pipeline - INFO - Updated metadata for Departed_in_last_36_hours.xml
2025-10-30 19:46:35,957 - vessel_data_pipeline - INFO - Successfully downloaded and validated Departed_in_last_36_hours.xml
2025-10-30 19:46:37,961 - vessel_data_pipeline - INFO - Downloading Expected_arrivals.xml (attempt 1/3)
2025-10-30 19:46:38,009 - vessel_data_pipeline - INFO - File temp_Expected_arrivals.xml passed validation checks
2025-10-30 19:46:38,009 - vessel_data_pipeline - INFO - Created backup: Expected_arrivals_20251030_194638.xml
2025-10-30 19:46:38,010 - vessel_data_pipeline - INFO - Updated metadata for Expected_arrivals.xml
2025-10-30 19:46:38,010 - vessel_data_pipeline - INFO - Successfully downloaded and validated Expected_arrivals.xml
2025-10-30 19:46:40,015 - vessel_data_pipeline - INFO - Downloading Expected_departures.xml (attempt 1/3)
2025-10-30 19:46:40,071 - vessel_data_pipeline - INFO - File temp_Expected_departures.xml passed validation checks
2025-10-30 19:46:40,072 - vessel_data_pipeline - INFO - Created backup: Expected_departures_20251030_194640.xml
2025-10-30 19:46:40,072 - vessel_data_pipeline - INFO - Updated metadata for Expected_departures.xml
2025-10-30 19:46:40,072 - vessel_data_pipeline - INFO - Successfully downloaded and validated Expected_departures.xml
2025-10-30 19:46:42,075 - vessel_data_pipeline - INFO - Fetch operation completed. Results: {'Arrived_in_last_36_hours.xml': True, 'Departed_in_last_36_hours.xml': True, 'Expected_arrivals.xml': True, 'Expected_departures.xml': True}
2025-10-30 19:46:42,088 - vessel_data_pipeline - INFO - VesselDataFetcher initialized. Pipeline enabled: True
2025-10-30 19:46:42,089 - vessel_data_pipeline - INFO - Starting vessel data fetch operation
2025-10-30 19:46:42,089 - vessel_data_pipeline - INFO - Discovering XML files from Hong Kong Marine Department portal
2025-10-30 19:46:42,181 - vessel_data_pipeline - INFO - Verified access to Arrived_in_last_36_hours.xml
2025-10-30 19:46:42,255 - vessel_data_pipeline - INFO - Verified access to Departed_in_last_36_hours.xml
2025-10-30 19:46:42,289 - vessel_data_pipeline - INFO - Verified access to Expected_arrivals.xml
2025-10-30 19:46:42,318 - vessel_data_pipeline - INFO - Verified access to Expected_departures.xml
2025-10-30 19:46:42,318 - vessel_data_pipeline - INFO - Discovered 4 XML files for download
2025-10-30 19:46:42,318 - vessel_data_pipeline - INFO - Downloading Arrived_in_last_36_hours.xml (attempt 1/3)
2025-10-30 19:46:42,378 - vessel_data_pipeline - INFO - File temp_Arrived_in_last_36_hours.xml passed validation checks
2025-10-30 19:46:42,389 - vessel_data_pipeline - INFO - Created backup: Arrived_in_last_36_hours_20251030_194642.xml
2025-10-30 19:46:42,394 - vessel_data_pipeline - INFO - Updated metadata for Arrived_in_last_36_hours.xml
2025-10-30 19:46:42,394 - vessel_data_pipeline - INFO - Successfully downloaded and validated Arrived_in_last_36_hours.xml
2025-10-30 19:46:44,398 - vessel_data_pipeline - INFO - Downloading Departed_in_last_36_hours.xml (attempt 1/3)
2025-10-30 19:46:44,491 - vessel_data_pipeline - INFO - File temp_Departed_in_last_36_hours.xml passed validation checks
2025-10-30 19:46:44,491 - vessel_data_pipeline - INFO - Created backup: Departed_in_last_36_hours_20251030_194644.xml
2025-10-30 19:46:44,492 - vessel_data_pipeline - INFO - Updated metadata for Departed_in_last_36_hours.xml
2025-10-30 19:46:44,492 - vessel_data_pipeline - INFO - Successfully downloaded and validated Departed_in_last_36_hours.xml
2025-10-30 19:46:46,494 - vessel_data_pipeline - INFO - Downloading Expected_arrivals.xml (attempt 1/3)
2025-10-30 19:46:46,557 - vessel_data_pipeline - INFO - File temp_Expected_arrivals.xml passed validation checks
2025-10-30 19:46:46,558 - vessel_data_pipeline - INFO - Created backup: Expected_arrivals_20251030_194646.xml
2025-10-30 19:46:46,558 - vessel_data_pipeline - INFO - Updated metadata for Expected_arrivals.xml
2025-10-30 19:46:46,558 - vessel_data_pipeline - INFO - Successfully downloaded and validated Expected_arrivals.xml
2025-10-30 19:46:48,563 - vessel_data_pipeline - INFO - Downloading Expected_departures.xml (attempt 1/3)
2025-10-30 19:46:48,663 - vessel_data_pipeline - INFO - File temp_Expected_departures.xml passed validation checks
2025-10-30 19:46:48,664 - vessel_data_pipeline - INFO - Created backup: Expected_departures_20251030_194648.xml
2025-10-30 19:46:48,664 - vessel_data_pipeline - INFO - Updated metadata for Expected_departures.xml
2025-10-30 19:46:48,664 - vessel_data_pipeline - INFO - Successfully downloaded and validated Expected_departures.xml
2025-10-30 19:46:50,667 - vessel_data_pipeline - INFO - Fetch operation completed. Results: {'Arrived_in_last_36_hours.xml': True, 'Departed_in_last_36_hours.xml': True, 'Expected_arrivals.xml': True, 'Expected_departures.xml': True}
2025-10-30 19:47:17,852 - vessel_data_pipeline - INFO - VesselDataFetcher initialized. Pipeline enabled: True
2025-10-30 19:47:17,853 - vessel_data_pipeline - INFO - Starting vessel data fetch operation
2025-10-30 19:47:17,853 - vessel_data_pipeline - INFO - Discovering XML files from Hong Kong Marine Department portal
2025-10-30 19:47:17,991 - vessel_data_pipeline - INFO - Verified access to Arrived_in_last_36_hours.xml
2025-10-30 19:47:18,233 - vessel_data_pipeline - INFO - Verified access to Departed_in_last_36_hours.xml
2025-10-30 19:47:18,275 - vessel_data_pipeline - INFO - Verified access to Expected_arrivals.xml
2025-10-30 19:47:18,312 - vessel_data_pipeline - INFO - Verified access to Expected_departures.xml
2025-10-30 19:47:18,312 - vessel_data_pipeline - INFO - Discovered 4 XML files for download
2025-10-30 19:47:18,313 - vessel_data_pipeline - INFO - Downloading Arrived_in_last_36_hours.xml (attempt 1/3)
2025-10-30 19:47:18,388 - vessel_data_pipeline - INFO - File temp_Arrived_in_last_36_hours.xml passed validation checks
2025-10-30 19:47:18,390 - vessel_data_pipeline - INFO - Created backup: Arrived_in_last_36_hours_20251030_194718.xml
2025-10-30 19:47:18,392 - vessel_data_pipeline - INFO - Updated metadata for Arrived_in_last_36_hours.xml
2025-10-30 19:47:18,392 - vessel_data_pipeline - INFO - Successfully downloaded and validated Arrived_in_last_36_hours.xml
2025-10-30 19:47:20,397 - vessel_data_pipeline - INFO - Downloading Departed_in_last_36_hours.xml (attempt 1/3)
2025-10-30 19:47:20,476 - vessel_data_pipeline - INFO - File temp_Departed_in_last_36_hours.xml passed validation checks
2025-10-30 19:47:20,477 - vessel_data_pipeline - INFO - Created backup: Departed_in_last_36_hours_20251030_194720.xml
2025-10-30 19:47:20,477 - vessel_data_pipeline - INFO - Updated metadata for Departed_in_last_36_hours.xml
2025-10-30 19:47:20,477 - vessel_data_pipeline - INFO - Successfully downloaded and validated Departed_in_last_36_hours.xml
2025-10-30 19:47:22,481 - vessel_data_pipeline - INFO - Downloading Expected_arrivals.xml (attempt 1/3)
2025-10-30 19:47:22,534 - vessel_data_pipeline - INFO - File temp_Expected_arrivals.xml passed validation checks
2025-10-30 19:47:22,535 - vessel_data_pipeline - INFO - Created backup: Expected_arrivals_20251030_194722.xml
2025-10-30 19:47:22,535 - vessel_data_pipeline - INFO - Updated metadata for Expected_arrivals.xml
2025-10-30 19:47:22,535 - vessel_data_pipeline - INFO - Successfully downloaded and validated Expected_arrivals.xml
2025-10-30 19:47:24,539 - vessel_data_pipeline - INFO - Downloading Expected_departures.xml (attempt 1/3)
2025-10-30 19:47:24,592 - vessel_data_pipeline - INFO - File temp_Expected_departures.xml passed validation checks
2025-10-30 19:47:24,592 - vessel_data_pipeline - INFO - Created backup: Expected_departures_20251030_194724.xml
2025-10-30 19:47:24,593 - vessel_data_pipeline - INFO - Updated metadata for Expected_departures.xml
2025-10-30 19:47:24,593 - vessel_data_pipeline - INFO - Successfully downloaded and validated Expected_departures.xml
2025-10-30 19:47:26,595 - vessel_data_pipeline - INFO - Fetch operation completed. Results: {'Arrived_in_last_36_hours.xml': True, 'Departed_in_last_36_hours.xml': True, 'Expected_arrivals.xml': True, 'Expected_departures.xml': True}
2025-10-30 19:47:26,910 - vessel_data_pipeline - INFO - VesselDataFetcher initialized. Pipeline enabled: True
2025-10-30 19:47:26,913 - vessel_data_pipeline - INFO - Starting vessel data fetch operation
2025-10-30 19:47:26,913 - vessel_data_pipeline - INFO - Discovering XML files from Hong Kong Marine Department portal
2025-10-30 19:47:26,999 - vessel_data_pipeline - INFO - Verified access to Arrived_in_last_36_hours.xml
2025-10-30 19:47:27,039 - vessel_data_pipeline - INFO - Verified access to Departed_in_last_36_hours.xml
2025-10-30 19:47:27,072 - vessel_data_pipeline - INFO - Verified access to Expected_arrivals.xml
2025-10-30 19:47:27,130 - vessel_data_pipeline - INFO - Verified access to Expected_departures.xml
2025-10-30 19:47:27,130 - vessel_data_pipeline - INFO - Discovered 4 XML files for download
2025-10-30 19:47:27,135 - vessel_data_pipeline - INFO - Downloading Arrived_in_last_36_hours.xml (attempt 1/3)
2025-10-30 19:47:27,214 - vessel_data_pipeline - INFO - File temp_Arrived_in_last_36_hours.xml passed validation checks
2025-10-30 19:47:27,220 - vessel_data_pipeline - INFO - Created backup: Arrived_in_last_36_hours_20251030_194727.xml
2025-10-30 19:47:27,225 - vessel_data_pipeline - INFO - Updated metadata for Arrived_in_last_36_hours.xml
2025-10-30 19:47:27,225 - vessel_data_pipeline - INFO - Successfully downloaded and validated Arrived_in_last_36_hours.xml
2025-10-30 19:47:29,230 - vessel_data_pipeline - INFO - Downloading Departed_in_last_36_hours.xml (attempt 1/3)
2025-10-30 19:47:29,358 - vessel_data_pipeline - INFO - File temp_Departed_in_last_36_hours.xml passed validation checks
2025-10-30 19:47:29,358 - vessel_data_pipeline - INFO - Created backup: Departed_in_last_36_hours_20251030_194729.xml
2025-10-30 19:47:29,358 - vessel_data_pipeline - INFO - Updated metadata for Departed_in_last_36_hours.xml
2025-10-30 19:47:29,358 - vessel_data_pipeline - INFO - Successfully downloaded and validated Departed_in_last_36_hours.xml
2025-10-30 19:47:31,363 - vessel_data_pipeline - INFO - Downloading Expected_arrivals.xml (attempt 1/3)
2025-10-30 19:47:31,413 - vessel_data_pipeline - INFO - File temp_Expected_arrivals.xml passed validation checks
2025-10-30 19:47:31,414 - vessel_data_pipeline - INFO - Created backup: Expected_arrivals_20251030_194731.xml
2025-10-30 19:47:31,414 - vessel_data_pipeline - INFO - Updated metadata for Expected_arrivals.xml
2025-10-30 19:47:31,414 - vessel_data_pipeline - INFO - Successfully downloaded and validated Expected_arrivals.xml
2025-10-30 19:47:33,418 - vessel_data_pipeline - INFO - Downloading Expected_departures.xml (attempt 1/3)
2025-10-30 19:47:33,522 - vessel_data_pipeline - INFO - File temp_Expected_departures.xml passed validation checks
2025-10-30 19:47:33,523 - vessel_data_pipeline - INFO - Created backup: Expected_departures_20251030_194733.xml
2025-10-30 19:47:33,523 - vessel_data_pipeline - INFO - Updated metadata for Expected_departures.xml
2025-10-30 19:47:33,523 - vessel_data_pipeline - INFO - Successfully downloaded and validated Expected_departures.xml
2025-10-30 19:47:35,528 - vessel_data_pipeline - INFO - Fetch operation completed. Results: {'Arrived_in_last_36_hours.xml': True, 'Departed_in_last_36_hours.xml': True, 'Expected_arrivals.xml': True, 'Expected_departures.xml': True}
2025-10-30 19:47:35,532 - vessel_data_pipeline - INFO - VesselDataFetcher initialized. Pipeline enabled: True
2025-10-30 19:47:35,541 - vessel_data_pipeline - INFO - Starting vessel data fetch operation
2025-10-30 19:47:35,541 - vessel_data_pipeline - INFO - Discovering XML files from Hong Kong Marine Department portal
2025-10-30 19:47:35,620 - vessel_data_pipeline - INFO - Verified access to Arrived_in_last_36_hours.xml
2025-10-30 19:47:35,691 - vessel_data_pipeline - INFO - Verified access to Departed_in_last_36_hours.xml
2025-10-30 19:47:35,781 - vessel_data_pipeline - INFO - Verified access to Expected_arrivals.xml
2025-10-30 19:47:35,820 - vessel_data_pipeline - INFO - Verified access to Expected_departures.xml
2025-10-30 19:47:35,820 - vessel_data_pipeline - INFO - Discovered 4 XML files for download
2025-10-30 19:47:35,820 - vessel_data_pipeline - INFO - Downloading Arrived_in_last_36_hours.xml (attempt 1/3)
2025-10-30 19:47:35,918 - vessel_data_pipeline - INFO - File temp_Arrived_in_last_36_hours.xml passed validation checks
2025-10-30 19:47:35,929 - vessel_data_pipeline - INFO - Created backup: Arrived_in_last_36_hours_20251030_194735.xml
2025-10-30 19:47:35,935 - vessel_data_pipeline - INFO - Updated metadata for Arrived_in_last_36_hours.xml
2025-10-30 19:47:35,935 - vessel_data_pipeline - INFO - Successfully downloaded and validated Arrived_in_last_36_hours.xml
2025-10-30 19:47:37,937 - vessel_data_pipeline - INFO - Downloading Departed_in_last_36_hours.xml (attempt 1/3)
2025-10-30 19:47:37,996 - vessel_data_pipeline - INFO - File temp_Departed_in_last_36_hours.xml passed validation checks
2025-10-30 19:47:37,996 - vessel_data_pipeline - INFO - Created backup: Departed_in_last_36_hours_20251030_194737.xml
2025-10-30 19:47:37,997 - vessel_data_pipeline - INFO - Updated metadata for Departed_in_last_36_hours.xml
2025-10-30 19:47:37,997 - vessel_data_pipeline - INFO - Successfully downloaded and validated Departed_in_last_36_hours.xml
2025-10-30 19:47:40,002 - vessel_data_pipeline - INFO - Downloading Expected_arrivals.xml (attempt 1/3)
2025-10-30 19:47:40,051 - vessel_data_pipeline - INFO - File temp_Expected_arrivals.xml passed validation checks
2025-10-30 19:47:40,052 - vessel_data_pipeline - INFO - Created backup: Expected_arrivals_20251030_194740.xml
2025-10-30 19:47:40,052 - vessel_data_pipeline - INFO - Updated metadata for Expected_arrivals.xml
2025-10-30 19:47:40,052 - vessel_data_pipeline - INFO - Successfully downloaded and validated Expected_arrivals.xml
2025-10-30 19:47:42,057 - vessel_data_pipeline - INFO - Downloading Expected_departures.xml (attempt 1/3)
2025-10-30 19:47:42,127 - vessel_data_pipeline - INFO - File temp_Expected_departures.xml passed validation checks
2025-10-30 19:47:42,128 - vessel_data_pipeline - INFO - Created backup: Expected_departures_20251030_194742.xml
2025-10-30 19:47:42,128 - vessel_data_pipeline - INFO - Updated metadata for Expected_departures.xml
2025-10-30 19:47:42,128 - vessel_data_pipeline - INFO - Successfully downloaded and validated Expected_departures.xml
2025-10-30 19:47:44,133 - vessel_data_pipeline - INFO - Fetch operation completed. Results: {'Arrived_in_last_36_hours.xml': True, 'Departed_in_last_36_hours.xml': True, 'Expected_arrivals.xml': True, 'Expected_departures.xml': True}
2025-10-30 19:47:47,188 - vessel_data_pipeline - INFO - VesselDataFetcher initialized. Pipeline enabled: True
2025-10-30 19:47:47,189 - vessel_data_pipeline - INFO - Starting vessel data fetch operation
2025-10-30 19:47:47,189 - vessel_data_pipeline - INFO - Discovering XML files from Hong Kong Marine Department portal
2025-10-30 19:47:47,247 - vessel_data_pipeline - INFO - Verified access to Arrived_in_last_36_hours.xml
2025-10-30 19:47:47,279 - vessel_data_pipeline - INFO - Verified access to Departed_in_last_36_hours.xml
2025-10-30 19:47:47,318 - vessel_data_pipeline - INFO - Verified access to Expected_arrivals.xml
2025-10-30 19:47:47,366 - vessel_data_pipeline - INFO - Verified access to Expected_departures.xml
2025-10-30 19:47:47,366 - vessel_data_pipeline - INFO - Discovered 4 XML files for download
2025-10-30 19:47:47,366 - vessel_data_pipeline - INFO - Downloading Arrived_in_last_36_hours.xml (attempt 1/3)
2025-10-30 19:47:47,414 - vessel_data_pipeline - INFO - File temp_Arrived_in_last_36_hours.xml passed validation checks
2025-10-30 19:47:47,415 - vessel_data_pipeline - INFO - Created backup: Arrived_in_last_36_hours_20251030_194747.xml
2025-10-30 19:47:47,416 - vessel_data_pipeline - INFO - Updated metadata for Arrived_in_last_36_hours.xml
2025-10-30 19:47:47,416 - vessel_data_pipeline - INFO - Successfully downloaded and validated Arrived_in_last_36_hours.xml
2025-10-30 19:47:49,419 - vessel_data_pipeline - INFO - Downloading Departed_in_last_36_hours.xml (attempt 1/3)
2025-10-30 19:47:49,515 - vessel_data_pipeline - INFO - File temp_Departed_in_last_36_hours.xml passed validation checks
2025-10-30 19:47:49,516 - vessel_data_pipeline - INFO - Created backup: Departed_in_last_36_hours_20251030_194749.xml
2025-10-30 19:47:49,516 - vessel_data_pipeline - INFO - Updated metadata for Departed_in_last_36_hours.xml
2025-10-30 19:47:49,516 - vessel_data_pipeline - INFO - Successfully downloaded and validated Departed_in_last_36_hours.xml
2025-10-30 19:47:51,518 - vessel_data_pipeline - INFO - Downloading Expected_arrivals.xml (attempt 1/3)
2025-10-30 19:47:51,578 - vessel_data_pipeline - INFO - File temp_Expected_arrivals.xml passed validation checks
2025-10-30 19:47:51,590 - vessel_data_pipeline - INFO - Created backup: Expected_arrivals_20251030_194751.xml
2025-10-30 19:47:51,595 - vessel_data_pipeline - INFO - Updated metadata for Expected_arrivals.xml
2025-10-30 19:47:51,597 - vessel_data_pipeline - INFO - Successfully downloaded and validated Expected_arrivals.xml
2025-10-30 19:47:53,600 - vessel_data_pipeline - INFO - Downloading Expected_departures.xml (attempt 1/3)
2025-10-30 19:47:53,645 - vessel_data_pipeline - INFO - File temp_Expected_departures.xml passed validation checks
2025-10-30 19:47:53,646 - vessel_data_pipeline - INFO - Created backup: Expected_departures_20251030_194753.xml
2025-10-30 19:47:53,646 - vessel_data_pipeline - INFO - Updated metadata for Expected_departures.xml
2025-10-30 19:47:53,646 - vessel_data_pipeline - INFO - Successfully downloaded and validated Expected_departures.xml
2025-10-30 19:47:55,651 - vessel_data_pipeline - INFO - Fetch operation completed. Results: {'Arrived_in_last_36_hours.xml': True, 'Departed_in_last_36_hours.xml': True, 'Expected_arrivals.xml': True, 'Expected_departures.xml': True}
2025-10-30 19:47:55,656 - vessel_data_pipeline - INFO - VesselDataFetcher initialized. Pipeline enabled: True
2025-10-30 19:47:55,656 - vessel_data_pipeline - INFO - Starting vessel data fetch operation
2025-10-30 19:47:55,656 - vessel_data_pipeline - INFO - Discovering XML files from Hong Kong Marine Department portal
2025-10-30 19:47:55,713 - vessel_data_pipeline - INFO - Verified access to Arrived_in_last_36_hours.xml
2025-10-30 19:47:55,758 - vessel_data_pipeline - INFO - Verified access to Departed_in_last_36_hours.xml
2025-10-30 19:47:55,796 - vessel_data_pipeline - INFO - Verified access to Expected_arrivals.xml
2025-10-30 19:47:55,831 - vessel_data_pipeline - INFO - Verified access to Expected_departures.xml
2025-10-30 19:47:55,831 - vessel_data_pipeline - INFO - Discovered 4 XML files for download
2025-10-30 19:47:55,831 - vessel_data_pipeline - INFO - Downloading Arrived_in_last_36_hours.xml (attempt 1/3)
2025-10-30 19:47:55,900 - vessel_data_pipeline - INFO - File temp_Arrived_in_last_36_hours.xml passed validation checks
2025-10-30 19:47:55,901 - vessel_data_pipeline - INFO - Created backup: Arrived_in_last_36_hours_20251030_194755.xml
2025-10-30 19:47:55,901 - vessel_data_pipeline - INFO - Updated metadata for Arrived_in_last_36_hours.xml
2025-10-30 19:47:55,901 - vessel_data_pipeline - INFO - Successfully downloaded and validated Arrived_in_last_36_hours.xml
2025-10-30 19:47:57,906 - vessel_data_pipeline - INFO - Downloading Departed_in_last_36_hours.xml (attempt 1/3)
2025-10-30 19:47:57,962 - vessel_data_pipeline - INFO - File temp_Departed_in_last_36_hours.xml passed validation checks
2025-10-30 19:47:57,963 - vessel_data_pipeline - INFO - Created backup: Departed_in_last_36_hours_20251030_194757.xml
2025-10-30 19:47:57,963 - vessel_data_pipeline - INFO - Updated metadata for Departed_in_last_36_hours.xml
2025-10-30 19:47:57,963 - vessel_data_pipeline - INFO - Successfully downloaded and validated Departed_in_last_36_hours.xml
2025-10-30 19:47:59,968 - vessel_data_pipeline - INFO - Downloading Expected_arrivals.xml (attempt 1/3)
2025-10-30 19:48:00,014 - vessel_data_pipeline - INFO - File temp_Expected_arrivals.xml passed validation checks
2025-10-30 19:48:00,015 - vessel_data_pipeline - INFO - Created backup: Expected_arrivals_20251030_194800.xml
2025-10-30 19:48:00,015 - vessel_data_pipeline - INFO - Updated metadata for Expected_arrivals.xml
2025-10-30 19:48:00,015 - vessel_data_pipeline - INFO - Successfully downloaded and validated Expected_arrivals.xml
2025-10-30 19:48:02,020 - vessel_data_pipeline - INFO - Downloading Expected_departures.xml (attempt 1/3)
2025-10-30 19:48:02,218 - vessel_data_pipeline - INFO - File temp_Expected_departures.xml passed validation checks
2025-10-30 19:48:02,219 - vessel_data_pipeline - INFO - Created backup: Expected_departures_20251030_194802.xml
2025-10-30 19:48:02,219 - vessel_data_pipeline - INFO - Updated metadata for Expected_departures.xml
2025-10-30 19:48:02,219 - vessel_data_pipeline - INFO - Successfully downloaded and validated Expected_departures.xml
2025-10-30 19:48:04,220 - vessel_data_pipeline - INFO - Fetch operation completed. Results: {'Arrived_in_last_36_hours.xml': True, 'Departed_in_last_36_hours.xml': True, 'Expected_arrivals.xml': True, 'Expected_departures.xml': True}
2025-10-30 19:48:04,235 - vessel_data_pipeline - INFO - VesselDataFetcher initialized. Pipeline enabled: True
2025-10-30 19:48:04,236 - vessel_data_pipeline - INFO - Starting vessel data fetch operation
2025-10-30 19:48:04,236 - vessel_data_pipeline - INFO - Discovering XML files from Hong Kong Marine Department portal
2025-10-30 19:48:04,316 - vessel_data_pipeline - INFO - Verified access to Arrived_in_last_36_hours.xml
2025-10-30 19:48:04,349 - vessel_data_pipeline - INFO - Verified access to Departed_in_last_36_hours.xml
2025-10-30 19:48:04,382 - vessel_data_pipeline - INFO - Verified access to Expected_arrivals.xml
2025-10-30 19:48:04,443 - vessel_data_pipeline - INFO - Verified access to Expected_departures.xml
2025-10-30 19:48:04,443 - vessel_data_pipeline - INFO - Discovered 4 XML files for download
2025-10-30 19:48:04,443 - vessel_data_pipeline - INFO - Downloading Arrived_in_last_36_hours.xml (attempt 1/3)
2025-10-30 19:48:04,605 - vessel_data_pipeline - INFO - File temp_Arrived_in_last_36_hours.xml passed validation checks
2025-10-30 19:48:04,605 - vessel_data_pipeline - INFO - Created backup: Arrived_in_last_36_hours_20251030_194804.xml
2025-10-30 19:48:04,605 - vessel_data_pipeline - INFO - Updated metadata for Arrived_in_last_36_hours.xml
2025-10-30 19:48:04,605 - vessel_data_pipeline - INFO - Successfully downloaded and validated Arrived_in_last_36_hours.xml
2025-10-30 19:48:06,611 - vessel_data_pipeline - INFO - Downloading Departed_in_last_36_hours.xml (attempt 1/3)
2025-10-30 19:48:06,858 - vessel_data_pipeline - INFO - File temp_Departed_in_last_36_hours.xml passed validation checks
2025-10-30 19:48:06,863 - vessel_data_pipeline - INFO - Created backup: Departed_in_last_36_hours_20251030_194806.xml
2025-10-30 19:48:06,869 - vessel_data_pipeline - INFO - Updated metadata for Departed_in_last_36_hours.xml
2025-10-30 19:48:06,869 - vessel_data_pipeline - INFO - Successfully downloaded and validated Departed_in_last_36_hours.xml
2025-10-30 19:48:08,874 - vessel_data_pipeline - INFO - Downloading Expected_arrivals.xml (attempt 1/3)
2025-10-30 19:48:08,952 - vessel_data_pipeline - INFO - File temp_Expected_arrivals.xml passed validation checks
2025-10-30 19:48:08,952 - vessel_data_pipeline - INFO - Created backup: Expected_arrivals_20251030_194808.xml
2025-10-30 19:48:08,953 - vessel_data_pipeline - INFO - Updated metadata for Expected_arrivals.xml
2025-10-30 19:48:08,953 - vessel_data_pipeline - INFO - Successfully downloaded and validated Expected_arrivals.xml
2025-10-30 19:48:10,953 - vessel_data_pipeline - INFO - Downloading Expected_departures.xml (attempt 1/3)
2025-10-30 19:48:11,000 - vessel_data_pipeline - INFO - File temp_Expected_departures.xml passed validation checks
2025-10-30 19:48:11,000 - vessel_data_pipeline - INFO - Created backup: Expected_departures_20251030_194811.xml
2025-10-30 19:48:11,000 - vessel_data_pipeline - INFO - Updated metadata for Expected_departures.xml
2025-10-30 19:48:11,001 - vessel_data_pipeline - INFO - Successfully downloaded and validated Expected_departures.xml
2025-10-30 19:48:13,001 - vessel_data_pipeline - INFO - Fetch operation completed. Results: {'Arrived_in_last_36_hours.xml': True, 'Departed_in_last_36_hours.xml': True, 'Expected_arrivals.xml': True, 'Expected_departures.xml': True}
2025-10-30 19:48:13,005 - vessel_data_pipeline - INFO - VesselDataFetcher initialized. Pipeline enabled: True
2025-10-30 19:48:13,006 - vessel_data_pipeline - INFO - Starting vessel data fetch operation
2025-10-30 19:48:13,006 - vessel_data_pipeline - INFO - Discovering XML files from Hong Kong Marine Department portal
2025-10-30 19:48:13,145 - vessel_data_pipeline - INFO - Verified access to Arrived_in_last_36_hours.xml
2025-10-30 19:48:13,186 - vessel_data_pipeline - INFO - Verified access to Departed_in_last_36_hours.xml
2025-10-30 19:48:13,237 - vessel_data_pipeline - INFO - Verified access to Expected_arrivals.xml
2025-10-30 19:48:13,295 - vessel_data_pipeline - INFO - Verified access to Expected_departures.xml
2025-10-30 19:48:13,295 - vessel_data_pipeline - INFO - Discovered 4 XML files for download
2025-10-30 19:48:13,295 - vessel_data_pipeline - INFO - Downloading Arrived_in_last_36_hours.xml (attempt 1/3)
2025-10-30 19:48:13,387 - vessel_data_pipeline - INFO - File temp_Arrived_in_last_36_hours.xml passed validation checks
2025-10-30 19:48:13,388 - vessel_data_pipeline - INFO - Created backup: Arrived_in_last_36_hours_20251030_194813.xml
2025-10-30 19:48:13,388 - vessel_data_pipeline - INFO - Updated metadata for Arrived_in_last_36_hours.xml
2025-10-30 19:48:13,388 - vessel_data_pipeline - INFO - Successfully downloaded and validated Arrived_in_last_36_hours.xml
2025-10-30 19:48:15,390 - vessel_data_pipeline - INFO - Downloading Departed_in_last_36_hours.xml (attempt 1/3)
2025-10-30 19:48:15,448 - vessel_data_pipeline - INFO - File temp_Departed_in_last_36_hours.xml passed validation checks
2025-10-30 19:48:15,448 - vessel_data_pipeline - INFO - Created backup: Departed_in_last_36_hours_20251030_194815.xml
2025-10-30 19:48:15,449 - vessel_data_pipeline - INFO - Updated metadata for Departed_in_last_36_hours.xml
2025-10-30 19:48:15,449 - vessel_data_pipeline - INFO - Successfully downloaded and validated Departed_in_last_36_hours.xml
2025-10-30 19:48:17,454 - vessel_data_pipeline - INFO - Downloading Expected_arrivals.xml (attempt 1/3)
2025-10-30 19:48:17,521 - vessel_data_pipeline - INFO - File temp_Expected_arrivals.xml passed validation checks
2025-10-30 19:48:17,522 - vessel_data_pipeline - INFO - Created backup: Expected_arrivals_20251030_194817.xml
2025-10-30 19:48:17,522 - vessel_data_pipeline - INFO - Updated metadata for Expected_arrivals.xml
2025-10-30 19:48:17,522 - vessel_data_pipeline - INFO - Successfully downloaded and validated Expected_arrivals.xml
2025-10-30 19:48:19,527 - vessel_data_pipeline - INFO - Downloading Expected_departures.xml (attempt 1/3)
2025-10-30 19:48:19,572 - vessel_data_pipeline - INFO - File temp_Expected_departures.xml passed validation checks
2025-10-30 19:48:19,572 - vessel_data_pipeline - INFO - Created backup: Expected_departures_20251030_194819.xml
2025-10-30 19:48:19,573 - vessel_data_pipeline - INFO - Updated metadata for Expected_departures.xml
2025-10-30 19:48:19,573 - vessel_data_pipeline - INFO - Successfully downloaded and validated Expected_departures.xml
2025-10-30 19:48:21,578 - vessel_data_pipeline - INFO - Fetch operation completed. Results: {'Arrived_in_last_36_hours.xml': True, 'Departed_in_last_36_hours.xml': True, 'Expected_arrivals.xml': True, 'Expected_departures.xml': True}
2025-10-30 19:48:53,673 - vessel_data_pipeline - INFO - VesselDataFetcher initialized. Pipeline enabled: True
2025-10-30 19:48:53,675 - vessel_data_pipeline - INFO - Starting vessel data fetch operation
2025-10-30 19:48:53,675 - vessel_data_pipeline - INFO - Discovering XML files from Hong Kong Marine Department portal
2025-10-30 19:48:53,949 - vessel_data_pipeline - INFO - Verified access to Arrived_in_last_36_hours.xml
2025-10-30 19:48:54,233 - vessel_data_pipeline - INFO - Verified access to Departed_in_last_36_hours.xml
2025-10-30 19:48:54,456 - vessel_data_pipeline - INFO - Verified access to Expected_arrivals.xml
2025-10-30 19:48:54,638 - vessel_data_pipeline - INFO - Verified access to Expected_departures.xml
2025-10-30 19:48:54,638 - vessel_data_pipeline - INFO - Discovered 4 XML files for download
2025-10-30 19:48:54,638 - vessel_data_pipeline - INFO - Downloading Arrived_in_last_36_hours.xml (attempt 1/3)
2025-10-30 19:48:54,720 - vessel_data_pipeline - INFO - File temp_Arrived_in_last_36_hours.xml passed validation checks
2025-10-30 19:48:54,722 - vessel_data_pipeline - INFO - Created backup: Arrived_in_last_36_hours_20251030_194854.xml
2025-10-30 19:48:54,723 - vessel_data_pipeline - INFO - Updated metadata for Arrived_in_last_36_hours.xml
2025-10-30 19:48:54,723 - vessel_data_pipeline - INFO - Successfully downloaded and validated Arrived_in_last_36_hours.xml
2025-10-30 19:48:56,729 - vessel_data_pipeline - INFO - Downloading Departed_in_last_36_hours.xml (attempt 1/3)
2025-10-30 19:48:56,810 - vessel_data_pipeline - INFO - File temp_Departed_in_last_36_hours.xml passed validation checks
2025-10-30 19:48:56,811 - vessel_data_pipeline - INFO - Created backup: Departed_in_last_36_hours_20251030_194856.xml
2025-10-30 19:48:56,812 - vessel_data_pipeline - INFO - Updated metadata for Departed_in_last_36_hours.xml
2025-10-30 19:48:56,812 - vessel_data_pipeline - INFO - Successfully downloaded and validated Departed_in_last_36_hours.xml
2025-10-30 19:48:58,817 - vessel_data_pipeline - INFO - Downloading Expected_arrivals.xml (attempt 1/3)
2025-10-30 19:48:58,869 - vessel_data_pipeline - INFO - File temp_Expected_arrivals.xml passed validation checks
2025-10-30 19:48:58,869 - vessel_data_pipeline - INFO - Created backup: Expected_arrivals_20251030_194858.xml
2025-10-30 19:48:58,870 - vessel_data_pipeline - INFO - Updated metadata for Expected_arrivals.xml
2025-10-30 19:48:58,870 - vessel_data_pipeline - INFO - Successfully downloaded and validated Expected_arrivals.xml
2025-10-30 19:49:00,872 - vessel_data_pipeline - INFO - Downloading Expected_departures.xml (attempt 1/3)
2025-10-30 19:49:00,933 - vessel_data_pipeline - INFO - File temp_Expected_departures.xml passed validation checks
2025-10-30 19:49:00,934 - vessel_data_pipeline - INFO - Created backup: Expected_departures_20251030_194900.xml
2025-10-30 19:49:00,934 - vessel_data_pipeline - INFO - Updated metadata for Expected_departures.xml
2025-10-30 19:49:00,934 - vessel_data_pipeline - INFO - Successfully downloaded and validated Expected_departures.xml
2025-10-30 19:49:02,940 - vessel_data_pipeline - INFO - Fetch operation completed. Results: {'Arrived_in_last_36_hours.xml': True, 'Departed_in_last_36_hours.xml': True, 'Expected_arrivals.xml': True, 'Expected_departures.xml': True}
2025-10-30 19:49:03,333 - vessel_data_pipeline - INFO - VesselDataFetcher initialized. Pipeline enabled: True
2025-10-30 19:49:03,335 - vessel_data_pipeline - INFO - Starting vessel data fetch operation
2025-10-30 19:49:03,335 - vessel_data_pipeline - INFO - Discovering XML files from Hong Kong Marine Department portal
2025-10-30 19:49:03,431 - vessel_data_pipeline - INFO - Verified access to Arrived_in_last_36_hours.xml
2025-10-30 19:49:03,491 - vessel_data_pipeline - INFO - Verified access to Departed_in_last_36_hours.xml
2025-10-30 19:49:03,565 - vessel_data_pipeline - INFO - Verified access to Expected_arrivals.xml
2025-10-30 19:49:03,609 - vessel_data_pipeline - INFO - Verified access to Expected_departures.xml
2025-10-30 19:49:03,609 - vessel_data_pipeline - INFO - Discovered 4 XML files for download
2025-10-30 19:49:03,609 - vessel_data_pipeline - INFO - Downloading Arrived_in_last_36_hours.xml (attempt 1/3)
2025-10-30 19:49:03,671 - vessel_data_pipeline - INFO - File temp_Arrived_in_last_36_hours.xml passed validation checks
2025-10-30 19:49:03,672 - vessel_data_pipeline - INFO - Created backup: Arrived_in_last_36_hours_20251030_194903.xml
2025-10-30 19:49:03,672 - vessel_data_pipeline - INFO - Updated metadata for Arrived_in_last_36_hours.xml
2025-10-30 19:49:03,672 - vessel_data_pipeline - INFO - Successfully downloaded and validated Arrived_in_last_36_hours.xml
2025-10-30 19:49:05,677 - vessel_data_pipeline - INFO - Downloading Departed_in_last_36_hours.xml (attempt 1/3)
2025-10-30 19:49:05,750 - vessel_data_pipeline - INFO - File temp_Departed_in_last_36_hours.xml passed validation checks
2025-10-30 19:49:05,750 - vessel_data_pipeline - INFO - Created backup: Departed_in_last_36_hours_20251030_194905.xml
2025-10-30 19:49:05,751 - vessel_data_pipeline - INFO - Updated metadata for Departed_in_last_36_hours.xml
2025-10-30 19:49:05,751 - vessel_data_pipeline - INFO - Successfully downloaded and validated Departed_in_last_36_hours.xml
2025-10-30 19:49:07,756 - vessel_data_pipeline - INFO - Downloading Expected_arrivals.xml (attempt 1/3)
2025-10-30 19:49:07,811 - vessel_data_pipeline - INFO - File temp_Expected_arrivals.xml passed validation checks
2025-10-30 19:49:07,812 - vessel_data_pipeline - INFO - Created backup: Expected_arrivals_20251030_194907.xml
2025-10-30 19:49:07,812 - vessel_data_pipeline - INFO - Updated metadata for Expected_arrivals.xml
2025-10-30 19:49:07,812 - vessel_data_pipeline - INFO - Successfully downloaded and validated Expected_arrivals.xml
2025-10-30 19:49:09,817 - vessel_data_pipeline - INFO - Downloading Expected_departures.xml (attempt 1/3)
2025-10-30 19:49:09,864 - vessel_data_pipeline - INFO - File temp_Expected_departures.xml passed validation checks
2025-10-30 19:49:09,865 - vessel_data_pipeline - INFO - Created backup: Expected_departures_20251030_194909.xml
2025-10-30 19:49:09,865 - vessel_data_pipeline - INFO - Updated metadata for Expected_departures.xml
2025-10-30 19:49:09,865 - vessel_data_pipeline - INFO - Successfully downloaded and validated Expected_departures.xml
2025-10-30 19:49:11,870 - vessel_data_pipeline - INFO - Fetch operation completed. Results: {'Arrived_in_last_36_hours.xml': True, 'Departed_in_last_36_hours.xml': True, 'Expected_arrivals.xml': True, 'Expected_departures.xml': True}
2025-10-30 19:49:11,881 - vessel_data_pipeline - INFO - VesselDataFetcher initialized. Pipeline enabled: True
2025-10-30 19:49:11,882 - vessel_data_pipeline - INFO - Starting vessel data fetch operation
2025-10-30 19:49:11,882 - vessel_data_pipeline - INFO - Discovering XML files from Hong Kong Marine Department portal
2025-10-30 19:49:11,957 - vessel_data_pipeline - INFO - Verified access to Arrived_in_last_36_hours.xml
2025-10-30 19:49:12,025 - vessel_data_pipeline - INFO - Verified access to Departed_in_last_36_hours.xml
2025-10-30 19:49:12,058 - vessel_data_pipeline - INFO - Verified access to Expected_arrivals.xml
2025-10-30 19:49:12,095 - vessel_data_pipeline - INFO - Verified access to Expected_departures.xml
2025-10-30 19:49:12,095 - vessel_data_pipeline - INFO - Discovered 4 XML files for download
2025-10-30 19:49:12,095 - vessel_data_pipeline - INFO - Downloading Arrived_in_last_36_hours.xml (attempt 1/3)
2025-10-30 19:49:12,474 - vessel_data_pipeline - INFO - File temp_Arrived_in_last_36_hours.xml passed validation checks
2025-10-30 19:49:12,475 - vessel_data_pipeline - INFO - Created backup: Arrived_in_last_36_hours_20251030_194912.xml
2025-10-30 19:49:12,475 - vessel_data_pipeline - INFO - Updated metadata for Arrived_in_last_36_hours.xml
2025-10-30 19:49:12,475 - vessel_data_pipeline - INFO - Successfully downloaded and validated Arrived_in_last_36_hours.xml
2025-10-30 19:49:14,480 - vessel_data_pipeline - INFO - Downloading Departed_in_last_36_hours.xml (attempt 1/3)
2025-10-30 19:49:14,546 - vessel_data_pipeline - INFO - File temp_Departed_in_last_36_hours.xml passed validation checks
2025-10-30 19:49:14,547 - vessel_data_pipeline - INFO - Created backup: Departed_in_last_36_hours_20251030_194914.xml
2025-10-30 19:49:14,547 - vessel_data_pipeline - INFO - Updated metadata for Departed_in_last_36_hours.xml
2025-10-30 19:49:14,547 - vessel_data_pipeline - INFO - Successfully downloaded and validated Departed_in_last_36_hours.xml
2025-10-30 19:49:16,552 - vessel_data_pipeline - INFO - Downloading Expected_arrivals.xml (attempt 1/3)
2025-10-30 19:49:16,618 - vessel_data_pipeline - INFO - File temp_Expected_arrivals.xml passed validation checks
2025-10-30 19:49:16,619 - vessel_data_pipeline - INFO - Created backup: Expected_arrivals_20251030_194916.xml
2025-10-30 19:49:16,619 - vessel_data_pipeline - INFO - Updated metadata for Expected_arrivals.xml
2025-10-30 19:49:16,619 - vessel_data_pipeline - INFO - Successfully downloaded and validated Expected_arrivals.xml
2025-10-30 19:49:18,623 - vessel_data_pipeline - INFO - Downloading Expected_departures.xml (attempt 1/3)
2025-10-30 19:49:18,676 - vessel_data_pipeline - INFO - File temp_Expected_departures.xml passed validation checks
2025-10-30 19:49:18,676 - vessel_data_pipeline - INFO - Created backup: Expected_departures_20251030_194918.xml
2025-10-30 19:49:18,677 - vessel_data_pipeline - INFO - Updated metadata for Expected_departures.xml
2025-10-30 19:49:18,677 - vessel_data_pipeline - INFO - Successfully downloaded and validated Expected_departures.xml
2025-10-30 19:49:20,682 - vessel_data_pipeline - INFO - Fetch operation completed. Results: {'Arrived_in_last_36_hours.xml': True, 'Departed_in_last_36_hours.xml': True, 'Expected_arrivals.xml': True, 'Expected_departures.xml': True}
2025-10-30 19:49:23,693 - vessel_data_pipeline - INFO - VesselDataFetcher initialized. Pipeline enabled: True
2025-10-30 19:49:23,694 - vessel_data_pipeline - INFO - Starting vessel data fetch operation
2025-10-30 19:49:23,694 - vessel_data_pipeline - INFO - Discovering XML files from Hong Kong Marine Department portal
2025-10-30 19:49:23,755 - vessel_data_pipeline - INFO - Verified access to Arrived_in_last_36_hours.xml
2025-10-30 19:49:23,795 - vessel_data_pipeline - INFO - Verified access to Departed_in_last_36_hours.xml
2025-10-30 19:49:23,839 - vessel_data_pipeline - INFO - Verified access to Expected_arrivals.xml
2025-10-30 19:49:23,877 - vessel_data_pipeline - INFO - Verified access to Expected_departures.xml
2025-10-30 19:49:23,877 - vessel_data_pipeline - INFO - Discovered 4 XML files for download
2025-10-30 19:49:23,877 - vessel_data_pipeline - INFO - Downloading Arrived_in_last_36_hours.xml (attempt 1/3)
2025-10-30 19:49:23,944 - vessel_data_pipeline - INFO - File temp_Arrived_in_last_36_hours.xml passed validation checks
2025-10-30 19:49:23,944 - vessel_data_pipeline - INFO - Created backup: Arrived_in_last_36_hours_20251030_194923.xml
2025-10-30 19:49:23,945 - vessel_data_pipeline - INFO - Updated metadata for Arrived_in_last_36_hours.xml
2025-10-30 19:49:23,945 - vessel_data_pipeline - INFO - Successfully downloaded and validated Arrived_in_last_36_hours.xml
2025-10-30 19:49:25,946 - vessel_data_pipeline - INFO - Downloading Departed_in_last_36_hours.xml (attempt 1/3)
2025-10-30 19:49:26,011 - vessel_data_pipeline - INFO - File temp_Departed_in_last_36_hours.xml passed validation checks
2025-10-30 19:49:26,011 - vessel_data_pipeline - INFO - Created backup: Departed_in_last_36_hours_20251030_194926.xml
2025-10-30 19:49:26,012 - vessel_data_pipeline - INFO - Updated metadata for Departed_in_last_36_hours.xml
2025-10-30 19:49:26,012 - vessel_data_pipeline - INFO - Successfully downloaded and validated Departed_in_last_36_hours.xml
2025-10-30 19:49:28,017 - vessel_data_pipeline - INFO - Downloading Expected_arrivals.xml (attempt 1/3)
2025-10-30 19:49:28,063 - vessel_data_pipeline - INFO - File temp_Expected_arrivals.xml passed validation checks
2025-10-30 19:49:28,064 - vessel_data_pipeline - INFO - Created backup: Expected_arrivals_20251030_194928.xml
2025-10-30 19:49:28,064 - vessel_data_pipeline - INFO - Updated metadata for Expected_arrivals.xml
2025-10-30 19:49:28,064 - vessel_data_pipeline - INFO - Successfully downloaded and validated Expected_arrivals.xml
2025-10-30 19:49:30,069 - vessel_data_pipeline - INFO - Downloading Expected_departures.xml (attempt 1/3)
2025-10-30 19:49:30,115 - vessel_data_pipeline - INFO - File temp_Expected_departures.xml passed validation checks
2025-10-30 19:49:30,116 - vessel_data_pipeline - INFO - Created backup: Expected_departures_20251030_194930.xml
2025-10-30 19:49:30,116 - vessel_data_pipeline - INFO - Updated metadata for Expected_departures.xml
2025-10-30 19:49:30,116 - vessel_data_pipeline - INFO - Successfully downloaded and validated Expected_departures.xml
2025-10-30 19:49:32,116 - vessel_data_pipeline - INFO - Fetch operation completed. Results: {'Arrived_in_last_36_hours.xml': True, 'Departed_in_last_36_hours.xml': True, 'Expected_arrivals.xml': True, 'Expected_departures.xml': True}
2025-10-30 19:49:32,120 - vessel_data_pipeline - INFO - VesselDataFetcher initialized. Pipeline enabled: True
2025-10-30 19:49:32,120 - vessel_data_pipeline - INFO - Starting vessel data fetch operation
2025-10-30 19:49:32,120 - vessel_data_pipeline - INFO - Discovering XML files from Hong Kong Marine Department portal
2025-10-30 19:49:32,179 - vessel_data_pipeline - INFO - Verified access to Arrived_in_last_36_hours.xml
2025-10-30 19:49:32,234 - vessel_data_pipeline - INFO - Verified access to Departed_in_last_36_hours.xml
2025-10-30 19:49:32,275 - vessel_data_pipeline - INFO - Verified access to Expected_arrivals.xml
2025-10-30 19:49:32,306 - vessel_data_pipeline - INFO - Verified access to Expected_departures.xml
2025-10-30 19:49:32,306 - vessel_data_pipeline - INFO - Discovered 4 XML files for download
2025-10-30 19:49:32,306 - vessel_data_pipeline - INFO - Downloading Arrived_in_last_36_hours.xml (attempt 1/3)
2025-10-30 19:49:32,361 - vessel_data_pipeline - INFO - File temp_Arrived_in_last_36_hours.xml passed validation checks
2025-10-30 19:49:32,362 - vessel_data_pipeline - INFO - Created backup: Arrived_in_last_36_hours_20251030_194932.xml
2025-10-30 19:49:32,362 - vessel_data_pipeline - INFO - Updated metadata for Arrived_in_last_36_hours.xml
2025-10-30 19:49:32,362 - vessel_data_pipeline - INFO - Successfully downloaded and validated Arrived_in_last_36_hours.xml
2025-10-30 19:49:34,367 - vessel_data_pipeline - INFO - Downloading Departed_in_last_36_hours.xml (attempt 1/3)
2025-10-30 19:49:34,470 - vessel_data_pipeline - INFO - File temp_Departed_in_last_36_hours.xml passed validation checks
2025-10-30 19:49:34,470 - vessel_data_pipeline - INFO - Created backup: Departed_in_last_36_hours_20251030_194934.xml
2025-10-30 19:49:34,470 - vessel_data_pipeline - INFO - Updated metadata for Departed_in_last_36_hours.xml
2025-10-30 19:49:34,470 - vessel_data_pipeline - INFO - Successfully downloaded and validated Departed_in_last_36_hours.xml
2025-10-30 19:49:36,474 - vessel_data_pipeline - INFO - Downloading Expected_arrivals.xml (attempt 1/3)
2025-10-30 19:49:36,545 - vessel_data_pipeline - INFO - File temp_Expected_arrivals.xml passed validation checks
2025-10-30 19:49:36,545 - vessel_data_pipeline - INFO - Created backup: Expected_arrivals_20251030_194936.xml
2025-10-30 19:49:36,546 - vessel_data_pipeline - INFO - Updated metadata for Expected_arrivals.xml
2025-10-30 19:49:36,546 - vessel_data_pipeline - INFO - Successfully downloaded and validated Expected_arrivals.xml
2025-10-30 19:49:38,550 - vessel_data_pipeline - INFO - Downloading Expected_departures.xml (attempt 1/3)
2025-10-30 19:49:38,640 - vessel_data_pipeline - INFO - File temp_Expected_departures.xml passed validation checks
2025-10-30 19:49:38,641 - vessel_data_pipeline - INFO - Created backup: Expected_departures_20251030_194938.xml
2025-10-30 19:49:38,641 - vessel_data_pipeline - INFO - Updated metadata for Expected_departures.xml
2025-10-30 19:49:38,641 - vessel_data_pipeline - INFO - Successfully downloaded and validated Expected_departures.xml
2025-10-30 19:49:40,646 - vessel_data_pipeline - INFO - Fetch operation completed. Results: {'Arrived_in_last_36_hours.xml': True, 'Departed_in_last_36_hours.xml': True, 'Expected_arrivals.xml': True, 'Expected_departures.xml': True}
2025-10-30 19:49:40,657 - vessel_data_pipeline - INFO - VesselDataFetcher initialized. Pipeline enabled: True
2025-10-30 19:49:40,658 - vessel_data_pipeline - INFO - Starting vessel data fetch operation
2025-10-30 19:49:40,658 - vessel_data_pipeline - INFO - Discovering XML files from Hong Kong Marine Department portal
2025-10-30 19:49:40,885 - vessel_data_pipeline - INFO - Verified access to Arrived_in_last_36_hours.xml
2025-10-30 19:49:40,951 - vessel_data_pipeline - INFO - Verified access to Departed_in_last_36_hours.xml
2025-10-30 19:49:40,986 - vessel_data_pipeline - INFO - Verified access to Expected_arrivals.xml
2025-10-30 19:49:41,039 - vessel_data_pipeline - INFO - Verified access to Expected_departures.xml
2025-10-30 19:49:41,040 - vessel_data_pipeline - INFO - Discovered 4 XML files for download
2025-10-30 19:49:41,040 - vessel_data_pipeline - INFO - Downloading Arrived_in_last_36_hours.xml (attempt 1/3)
2025-10-30 19:49:41,097 - vessel_data_pipeline - INFO - File temp_Arrived_in_last_36_hours.xml passed validation checks
2025-10-30 19:49:41,097 - vessel_data_pipeline - INFO - Created backup: Arrived_in_last_36_hours_20251030_194941.xml
2025-10-30 19:49:41,097 - vessel_data_pipeline - INFO - Updated metadata for Arrived_in_last_36_hours.xml
2025-10-30 19:49:41,097 - vessel_data_pipeline - INFO - Successfully downloaded and validated Arrived_in_last_36_hours.xml
2025-10-30 19:49:43,098 - vessel_data_pipeline - INFO - Downloading Departed_in_last_36_hours.xml (attempt 1/3)
2025-10-30 19:49:43,185 - vessel_data_pipeline - INFO - File temp_Departed_in_last_36_hours.xml passed validation checks
2025-10-30 19:49:43,196 - vessel_data_pipeline - INFO - Created backup: Departed_in_last_36_hours_20251030_194943.xml
2025-10-30 19:49:43,199 - vessel_data_pipeline - INFO - Updated metadata for Departed_in_last_36_hours.xml
2025-10-30 19:49:43,199 - vessel_data_pipeline - INFO - Successfully downloaded and validated Departed_in_last_36_hours.xml
2025-10-30 19:49:45,206 - vessel_data_pipeline - INFO - Downloading Expected_arrivals.xml (attempt 1/3)
2025-10-30 19:49:45,258 - vessel_data_pipeline - INFO - File temp_Expected_arrivals.xml passed validation checks
2025-10-30 19:49:45,258 - vessel_data_pipeline - INFO - Created backup: Expected_arrivals_20251030_194945.xml
2025-10-30 19:49:45,259 - vessel_data_pipeline - INFO - Updated metadata for Expected_arrivals.xml
2025-10-30 19:49:45,259 - vessel_data_pipeline - INFO - Successfully downloaded and validated Expected_arrivals.xml
2025-10-30 19:49:47,261 - vessel_data_pipeline - INFO - Downloading Expected_departures.xml (attempt 1/3)
2025-10-30 19:49:47,325 - vessel_data_pipeline - INFO - File temp_Expected_departures.xml passed validation checks
2025-10-30 19:49:47,325 - vessel_data_pipeline - INFO - Created backup: Expected_departures_20251030_194947.xml
2025-10-30 19:49:47,325 - vessel_data_pipeline - INFO - Updated metadata for Expected_departures.xml
2025-10-30 19:49:47,326 - vessel_data_pipeline - INFO - Successfully downloaded and validated Expected_departures.xml
2025-10-30 19:49:49,331 - vessel_data_pipeline - INFO - Fetch operation completed. Results: {'Arrived_in_last_36_hours.xml': True, 'Departed_in_last_36_hours.xml': True, 'Expected_arrivals.xml': True, 'Expected_departures.xml': True}
2025-10-30 19:49:49,336 - vessel_data_pipeline - INFO - VesselDataFetcher initialized. Pipeline enabled: True
2025-10-30 19:49:49,336 - vessel_data_pipeline - INFO - Starting vessel data fetch operation
2025-10-30 19:49:49,336 - vessel_data_pipeline - INFO - Discovering XML files from Hong Kong Marine Department portal
2025-10-30 19:49:49,397 - vessel_data_pipeline - INFO - Verified access to Arrived_in_last_36_hours.xml
2025-10-30 19:49:49,432 - vessel_data_pipeline - INFO - Verified access to Departed_in_last_36_hours.xml
2025-10-30 19:49:49,483 - vessel_data_pipeline - INFO - Verified access to Expected_arrivals.xml
2025-10-30 19:49:49,520 - vessel_data_pipeline - INFO - Verified access to Expected_departures.xml
2025-10-30 19:49:49,520 - vessel_data_pipeline - INFO - Discovered 4 XML files for download
2025-10-30 19:49:49,520 - vessel_data_pipeline - INFO - Downloading Arrived_in_last_36_hours.xml (attempt 1/3)
2025-10-30 19:49:49,730 - vessel_data_pipeline - INFO - File temp_Arrived_in_last_36_hours.xml passed validation checks
2025-10-30 19:49:49,731 - vessel_data_pipeline - INFO - Created backup: Arrived_in_last_36_hours_20251030_194949.xml
2025-10-30 19:49:49,731 - vessel_data_pipeline - INFO - Updated metadata for Arrived_in_last_36_hours.xml
2025-10-30 19:49:49,731 - vessel_data_pipeline - INFO - Successfully downloaded and validated Arrived_in_last_36_hours.xml
2025-10-30 19:49:51,733 - vessel_data_pipeline - INFO - Downloading Departed_in_last_36_hours.xml (attempt 1/3)
2025-10-30 19:49:51,827 - vessel_data_pipeline - INFO - File temp_Departed_in_last_36_hours.xml passed validation checks
2025-10-30 19:49:51,827 - vessel_data_pipeline - INFO - Created backup: Departed_in_last_36_hours_20251030_194951.xml
2025-10-30 19:49:51,827 - vessel_data_pipeline - INFO - Updated metadata for Departed_in_last_36_hours.xml
2025-10-30 19:49:51,827 - vessel_data_pipeline - INFO - Successfully downloaded and validated Departed_in_last_36_hours.xml
2025-10-30 19:49:53,832 - vessel_data_pipeline - INFO - Downloading Expected_arrivals.xml (attempt 1/3)
2025-10-30 19:49:53,894 - vessel_data_pipeline - INFO - File temp_Expected_arrivals.xml passed validation checks
2025-10-30 19:49:53,894 - vessel_data_pipeline - INFO - Created backup: Expected_arrivals_20251030_194953.xml
2025-10-30 19:49:53,895 - vessel_data_pipeline - INFO - Updated metadata for Expected_arrivals.xml
2025-10-30 19:49:53,895 - vessel_data_pipeline - INFO - Successfully downloaded and validated Expected_arrivals.xml
2025-10-30 19:49:55,895 - vessel_data_pipeline - INFO - Downloading Expected_departures.xml (attempt 1/3)
2025-10-30 19:49:55,964 - vessel_data_pipeline - INFO - File temp_Expected_departures.xml passed validation checks
2025-10-30 19:49:55,965 - vessel_data_pipeline - INFO - Created backup: Expected_departures_20251030_194955.xml
2025-10-30 19:49:55,965 - vessel_data_pipeline - INFO - Updated metadata for Expected_departures.xml
2025-10-30 19:49:55,965 - vessel_data_pipeline - INFO - Successfully downloaded and validated Expected_departures.xml
2025-10-30 19:49:57,968 - vessel_data_pipeline - INFO - Fetch operation completed. Results: {'Arrived_in_last_36_hours.xml': True, 'Departed_in_last_36_hours.xml': True, 'Expected_arrivals.xml': True, 'Expected_departures.xml': True}
2025-10-30 19:59:16,326 - vessel_data_pipeline - INFO - VesselDataFetcher initialized. Pipeline enabled: True
2025-10-30 19:59:16,327 - vessel_data_pipeline - INFO - Starting vessel data fetch operation
2025-10-30 19:59:16,327 - vessel_data_pipeline - INFO - Discovering XML files from Hong Kong Marine Department portal
2025-10-30 19:59:16,590 - vessel_data_pipeline - INFO - Verified access to Arrived_in_last_36_hours.xml
2025-10-30 19:59:16,826 - vessel_data_pipeline - INFO - Verified access to Departed_in_last_36_hours.xml
2025-10-30 19:59:17,026 - vessel_data_pipeline - INFO - Verified access to Expected_arrivals.xml
2025-10-30 19:59:17,246 - vessel_data_pipeline - INFO - Verified access to Expected_departures.xml
2025-10-30 19:59:17,246 - vessel_data_pipeline - INFO - Discovered 4 XML files for download
2025-10-30 19:59:17,247 - vessel_data_pipeline - INFO - Downloading Arrived_in_last_36_hours.xml (attempt 1/3)
2025-10-30 19:59:17,321 - vessel_data_pipeline - INFO - File temp_Arrived_in_last_36_hours.xml passed validation checks
2025-10-30 19:59:17,323 - vessel_data_pipeline - INFO - Created backup: Arrived_in_last_36_hours_20251030_195917.xml
2025-10-30 19:59:17,323 - vessel_data_pipeline - INFO - Updated metadata for Arrived_in_last_36_hours.xml
2025-10-30 19:59:17,324 - vessel_data_pipeline - INFO - Successfully downloaded and validated Arrived_in_last_36_hours.xml
2025-10-30 19:59:19,326 - vessel_data_pipeline - INFO - Downloading Departed_in_last_36_hours.xml (attempt 1/3)
2025-10-30 19:59:19,483 - vessel_data_pipeline - INFO - File temp_Departed_in_last_36_hours.xml passed validation checks
2025-10-30 19:59:19,484 - vessel_data_pipeline - INFO - Created backup: Departed_in_last_36_hours_20251030_195919.xml
2025-10-30 19:59:19,484 - vessel_data_pipeline - INFO - Updated metadata for Departed_in_last_36_hours.xml
2025-10-30 19:59:19,484 - vessel_data_pipeline - INFO - Successfully downloaded and validated Departed_in_last_36_hours.xml
2025-10-30 19:59:21,486 - vessel_data_pipeline - INFO - Downloading Expected_arrivals.xml (attempt 1/3)
2025-10-30 19:59:21,544 - vessel_data_pipeline - INFO - File temp_Expected_arrivals.xml passed validation checks
2025-10-30 19:59:21,545 - vessel_data_pipeline - INFO - Created backup: Expected_arrivals_20251030_195921.xml
2025-10-30 19:59:21,545 - vessel_data_pipeline - INFO - Updated metadata for Expected_arrivals.xml
2025-10-30 19:59:21,545 - vessel_data_pipeline - INFO - Successfully downloaded and validated Expected_arrivals.xml
2025-10-30 19:59:23,547 - vessel_data_pipeline - INFO - Downloading Expected_departures.xml (attempt 1/3)
2025-10-30 19:59:23,614 - vessel_data_pipeline - INFO - File temp_Expected_departures.xml passed validation checks
2025-10-30 19:59:23,615 - vessel_data_pipeline - INFO - Created backup: Expected_departures_20251030_195923.xml
2025-10-30 19:59:23,615 - vessel_data_pipeline - INFO - Updated metadata for Expected_departures.xml
2025-10-30 19:59:23,615 - vessel_data_pipeline - INFO - Successfully downloaded and validated Expected_departures.xml
2025-10-30 19:59:25,621 - vessel_data_pipeline - INFO - Fetch operation completed. Results: {'Arrived_in_last_36_hours.xml': True, 'Departed_in_last_36_hours.xml': True, 'Expected_arrivals.xml': True, 'Expected_departures.xml': True}
2025-10-30 19:59:25,943 - vessel_data_pipeline - INFO - VesselDataFetcher initialized. Pipeline enabled: True
2025-10-30 19:59:25,944 - vessel_data_pipeline - INFO - Starting vessel data fetch operation
2025-10-30 19:59:25,944 - vessel_data_pipeline - INFO - Discovering XML files from Hong Kong Marine Department portal
2025-10-30 19:59:26,254 - vessel_data_pipeline - INFO - Verified access to Arrived_in_last_36_hours.xml
2025-10-30 19:59:26,324 - vessel_data_pipeline - INFO - Verified access to Departed_in_last_36_hours.xml
2025-10-30 19:59:26,367 - vessel_data_pipeline - INFO - Verified access to Expected_arrivals.xml
2025-10-30 19:59:26,408 - vessel_data_pipeline - INFO - Verified access to Expected_departures.xml
2025-10-30 19:59:26,408 - vessel_data_pipeline - INFO - Discovered 4 XML files for download
2025-10-30 19:59:26,408 - vessel_data_pipeline - INFO - Downloading Arrived_in_last_36_hours.xml (attempt 1/3)
2025-10-30 19:59:26,687 - vessel_data_pipeline - INFO - File temp_Arrived_in_last_36_hours.xml passed validation checks
2025-10-30 19:59:26,687 - vessel_data_pipeline - INFO - Created backup: Arrived_in_last_36_hours_20251030_195926.xml
2025-10-30 19:59:26,688 - vessel_data_pipeline - INFO - Updated metadata for Arrived_in_last_36_hours.xml
2025-10-30 19:59:26,688 - vessel_data_pipeline - INFO - Successfully downloaded and validated Arrived_in_last_36_hours.xml
2025-10-30 19:59:28,688 - vessel_data_pipeline - INFO - Downloading Departed_in_last_36_hours.xml (attempt 1/3)
2025-10-30 19:59:28,763 - vessel_data_pipeline - INFO - File temp_Departed_in_last_36_hours.xml passed validation checks
2025-10-30 19:59:28,764 - vessel_data_pipeline - INFO - Created backup: Departed_in_last_36_hours_20251030_195928.xml
2025-10-30 19:59:28,764 - vessel_data_pipeline - INFO - Updated metadata for Departed_in_last_36_hours.xml
2025-10-30 19:59:28,764 - vessel_data_pipeline - INFO - Successfully downloaded and validated Departed_in_last_36_hours.xml
2025-10-30 19:59:30,769 - vessel_data_pipeline - INFO - Downloading Expected_arrivals.xml (attempt 1/3)
2025-10-30 19:59:30,827 - vessel_data_pipeline - INFO - File temp_Expected_arrivals.xml passed validation checks
2025-10-30 19:59:30,827 - vessel_data_pipeline - INFO - Created backup: Expected_arrivals_20251030_195930.xml
2025-10-30 19:59:30,828 - vessel_data_pipeline - INFO - Updated metadata for Expected_arrivals.xml
2025-10-30 19:59:30,828 - vessel_data_pipeline - INFO - Successfully downloaded and validated Expected_arrivals.xml
2025-10-30 19:59:32,833 - vessel_data_pipeline - INFO - Downloading Expected_departures.xml (attempt 1/3)
2025-10-30 19:59:32,885 - vessel_data_pipeline - INFO - File temp_Expected_departures.xml passed validation checks
2025-10-30 19:59:32,885 - vessel_data_pipeline - INFO - Created backup: Expected_departures_20251030_195932.xml
2025-10-30 19:59:32,885 - vessel_data_pipeline - INFO - Updated metadata for Expected_departures.xml
2025-10-30 19:59:32,885 - vessel_data_pipeline - INFO - Successfully downloaded and validated Expected_departures.xml
2025-10-30 19:59:34,891 - vessel_data_pipeline - INFO - Fetch operation completed. Results: {'Arrived_in_last_36_hours.xml': True, 'Departed_in_last_36_hours.xml': True, 'Expected_arrivals.xml': True, 'Expected_departures.xml': True}
2025-10-30 19:59:34,900 - vessel_data_pipeline - INFO - VesselDataFetcher initialized. Pipeline enabled: True
2025-10-30 19:59:34,903 - vessel_data_pipeline - INFO - Starting vessel data fetch operation
2025-10-30 19:59:34,903 - vessel_data_pipeline - INFO - Discovering XML files from Hong Kong Marine Department portal
2025-10-30 19:59:35,002 - vessel_data_pipeline - INFO - Verified access to Arrived_in_last_36_hours.xml
2025-10-30 19:59:35,041 - vessel_data_pipeline - INFO - Verified access to Departed_in_last_36_hours.xml
2025-10-30 19:59:35,083 - vessel_data_pipeline - INFO - Verified access to Expected_arrivals.xml
2025-10-30 19:59:35,170 - vessel_data_pipeline - INFO - Verified access to Expected_departures.xml
2025-10-30 19:59:35,170 - vessel_data_pipeline - INFO - Discovered 4 XML files for download
2025-10-30 19:59:35,175 - vessel_data_pipeline - INFO - Downloading Arrived_in_last_36_hours.xml (attempt 1/3)
2025-10-30 19:59:35,283 - vessel_data_pipeline - INFO - File temp_Arrived_in_last_36_hours.xml passed validation checks
2025-10-30 19:59:35,293 - vessel_data_pipeline - INFO - Created backup: Arrived_in_last_36_hours_20251030_195935.xml
2025-10-30 19:59:35,293 - vessel_data_pipeline - INFO - Updated metadata for Arrived_in_last_36_hours.xml
2025-10-30 19:59:35,294 - vessel_data_pipeline - INFO - Successfully downloaded and validated Arrived_in_last_36_hours.xml
2025-10-30 19:59:37,304 - vessel_data_pipeline - INFO - Downloading Departed_in_last_36_hours.xml (attempt 1/3)
2025-10-30 19:59:37,361 - vessel_data_pipeline - INFO - File temp_Departed_in_last_36_hours.xml passed validation checks
2025-10-30 19:59:37,362 - vessel_data_pipeline - INFO - Created backup: Departed_in_last_36_hours_20251030_195937.xml
2025-10-30 19:59:37,362 - vessel_data_pipeline - INFO - Updated metadata for Departed_in_last_36_hours.xml
2025-10-30 19:59:37,362 - vessel_data_pipeline - INFO - Successfully downloaded and validated Departed_in_last_36_hours.xml
2025-10-30 19:59:39,366 - vessel_data_pipeline - INFO - Downloading Expected_arrivals.xml (attempt 1/3)
2025-10-30 19:59:39,414 - vessel_data_pipeline - INFO - File temp_Expected_arrivals.xml passed validation checks
2025-10-30 19:59:39,415 - vessel_data_pipeline - INFO - Created backup: Expected_arrivals_20251030_195939.xml
2025-10-30 19:59:39,415 - vessel_data_pipeline - INFO - Updated metadata for Expected_arrivals.xml
2025-10-30 19:59:39,415 - vessel_data_pipeline - INFO - Successfully downloaded and validated Expected_arrivals.xml
2025-10-30 19:59:41,420 - vessel_data_pipeline - INFO - Downloading Expected_departures.xml (attempt 1/3)
2025-10-30 19:59:41,489 - vessel_data_pipeline - INFO - File temp_Expected_departures.xml passed validation checks
2025-10-30 19:59:41,490 - vessel_data_pipeline - INFO - Created backup: Expected_departures_20251030_195941.xml
2025-10-30 19:59:41,490 - vessel_data_pipeline - INFO - Updated metadata for Expected_departures.xml
2025-10-30 19:59:41,490 - vessel_data_pipeline - INFO - Successfully downloaded and validated Expected_departures.xml
2025-10-30 19:59:43,491 - vessel_data_pipeline - INFO - Fetch operation completed. Results: {'Arrived_in_last_36_hours.xml': True, 'Departed_in_last_36_hours.xml': True, 'Expected_arrivals.xml': True, 'Expected_departures.xml': True}
2025-10-30 19:59:46,433 - vessel_data_pipeline - INFO - VesselDataFetcher initialized. Pipeline enabled: True
2025-10-30 19:59:46,433 - vessel_data_pipeline - INFO - Starting vessel data fetch operation
2025-10-30 19:59:46,433 - vessel_data_pipeline - INFO - Discovering XML files from Hong Kong Marine Department portal
2025-10-30 19:59:46,486 - vessel_data_pipeline - INFO - Verified access to Arrived_in_last_36_hours.xml
2025-10-30 19:59:46,548 - vessel_data_pipeline - INFO - Verified access to Departed_in_last_36_hours.xml
2025-10-30 19:59:46,582 - vessel_data_pipeline - INFO - Verified access to Expected_arrivals.xml
2025-10-30 19:59:46,612 - vessel_data_pipeline - INFO - Verified access to Expected_departures.xml
2025-10-30 19:59:46,612 - vessel_data_pipeline - INFO - Discovered 4 XML files for download
2025-10-30 19:59:46,612 - vessel_data_pipeline - INFO - Downloading Arrived_in_last_36_hours.xml (attempt 1/3)
2025-10-30 19:59:46,689 - vessel_data_pipeline - INFO - File temp_Arrived_in_last_36_hours.xml passed validation checks
2025-10-30 19:59:46,690 - vessel_data_pipeline - INFO - Created backup: Arrived_in_last_36_hours_20251030_195946.xml
2025-10-30 19:59:46,691 - vessel_data_pipeline - INFO - Updated metadata for Arrived_in_last_36_hours.xml
2025-10-30 19:59:46,691 - vessel_data_pipeline - INFO - Successfully downloaded and validated Arrived_in_last_36_hours.xml
2025-10-30 19:59:48,693 - vessel_data_pipeline - INFO - Downloading Departed_in_last_36_hours.xml (attempt 1/3)
2025-10-30 19:59:48,768 - vessel_data_pipeline - INFO - File temp_Departed_in_last_36_hours.xml passed validation checks
2025-10-30 19:59:48,768 - vessel_data_pipeline - INFO - Created backup: Departed_in_last_36_hours_20251030_195948.xml
2025-10-30 19:59:48,769 - vessel_data_pipeline - INFO - Updated metadata for Departed_in_last_36_hours.xml
2025-10-30 19:59:48,769 - vessel_data_pipeline - INFO - Successfully downloaded and validated Departed_in_last_36_hours.xml
2025-10-30 19:59:50,778 - vessel_data_pipeline - INFO - Downloading Expected_arrivals.xml (attempt 1/3)
2025-10-30 19:59:50,845 - vessel_data_pipeline - INFO - File temp_Expected_arrivals.xml passed validation checks
2025-10-30 19:59:50,853 - vessel_data_pipeline - INFO - Created backup: Expected_arrivals_20251030_195950.xml
2025-10-30 19:59:50,853 - vessel_data_pipeline - INFO - Updated metadata for Expected_arrivals.xml
2025-10-30 19:59:50,853 - vessel_data_pipeline - INFO - Successfully downloaded and validated Expected_arrivals.xml
2025-10-30 19:59:52,857 - vessel_data_pipeline - INFO - Downloading Expected_departures.xml (attempt 1/3)
2025-10-30 19:59:52,920 - vessel_data_pipeline - INFO - File temp_Expected_departures.xml passed validation checks
2025-10-30 19:59:52,920 - vessel_data_pipeline - INFO - Created backup: Expected_departures_20251030_195952.xml
2025-10-30 19:59:52,921 - vessel_data_pipeline - INFO - Updated metadata for Expected_departures.xml
2025-10-30 19:59:52,921 - vessel_data_pipeline - INFO - Successfully downloaded and validated Expected_departures.xml
2025-10-30 19:59:54,921 - vessel_data_pipeline - INFO - Fetch operation completed. Results: {'Arrived_in_last_36_hours.xml': True, 'Departed_in_last_36_hours.xml': True, 'Expected_arrivals.xml': True, 'Expected_departures.xml': True}
2025-10-30 19:59:54,925 - vessel_data_pipeline - INFO - VesselDataFetcher initialized. Pipeline enabled: True
2025-10-30 19:59:54,925 - vessel_data_pipeline - INFO - Starting vessel data fetch operation
2025-10-30 19:59:54,925 - vessel_data_pipeline - INFO - Discovering XML files from Hong Kong Marine Department portal
2025-10-30 19:59:54,979 - vessel_data_pipeline - INFO - Verified access to Arrived_in_last_36_hours.xml
2025-10-30 19:59:55,011 - vessel_data_pipeline - INFO - Verified access to Departed_in_last_36_hours.xml
2025-10-30 19:59:55,071 - vessel_data_pipeline - INFO - Verified access to Expected_arrivals.xml
2025-10-30 19:59:55,102 - vessel_data_pipeline - INFO - Verified access to Expected_departures.xml
2025-10-30 19:59:55,102 - vessel_data_pipeline - INFO - Discovered 4 XML files for download
2025-10-30 19:59:55,102 - vessel_data_pipeline - INFO - Downloading Arrived_in_last_36_hours.xml (attempt 1/3)
2025-10-30 19:59:55,365 - vessel_data_pipeline - INFO - File temp_Arrived_in_last_36_hours.xml passed validation checks
2025-10-30 19:59:55,366 - vessel_data_pipeline - INFO - Created backup: Arrived_in_last_36_hours_20251030_195955.xml
2025-10-30 19:59:55,366 - vessel_data_pipeline - INFO - Updated metadata for Arrived_in_last_36_hours.xml
2025-10-30 19:59:55,366 - vessel_data_pipeline - INFO - Successfully downloaded and validated Arrived_in_last_36_hours.xml
2025-10-30 19:59:57,371 - vessel_data_pipeline - INFO - Downloading Departed_in_last_36_hours.xml (attempt 1/3)
2025-10-30 19:59:57,438 - vessel_data_pipeline - INFO - File temp_Departed_in_last_36_hours.xml passed validation checks
2025-10-30 19:59:57,439 - vessel_data_pipeline - INFO - Created backup: Departed_in_last_36_hours_20251030_195957.xml
2025-10-30 19:59:57,439 - vessel_data_pipeline - INFO - Updated metadata for Departed_in_last_36_hours.xml
2025-10-30 19:59:57,439 - vessel_data_pipeline - INFO - Successfully downloaded and validated Departed_in_last_36_hours.xml
2025-10-30 19:59:59,444 - vessel_data_pipeline - INFO - Downloading Expected_arrivals.xml (attempt 1/3)
2025-10-30 19:59:59,534 - vessel_data_pipeline - INFO - File temp_Expected_arrivals.xml passed validation checks
2025-10-30 19:59:59,535 - vessel_data_pipeline - INFO - Created backup: Expected_arrivals_20251030_195959.xml
2025-10-30 19:59:59,535 - vessel_data_pipeline - INFO - Updated metadata for Expected_arrivals.xml
2025-10-30 19:59:59,535 - vessel_data_pipeline - INFO - Successfully downloaded and validated Expected_arrivals.xml
2025-10-30 20:00:01,539 - vessel_data_pipeline - INFO - Downloading Expected_departures.xml (attempt 1/3)
2025-10-30 20:00:01,792 - vessel_data_pipeline - INFO - File temp_Expected_departures.xml passed validation checks
2025-10-30 20:00:01,792 - vessel_data_pipeline - INFO - Created backup: Expected_departures_20251030_200001.xml
2025-10-30 20:00:01,792 - vessel_data_pipeline - INFO - Updated metadata for Expected_departures.xml
2025-10-30 20:00:01,792 - vessel_data_pipeline - INFO - Successfully downloaded and validated Expected_departures.xml
2025-10-30 20:00:03,798 - vessel_data_pipeline - INFO - Fetch operation completed. Results: {'Arrived_in_last_36_hours.xml': True, 'Departed_in_last_36_hours.xml': True, 'Expected_arrivals.xml': True, 'Expected_departures.xml': True}
2025-10-30 20:00:03,811 - vessel_data_pipeline - INFO - VesselDataFetcher initialized. Pipeline enabled: True
2025-10-30 20:00:03,811 - vessel_data_pipeline - INFO - Starting vessel data fetch operation
2025-10-30 20:00:03,811 - vessel_data_pipeline - INFO - Discovering XML files from Hong Kong Marine Department portal
2025-10-30 20:00:03,879 - vessel_data_pipeline - INFO - Verified access to Arrived_in_last_36_hours.xml
2025-10-30 20:00:03,909 - vessel_data_pipeline - INFO - Verified access to Departed_in_last_36_hours.xml
2025-10-30 20:00:03,971 - vessel_data_pipeline - INFO - Verified access to Expected_arrivals.xml
2025-10-30 20:00:04,012 - vessel_data_pipeline - INFO - Verified access to Expected_departures.xml
2025-10-30 20:00:04,012 - vessel_data_pipeline - INFO - Discovered 4 XML files for download
2025-10-30 20:00:04,012 - vessel_data_pipeline - INFO - Downloading Arrived_in_last_36_hours.xml (attempt 1/3)
2025-10-30 20:00:04,067 - vessel_data_pipeline - INFO - File temp_Arrived_in_last_36_hours.xml passed validation checks
2025-10-30 20:00:04,067 - vessel_data_pipeline - INFO - Created backup: Arrived_in_last_36_hours_20251030_200004.xml
2025-10-30 20:00:04,067 - vessel_data_pipeline - INFO - Updated metadata for Arrived_in_last_36_hours.xml
2025-10-30 20:00:04,067 - vessel_data_pipeline - INFO - Successfully downloaded and validated Arrived_in_last_36_hours.xml
2025-10-30 20:00:06,077 - vessel_data_pipeline - INFO - Downloading Departed_in_last_36_hours.xml (attempt 1/3)
2025-10-30 20:00:06,201 - vessel_data_pipeline - INFO - File temp_Departed_in_last_36_hours.xml passed validation checks
2025-10-30 20:00:06,208 - vessel_data_pipeline - INFO - Created backup: Departed_in_last_36_hours_20251030_200006.xml
2025-10-30 20:00:06,211 - vessel_data_pipeline - INFO - Updated metadata for Departed_in_last_36_hours.xml
2025-10-30 20:00:06,212 - vessel_data_pipeline - INFO - Successfully downloaded and validated Departed_in_last_36_hours.xml
2025-10-30 20:00:08,217 - vessel_data_pipeline - INFO - Downloading Expected_arrivals.xml (attempt 1/3)
2025-10-30 20:00:08,262 - vessel_data_pipeline - INFO - File temp_Expected_arrivals.xml passed validation checks
2025-10-30 20:00:08,262 - vessel_data_pipeline - INFO - Created backup: Expected_arrivals_20251030_200008.xml
2025-10-30 20:00:08,262 - vessel_data_pipeline - INFO - Updated metadata for Expected_arrivals.xml
2025-10-30 20:00:08,263 - vessel_data_pipeline - INFO - Successfully downloaded and validated Expected_arrivals.xml
2025-10-30 20:00:10,268 - vessel_data_pipeline - INFO - Downloading Expected_departures.xml (attempt 1/3)
2025-10-30 20:00:10,318 - vessel_data_pipeline - INFO - File temp_Expected_departures.xml passed validation checks
2025-10-30 20:00:10,318 - vessel_data_pipeline - INFO - Created backup: Expected_departures_20251030_200010.xml
2025-10-30 20:00:10,318 - vessel_data_pipeline - INFO - Updated metadata for Expected_departures.xml
2025-10-30 20:00:10,318 - vessel_data_pipeline - INFO - Successfully downloaded and validated Expected_departures.xml
2025-10-30 20:00:12,323 - vessel_data_pipeline - INFO - Fetch operation completed. Results: {'Arrived_in_last_36_hours.xml': True, 'Departed_in_last_36_hours.xml': True, 'Expected_arrivals.xml': True, 'Expected_departures.xml': True}
2025-10-30 20:00:12,327 - vessel_data_pipeline - INFO - VesselDataFetcher initialized. Pipeline enabled: True
2025-10-30 20:00:12,327 - vessel_data_pipeline - INFO - Starting vessel data fetch operation
2025-10-30 20:00:12,327 - vessel_data_pipeline - INFO - Discovering XML files from Hong Kong Marine Department portal
2025-10-30 20:00:12,429 - vessel_data_pipeline - INFO - Verified access to Arrived_in_last_36_hours.xml
2025-10-30 20:00:12,487 - vessel_data_pipeline - INFO - Verified access to Departed_in_last_36_hours.xml
2025-10-30 20:00:12,559 - vessel_data_pipeline - INFO - Verified access to Expected_arrivals.xml
2025-10-30 20:00:12,595 - vessel_data_pipeline - INFO - Verified access to Expected_departures.xml
2025-10-30 20:00:12,595 - vessel_data_pipeline - INFO - Discovered 4 XML files for download
2025-10-30 20:00:12,595 - vessel_data_pipeline - INFO - Downloading Arrived_in_last_36_hours.xml (attempt 1/3)
2025-10-30 20:00:12,851 - vessel_data_pipeline - INFO - File temp_Arrived_in_last_36_hours.xml passed validation checks
2025-10-30 20:00:12,853 - vessel_data_pipeline - INFO - Created backup: Arrived_in_last_36_hours_20251030_200012.xml
2025-10-30 20:00:12,854 - vessel_data_pipeline - INFO - Updated metadata for Arrived_in_last_36_hours.xml
2025-10-30 20:00:12,854 - vessel_data_pipeline - INFO - Successfully downloaded and validated Arrived_in_last_36_hours.xml
2025-10-30 20:00:14,857 - vessel_data_pipeline - INFO - Downloading Departed_in_last_36_hours.xml (attempt 1/3)
2025-10-30 20:00:14,978 - vessel_data_pipeline - INFO - File temp_Departed_in_last_36_hours.xml passed validation checks
2025-10-30 20:00:14,978 - vessel_data_pipeline - INFO - Created backup: Departed_in_last_36_hours_20251030_200014.xml
2025-10-30 20:00:14,978 - vessel_data_pipeline - INFO - Updated metadata for Departed_in_last_36_hours.xml
2025-10-30 20:00:14,978 - vessel_data_pipeline - INFO - Successfully downloaded and validated Departed_in_last_36_hours.xml
2025-10-30 20:00:16,984 - vessel_data_pipeline - INFO - Downloading Expected_arrivals.xml (attempt 1/3)
2025-10-30 20:00:17,100 - vessel_data_pipeline - INFO - File temp_Expected_arrivals.xml passed validation checks
2025-10-30 20:00:17,100 - vessel_data_pipeline - INFO - Created backup: Expected_arrivals_20251030_200017.xml
2025-10-30 20:00:17,100 - vessel_data_pipeline - INFO - Updated metadata for Expected_arrivals.xml
2025-10-30 20:00:17,101 - vessel_data_pipeline - INFO - Successfully downloaded and validated Expected_arrivals.xml
2025-10-30 20:00:19,103 - vessel_data_pipeline - INFO - Downloading Expected_departures.xml (attempt 1/3)
2025-10-30 20:00:19,149 - vessel_data_pipeline - INFO - File temp_Expected_departures.xml passed validation checks
2025-10-30 20:00:19,150 - vessel_data_pipeline - INFO - Created backup: Expected_departures_20251030_200019.xml
2025-10-30 20:00:19,151 - vessel_data_pipeline - INFO - Updated metadata for Expected_departures.xml
2025-10-30 20:00:19,151 - vessel_data_pipeline - INFO - Successfully downloaded and validated Expected_departures.xml
2025-10-30 20:00:21,156 - vessel_data_pipeline - INFO - Fetch operation completed. Results: {'Arrived_in_last_36_hours.xml': True, 'Departed_in_last_36_hours.xml': True, 'Expected_arrivals.xml': True, 'Expected_departures.xml': True}
2025-10-30 20:00:53,782 - vessel_data_pipeline - INFO - VesselDataFetcher initialized. Pipeline enabled: True
2025-10-30 20:00:53,783 - vessel_data_pipeline - INFO - Starting vessel data fetch operation
2025-10-30 20:00:53,783 - vessel_data_pipeline - INFO - Discovering XML files from Hong Kong Marine Department portal
2025-10-30 20:00:53,851 - vessel_data_pipeline - INFO - Verified access to Arrived_in_last_36_hours.xml
2025-10-30 20:00:53,903 - vessel_data_pipeline - INFO - Verified access to Departed_in_last_36_hours.xml
2025-10-30 20:00:53,999 - vessel_data_pipeline - INFO - Verified access to Expected_arrivals.xml
2025-10-30 20:00:54,034 - vessel_data_pipeline - INFO - Verified access to Expected_departures.xml
2025-10-30 20:00:54,034 - vessel_data_pipeline - INFO - Discovered 4 XML files for download
2025-10-30 20:00:54,034 - vessel_data_pipeline - INFO - Downloading Arrived_in_last_36_hours.xml (attempt 1/3)
2025-10-30 20:00:54,101 - vessel_data_pipeline - INFO - File temp_Arrived_in_last_36_hours.xml passed validation checks
2025-10-30 20:00:54,102 - vessel_data_pipeline - INFO - Created backup: Arrived_in_last_36_hours_20251030_200054.xml
2025-10-30 20:00:54,102 - vessel_data_pipeline - INFO - Updated metadata for Arrived_in_last_36_hours.xml
2025-10-30 20:00:54,103 - vessel_data_pipeline - INFO - Successfully downloaded and validated Arrived_in_last_36_hours.xml
2025-10-30 20:00:56,105 - vessel_data_pipeline - INFO - Downloading Departed_in_last_36_hours.xml (attempt 1/3)
2025-10-30 20:00:56,167 - vessel_data_pipeline - INFO - File temp_Departed_in_last_36_hours.xml passed validation checks
2025-10-30 20:00:56,167 - vessel_data_pipeline - INFO - Created backup: Departed_in_last_36_hours_20251030_200056.xml
2025-10-30 20:00:56,168 - vessel_data_pipeline - INFO - Updated metadata for Departed_in_last_36_hours.xml
2025-10-30 20:00:56,168 - vessel_data_pipeline - INFO - Successfully downloaded and validated Departed_in_last_36_hours.xml
2025-10-30 20:00:58,173 - vessel_data_pipeline - INFO - Downloading Expected_arrivals.xml (attempt 1/3)
2025-10-30 20:00:58,229 - vessel_data_pipeline - INFO - File temp_Expected_arrivals.xml passed validation checks
2025-10-30 20:00:58,229 - vessel_data_pipeline - INFO - Created backup: Expected_arrivals_20251030_200058.xml
2025-10-30 20:00:58,229 - vessel_data_pipeline - INFO - Updated metadata for Expected_arrivals.xml
2025-10-30 20:00:58,229 - vessel_data_pipeline - INFO - Successfully downloaded and validated Expected_arrivals.xml
2025-10-30 20:01:00,235 - vessel_data_pipeline - INFO - Downloading Expected_departures.xml (attempt 1/3)
2025-10-30 20:01:00,280 - vessel_data_pipeline - INFO - File temp_Expected_departures.xml passed validation checks
2025-10-30 20:01:00,280 - vessel_data_pipeline - INFO - Created backup: Expected_departures_20251030_200100.xml
2025-10-30 20:01:00,280 - vessel_data_pipeline - INFO - Updated metadata for Expected_departures.xml
2025-10-30 20:01:00,280 - vessel_data_pipeline - INFO - Successfully downloaded and validated Expected_departures.xml
2025-10-30 20:01:02,286 - vessel_data_pipeline - INFO - Fetch operation completed. Results: {'Arrived_in_last_36_hours.xml': True, 'Departed_in_last_36_hours.xml': True, 'Expected_arrivals.xml': True, 'Expected_departures.xml': True}
2025-10-30 20:01:02,558 - vessel_data_pipeline - INFO - VesselDataFetcher initialized. Pipeline enabled: True
2025-10-30 20:01:02,559 - vessel_data_pipeline - INFO - Starting vessel data fetch operation
2025-10-30 20:01:02,559 - vessel_data_pipeline - INFO - Discovering XML files from Hong Kong Marine Department portal
2025-10-30 20:01:03,038 - vessel_data_pipeline - INFO - Verified access to Arrived_in_last_36_hours.xml
2025-10-30 20:01:03,075 - vessel_data_pipeline - INFO - Verified access to Departed_in_last_36_hours.xml
2025-10-30 20:01:03,127 - vessel_data_pipeline - INFO - Verified access to Expected_arrivals.xml
2025-10-30 20:01:03,186 - vessel_data_pipeline - INFO - Verified access to Expected_departures.xml
2025-10-30 20:01:03,186 - vessel_data_pipeline - INFO - Discovered 4 XML files for download
2025-10-30 20:01:03,186 - vessel_data_pipeline - INFO - Downloading Arrived_in_last_36_hours.xml (attempt 1/3)
2025-10-30 20:01:03,232 - vessel_data_pipeline - INFO - File temp_Arrived_in_last_36_hours.xml passed validation checks
2025-10-30 20:01:03,233 - vessel_data_pipeline - INFO - Created backup: Arrived_in_last_36_hours_20251030_200103.xml
2025-10-30 20:01:03,233 - vessel_data_pipeline - INFO - Updated metadata for Arrived_in_last_36_hours.xml
2025-10-30 20:01:03,233 - vessel_data_pipeline - INFO - Successfully downloaded and validated Arrived_in_last_36_hours.xml
2025-10-30 20:01:05,238 - vessel_data_pipeline - INFO - Downloading Departed_in_last_36_hours.xml (attempt 1/3)
2025-10-30 20:01:05,317 - vessel_data_pipeline - INFO - File temp_Departed_in_last_36_hours.xml passed validation checks
2025-10-30 20:01:05,318 - vessel_data_pipeline - INFO - Created backup: Departed_in_last_36_hours_20251030_200105.xml
2025-10-30 20:01:05,318 - vessel_data_pipeline - INFO - Updated metadata for Departed_in_last_36_hours.xml
2025-10-30 20:01:05,318 - vessel_data_pipeline - INFO - Successfully downloaded and validated Departed_in_last_36_hours.xml
2025-10-30 20:01:07,323 - vessel_data_pipeline - INFO - Downloading Expected_arrivals.xml (attempt 1/3)
2025-10-30 20:01:07,378 - vessel_data_pipeline - INFO - File temp_Expected_arrivals.xml passed validation checks
2025-10-30 20:01:07,378 - vessel_data_pipeline - INFO - Created backup: Expected_arrivals_20251030_200107.xml
2025-10-30 20:01:07,379 - vessel_data_pipeline - INFO - Updated metadata for Expected_arrivals.xml
2025-10-30 20:01:07,379 - vessel_data_pipeline - INFO - Successfully downloaded and validated Expected_arrivals.xml
2025-10-30 20:01:09,384 - vessel_data_pipeline - INFO - Downloading Expected_departures.xml (attempt 1/3)
2025-10-30 20:01:09,463 - vessel_data_pipeline - INFO - File temp_Expected_departures.xml passed validation checks
2025-10-30 20:01:09,464 - vessel_data_pipeline - INFO - Created backup: Expected_departures_20251030_200109.xml
2025-10-30 20:01:09,464 - vessel_data_pipeline - INFO - Updated metadata for Expected_departures.xml
2025-10-30 20:01:09,464 - vessel_data_pipeline - INFO - Successfully downloaded and validated Expected_departures.xml
2025-10-30 20:01:11,466 - vessel_data_pipeline - INFO - Fetch operation completed. Results: {'Arrived_in_last_36_hours.xml': True, 'Departed_in_last_36_hours.xml': True, 'Expected_arrivals.xml': True, 'Expected_departures.xml': True}
2025-10-30 20:01:11,475 - vessel_data_pipeline - INFO - VesselDataFetcher initialized. Pipeline enabled: True
2025-10-30 20:01:11,482 - vessel_data_pipeline - INFO - Starting vessel data fetch operation
2025-10-30 20:01:11,482 - vessel_data_pipeline - INFO - Discovering XML files from Hong Kong Marine Department portal
2025-10-30 20:01:11,547 - vessel_data_pipeline - INFO - Verified access to Arrived_in_last_36_hours.xml
2025-10-30 20:01:11,585 - vessel_data_pipeline - INFO - Verified access to Departed_in_last_36_hours.xml
2025-10-30 20:01:11,653 - vessel_data_pipeline - INFO - Verified access to Expected_arrivals.xml
2025-10-30 20:01:11,698 - vessel_data_pipeline - INFO - Verified access to Expected_departures.xml
2025-10-30 20:01:11,698 - vessel_data_pipeline - INFO - Discovered 4 XML files for download
2025-10-30 20:01:11,698 - vessel_data_pipeline - INFO - Downloading Arrived_in_last_36_hours.xml (attempt 1/3)
2025-10-30 20:01:11,782 - vessel_data_pipeline - INFO - File temp_Arrived_in_last_36_hours.xml passed validation checks
2025-10-30 20:01:11,802 - vessel_data_pipeline - INFO - Created backup: Arrived_in_last_36_hours_20251030_200111.xml
2025-10-30 20:01:11,807 - vessel_data_pipeline - INFO - Updated metadata for Arrived_in_last_36_hours.xml
2025-10-30 20:01:11,808 - vessel_data_pipeline - INFO - Successfully downloaded and validated Arrived_in_last_36_hours.xml
2025-10-30 20:01:13,813 - vessel_data_pipeline - INFO - Downloading Departed_in_last_36_hours.xml (attempt 1/3)
2025-10-30 20:01:13,909 - vessel_data_pipeline - INFO - File temp_Departed_in_last_36_hours.xml passed validation checks
2025-10-30 20:01:13,909 - vessel_data_pipeline - INFO - Created backup: Departed_in_last_36_hours_20251030_200113.xml
2025-10-30 20:01:13,910 - vessel_data_pipeline - INFO - Updated metadata for Departed_in_last_36_hours.xml
2025-10-30 20:01:13,910 - vessel_data_pipeline - INFO - Successfully downloaded and validated Departed_in_last_36_hours.xml
2025-10-30 20:01:15,911 - vessel_data_pipeline - INFO - Downloading Expected_arrivals.xml (attempt 1/3)
2025-10-30 20:01:15,962 - vessel_data_pipeline - INFO - File temp_Expected_arrivals.xml passed validation checks
2025-10-30 20:01:15,962 - vessel_data_pipeline - INFO - Created backup: Expected_arrivals_20251030_200115.xml
2025-10-30 20:01:15,963 - vessel_data_pipeline - INFO - Updated metadata for Expected_arrivals.xml
2025-10-30 20:01:15,963 - vessel_data_pipeline - INFO - Successfully downloaded and validated Expected_arrivals.xml
2025-10-30 20:01:17,965 - vessel_data_pipeline - INFO - Downloading Expected_departures.xml (attempt 1/3)
2025-10-30 20:01:18,015 - vessel_data_pipeline - INFO - File temp_Expected_departures.xml passed validation checks
2025-10-30 20:01:18,016 - vessel_data_pipeline - INFO - Created backup: Expected_departures_20251030_200118.xml
2025-10-30 20:01:18,016 - vessel_data_pipeline - INFO - Updated metadata for Expected_departures.xml
2025-10-30 20:01:18,016 - vessel_data_pipeline - INFO - Successfully downloaded and validated Expected_departures.xml
2025-10-30 20:01:20,021 - vessel_data_pipeline - INFO - Fetch operation completed. Results: {'Arrived_in_last_36_hours.xml': True, 'Departed_in_last_36_hours.xml': True, 'Expected_arrivals.xml': True, 'Expected_departures.xml': True}
2025-10-30 20:01:22,960 - vessel_data_pipeline - INFO - VesselDataFetcher initialized. Pipeline enabled: True
2025-10-30 20:01:22,960 - vessel_data_pipeline - INFO - Starting vessel data fetch operation
2025-10-30 20:01:22,961 - vessel_data_pipeline - INFO - Discovering XML files from Hong Kong Marine Department portal
2025-10-30 20:01:23,025 - vessel_data_pipeline - INFO - Verified access to Arrived_in_last_36_hours.xml
2025-10-30 20:01:23,086 - vessel_data_pipeline - INFO - Verified access to Departed_in_last_36_hours.xml
2025-10-30 20:01:23,139 - vessel_data_pipeline - INFO - Verified access to Expected_arrivals.xml
2025-10-30 20:01:23,173 - vessel_data_pipeline - INFO - Verified access to Expected_departures.xml
2025-10-30 20:01:23,173 - vessel_data_pipeline - INFO - Discovered 4 XML files for download
2025-10-30 20:01:23,173 - vessel_data_pipeline - INFO - Downloading Arrived_in_last_36_hours.xml (attempt 1/3)
2025-10-30 20:01:23,243 - vessel_data_pipeline - INFO - File temp_Arrived_in_last_36_hours.xml passed validation checks
2025-10-30 20:01:23,244 - vessel_data_pipeline - INFO - Created backup: Arrived_in_last_36_hours_20251030_200123.xml
2025-10-30 20:01:23,245 - vessel_data_pipeline - INFO - Updated metadata for Arrived_in_last_36_hours.xml
2025-10-30 20:01:23,245 - vessel_data_pipeline - INFO - Successfully downloaded and validated Arrived_in_last_36_hours.xml
2025-10-30 20:01:25,250 - vessel_data_pipeline - INFO - Downloading Departed_in_last_36_hours.xml (attempt 1/3)
2025-10-30 20:01:25,395 - vessel_data_pipeline - INFO - File temp_Departed_in_last_36_hours.xml passed validation checks
2025-10-30 20:01:25,395 - vessel_data_pipeline - INFO - Created backup: Departed_in_last_36_hours_20251030_200125.xml
2025-10-30 20:01:25,395 - vessel_data_pipeline - INFO - Updated metadata for Departed_in_last_36_hours.xml
2025-10-30 20:01:25,395 - vessel_data_pipeline - INFO - Successfully downloaded and validated Departed_in_last_36_hours.xml
2025-10-30 20:01:27,401 - vessel_data_pipeline - INFO - Downloading Expected_arrivals.xml (attempt 1/3)
2025-10-30 20:01:27,478 - vessel_data_pipeline - INFO - File temp_Expected_arrivals.xml passed validation checks
2025-10-30 20:01:27,493 - vessel_data_pipeline - INFO - Created backup: Expected_arrivals_20251030_200127.xml
2025-10-30 20:01:27,504 - vessel_data_pipeline - INFO - Updated metadata for Expected_arrivals.xml
2025-10-30 20:01:27,509 - vessel_data_pipeline - INFO - Successfully downloaded and validated Expected_arrivals.xml
2025-10-30 20:01:29,514 - vessel_data_pipeline - INFO - Downloading Expected_departures.xml (attempt 1/3)
2025-10-30 20:01:29,572 - vessel_data_pipeline - INFO - File temp_Expected_departures.xml passed validation checks
2025-10-30 20:01:29,573 - vessel_data_pipeline - INFO - Created backup: Expected_departures_20251030_200129.xml
2025-10-30 20:01:29,574 - vessel_data_pipeline - INFO - Updated metadata for Expected_departures.xml
2025-10-30 20:01:29,574 - vessel_data_pipeline - INFO - Successfully downloaded and validated Expected_departures.xml
2025-10-30 20:01:31,579 - vessel_data_pipeline - INFO - Fetch operation completed. Results: {'Arrived_in_last_36_hours.xml': True, 'Departed_in_last_36_hours.xml': True, 'Expected_arrivals.xml': True, 'Expected_departures.xml': True}
2025-10-30 20:01:31,584 - vessel_data_pipeline - INFO - VesselDataFetcher initialized. Pipeline enabled: True
2025-10-30 20:01:31,584 - vessel_data_pipeline - INFO - Starting vessel data fetch operation
2025-10-30 20:01:31,584 - vessel_data_pipeline - INFO - Discovering XML files from Hong Kong Marine Department portal
2025-10-30 20:01:31,680 - vessel_data_pipeline - INFO - Verified access to Arrived_in_last_36_hours.xml
2025-10-30 20:01:31,713 - vessel_data_pipeline - INFO - Verified access to Departed_in_last_36_hours.xml
2025-10-30 20:01:31,741 - vessel_data_pipeline - INFO - Verified access to Expected_arrivals.xml
2025-10-30 20:01:32,046 - vessel_data_pipeline - INFO - Verified access to Expected_departures.xml
2025-10-30 20:01:32,046 - vessel_data_pipeline - INFO - Discovered 4 XML files for download
2025-10-30 20:01:32,046 - vessel_data_pipeline - INFO - Downloading Arrived_in_last_36_hours.xml (attempt 1/3)
2025-10-30 20:01:32,095 - vessel_data_pipeline - INFO - File temp_Arrived_in_last_36_hours.xml passed validation checks
2025-10-30 20:01:32,096 - vessel_data_pipeline - INFO - Created backup: Arrived_in_last_36_hours_20251030_200132.xml
2025-10-30 20:01:32,096 - vessel_data_pipeline - INFO - Updated metadata for Arrived_in_last_36_hours.xml
2025-10-30 20:01:32,096 - vessel_data_pipeline - INFO - Successfully downloaded and validated Arrived_in_last_36_hours.xml
2025-10-30 20:01:34,098 - vessel_data_pipeline - INFO - Downloading Departed_in_last_36_hours.xml (attempt 1/3)
2025-10-30 20:01:34,187 - vessel_data_pipeline - INFO - File temp_Departed_in_last_36_hours.xml passed validation checks
2025-10-30 20:01:34,188 - vessel_data_pipeline - INFO - Created backup: Departed_in_last_36_hours_20251030_200134.xml
2025-10-30 20:01:34,188 - vessel_data_pipeline - INFO - Updated metadata for Departed_in_last_36_hours.xml
2025-10-30 20:01:34,188 - vessel_data_pipeline - INFO - Successfully downloaded and validated Departed_in_last_36_hours.xml
2025-10-30 20:01:36,193 - vessel_data_pipeline - INFO - Downloading Expected_arrivals.xml (attempt 1/3)
2025-10-30 20:01:36,242 - vessel_data_pipeline - INFO - File temp_Expected_arrivals.xml passed validation checks
2025-10-30 20:01:36,242 - vessel_data_pipeline - INFO - Created backup: Expected_arrivals_20251030_200136.xml
2025-10-30 20:01:36,242 - vessel_data_pipeline - INFO - Updated metadata for Expected_arrivals.xml
2025-10-30 20:01:36,242 - vessel_data_pipeline - INFO - Successfully downloaded and validated Expected_arrivals.xml
2025-10-30 20:01:38,245 - vessel_data_pipeline - INFO - Downloading Expected_departures.xml (attempt 1/3)
2025-10-30 20:01:38,319 - vessel_data_pipeline - INFO - File temp_Expected_departures.xml passed validation checks
2025-10-30 20:01:38,320 - vessel_data_pipeline - INFO - Created backup: Expected_departures_20251030_200138.xml
2025-10-30 20:01:38,320 - vessel_data_pipeline - INFO - Updated metadata for Expected_departures.xml
2025-10-30 20:01:38,320 - vessel_data_pipeline - INFO - Successfully downloaded and validated Expected_departures.xml
2025-10-30 20:01:40,324 - vessel_data_pipeline - INFO - Fetch operation completed. Results: {'Arrived_in_last_36_hours.xml': True, 'Departed_in_last_36_hours.xml': True, 'Expected_arrivals.xml': True, 'Expected_departures.xml': True}
2025-10-30 20:01:40,334 - vessel_data_pipeline - INFO - VesselDataFetcher initialized. Pipeline enabled: True
2025-10-30 20:01:40,335 - vessel_data_pipeline - INFO - Starting vessel data fetch operation
2025-10-30 20:01:40,335 - vessel_data_pipeline - INFO - Discovering XML files from Hong Kong Marine Department portal
2025-10-30 20:01:40,397 - vessel_data_pipeline - INFO - Verified access to Arrived_in_last_36_hours.xml
2025-10-30 20:01:40,434 - vessel_data_pipeline - INFO - Verified access to Departed_in_last_36_hours.xml
2025-10-30 20:01:40,548 - vessel_data_pipeline - INFO - Verified access to Expected_arrivals.xml
2025-10-30 20:01:40,709 - vessel_data_pipeline - INFO - Verified access to Expected_departures.xml
2025-10-30 20:01:40,710 - vessel_data_pipeline - INFO - Discovered 4 XML files for download
2025-10-30 20:01:40,710 - vessel_data_pipeline - INFO - Downloading Arrived_in_last_36_hours.xml (attempt 1/3)
2025-10-30 20:01:41,024 - vessel_data_pipeline - INFO - File temp_Arrived_in_last_36_hours.xml passed validation checks
2025-10-30 20:01:41,025 - vessel_data_pipeline - INFO - Created backup: Arrived_in_last_36_hours_20251030_200141.xml
2025-10-30 20:01:41,026 - vessel_data_pipeline - INFO - Updated metadata for Arrived_in_last_36_hours.xml
2025-10-30 20:01:41,026 - vessel_data_pipeline - INFO - Successfully downloaded and validated Arrived_in_last_36_hours.xml
2025-10-30 20:01:43,035 - vessel_data_pipeline - INFO - Downloading Departed_in_last_36_hours.xml (attempt 1/3)
2025-10-30 20:01:43,102 - vessel_data_pipeline - INFO - File temp_Departed_in_last_36_hours.xml passed validation checks
2025-10-30 20:01:43,102 - vessel_data_pipeline - INFO - Created backup: Departed_in_last_36_hours_20251030_200143.xml
2025-10-30 20:01:43,102 - vessel_data_pipeline - INFO - Updated metadata for Departed_in_last_36_hours.xml
2025-10-30 20:01:43,102 - vessel_data_pipeline - INFO - Successfully downloaded and validated Departed_in_last_36_hours.xml
2025-10-30 20:01:45,105 - vessel_data_pipeline - INFO - Downloading Expected_arrivals.xml (attempt 1/3)
2025-10-30 20:01:45,156 - vessel_data_pipeline - INFO - File temp_Expected_arrivals.xml passed validation checks
2025-10-30 20:01:45,157 - vessel_data_pipeline - INFO - Created backup: Expected_arrivals_20251030_200145.xml
2025-10-30 20:01:45,157 - vessel_data_pipeline - INFO - Updated metadata for Expected_arrivals.xml
2025-10-30 20:01:45,157 - vessel_data_pipeline - INFO - Successfully downloaded and validated Expected_arrivals.xml
2025-10-30 20:01:47,161 - vessel_data_pipeline - INFO - Downloading Expected_departures.xml (attempt 1/3)
2025-10-30 20:01:47,251 - vessel_data_pipeline - INFO - File temp_Expected_departures.xml passed validation checks
2025-10-30 20:01:47,251 - vessel_data_pipeline - INFO - Created backup: Expected_departures_20251030_200147.xml
2025-10-30 20:01:47,251 - vessel_data_pipeline - INFO - Updated metadata for Expected_departures.xml
2025-10-30 20:01:47,251 - vessel_data_pipeline - INFO - Successfully downloaded and validated Expected_departures.xml
2025-10-30 20:01:49,257 - vessel_data_pipeline - INFO - Fetch operation completed. Results: {'Arrived_in_last_36_hours.xml': True, 'Departed_in_last_36_hours.xml': True, 'Expected_arrivals.xml': True, 'Expected_departures.xml': True}
2025-10-30 20:01:49,260 - vessel_data_pipeline - INFO - VesselDataFetcher initialized. Pipeline enabled: True
2025-10-30 20:01:49,261 - vessel_data_pipeline - INFO - Starting vessel data fetch operation
2025-10-30 20:01:49,261 - vessel_data_pipeline - INFO - Discovering XML files from Hong Kong Marine Department portal
2025-10-30 20:01:49,382 - vessel_data_pipeline - INFO - Verified access to Arrived_in_last_36_hours.xml
2025-10-30 20:01:49,415 - vessel_data_pipeline - INFO - Verified access to Departed_in_last_36_hours.xml
2025-10-30 20:01:49,472 - vessel_data_pipeline - INFO - Verified access to Expected_arrivals.xml
2025-10-30 20:01:49,504 - vessel_data_pipeline - INFO - Verified access to Expected_departures.xml
2025-10-30 20:01:49,505 - vessel_data_pipeline - INFO - Discovered 4 XML files for download
2025-10-30 20:01:49,505 - vessel_data_pipeline - INFO - Downloading Arrived_in_last_36_hours.xml (attempt 1/3)
2025-10-30 20:01:49,556 - vessel_data_pipeline - INFO - File temp_Arrived_in_last_36_hours.xml passed validation checks
2025-10-30 20:01:49,557 - vessel_data_pipeline - INFO - Created backup: Arrived_in_last_36_hours_20251030_200149.xml
2025-10-30 20:01:49,557 - vessel_data_pipeline - INFO - Updated metadata for Arrived_in_last_36_hours.xml
2025-10-30 20:01:49,557 - vessel_data_pipeline - INFO - Successfully downloaded and validated Arrived_in_last_36_hours.xml
2025-10-30 20:01:51,562 - vessel_data_pipeline - INFO - Downloading Departed_in_last_36_hours.xml (attempt 1/3)
2025-10-30 20:01:51,656 - vessel_data_pipeline - INFO - File temp_Departed_in_last_36_hours.xml passed validation checks
2025-10-30 20:01:51,657 - vessel_data_pipeline - INFO - Created backup: Departed_in_last_36_hours_20251030_200151.xml
2025-10-30 20:01:51,657 - vessel_data_pipeline - INFO - Updated metadata for Departed_in_last_36_hours.xml
2025-10-30 20:01:51,657 - vessel_data_pipeline - INFO - Successfully downloaded and validated Departed_in_last_36_hours.xml
2025-10-30 20:01:53,662 - vessel_data_pipeline - INFO - Downloading Expected_arrivals.xml (attempt 1/3)
2025-10-30 20:01:53,722 - vessel_data_pipeline - INFO - File temp_Expected_arrivals.xml passed validation checks
2025-10-30 20:01:53,723 - vessel_data_pipeline - INFO - Created backup: Expected_arrivals_20251030_200153.xml
2025-10-30 20:01:53,723 - vessel_data_pipeline - INFO - Updated metadata for Expected_arrivals.xml
2025-10-30 20:01:53,723 - vessel_data_pipeline - INFO - Successfully downloaded and validated Expected_arrivals.xml
2025-10-30 20:01:55,727 - vessel_data_pipeline - INFO - Downloading Expected_departures.xml (attempt 1/3)
2025-10-30 20:01:55,786 - vessel_data_pipeline - INFO - File temp_Expected_departures.xml passed validation checks
2025-10-30 20:01:55,786 - vessel_data_pipeline - INFO - Created backup: Expected_departures_20251030_200155.xml
2025-10-30 20:01:55,786 - vessel_data_pipeline - INFO - Updated metadata for Expected_departures.xml
2025-10-30 20:01:55,786 - vessel_data_pipeline - INFO - Successfully downloaded and validated Expected_departures.xml
2025-10-30 20:01:57,791 - vessel_data_pipeline - INFO - Fetch operation completed. Results: {'Arrived_in_last_36_hours.xml': True, 'Departed_in_last_36_hours.xml': True, 'Expected_arrivals.xml': True, 'Expected_departures.xml': True}
2025-10-30 20:05:24,714 - vessel_data_pipeline - INFO - VesselDataFetcher initialized. Pipeline enabled: True
2025-10-30 20:05:24,715 - vessel_data_pipeline - INFO - Starting vessel data fetch operation
2025-10-30 20:05:24,715 - vessel_data_pipeline - INFO - Discovering XML files from Hong Kong Marine Department portal
2025-10-30 20:05:25,022 - vessel_data_pipeline - INFO - Verified access to Arrived_in_last_36_hours.xml
2025-10-30 20:05:25,242 - vessel_data_pipeline - INFO - Verified access to Departed_in_last_36_hours.xml
2025-10-30 20:05:25,412 - vessel_data_pipeline - INFO - Verified access to Expected_arrivals.xml
2025-10-30 20:05:25,610 - vessel_data_pipeline - INFO - Verified access to Expected_departures.xml
2025-10-30 20:05:25,610 - vessel_data_pipeline - INFO - Discovered 4 XML files for download
2025-10-30 20:05:25,610 - vessel_data_pipeline - INFO - Downloading Arrived_in_last_36_hours.xml (attempt 1/3)
2025-10-30 20:05:25,669 - vessel_data_pipeline - INFO - File temp_Arrived_in_last_36_hours.xml passed validation checks
2025-10-30 20:05:25,670 - vessel_data_pipeline - INFO - Created backup: Arrived_in_last_36_hours_20251030_200525.xml
2025-10-30 20:05:25,671 - vessel_data_pipeline - INFO - Updated metadata for Arrived_in_last_36_hours.xml
2025-10-30 20:05:25,671 - vessel_data_pipeline - INFO - Successfully downloaded and validated Arrived_in_last_36_hours.xml
2025-10-30 20:05:27,676 - vessel_data_pipeline - INFO - Downloading Departed_in_last_36_hours.xml (attempt 1/3)
2025-10-30 20:05:27,752 - vessel_data_pipeline - INFO - File temp_Departed_in_last_36_hours.xml passed validation checks
2025-10-30 20:05:27,753 - vessel_data_pipeline - INFO - Created backup: Departed_in_last_36_hours_20251030_200527.xml
2025-10-30 20:05:27,753 - vessel_data_pipeline - INFO - Updated metadata for Departed_in_last_36_hours.xml
2025-10-30 20:05:27,753 - vessel_data_pipeline - INFO - Successfully downloaded and validated Departed_in_last_36_hours.xml
2025-10-30 20:05:29,757 - vessel_data_pipeline - INFO - Downloading Expected_arrivals.xml (attempt 1/3)
2025-10-30 20:05:29,805 - vessel_data_pipeline - INFO - File temp_Expected_arrivals.xml passed validation checks
2025-10-30 20:05:29,805 - vessel_data_pipeline - INFO - Created backup: Expected_arrivals_20251030_200529.xml
2025-10-30 20:05:29,806 - vessel_data_pipeline - INFO - Updated metadata for Expected_arrivals.xml
2025-10-30 20:05:29,806 - vessel_data_pipeline - INFO - Successfully downloaded and validated Expected_arrivals.xml
2025-10-30 20:05:31,811 - vessel_data_pipeline - INFO - Downloading Expected_departures.xml (attempt 1/3)
2025-10-30 20:05:31,902 - vessel_data_pipeline - INFO - File temp_Expected_departures.xml passed validation checks
2025-10-30 20:05:31,903 - vessel_data_pipeline - INFO - Created backup: Expected_departures_20251030_200531.xml
2025-10-30 20:05:31,903 - vessel_data_pipeline - INFO - Updated metadata for Expected_departures.xml
2025-10-30 20:05:31,903 - vessel_data_pipeline - INFO - Successfully downloaded and validated Expected_departures.xml
2025-10-30 20:05:33,905 - vessel_data_pipeline - INFO - Fetch operation completed. Results: {'Arrived_in_last_36_hours.xml': True, 'Departed_in_last_36_hours.xml': True, 'Expected_arrivals.xml': True, 'Expected_departures.xml': True}
2025-10-30 20:05:34,258 - vessel_data_pipeline - INFO - VesselDataFetcher initialized. Pipeline enabled: True
2025-10-30 20:05:34,261 - vessel_data_pipeline - INFO - Starting vessel data fetch operation
2025-10-30 20:05:34,261 - vessel_data_pipeline - INFO - Discovering XML files from Hong Kong Marine Department portal
2025-10-30 20:05:34,369 - vessel_data_pipeline - INFO - Verified access to Arrived_in_last_36_hours.xml
2025-10-30 20:05:34,406 - vessel_data_pipeline - INFO - Verified access to Departed_in_last_36_hours.xml
2025-10-30 20:05:34,464 - vessel_data_pipeline - INFO - Verified access to Expected_arrivals.xml
2025-10-30 20:05:34,532 - vessel_data_pipeline - INFO - Verified access to Expected_departures.xml
2025-10-30 20:05:34,532 - vessel_data_pipeline - INFO - Discovered 4 XML files for download
2025-10-30 20:05:34,532 - vessel_data_pipeline - INFO - Downloading Arrived_in_last_36_hours.xml (attempt 1/3)
2025-10-30 20:05:34,616 - vessel_data_pipeline - INFO - File temp_Arrived_in_last_36_hours.xml passed validation checks
2025-10-30 20:05:34,627 - vessel_data_pipeline - INFO - Created backup: Arrived_in_last_36_hours_20251030_200534.xml
2025-10-30 20:05:34,627 - vessel_data_pipeline - INFO - Updated metadata for Arrived_in_last_36_hours.xml
2025-10-30 20:05:34,627 - vessel_data_pipeline - INFO - Successfully downloaded and validated Arrived_in_last_36_hours.xml
2025-10-30 20:05:36,632 - vessel_data_pipeline - INFO - Downloading Departed_in_last_36_hours.xml (attempt 1/3)
2025-10-30 20:05:36,688 - vessel_data_pipeline - INFO - File temp_Departed_in_last_36_hours.xml passed validation checks
2025-10-30 20:05:36,689 - vessel_data_pipeline - INFO - Created backup: Departed_in_last_36_hours_20251030_200536.xml
2025-10-30 20:05:36,689 - vessel_data_pipeline - INFO - Updated metadata for Departed_in_last_36_hours.xml
2025-10-30 20:05:36,689 - vessel_data_pipeline - INFO - Successfully downloaded and validated Departed_in_last_36_hours.xml
2025-10-30 20:05:38,694 - vessel_data_pipeline - INFO - Downloading Expected_arrivals.xml (attempt 1/3)
2025-10-30 20:05:38,747 - vessel_data_pipeline - INFO - File temp_Expected_arrivals.xml passed validation checks
2025-10-30 20:05:38,747 - vessel_data_pipeline - INFO - Created backup: Expected_arrivals_20251030_200538.xml
2025-10-30 20:05:38,748 - vessel_data_pipeline - INFO - Updated metadata for Expected_arrivals.xml
2025-10-30 20:05:38,748 - vessel_data_pipeline - INFO - Successfully downloaded and validated Expected_arrivals.xml
2025-10-30 20:05:40,753 - vessel_data_pipeline - INFO - Downloading Expected_departures.xml (attempt 1/3)
2025-10-30 20:05:40,833 - vessel_data_pipeline - INFO - File temp_Expected_departures.xml passed validation checks
2025-10-30 20:05:40,833 - vessel_data_pipeline - INFO - Created backup: Expected_departures_20251030_200540.xml
2025-10-30 20:05:40,834 - vessel_data_pipeline - INFO - Updated metadata for Expected_departures.xml
2025-10-30 20:05:40,834 - vessel_data_pipeline - INFO - Successfully downloaded and validated Expected_departures.xml
2025-10-30 20:05:42,839 - vessel_data_pipeline - INFO - Fetch operation completed. Results: {'Arrived_in_last_36_hours.xml': True, 'Departed_in_last_36_hours.xml': True, 'Expected_arrivals.xml': True, 'Expected_departures.xml': True}
2025-10-30 20:05:42,842 - vessel_data_pipeline - INFO - VesselDataFetcher initialized. Pipeline enabled: True
2025-10-30 20:05:42,848 - vessel_data_pipeline - INFO - Starting vessel data fetch operation
2025-10-30 20:05:42,848 - vessel_data_pipeline - INFO - Discovering XML files from Hong Kong Marine Department portal
2025-10-30 20:05:42,973 - vessel_data_pipeline - INFO - Verified access to Arrived_in_last_36_hours.xml
2025-10-30 20:05:43,014 - vessel_data_pipeline - INFO - Verified access to Departed_in_last_36_hours.xml
2025-10-30 20:05:43,060 - vessel_data_pipeline - INFO - Verified access to Expected_arrivals.xml
2025-10-30 20:05:43,275 - vessel_data_pipeline - INFO - Verified access to Expected_departures.xml
2025-10-30 20:05:43,275 - vessel_data_pipeline - INFO - Discovered 4 XML files for download
2025-10-30 20:05:43,275 - vessel_data_pipeline - INFO - Downloading Arrived_in_last_36_hours.xml (attempt 1/3)
2025-10-30 20:05:43,379 - vessel_data_pipeline - INFO - File temp_Arrived_in_last_36_hours.xml passed validation checks
2025-10-30 20:05:43,391 - vessel_data_pipeline - INFO - Created backup: Arrived_in_last_36_hours_20251030_200543.xml
2025-10-30 20:05:43,394 - vessel_data_pipeline - INFO - Updated metadata for Arrived_in_last_36_hours.xml
2025-10-30 20:05:43,395 - vessel_data_pipeline - INFO - Successfully downloaded and validated Arrived_in_last_36_hours.xml
2025-10-30 20:05:45,399 - vessel_data_pipeline - INFO - Downloading Departed_in_last_36_hours.xml (attempt 1/3)
2025-10-30 20:05:45,502 - vessel_data_pipeline - INFO - File temp_Departed_in_last_36_hours.xml passed validation checks
2025-10-30 20:05:45,503 - vessel_data_pipeline - INFO - Created backup: Departed_in_last_36_hours_20251030_200545.xml
2025-10-30 20:05:45,504 - vessel_data_pipeline - INFO - Updated metadata for Departed_in_last_36_hours.xml
2025-10-30 20:05:45,504 - vessel_data_pipeline - INFO - Successfully downloaded and validated Departed_in_last_36_hours.xml
2025-10-30 20:05:47,504 - vessel_data_pipeline - INFO - Downloading Expected_arrivals.xml (attempt 1/3)
2025-10-30 20:05:47,563 - vessel_data_pipeline - INFO - File temp_Expected_arrivals.xml passed validation checks
2025-10-30 20:05:47,563 - vessel_data_pipeline - INFO - Created backup: Expected_arrivals_20251030_200547.xml
2025-10-30 20:05:47,563 - vessel_data_pipeline - INFO - Updated metadata for Expected_arrivals.xml
2025-10-30 20:05:47,563 - vessel_data_pipeline - INFO - Successfully downloaded and validated Expected_arrivals.xml
2025-10-30 20:05:49,568 - vessel_data_pipeline - INFO - Downloading Expected_departures.xml (attempt 1/3)
2025-10-30 20:05:49,616 - vessel_data_pipeline - INFO - File temp_Expected_departures.xml passed validation checks
2025-10-30 20:05:49,616 - vessel_data_pipeline - INFO - Created backup: Expected_departures_20251030_200549.xml
2025-10-30 20:05:49,617 - vessel_data_pipeline - INFO - Updated metadata for Expected_departures.xml
2025-10-30 20:05:49,617 - vessel_data_pipeline - INFO - Successfully downloaded and validated Expected_departures.xml
2025-10-30 20:05:51,620 - vessel_data_pipeline - INFO - Fetch operation completed. Results: {'Arrived_in_last_36_hours.xml': True, 'Departed_in_last_36_hours.xml': True, 'Expected_arrivals.xml': True, 'Expected_departures.xml': True}
2025-10-30 20:05:54,621 - vessel_data_pipeline - INFO - VesselDataFetcher initialized. Pipeline enabled: True
2025-10-30 20:05:54,624 - vessel_data_pipeline - INFO - Starting vessel data fetch operation
2025-10-30 20:05:54,624 - vessel_data_pipeline - INFO - Discovering XML files from Hong Kong Marine Department portal
2025-10-30 20:05:54,685 - vessel_data_pipeline - INFO - Verified access to Arrived_in_last_36_hours.xml
2025-10-30 20:05:54,746 - vessel_data_pipeline - INFO - Verified access to Departed_in_last_36_hours.xml
2025-10-30 20:05:54,815 - vessel_data_pipeline - INFO - Verified access to Expected_arrivals.xml
2025-10-30 20:05:54,846 - vessel_data_pipeline - INFO - Verified access to Expected_departures.xml
2025-10-30 20:05:54,846 - vessel_data_pipeline - INFO - Discovered 4 XML files for download
2025-10-30 20:05:54,846 - vessel_data_pipeline - INFO - Downloading Arrived_in_last_36_hours.xml (attempt 1/3)
2025-10-30 20:05:54,894 - vessel_data_pipeline - INFO - File temp_Arrived_in_last_36_hours.xml passed validation checks
2025-10-30 20:05:54,894 - vessel_data_pipeline - INFO - Created backup: Arrived_in_last_36_hours_20251030_200554.xml
2025-10-30 20:05:54,895 - vessel_data_pipeline - INFO - Updated metadata for Arrived_in_last_36_hours.xml
2025-10-30 20:05:54,895 - vessel_data_pipeline - INFO - Successfully downloaded and validated Arrived_in_last_36_hours.xml
2025-10-30 20:05:56,900 - vessel_data_pipeline - INFO - Downloading Departed_in_last_36_hours.xml (attempt 1/3)
2025-10-30 20:05:56,971 - vessel_data_pipeline - INFO - File temp_Departed_in_last_36_hours.xml passed validation checks
2025-10-30 20:05:56,972 - vessel_data_pipeline - INFO - Created backup: Departed_in_last_36_hours_20251030_200556.xml
2025-10-30 20:05:56,972 - vessel_data_pipeline - INFO - Updated metadata for Departed_in_last_36_hours.xml
2025-10-30 20:05:56,972 - vessel_data_pipeline - INFO - Successfully downloaded and validated Departed_in_last_36_hours.xml
2025-10-30 20:05:58,977 - vessel_data_pipeline - INFO - Downloading Expected_arrivals.xml (attempt 1/3)
2025-10-30 20:05:59,119 - vessel_data_pipeline - INFO - File temp_Expected_arrivals.xml passed validation checks
2025-10-30 20:05:59,119 - vessel_data_pipeline - INFO - Created backup: Expected_arrivals_20251030_200559.xml
2025-10-30 20:05:59,119 - vessel_data_pipeline - INFO - Updated metadata for Expected_arrivals.xml
2025-10-30 20:05:59,120 - vessel_data_pipeline - INFO - Successfully downloaded and validated Expected_arrivals.xml
2025-10-30 20:06:01,123 - vessel_data_pipeline - INFO - Downloading Expected_departures.xml (attempt 1/3)
2025-10-30 20:06:01,164 - vessel_data_pipeline - INFO - File temp_Expected_departures.xml passed validation checks
2025-10-30 20:06:01,164 - vessel_data_pipeline - INFO - Created backup: Expected_departures_20251030_200601.xml
2025-10-30 20:06:01,164 - vessel_data_pipeline - INFO - Updated metadata for Expected_departures.xml
2025-10-30 20:06:01,164 - vessel_data_pipeline - INFO - Successfully downloaded and validated Expected_departures.xml
2025-10-30 20:06:03,169 - vessel_data_pipeline - INFO - Fetch operation completed. Results: {'Arrived_in_last_36_hours.xml': True, 'Departed_in_last_36_hours.xml': True, 'Expected_arrivals.xml': True, 'Expected_departures.xml': True}
2025-10-30 20:06:03,173 - vessel_data_pipeline - INFO - VesselDataFetcher initialized. Pipeline enabled: True
2025-10-30 20:06:03,173 - vessel_data_pipeline - INFO - Starting vessel data fetch operation
2025-10-30 20:06:03,173 - vessel_data_pipeline - INFO - Discovering XML files from Hong Kong Marine Department portal
2025-10-30 20:06:03,233 - vessel_data_pipeline - INFO - Verified access to Arrived_in_last_36_hours.xml
2025-10-30 20:06:03,297 - vessel_data_pipeline - INFO - Verified access to Departed_in_last_36_hours.xml
2025-10-30 20:06:03,336 - vessel_data_pipeline - INFO - Verified access to Expected_arrivals.xml
2025-10-30 20:06:03,381 - vessel_data_pipeline - INFO - Verified access to Expected_departures.xml
2025-10-30 20:06:03,382 - vessel_data_pipeline - INFO - Discovered 4 XML files for download
2025-10-30 20:06:03,382 - vessel_data_pipeline - INFO - Downloading Arrived_in_last_36_hours.xml (attempt 1/3)
2025-10-30 20:06:03,441 - vessel_data_pipeline - INFO - File temp_Arrived_in_last_36_hours.xml passed validation checks
2025-10-30 20:06:03,441 - vessel_data_pipeline - INFO - Created backup: Arrived_in_last_36_hours_20251030_200603.xml
2025-10-30 20:06:03,441 - vessel_data_pipeline - INFO - Updated metadata for Arrived_in_last_36_hours.xml
2025-10-30 20:06:03,441 - vessel_data_pipeline - INFO - Successfully downloaded and validated Arrived_in_last_36_hours.xml
2025-10-30 20:06:05,447 - vessel_data_pipeline - INFO - Downloading Departed_in_last_36_hours.xml (attempt 1/3)
2025-10-30 20:06:05,507 - vessel_data_pipeline - INFO - File temp_Departed_in_last_36_hours.xml passed validation checks
2025-10-30 20:06:05,507 - vessel_data_pipeline - INFO - Created backup: Departed_in_last_36_hours_20251030_200605.xml
2025-10-30 20:06:05,508 - vessel_data_pipeline - INFO - Updated metadata for Departed_in_last_36_hours.xml
2025-10-30 20:06:05,508 - vessel_data_pipeline - INFO - Successfully downloaded and validated Departed_in_last_36_hours.xml
2025-10-30 20:06:07,511 - vessel_data_pipeline - INFO - Downloading Expected_arrivals.xml (attempt 1/3)
2025-10-30 20:06:07,568 - vessel_data_pipeline - INFO - File temp_Expected_arrivals.xml passed validation checks
2025-10-30 20:06:07,568 - vessel_data_pipeline - INFO - Created backup: Expected_arrivals_20251030_200607.xml
2025-10-30 20:06:07,568 - vessel_data_pipeline - INFO - Updated metadata for Expected_arrivals.xml
2025-10-30 20:06:07,568 - vessel_data_pipeline - INFO - Successfully downloaded and validated Expected_arrivals.xml
2025-10-30 20:06:09,574 - vessel_data_pipeline - INFO - Downloading Expected_departures.xml (attempt 1/3)
2025-10-30 20:06:09,640 - vessel_data_pipeline - INFO - File temp_Expected_departures.xml passed validation checks
2025-10-30 20:06:09,640 - vessel_data_pipeline - INFO - Created backup: Expected_departures_20251030_200609.xml
2025-10-30 20:06:09,641 - vessel_data_pipeline - INFO - Updated metadata for Expected_departures.xml
2025-10-30 20:06:09,641 - vessel_data_pipeline - INFO - Successfully downloaded and validated Expected_departures.xml
2025-10-30 20:06:11,641 - vessel_data_pipeline - INFO - Fetch operation completed. Results: {'Arrived_in_last_36_hours.xml': True, 'Departed_in_last_36_hours.xml': True, 'Expected_arrivals.xml': True, 'Expected_departures.xml': True}
2025-10-30 20:06:11,652 - vessel_data_pipeline - INFO - VesselDataFetcher initialized. Pipeline enabled: True
2025-10-30 20:06:11,652 - vessel_data_pipeline - INFO - Starting vessel data fetch operation
2025-10-30 20:06:11,652 - vessel_data_pipeline - INFO - Discovering XML files from Hong Kong Marine Department portal
2025-10-30 20:06:11,723 - vessel_data_pipeline - INFO - Verified access to Arrived_in_last_36_hours.xml
2025-10-30 20:06:11,786 - vessel_data_pipeline - INFO - Verified access to Departed_in_last_36_hours.xml
2025-10-30 20:06:11,815 - vessel_data_pipeline - INFO - Verified access to Expected_arrivals.xml
2025-10-30 20:06:11,847 - vessel_data_pipeline - INFO - Verified access to Expected_departures.xml
2025-10-30 20:06:11,848 - vessel_data_pipeline - INFO - Discovered 4 XML files for download
2025-10-30 20:06:11,848 - vessel_data_pipeline - INFO - Downloading Arrived_in_last_36_hours.xml (attempt 1/3)
2025-10-30 20:06:12,288 - vessel_data_pipeline - INFO - File temp_Arrived_in_last_36_hours.xml passed validation checks
2025-10-30 20:06:12,290 - vessel_data_pipeline - INFO - Created backup: Arrived_in_last_36_hours_20251030_200612.xml
2025-10-30 20:06:12,291 - vessel_data_pipeline - INFO - Updated metadata for Arrived_in_last_36_hours.xml
2025-10-30 20:06:12,291 - vessel_data_pipeline - INFO - Successfully downloaded and validated Arrived_in_last_36_hours.xml
2025-10-30 20:06:14,296 - vessel_data_pipeline - INFO - Downloading Departed_in_last_36_hours.xml (attempt 1/3)
2025-10-30 20:06:14,399 - vessel_data_pipeline - INFO - File temp_Departed_in_last_36_hours.xml passed validation checks
2025-10-30 20:06:14,415 - vessel_data_pipeline - INFO - Created backup: Departed_in_last_36_hours_20251030_200614.xml
2025-10-30 20:06:14,426 - vessel_data_pipeline - INFO - Updated metadata for Departed_in_last_36_hours.xml
2025-10-30 20:06:14,426 - vessel_data_pipeline - INFO - Successfully downloaded and validated Departed_in_last_36_hours.xml
2025-10-30 20:06:16,432 - vessel_data_pipeline - INFO - Downloading Expected_arrivals.xml (attempt 1/3)
2025-10-30 20:06:16,490 - vessel_data_pipeline - INFO - File temp_Expected_arrivals.xml passed validation checks
2025-10-30 20:06:16,490 - vessel_data_pipeline - INFO - Created backup: Expected_arrivals_20251030_200616.xml
2025-10-30 20:06:16,491 - vessel_data_pipeline - INFO - Updated metadata for Expected_arrivals.xml
2025-10-30 20:06:16,491 - vessel_data_pipeline - INFO - Successfully downloaded and validated Expected_arrivals.xml
2025-10-30 20:06:18,496 - vessel_data_pipeline - INFO - Downloading Expected_departures.xml (attempt 1/3)
2025-10-30 20:06:18,557 - vessel_data_pipeline - INFO - File temp_Expected_departures.xml passed validation checks
2025-10-30 20:06:18,558 - vessel_data_pipeline - INFO - Created backup: Expected_departures_20251030_200618.xml
2025-10-30 20:06:18,558 - vessel_data_pipeline - INFO - Updated metadata for Expected_departures.xml
2025-10-30 20:06:18,558 - vessel_data_pipeline - INFO - Successfully downloaded and validated Expected_departures.xml
2025-10-30 20:06:20,561 - vessel_data_pipeline - INFO - Fetch operation completed. Results: {'Arrived_in_last_36_hours.xml': True, 'Departed_in_last_36_hours.xml': True, 'Expected_arrivals.xml': True, 'Expected_departures.xml': True}
2025-10-30 20:06:20,564 - vessel_data_pipeline - INFO - VesselDataFetcher initialized. Pipeline enabled: True
2025-10-30 20:06:20,565 - vessel_data_pipeline - INFO - Starting vessel data fetch operation
2025-10-30 20:06:20,565 - vessel_data_pipeline - INFO - Discovering XML files from Hong Kong Marine Department portal
2025-10-30 20:06:20,649 - vessel_data_pipeline - INFO - Verified access to Arrived_in_last_36_hours.xml
2025-10-30 20:06:20,686 - vessel_data_pipeline - INFO - Verified access to Departed_in_last_36_hours.xml
2025-10-30 20:06:20,727 - vessel_data_pipeline - INFO - Verified access to Expected_arrivals.xml
2025-10-30 20:06:20,802 - vessel_data_pipeline - INFO - Verified access to Expected_departures.xml
2025-10-30 20:06:20,802 - vessel_data_pipeline - INFO - Discovered 4 XML files for download
2025-10-30 20:06:20,802 - vessel_data_pipeline - INFO - Downloading Arrived_in_last_36_hours.xml (attempt 1/3)
2025-10-30 20:06:20,854 - vessel_data_pipeline - INFO - File temp_Arrived_in_last_36_hours.xml passed validation checks
2025-10-30 20:06:20,854 - vessel_data_pipeline - INFO - Created backup: Arrived_in_last_36_hours_20251030_200620.xml
2025-10-30 20:06:20,854 - vessel_data_pipeline - INFO - Updated metadata for Arrived_in_last_36_hours.xml
2025-10-30 20:06:20,855 - vessel_data_pipeline - INFO - Successfully downloaded and validated Arrived_in_last_36_hours.xml
2025-10-30 20:06:22,860 - vessel_data_pipeline - INFO - Downloading Departed_in_last_36_hours.xml (attempt 1/3)
2025-10-30 20:06:22,929 - vessel_data_pipeline - INFO - File temp_Departed_in_last_36_hours.xml passed validation checks
2025-10-30 20:06:22,930 - vessel_data_pipeline - INFO - Created backup: Departed_in_last_36_hours_20251030_200622.xml
2025-10-30 20:06:22,930 - vessel_data_pipeline - INFO - Updated metadata for Departed_in_last_36_hours.xml
2025-10-30 20:06:22,930 - vessel_data_pipeline - INFO - Successfully downloaded and validated Departed_in_last_36_hours.xml
2025-10-30 20:06:24,935 - vessel_data_pipeline - INFO - Downloading Expected_arrivals.xml (attempt 1/3)
2025-10-30 20:06:24,995 - vessel_data_pipeline - INFO - File temp_Expected_arrivals.xml passed validation checks
2025-10-30 20:06:24,996 - vessel_data_pipeline - INFO - Created backup: Expected_arrivals_20251030_200624.xml
2025-10-30 20:06:24,996 - vessel_data_pipeline - INFO - Updated metadata for Expected_arrivals.xml
2025-10-30 20:06:24,996 - vessel_data_pipeline - INFO - Successfully downloaded and validated Expected_arrivals.xml
2025-10-30 20:06:27,001 - vessel_data_pipeline - INFO - Downloading Expected_departures.xml (attempt 1/3)
2025-10-30 20:06:27,078 - vessel_data_pipeline - INFO - File temp_Expected_departures.xml passed validation checks
2025-10-30 20:06:27,078 - vessel_data_pipeline - INFO - Created backup: Expected_departures_20251030_200627.xml
2025-10-30 20:06:27,078 - vessel_data_pipeline - INFO - Updated metadata for Expected_departures.xml
2025-10-30 20:06:27,078 - vessel_data_pipeline - INFO - Successfully downloaded and validated Expected_departures.xml
2025-10-30 20:06:29,081 - vessel_data_pipeline - INFO - Fetch operation completed. Results: {'Arrived_in_last_36_hours.xml': True, 'Departed_in_last_36_hours.xml': True, 'Expected_arrivals.xml': True, 'Expected_departures.xml': True}
2025-10-30 20:08:27,575 - vessel_data_pipeline - INFO - VesselDataFetcher initialized. Pipeline enabled: True
2025-10-30 20:08:27,576 - vessel_data_pipeline - INFO - Starting vessel data fetch operation
2025-10-30 20:08:27,576 - vessel_data_pipeline - INFO - Discovering XML files from Hong Kong Marine Department portal
2025-10-30 20:08:28,076 - vessel_data_pipeline - INFO - Verified access to Arrived_in_last_36_hours.xml
2025-10-30 20:08:28,294 - vessel_data_pipeline - INFO - Verified access to Departed_in_last_36_hours.xml
2025-10-30 20:08:28,362 - vessel_data_pipeline - INFO - Verified access to Expected_arrivals.xml
2025-10-30 20:08:28,414 - vessel_data_pipeline - INFO - Verified access to Expected_departures.xml
2025-10-30 20:08:28,414 - vessel_data_pipeline - INFO - Discovered 4 XML files for download
2025-10-30 20:08:28,414 - vessel_data_pipeline - INFO - Downloading Arrived_in_last_36_hours.xml (attempt 1/3)
2025-10-30 20:08:28,474 - vessel_data_pipeline - INFO - File temp_Arrived_in_last_36_hours.xml passed validation checks
2025-10-30 20:08:28,476 - vessel_data_pipeline - INFO - Created backup: Arrived_in_last_36_hours_20251030_200828.xml
2025-10-30 20:08:28,477 - vessel_data_pipeline - INFO - Updated metadata for Arrived_in_last_36_hours.xml
2025-10-30 20:08:28,477 - vessel_data_pipeline - INFO - Successfully downloaded and validated Arrived_in_last_36_hours.xml
2025-10-30 20:08:30,478 - vessel_data_pipeline - INFO - Downloading Departed_in_last_36_hours.xml (attempt 1/3)
2025-10-30 20:08:30,545 - vessel_data_pipeline - INFO - File temp_Departed_in_last_36_hours.xml passed validation checks
2025-10-30 20:08:30,545 - vessel_data_pipeline - INFO - Created backup: Departed_in_last_36_hours_20251030_200830.xml
2025-10-30 20:08:30,545 - vessel_data_pipeline - INFO - Updated metadata for Departed_in_last_36_hours.xml
2025-10-30 20:08:30,546 - vessel_data_pipeline - INFO - Successfully downloaded and validated Departed_in_last_36_hours.xml
2025-10-30 20:08:32,548 - vessel_data_pipeline - INFO - Downloading Expected_arrivals.xml (attempt 1/3)
2025-10-30 20:08:32,623 - vessel_data_pipeline - INFO - File temp_Expected_arrivals.xml passed validation checks
2025-10-30 20:08:32,624 - vessel_data_pipeline - INFO - Created backup: Expected_arrivals_20251030_200832.xml
2025-10-30 20:08:32,624 - vessel_data_pipeline - INFO - Updated metadata for Expected_arrivals.xml
2025-10-30 20:08:32,624 - vessel_data_pipeline - INFO - Successfully downloaded and validated Expected_arrivals.xml
2025-10-30 20:08:34,627 - vessel_data_pipeline - INFO - Downloading Expected_departures.xml (attempt 1/3)
2025-10-30 20:08:34,702 - vessel_data_pipeline - INFO - File temp_Expected_departures.xml passed validation checks
2025-10-30 20:08:34,703 - vessel_data_pipeline - INFO - Created backup: Expected_departures_20251030_200834.xml
2025-10-30 20:08:34,703 - vessel_data_pipeline - INFO - Updated metadata for Expected_departures.xml
2025-10-30 20:08:34,703 - vessel_data_pipeline - INFO - Successfully downloaded and validated Expected_departures.xml
2025-10-30 20:08:36,708 - vessel_data_pipeline - INFO - Fetch operation completed. Results: {'Arrived_in_last_36_hours.xml': True, 'Departed_in_last_36_hours.xml': True, 'Expected_arrivals.xml': True, 'Expected_departures.xml': True}
2025-10-30 20:08:36,982 - vessel_data_pipeline - INFO - VesselDataFetcher initialized. Pipeline enabled: True
2025-10-30 20:08:36,982 - vessel_data_pipeline - INFO - Starting vessel data fetch operation
2025-10-30 20:08:36,982 - vessel_data_pipeline - INFO - Discovering XML files from Hong Kong Marine Department portal
2025-10-30 20:08:37,077 - vessel_data_pipeline - INFO - Verified access to Arrived_in_last_36_hours.xml
2025-10-30 20:08:37,124 - vessel_data_pipeline - INFO - Verified access to Departed_in_last_36_hours.xml
2025-10-30 20:08:37,172 - vessel_data_pipeline - INFO - Verified access to Expected_arrivals.xml
2025-10-30 20:08:37,232 - vessel_data_pipeline - INFO - Verified access to Expected_departures.xml
2025-10-30 20:08:37,232 - vessel_data_pipeline - INFO - Discovered 4 XML files for download
2025-10-30 20:08:37,232 - vessel_data_pipeline - INFO - Downloading Arrived_in_last_36_hours.xml (attempt 1/3)
2025-10-30 20:08:37,493 - vessel_data_pipeline - INFO - File temp_Arrived_in_last_36_hours.xml passed validation checks
2025-10-30 20:08:37,499 - vessel_data_pipeline - INFO - Created backup: Arrived_in_last_36_hours_20251030_200837.xml
2025-10-30 20:08:37,505 - vessel_data_pipeline - INFO - Updated metadata for Arrived_in_last_36_hours.xml
2025-10-30 20:08:37,505 - vessel_data_pipeline - INFO - Successfully downloaded and validated Arrived_in_last_36_hours.xml
2025-10-30 20:08:39,510 - vessel_data_pipeline - INFO - Downloading Departed_in_last_36_hours.xml (attempt 1/3)
2025-10-30 20:08:40,032 - vessel_data_pipeline - INFO - File temp_Departed_in_last_36_hours.xml passed validation checks
2025-10-30 20:08:40,032 - vessel_data_pipeline - INFO - Created backup: Departed_in_last_36_hours_20251030_200840.xml
2025-10-30 20:08:40,033 - vessel_data_pipeline - INFO - Updated metadata for Departed_in_last_36_hours.xml
2025-10-30 20:08:40,033 - vessel_data_pipeline - INFO - Successfully downloaded and validated Departed_in_last_36_hours.xml
2025-10-30 20:08:42,038 - vessel_data_pipeline - INFO - Downloading Expected_arrivals.xml (attempt 1/3)
2025-10-30 20:08:42,119 - vessel_data_pipeline - INFO - File temp_Expected_arrivals.xml passed validation checks
2025-10-30 20:08:42,120 - vessel_data_pipeline - INFO - Created backup: Expected_arrivals_20251030_200842.xml
2025-10-30 20:08:42,120 - vessel_data_pipeline - INFO - Updated metadata for Expected_arrivals.xml
2025-10-30 20:08:42,120 - vessel_data_pipeline - INFO - Successfully downloaded and validated Expected_arrivals.xml
2025-10-30 20:08:44,125 - vessel_data_pipeline - INFO - Downloading Expected_departures.xml (attempt 1/3)
2025-10-30 20:08:44,193 - vessel_data_pipeline - INFO - File temp_Expected_departures.xml passed validation checks
2025-10-30 20:08:44,194 - vessel_data_pipeline - INFO - Created backup: Expected_departures_20251030_200844.xml
2025-10-30 20:08:44,194 - vessel_data_pipeline - INFO - Updated metadata for Expected_departures.xml
2025-10-30 20:08:44,194 - vessel_data_pipeline - INFO - Successfully downloaded and validated Expected_departures.xml
2025-10-30 20:08:46,196 - vessel_data_pipeline - INFO - Fetch operation completed. Results: {'Arrived_in_last_36_hours.xml': True, 'Departed_in_last_36_hours.xml': True, 'Expected_arrivals.xml': True, 'Expected_departures.xml': True}
2025-10-30 20:08:46,205 - vessel_data_pipeline - INFO - VesselDataFetcher initialized. Pipeline enabled: True
2025-10-30 20:08:46,213 - vessel_data_pipeline - INFO - Starting vessel data fetch operation
2025-10-30 20:08:46,213 - vessel_data_pipeline - INFO - Discovering XML files from Hong Kong Marine Department portal
2025-10-30 20:08:46,342 - vessel_data_pipeline - INFO - Verified access to Arrived_in_last_36_hours.xml
2025-10-30 20:08:46,472 - vessel_data_pipeline - INFO - Verified access to Departed_in_last_36_hours.xml
2025-10-30 20:08:46,524 - vessel_data_pipeline - INFO - Verified access to Expected_arrivals.xml
2025-10-30 20:08:46,574 - vessel_data_pipeline - INFO - Verified access to Expected_departures.xml
2025-10-30 20:08:46,575 - vessel_data_pipeline - INFO - Discovered 4 XML files for download
2025-10-30 20:08:46,575 - vessel_data_pipeline - INFO - Downloading Arrived_in_last_36_hours.xml (attempt 1/3)
2025-10-30 20:08:46,660 - vessel_data_pipeline - INFO - File temp_Arrived_in_last_36_hours.xml passed validation checks
2025-10-30 20:08:46,666 - vessel_data_pipeline - INFO - Created backup: Arrived_in_last_36_hours_20251030_200846.xml
2025-10-30 20:08:46,671 - vessel_data_pipeline - INFO - Updated metadata for Arrived_in_last_36_hours.xml
2025-10-30 20:08:46,672 - vessel_data_pipeline - INFO - Successfully downloaded and validated Arrived_in_last_36_hours.xml
2025-10-30 20:08:48,677 - vessel_data_pipeline - INFO - Downloading Departed_in_last_36_hours.xml (attempt 1/3)
2025-10-30 20:08:48,739 - vessel_data_pipeline - INFO - File temp_Departed_in_last_36_hours.xml passed validation checks
2025-10-30 20:08:48,739 - vessel_data_pipeline - INFO - Created backup: Departed_in_last_36_hours_20251030_200848.xml
2025-10-30 20:08:48,739 - vessel_data_pipeline - INFO - Updated metadata for Departed_in_last_36_hours.xml
2025-10-30 20:08:48,739 - vessel_data_pipeline - INFO - Successfully downloaded and validated Departed_in_last_36_hours.xml
2025-10-30 20:08:50,742 - vessel_data_pipeline - INFO - Downloading Expected_arrivals.xml (attempt 1/3)
2025-10-30 20:08:50,790 - vessel_data_pipeline - INFO - File temp_Expected_arrivals.xml passed validation checks
2025-10-30 20:08:50,790 - vessel_data_pipeline - INFO - Created backup: Expected_arrivals_20251030_200850.xml
2025-10-30 20:08:50,791 - vessel_data_pipeline - INFO - Updated metadata for Expected_arrivals.xml
2025-10-30 20:08:50,791 - vessel_data_pipeline - INFO - Successfully downloaded and validated Expected_arrivals.xml
2025-10-30 20:08:52,795 - vessel_data_pipeline - INFO - Downloading Expected_departures.xml (attempt 1/3)
2025-10-30 20:08:52,855 - vessel_data_pipeline - INFO - File temp_Expected_departures.xml passed validation checks
2025-10-30 20:08:52,855 - vessel_data_pipeline - INFO - Created backup: Expected_departures_20251030_200852.xml
2025-10-30 20:08:52,856 - vessel_data_pipeline - INFO - Updated metadata for Expected_departures.xml
2025-10-30 20:08:52,856 - vessel_data_pipeline - INFO - Successfully downloaded and validated Expected_departures.xml
2025-10-30 20:08:54,859 - vessel_data_pipeline - INFO - Fetch operation completed. Results: {'Arrived_in_last_36_hours.xml': True, 'Departed_in_last_36_hours.xml': True, 'Expected_arrivals.xml': True, 'Expected_departures.xml': True}
2025-10-30 20:08:57,815 - vessel_data_pipeline - INFO - VesselDataFetcher initialized. Pipeline enabled: True
2025-10-30 20:08:57,815 - vessel_data_pipeline - INFO - Starting vessel data fetch operation
2025-10-30 20:08:57,815 - vessel_data_pipeline - INFO - Discovering XML files from Hong Kong Marine Department portal
2025-10-30 20:08:57,984 - vessel_data_pipeline - INFO - Verified access to Arrived_in_last_36_hours.xml
2025-10-30 20:08:58,040 - vessel_data_pipeline - INFO - Verified access to Departed_in_last_36_hours.xml
2025-10-30 20:08:58,087 - vessel_data_pipeline - INFO - Verified access to Expected_arrivals.xml
2025-10-30 20:08:58,138 - vessel_data_pipeline - INFO - Verified access to Expected_departures.xml
2025-10-30 20:08:58,138 - vessel_data_pipeline - INFO - Discovered 4 XML files for download
2025-10-30 20:08:58,138 - vessel_data_pipeline - INFO - Downloading Arrived_in_last_36_hours.xml (attempt 1/3)
2025-10-30 20:08:58,220 - vessel_data_pipeline - INFO - File temp_Arrived_in_last_36_hours.xml passed validation checks
2025-10-30 20:08:58,221 - vessel_data_pipeline - INFO - Created backup: Arrived_in_last_36_hours_20251030_200858.xml
2025-10-30 20:08:58,221 - vessel_data_pipeline - INFO - Updated metadata for Arrived_in_last_36_hours.xml
2025-10-30 20:08:58,221 - vessel_data_pipeline - INFO - Successfully downloaded and validated Arrived_in_last_36_hours.xml
2025-10-30 20:09:00,226 - vessel_data_pipeline - INFO - Downloading Departed_in_last_36_hours.xml (attempt 1/3)
2025-10-30 20:09:00,484 - vessel_data_pipeline - INFO - File temp_Departed_in_last_36_hours.xml passed validation checks
2025-10-30 20:09:00,485 - vessel_data_pipeline - INFO - Created backup: Departed_in_last_36_hours_20251030_200900.xml
2025-10-30 20:09:00,485 - vessel_data_pipeline - INFO - Updated metadata for Departed_in_last_36_hours.xml
2025-10-30 20:09:00,485 - vessel_data_pipeline - INFO - Successfully downloaded and validated Departed_in_last_36_hours.xml
2025-10-30 20:09:02,490 - vessel_data_pipeline - INFO - Downloading Expected_arrivals.xml (attempt 1/3)
2025-10-30 20:09:02,557 - vessel_data_pipeline - INFO - File temp_Expected_arrivals.xml passed validation checks
2025-10-30 20:09:02,558 - vessel_data_pipeline - INFO - Created backup: Expected_arrivals_20251030_200902.xml
2025-10-30 20:09:02,558 - vessel_data_pipeline - INFO - Updated metadata for Expected_arrivals.xml
2025-10-30 20:09:02,558 - vessel_data_pipeline - INFO - Successfully downloaded and validated Expected_arrivals.xml
2025-10-30 20:09:04,561 - vessel_data_pipeline - INFO - Downloading Expected_departures.xml (attempt 1/3)
2025-10-30 20:09:04,616 - vessel_data_pipeline - INFO - File temp_Expected_departures.xml passed validation checks
2025-10-30 20:09:04,616 - vessel_data_pipeline - INFO - Created backup: Expected_departures_20251030_200904.xml
2025-10-30 20:09:04,616 - vessel_data_pipeline - INFO - Updated metadata for Expected_departures.xml
2025-10-30 20:09:04,617 - vessel_data_pipeline - INFO - Successfully downloaded and validated Expected_departures.xml
2025-10-30 20:09:06,622 - vessel_data_pipeline - INFO - Fetch operation completed. Results: {'Arrived_in_last_36_hours.xml': True, 'Departed_in_last_36_hours.xml': True, 'Expected_arrivals.xml': True, 'Expected_departures.xml': True}
2025-10-30 20:09:06,625 - vessel_data_pipeline - INFO - VesselDataFetcher initialized. Pipeline enabled: True
2025-10-30 20:09:06,626 - vessel_data_pipeline - INFO - Starting vessel data fetch operation
2025-10-30 20:09:06,626 - vessel_data_pipeline - INFO - Discovering XML files from Hong Kong Marine Department portal
2025-10-30 20:09:06,710 - vessel_data_pipeline - INFO - Verified access to Arrived_in_last_36_hours.xml
2025-10-30 20:09:06,745 - vessel_data_pipeline - INFO - Verified access to Departed_in_last_36_hours.xml
2025-10-30 20:09:06,782 - vessel_data_pipeline - INFO - Verified access to Expected_arrivals.xml
2025-10-30 20:09:06,824 - vessel_data_pipeline - INFO - Verified access to Expected_departures.xml
2025-10-30 20:09:06,824 - vessel_data_pipeline - INFO - Discovered 4 XML files for download
2025-10-30 20:09:06,824 - vessel_data_pipeline - INFO - Downloading Arrived_in_last_36_hours.xml (attempt 1/3)
2025-10-30 20:09:07,461 - vessel_data_pipeline - INFO - File temp_Arrived_in_last_36_hours.xml passed validation checks
2025-10-30 20:09:07,462 - vessel_data_pipeline - INFO - Created backup: Arrived_in_last_36_hours_20251030_200907.xml
2025-10-30 20:09:07,462 - vessel_data_pipeline - INFO - Updated metadata for Arrived_in_last_36_hours.xml
2025-10-30 20:09:07,462 - vessel_data_pipeline - INFO - Successfully downloaded and validated Arrived_in_last_36_hours.xml
2025-10-30 20:09:09,463 - vessel_data_pipeline - INFO - Downloading Departed_in_last_36_hours.xml (attempt 1/3)
2025-10-30 20:09:09,529 - vessel_data_pipeline - INFO - File temp_Departed_in_last_36_hours.xml passed validation checks
2025-10-30 20:09:09,529 - vessel_data_pipeline - INFO - Created backup: Departed_in_last_36_hours_20251030_200909.xml
2025-10-30 20:09:09,530 - vessel_data_pipeline - INFO - Updated metadata for Departed_in_last_36_hours.xml
2025-10-30 20:09:09,530 - vessel_data_pipeline - INFO - Successfully downloaded and validated Departed_in_last_36_hours.xml
2025-10-30 20:09:11,535 - vessel_data_pipeline - INFO - Downloading Expected_arrivals.xml (attempt 1/3)
2025-10-30 20:09:11,613 - vessel_data_pipeline - INFO - File temp_Expected_arrivals.xml passed validation checks
2025-10-30 20:09:11,613 - vessel_data_pipeline - INFO - Created backup: Expected_arrivals_20251030_200911.xml
2025-10-30 20:09:11,613 - vessel_data_pipeline - INFO - Updated metadata for Expected_arrivals.xml
2025-10-30 20:09:11,613 - vessel_data_pipeline - INFO - Successfully downloaded and validated Expected_arrivals.xml
2025-10-30 20:09:13,616 - vessel_data_pipeline - INFO - Downloading Expected_departures.xml (attempt 1/3)
2025-10-30 20:09:13,697 - vessel_data_pipeline - INFO - File temp_Expected_departures.xml passed validation checks
2025-10-30 20:09:13,698 - vessel_data_pipeline - INFO - Created backup: Expected_departures_20251030_200913.xml
2025-10-30 20:09:13,698 - vessel_data_pipeline - INFO - Updated metadata for Expected_departures.xml
2025-10-30 20:09:13,698 - vessel_data_pipeline - INFO - Successfully downloaded and validated Expected_departures.xml
2025-10-30 20:09:15,701 - vessel_data_pipeline - INFO - Fetch operation completed. Results: {'Arrived_in_last_36_hours.xml': True, 'Departed_in_last_36_hours.xml': True, 'Expected_arrivals.xml': True, 'Expected_departures.xml': True}
2025-10-30 20:09:15,717 - vessel_data_pipeline - INFO - VesselDataFetcher initialized. Pipeline enabled: True
2025-10-30 20:09:15,717 - vessel_data_pipeline - INFO - Starting vessel data fetch operation
2025-10-30 20:09:15,717 - vessel_data_pipeline - INFO - Discovering XML files from Hong Kong Marine Department portal
2025-10-30 20:09:15,826 - vessel_data_pipeline - INFO - Verified access to Arrived_in_last_36_hours.xml
2025-10-30 20:09:15,866 - vessel_data_pipeline - INFO - Verified access to Departed_in_last_36_hours.xml
2025-10-30 20:09:15,932 - vessel_data_pipeline - INFO - Verified access to Expected_arrivals.xml
2025-10-30 20:09:15,988 - vessel_data_pipeline - INFO - Verified access to Expected_departures.xml
2025-10-30 20:09:15,988 - vessel_data_pipeline - INFO - Discovered 4 XML files for download
2025-10-30 20:09:15,988 - vessel_data_pipeline - INFO - Downloading Arrived_in_last_36_hours.xml (attempt 1/3)
2025-10-30 20:09:16,138 - vessel_data_pipeline - INFO - File temp_Arrived_in_last_36_hours.xml passed validation checks
2025-10-30 20:09:16,138 - vessel_data_pipeline - INFO - Created backup: Arrived_in_last_36_hours_20251030_200916.xml
2025-10-30 20:09:16,139 - vessel_data_pipeline - INFO - Updated metadata for Arrived_in_last_36_hours.xml
2025-10-30 20:09:16,139 - vessel_data_pipeline - INFO - Successfully downloaded and validated Arrived_in_last_36_hours.xml
2025-10-30 20:09:18,144 - vessel_data_pipeline - INFO - Downloading Departed_in_last_36_hours.xml (attempt 1/3)
2025-10-30 20:09:18,230 - vessel_data_pipeline - INFO - File temp_Departed_in_last_36_hours.xml passed validation checks
2025-10-30 20:09:18,230 - vessel_data_pipeline - INFO - Created backup: Departed_in_last_36_hours_20251030_200918.xml
2025-10-30 20:09:18,231 - vessel_data_pipeline - INFO - Updated metadata for Departed_in_last_36_hours.xml
2025-10-30 20:09:18,231 - vessel_data_pipeline - INFO - Successfully downloaded and validated Departed_in_last_36_hours.xml
2025-10-30 20:09:20,236 - vessel_data_pipeline - INFO - Downloading Expected_arrivals.xml (attempt 1/3)
2025-10-30 20:09:20,303 - vessel_data_pipeline - INFO - File temp_Expected_arrivals.xml passed validation checks
2025-10-30 20:09:20,303 - vessel_data_pipeline - INFO - Created backup: Expected_arrivals_20251030_200920.xml
2025-10-30 20:09:20,303 - vessel_data_pipeline - INFO - Updated metadata for Expected_arrivals.xml
2025-10-30 20:09:20,303 - vessel_data_pipeline - INFO - Successfully downloaded and validated Expected_arrivals.xml
2025-10-30 20:09:22,308 - vessel_data_pipeline - INFO - Downloading Expected_departures.xml (attempt 1/3)
2025-10-30 20:09:22,384 - vessel_data_pipeline - INFO - File temp_Expected_departures.xml passed validation checks
2025-10-30 20:09:22,384 - vessel_data_pipeline - INFO - Created backup: Expected_departures_20251030_200922.xml
2025-10-30 20:09:22,384 - vessel_data_pipeline - INFO - Updated metadata for Expected_departures.xml
2025-10-30 20:09:22,384 - vessel_data_pipeline - INFO - Successfully downloaded and validated Expected_departures.xml
2025-10-30 20:09:24,389 - vessel_data_pipeline - INFO - Fetch operation completed. Results: {'Arrived_in_last_36_hours.xml': True, 'Departed_in_last_36_hours.xml': True, 'Expected_arrivals.xml': True, 'Expected_departures.xml': True}
2025-10-30 20:09:24,393 - vessel_data_pipeline - INFO - VesselDataFetcher initialized. Pipeline enabled: True
2025-10-30 20:09:24,393 - vessel_data_pipeline - INFO - Starting vessel data fetch operation
2025-10-30 20:09:24,393 - vessel_data_pipeline - INFO - Discovering XML files from Hong Kong Marine Department portal
2025-10-30 20:09:24,483 - vessel_data_pipeline - INFO - Verified access to Arrived_in_last_36_hours.xml
2025-10-30 20:09:24,528 - vessel_data_pipeline - INFO - Verified access to Departed_in_last_36_hours.xml
2025-10-30 20:09:24,574 - vessel_data_pipeline - INFO - Verified access to Expected_arrivals.xml
2025-10-30 20:09:24,633 - vessel_data_pipeline - INFO - Verified access to Expected_departures.xml
2025-10-30 20:09:24,633 - vessel_data_pipeline - INFO - Discovered 4 XML files for download
2025-10-30 20:09:24,633 - vessel_data_pipeline - INFO - Downloading Arrived_in_last_36_hours.xml (attempt 1/3)
2025-10-30 20:09:24,729 - vessel_data_pipeline - INFO - File temp_Arrived_in_last_36_hours.xml passed validation checks
2025-10-30 20:09:24,730 - vessel_data_pipeline - INFO - Created backup: Arrived_in_last_36_hours_20251030_200924.xml
2025-10-30 20:09:24,730 - vessel_data_pipeline - INFO - Updated metadata for Arrived_in_last_36_hours.xml
2025-10-30 20:09:24,730 - vessel_data_pipeline - INFO - Successfully downloaded and validated Arrived_in_last_36_hours.xml
2025-10-30 20:09:26,731 - vessel_data_pipeline - INFO - Downloading Departed_in_last_36_hours.xml (attempt 1/3)
2025-10-30 20:09:26,790 - vessel_data_pipeline - INFO - File temp_Departed_in_last_36_hours.xml passed validation checks
2025-10-30 20:09:26,791 - vessel_data_pipeline - INFO - Created backup: Departed_in_last_36_hours_20251030_200926.xml
2025-10-30 20:09:26,791 - vessel_data_pipeline - INFO - Updated metadata for Departed_in_last_36_hours.xml
2025-10-30 20:09:26,791 - vessel_data_pipeline - INFO - Successfully downloaded and validated Departed_in_last_36_hours.xml
2025-10-30 20:09:28,795 - vessel_data_pipeline - INFO - Downloading Expected_arrivals.xml (attempt 1/3)
2025-10-30 20:09:28,853 - vessel_data_pipeline - INFO - File temp_Expected_arrivals.xml passed validation checks
2025-10-30 20:09:28,854 - vessel_data_pipeline - INFO - Created backup: Expected_arrivals_20251030_200928.xml
2025-10-30 20:09:28,854 - vessel_data_pipeline - INFO - Updated metadata for Expected_arrivals.xml
2025-10-30 20:09:28,854 - vessel_data_pipeline - INFO - Successfully downloaded and validated Expected_arrivals.xml
2025-10-30 20:09:30,859 - vessel_data_pipeline - INFO - Downloading Expected_departures.xml (attempt 1/3)
2025-10-30 20:09:30,944 - vessel_data_pipeline - INFO - File temp_Expected_departures.xml passed validation checks
2025-10-30 20:09:30,945 - vessel_data_pipeline - INFO - Created backup: Expected_departures_20251030_200930.xml
2025-10-30 20:09:30,945 - vessel_data_pipeline - INFO - Updated metadata for Expected_departures.xml
2025-10-30 20:09:30,945 - vessel_data_pipeline - INFO - Successfully downloaded and validated Expected_departures.xml
2025-10-30 20:09:32,984 - vessel_data_pipeline - INFO - Fetch operation completed. Results: {'Arrived_in_last_36_hours.xml': True, 'Departed_in_last_36_hours.xml': True, 'Expected_arrivals.xml': True, 'Expected_departures.xml': True}
2025-10-30 20:10:11,678 - vessel_data_pipeline - INFO - VesselDataFetcher initialized. Pipeline enabled: True
2025-10-30 20:10:11,679 - vessel_data_pipeline - INFO - Starting vessel data fetch operation
2025-10-30 20:10:11,679 - vessel_data_pipeline - INFO - Discovering XML files from Hong Kong Marine Department portal
2025-10-30 20:10:11,750 - vessel_data_pipeline - INFO - Verified access to Arrived_in_last_36_hours.xml
2025-10-30 20:10:11,822 - vessel_data_pipeline - INFO - Verified access to Departed_in_last_36_hours.xml
2025-10-30 20:10:11,855 - vessel_data_pipeline - INFO - Verified access to Expected_arrivals.xml
2025-10-30 20:10:11,888 - vessel_data_pipeline - INFO - Verified access to Expected_departures.xml
2025-10-30 20:10:11,889 - vessel_data_pipeline - INFO - Discovered 4 XML files for download
2025-10-30 20:10:11,889 - vessel_data_pipeline - INFO - Downloading Arrived_in_last_36_hours.xml (attempt 1/3)
2025-10-30 20:10:11,984 - vessel_data_pipeline - INFO - File temp_Arrived_in_last_36_hours.xml passed validation checks
2025-10-30 20:10:11,985 - vessel_data_pipeline - INFO - Created backup: Arrived_in_last_36_hours_20251030_201011.xml
2025-10-30 20:10:11,986 - vessel_data_pipeline - INFO - Updated metadata for Arrived_in_last_36_hours.xml
2025-10-30 20:10:11,986 - vessel_data_pipeline - INFO - Successfully downloaded and validated Arrived_in_last_36_hours.xml
2025-10-30 20:10:13,991 - vessel_data_pipeline - INFO - Downloading Departed_in_last_36_hours.xml (attempt 1/3)
2025-10-30 20:10:14,061 - vessel_data_pipeline - INFO - File temp_Departed_in_last_36_hours.xml passed validation checks
2025-10-30 20:10:14,062 - vessel_data_pipeline - INFO - Created backup: Departed_in_last_36_hours_20251030_201014.xml
2025-10-30 20:10:14,062 - vessel_data_pipeline - INFO - Updated metadata for Departed_in_last_36_hours.xml
2025-10-30 20:10:14,062 - vessel_data_pipeline - INFO - Successfully downloaded and validated Departed_in_last_36_hours.xml
2025-10-30 20:10:16,067 - vessel_data_pipeline - INFO - Downloading Expected_arrivals.xml (attempt 1/3)
2025-10-30 20:10:16,113 - vessel_data_pipeline - INFO - File temp_Expected_arrivals.xml passed validation checks
2025-10-30 20:10:16,114 - vessel_data_pipeline - INFO - Created backup: Expected_arrivals_20251030_201016.xml
2025-10-30 20:10:16,114 - vessel_data_pipeline - INFO - Updated metadata for Expected_arrivals.xml
2025-10-30 20:10:16,114 - vessel_data_pipeline - INFO - Successfully downloaded and validated Expected_arrivals.xml
2025-10-30 20:10:18,118 - vessel_data_pipeline - INFO - Downloading Expected_departures.xml (attempt 1/3)
2025-10-30 20:10:18,177 - vessel_data_pipeline - INFO - File temp_Expected_departures.xml passed validation checks
2025-10-30 20:10:18,178 - vessel_data_pipeline - INFO - Created backup: Expected_departures_20251030_201018.xml
2025-10-30 20:10:18,178 - vessel_data_pipeline - INFO - Updated metadata for Expected_departures.xml
2025-10-30 20:10:18,178 - vessel_data_pipeline - INFO - Successfully downloaded and validated Expected_departures.xml
2025-10-30 20:10:20,183 - vessel_data_pipeline - INFO - Fetch operation completed. Results: {'Arrived_in_last_36_hours.xml': True, 'Departed_in_last_36_hours.xml': True, 'Expected_arrivals.xml': True, 'Expected_departures.xml': True}
2025-10-30 20:10:20,457 - vessel_data_pipeline - INFO - VesselDataFetcher initialized. Pipeline enabled: True
2025-10-30 20:10:20,459 - vessel_data_pipeline - INFO - Starting vessel data fetch operation
2025-10-30 20:10:20,459 - vessel_data_pipeline - INFO - Discovering XML files from Hong Kong Marine Department portal
2025-10-30 20:10:20,596 - vessel_data_pipeline - INFO - Verified access to Arrived_in_last_36_hours.xml
2025-10-30 20:10:20,705 - vessel_data_pipeline - INFO - Verified access to Departed_in_last_36_hours.xml
2025-10-30 20:10:20,741 - vessel_data_pipeline - INFO - Verified access to Expected_arrivals.xml
2025-10-30 20:10:20,810 - vessel_data_pipeline - INFO - Verified access to Expected_departures.xml
2025-10-30 20:10:20,810 - vessel_data_pipeline - INFO - Discovered 4 XML files for download
2025-10-30 20:10:20,810 - vessel_data_pipeline - INFO - Downloading Arrived_in_last_36_hours.xml (attempt 1/3)
2025-10-30 20:10:20,894 - vessel_data_pipeline - INFO - File temp_Arrived_in_last_36_hours.xml passed validation checks
2025-10-30 20:10:20,900 - vessel_data_pipeline - INFO - Created backup: Arrived_in_last_36_hours_20251030_201020.xml
2025-10-30 20:10:20,911 - vessel_data_pipeline - INFO - Updated metadata for Arrived_in_last_36_hours.xml
2025-10-30 20:10:20,911 - vessel_data_pipeline - INFO - Successfully downloaded and validated Arrived_in_last_36_hours.xml
2025-10-30 20:10:22,916 - vessel_data_pipeline - INFO - Downloading Departed_in_last_36_hours.xml (attempt 1/3)
2025-10-30 20:10:22,978 - vessel_data_pipeline - INFO - File temp_Departed_in_last_36_hours.xml passed validation checks
2025-10-30 20:10:22,979 - vessel_data_pipeline - INFO - Created backup: Departed_in_last_36_hours_20251030_201022.xml
2025-10-30 20:10:22,979 - vessel_data_pipeline - INFO - Updated metadata for Departed_in_last_36_hours.xml
2025-10-30 20:10:22,979 - vessel_data_pipeline - INFO - Successfully downloaded and validated Departed_in_last_36_hours.xml
2025-10-30 20:10:24,980 - vessel_data_pipeline - INFO - Downloading Expected_arrivals.xml (attempt 1/3)
2025-10-30 20:10:25,039 - vessel_data_pipeline - INFO - File temp_Expected_arrivals.xml passed validation checks
2025-10-30 20:10:25,040 - vessel_data_pipeline - INFO - Created backup: Expected_arrivals_20251030_201025.xml
2025-10-30 20:10:25,040 - vessel_data_pipeline - INFO - Updated metadata for Expected_arrivals.xml
2025-10-30 20:10:25,040 - vessel_data_pipeline - INFO - Successfully downloaded and validated Expected_arrivals.xml
2025-10-30 20:10:27,045 - vessel_data_pipeline - INFO - Downloading Expected_departures.xml (attempt 1/3)
2025-10-30 20:10:27,298 - vessel_data_pipeline - INFO - File temp_Expected_departures.xml passed validation checks
2025-10-30 20:10:27,298 - vessel_data_pipeline - INFO - Created backup: Expected_departures_20251030_201027.xml
2025-10-30 20:10:27,298 - vessel_data_pipeline - INFO - Updated metadata for Expected_departures.xml
2025-10-30 20:10:27,298 - vessel_data_pipeline - INFO - Successfully downloaded and validated Expected_departures.xml
2025-10-30 20:10:29,303 - vessel_data_pipeline - INFO - Fetch operation completed. Results: {'Arrived_in_last_36_hours.xml': True, 'Departed_in_last_36_hours.xml': True, 'Expected_arrivals.xml': True, 'Expected_departures.xml': True}
2025-10-30 20:10:29,313 - vessel_data_pipeline - INFO - VesselDataFetcher initialized. Pipeline enabled: True
2025-10-30 20:10:29,316 - vessel_data_pipeline - INFO - Starting vessel data fetch operation
2025-10-30 20:10:29,316 - vessel_data_pipeline - INFO - Discovering XML files from Hong Kong Marine Department portal
2025-10-30 20:10:29,700 - vessel_data_pipeline - INFO - Verified access to Arrived_in_last_36_hours.xml
2025-10-30 20:10:29,958 - vessel_data_pipeline - INFO - Verified access to Departed_in_last_36_hours.xml
2025-10-30 20:10:29,992 - vessel_data_pipeline - INFO - Verified access to Expected_arrivals.xml
2025-10-30 20:10:30,063 - vessel_data_pipeline - INFO - Verified access to Expected_departures.xml
2025-10-30 20:10:30,063 - vessel_data_pipeline - INFO - Discovered 4 XML files for download
2025-10-30 20:10:30,063 - vessel_data_pipeline - INFO - Downloading Arrived_in_last_36_hours.xml (attempt 1/3)
2025-10-30 20:10:30,127 - vessel_data_pipeline - INFO - File temp_Arrived_in_last_36_hours.xml passed validation checks
2025-10-30 20:10:30,127 - vessel_data_pipeline - INFO - Created backup: Arrived_in_last_36_hours_20251030_201030.xml
2025-10-30 20:10:30,128 - vessel_data_pipeline - INFO - Updated metadata for Arrived_in_last_36_hours.xml
2025-10-30 20:10:30,128 - vessel_data_pipeline - INFO - Successfully downloaded and validated Arrived_in_last_36_hours.xml
2025-10-30 20:10:32,133 - vessel_data_pipeline - INFO - Downloading Departed_in_last_36_hours.xml (attempt 1/3)
2025-10-30 20:10:32,216 - vessel_data_pipeline - INFO - File temp_Departed_in_last_36_hours.xml passed validation checks
2025-10-30 20:10:32,216 - vessel_data_pipeline - INFO - Created backup: Departed_in_last_36_hours_20251030_201032.xml
2025-10-30 20:10:32,217 - vessel_data_pipeline - INFO - Updated metadata for Departed_in_last_36_hours.xml
2025-10-30 20:10:32,217 - vessel_data_pipeline - INFO - Successfully downloaded and validated Departed_in_last_36_hours.xml
2025-10-30 20:10:34,218 - vessel_data_pipeline - INFO - Downloading Expected_arrivals.xml (attempt 1/3)
2025-10-30 20:10:34,271 - vessel_data_pipeline - INFO - File temp_Expected_arrivals.xml passed validation checks
2025-10-30 20:10:34,272 - vessel_data_pipeline - INFO - Created backup: Expected_arrivals_20251030_201034.xml
2025-10-30 20:10:34,272 - vessel_data_pipeline - INFO - Updated metadata for Expected_arrivals.xml
2025-10-30 20:10:34,272 - vessel_data_pipeline - INFO - Successfully downloaded and validated Expected_arrivals.xml
2025-10-30 20:10:36,277 - vessel_data_pipeline - INFO - Downloading Expected_departures.xml (attempt 1/3)
2025-10-30 20:10:36,369 - vessel_data_pipeline - INFO - File temp_Expected_departures.xml passed validation checks
2025-10-30 20:10:36,370 - vessel_data_pipeline - INFO - Created backup: Expected_departures_20251030_201036.xml
2025-10-30 20:10:36,370 - vessel_data_pipeline - INFO - Updated metadata for Expected_departures.xml
2025-10-30 20:10:36,370 - vessel_data_pipeline - INFO - Successfully downloaded and validated Expected_departures.xml
2025-10-30 20:10:38,375 - vessel_data_pipeline - INFO - Fetch operation completed. Results: {'Arrived_in_last_36_hours.xml': True, 'Departed_in_last_36_hours.xml': True, 'Expected_arrivals.xml': True, 'Expected_departures.xml': True}
2025-10-30 20:10:41,368 - vessel_data_pipeline - INFO - VesselDataFetcher initialized. Pipeline enabled: True
2025-10-30 20:10:41,368 - vessel_data_pipeline - INFO - Starting vessel data fetch operation
2025-10-30 20:10:41,368 - vessel_data_pipeline - INFO - Discovering XML files from Hong Kong Marine Department portal
2025-10-30 20:10:41,499 - vessel_data_pipeline - INFO - Verified access to Arrived_in_last_36_hours.xml
2025-10-30 20:10:41,531 - vessel_data_pipeline - INFO - Verified access to Departed_in_last_36_hours.xml
2025-10-30 20:10:41,586 - vessel_data_pipeline - INFO - Verified access to Expected_arrivals.xml
2025-10-30 20:10:41,618 - vessel_data_pipeline - INFO - Verified access to Expected_departures.xml
2025-10-30 20:10:41,618 - vessel_data_pipeline - INFO - Discovered 4 XML files for download
2025-10-30 20:10:41,618 - vessel_data_pipeline - INFO - Downloading Arrived_in_last_36_hours.xml (attempt 1/3)
2025-10-30 20:10:41,665 - vessel_data_pipeline - INFO - File temp_Arrived_in_last_36_hours.xml passed validation checks
2025-10-30 20:10:41,666 - vessel_data_pipeline - INFO - Created backup: Arrived_in_last_36_hours_20251030_201041.xml
2025-10-30 20:10:41,666 - vessel_data_pipeline - INFO - Updated metadata for Arrived_in_last_36_hours.xml
2025-10-30 20:10:41,666 - vessel_data_pipeline - INFO - Successfully downloaded and validated Arrived_in_last_36_hours.xml
2025-10-30 20:10:43,669 - vessel_data_pipeline - INFO - Downloading Departed_in_last_36_hours.xml (attempt 1/3)
2025-10-30 20:10:43,735 - vessel_data_pipeline - INFO - File temp_Departed_in_last_36_hours.xml passed validation checks
2025-10-30 20:10:43,735 - vessel_data_pipeline - INFO - Created backup: Departed_in_last_36_hours_20251030_201043.xml
2025-10-30 20:10:43,736 - vessel_data_pipeline - INFO - Updated metadata for Departed_in_last_36_hours.xml
2025-10-30 20:10:43,736 - vessel_data_pipeline - INFO - Successfully downloaded and validated Departed_in_last_36_hours.xml
2025-10-30 20:10:45,736 - vessel_data_pipeline - INFO - Downloading Expected_arrivals.xml (attempt 1/3)
2025-10-30 20:10:45,789 - vessel_data_pipeline - INFO - File temp_Expected_arrivals.xml passed validation checks
2025-10-30 20:10:45,789 - vessel_data_pipeline - INFO - Created backup: Expected_arrivals_20251030_201045.xml
2025-10-30 20:10:45,790 - vessel_data_pipeline - INFO - Updated metadata for Expected_arrivals.xml
2025-10-30 20:10:45,790 - vessel_data_pipeline - INFO - Successfully downloaded and validated Expected_arrivals.xml
2025-10-30 20:10:47,795 - vessel_data_pipeline - INFO - Downloading Expected_departures.xml (attempt 1/3)
2025-10-30 20:10:47,842 - vessel_data_pipeline - INFO - File temp_Expected_departures.xml passed validation checks
2025-10-30 20:10:47,843 - vessel_data_pipeline - INFO - Created backup: Expected_departures_20251030_201047.xml
2025-10-30 20:10:47,843 - vessel_data_pipeline - INFO - Updated metadata for Expected_departures.xml
2025-10-30 20:10:47,843 - vessel_data_pipeline - INFO - Successfully downloaded and validated Expected_departures.xml
2025-10-30 20:10:49,848 - vessel_data_pipeline - INFO - Fetch operation completed. Results: {'Arrived_in_last_36_hours.xml': True, 'Departed_in_last_36_hours.xml': True, 'Expected_arrivals.xml': True, 'Expected_departures.xml': True}
2025-10-30 20:10:49,852 - vessel_data_pipeline - INFO - VesselDataFetcher initialized. Pipeline enabled: True
2025-10-30 20:10:49,852 - vessel_data_pipeline - INFO - Starting vessel data fetch operation
2025-10-30 20:10:49,852 - vessel_data_pipeline - INFO - Discovering XML files from Hong Kong Marine Department portal
2025-10-30 20:10:49,908 - vessel_data_pipeline - INFO - Verified access to Arrived_in_last_36_hours.xml
2025-10-30 20:10:49,939 - vessel_data_pipeline - INFO - Verified access to Departed_in_last_36_hours.xml
2025-10-30 20:10:49,984 - vessel_data_pipeline - INFO - Verified access to Expected_arrivals.xml
2025-10-30 20:10:50,025 - vessel_data_pipeline - INFO - Verified access to Expected_departures.xml
2025-10-30 20:10:50,025 - vessel_data_pipeline - INFO - Discovered 4 XML files for download
2025-10-30 20:10:50,025 - vessel_data_pipeline - INFO - Downloading Arrived_in_last_36_hours.xml (attempt 1/3)
2025-10-30 20:10:50,090 - vessel_data_pipeline - INFO - File temp_Arrived_in_last_36_hours.xml passed validation checks
2025-10-30 20:10:50,090 - vessel_data_pipeline - INFO - Created backup: Arrived_in_last_36_hours_20251030_201050.xml
2025-10-30 20:10:50,090 - vessel_data_pipeline - INFO - Updated metadata for Arrived_in_last_36_hours.xml
2025-10-30 20:10:50,090 - vessel_data_pipeline - INFO - Successfully downloaded and validated Arrived_in_last_36_hours.xml
2025-10-30 20:10:52,095 - vessel_data_pipeline - INFO - Downloading Departed_in_last_36_hours.xml (attempt 1/3)
2025-10-30 20:10:52,163 - vessel_data_pipeline - INFO - File temp_Departed_in_last_36_hours.xml passed validation checks
2025-10-30 20:10:52,163 - vessel_data_pipeline - INFO - Created backup: Departed_in_last_36_hours_20251030_201052.xml
2025-10-30 20:10:52,164 - vessel_data_pipeline - INFO - Updated metadata for Departed_in_last_36_hours.xml
2025-10-30 20:10:52,164 - vessel_data_pipeline - INFO - Successfully downloaded and validated Departed_in_last_36_hours.xml
2025-10-30 20:10:54,169 - vessel_data_pipeline - INFO - Downloading Expected_arrivals.xml (attempt 1/3)
2025-10-30 20:10:54,232 - vessel_data_pipeline - INFO - File temp_Expected_arrivals.xml passed validation checks
2025-10-30 20:10:54,233 - vessel_data_pipeline - INFO - Created backup: Expected_arrivals_20251030_201054.xml
2025-10-30 20:10:54,234 - vessel_data_pipeline - INFO - Updated metadata for Expected_arrivals.xml
2025-10-30 20:10:54,234 - vessel_data_pipeline - INFO - Successfully downloaded and validated Expected_arrivals.xml
2025-10-30 20:10:56,237 - vessel_data_pipeline - INFO - Downloading Expected_departures.xml (attempt 1/3)
2025-10-30 20:10:56,282 - vessel_data_pipeline - INFO - File temp_Expected_departures.xml passed validation checks
2025-10-30 20:10:56,283 - vessel_data_pipeline - INFO - Created backup: Expected_departures_20251030_201056.xml
2025-10-30 20:10:56,283 - vessel_data_pipeline - INFO - Updated metadata for Expected_departures.xml
2025-10-30 20:10:56,283 - vessel_data_pipeline - INFO - Successfully downloaded and validated Expected_departures.xml
2025-10-30 20:10:58,285 - vessel_data_pipeline - INFO - Fetch operation completed. Results: {'Arrived_in_last_36_hours.xml': True, 'Departed_in_last_36_hours.xml': True, 'Expected_arrivals.xml': True, 'Expected_departures.xml': True}
2025-10-30 20:10:58,295 - vessel_data_pipeline - INFO - VesselDataFetcher initialized. Pipeline enabled: True
2025-10-30 20:10:58,296 - vessel_data_pipeline - INFO - Starting vessel data fetch operation
2025-10-30 20:10:58,296 - vessel_data_pipeline - INFO - Discovering XML files from Hong Kong Marine Department portal
2025-10-30 20:10:58,352 - vessel_data_pipeline - INFO - Verified access to Arrived_in_last_36_hours.xml
2025-10-30 20:10:58,387 - vessel_data_pipeline - INFO - Verified access to Departed_in_last_36_hours.xml
2025-10-30 20:10:58,453 - vessel_data_pipeline - INFO - Verified access to Expected_arrivals.xml
2025-10-30 20:10:58,489 - vessel_data_pipeline - INFO - Verified access to Expected_departures.xml
2025-10-30 20:10:58,489 - vessel_data_pipeline - INFO - Discovered 4 XML files for download
2025-10-30 20:10:58,489 - vessel_data_pipeline - INFO - Downloading Arrived_in_last_36_hours.xml (attempt 1/3)
2025-10-30 20:10:58,641 - vessel_data_pipeline - INFO - File temp_Arrived_in_last_36_hours.xml passed validation checks
2025-10-30 20:10:58,642 - vessel_data_pipeline - INFO - Created backup: Arrived_in_last_36_hours_20251030_201058.xml
2025-10-30 20:10:58,642 - vessel_data_pipeline - INFO - Updated metadata for Arrived_in_last_36_hours.xml
2025-10-30 20:10:58,642 - vessel_data_pipeline - INFO - Successfully downloaded and validated Arrived_in_last_36_hours.xml
2025-10-30 20:11:00,646 - vessel_data_pipeline - INFO - Downloading Departed_in_last_36_hours.xml (attempt 1/3)
2025-10-30 20:11:00,746 - vessel_data_pipeline - INFO - File temp_Departed_in_last_36_hours.xml passed validation checks
2025-10-30 20:11:00,770 - vessel_data_pipeline - INFO - Created backup: Departed_in_last_36_hours_20251030_201100.xml
2025-10-30 20:11:00,780 - vessel_data_pipeline - INFO - Updated metadata for Departed_in_last_36_hours.xml
2025-10-30 20:11:00,780 - vessel_data_pipeline - INFO - Successfully downloaded and validated Departed_in_last_36_hours.xml
2025-10-30 20:11:02,788 - vessel_data_pipeline - INFO - Downloading Expected_arrivals.xml (attempt 1/3)
2025-10-30 20:11:02,842 - vessel_data_pipeline - INFO - File temp_Expected_arrivals.xml passed validation checks
2025-10-30 20:11:02,843 - vessel_data_pipeline - INFO - Created backup: Expected_arrivals_20251030_201102.xml
2025-10-30 20:11:02,843 - vessel_data_pipeline - INFO - Updated metadata for Expected_arrivals.xml
2025-10-30 20:11:02,843 - vessel_data_pipeline - INFO - Successfully downloaded and validated Expected_arrivals.xml
2025-10-30 20:11:04,853 - vessel_data_pipeline - INFO - Downloading Expected_departures.xml (attempt 1/3)
2025-10-30 20:11:04,907 - vessel_data_pipeline - INFO - File temp_Expected_departures.xml passed validation checks
2025-10-30 20:11:04,907 - vessel_data_pipeline - INFO - Created backup: Expected_departures_20251030_201104.xml
2025-10-30 20:11:04,908 - vessel_data_pipeline - INFO - Updated metadata for Expected_departures.xml
2025-10-30 20:11:04,908 - vessel_data_pipeline - INFO - Successfully downloaded and validated Expected_departures.xml
2025-10-30 20:11:06,909 - vessel_data_pipeline - INFO - Fetch operation completed. Results: {'Arrived_in_last_36_hours.xml': True, 'Departed_in_last_36_hours.xml': True, 'Expected_arrivals.xml': True, 'Expected_departures.xml': True}
2025-10-30 20:11:06,913 - vessel_data_pipeline - INFO - VesselDataFetcher initialized. Pipeline enabled: True
2025-10-30 20:11:06,914 - vessel_data_pipeline - INFO - Starting vessel data fetch operation
2025-10-30 20:11:06,914 - vessel_data_pipeline - INFO - Discovering XML files from Hong Kong Marine Department portal
2025-10-30 20:11:06,982 - vessel_data_pipeline - INFO - Verified access to Arrived_in_last_36_hours.xml
2025-10-30 20:11:07,016 - vessel_data_pipeline - INFO - Verified access to Departed_in_last_36_hours.xml
2025-10-30 20:11:07,062 - vessel_data_pipeline - INFO - Verified access to Expected_arrivals.xml
2025-10-30 20:11:07,151 - vessel_data_pipeline - INFO - Verified access to Expected_departures.xml
2025-10-30 20:11:07,151 - vessel_data_pipeline - INFO - Discovered 4 XML files for download
2025-10-30 20:11:07,151 - vessel_data_pipeline - INFO - Downloading Arrived_in_last_36_hours.xml (attempt 1/3)
2025-10-30 20:11:07,221 - vessel_data_pipeline - INFO - File temp_Arrived_in_last_36_hours.xml passed validation checks
2025-10-30 20:11:07,221 - vessel_data_pipeline - INFO - Created backup: Arrived_in_last_36_hours_20251030_201107.xml
2025-10-30 20:11:07,221 - vessel_data_pipeline - INFO - Updated metadata for Arrived_in_last_36_hours.xml
2025-10-30 20:11:07,221 - vessel_data_pipeline - INFO - Successfully downloaded and validated Arrived_in_last_36_hours.xml
2025-10-30 20:11:09,222 - vessel_data_pipeline - INFO - Downloading Departed_in_last_36_hours.xml (attempt 1/3)
2025-10-30 20:11:09,304 - vessel_data_pipeline - INFO - File temp_Departed_in_last_36_hours.xml passed validation checks
2025-10-30 20:11:09,304 - vessel_data_pipeline - INFO - Created backup: Departed_in_last_36_hours_20251030_201109.xml
2025-10-30 20:11:09,305 - vessel_data_pipeline - INFO - Updated metadata for Departed_in_last_36_hours.xml
2025-10-30 20:11:09,305 - vessel_data_pipeline - INFO - Successfully downloaded and validated Departed_in_last_36_hours.xml
2025-10-30 20:11:11,312 - vessel_data_pipeline - INFO - Downloading Expected_arrivals.xml (attempt 1/3)
2025-10-30 20:11:11,360 - vessel_data_pipeline - INFO - File temp_Expected_arrivals.xml passed validation checks
2025-10-30 20:11:11,360 - vessel_data_pipeline - INFO - Created backup: Expected_arrivals_20251030_201111.xml
2025-10-30 20:11:11,360 - vessel_data_pipeline - INFO - Updated metadata for Expected_arrivals.xml
2025-10-30 20:11:11,360 - vessel_data_pipeline - INFO - Successfully downloaded and validated Expected_arrivals.xml
2025-10-30 20:11:13,362 - vessel_data_pipeline - INFO - Downloading Expected_departures.xml (attempt 1/3)
2025-10-30 20:11:13,448 - vessel_data_pipeline - INFO - File temp_Expected_departures.xml passed validation checks
2025-10-30 20:11:13,449 - vessel_data_pipeline - INFO - Created backup: Expected_departures_20251030_201113.xml
2025-10-30 20:11:13,449 - vessel_data_pipeline - INFO - Updated metadata for Expected_departures.xml
2025-10-30 20:11:13,449 - vessel_data_pipeline - INFO - Successfully downloaded and validated Expected_departures.xml
2025-10-30 20:11:15,456 - vessel_data_pipeline - INFO - Fetch operation completed. Results: {'Arrived_in_last_36_hours.xml': True, 'Departed_in_last_36_hours.xml': True, 'Expected_arrivals.xml': True, 'Expected_departures.xml': True}
2025-10-30 20:14:28,723 - vessel_data_pipeline - INFO - VesselDataFetcher initialized. Pipeline enabled: True
2025-10-30 20:14:28,724 - vessel_data_pipeline - INFO - Starting vessel data fetch operation
2025-10-30 20:14:28,724 - vessel_data_pipeline - INFO - Discovering XML files from Hong Kong Marine Department portal
2025-10-30 20:14:28,850 - vessel_data_pipeline - INFO - Verified access to Arrived_in_last_36_hours.xml
2025-10-30 20:14:28,915 - vessel_data_pipeline - INFO - Verified access to Departed_in_last_36_hours.xml
2025-10-30 20:14:28,964 - vessel_data_pipeline - INFO - Verified access to Expected_arrivals.xml
2025-10-30 20:14:28,997 - vessel_data_pipeline - INFO - Verified access to Expected_departures.xml
2025-10-30 20:14:28,997 - vessel_data_pipeline - INFO - Discovered 4 XML files for download
2025-10-30 20:14:28,997 - vessel_data_pipeline - INFO - Downloading Arrived_in_last_36_hours.xml (attempt 1/3)
2025-10-30 20:14:29,057 - vessel_data_pipeline - INFO - File temp_Arrived_in_last_36_hours.xml passed validation checks
2025-10-30 20:14:29,058 - vessel_data_pipeline - INFO - Created backup: Arrived_in_last_36_hours_20251030_201429.xml
2025-10-30 20:14:29,059 - vessel_data_pipeline - INFO - Updated metadata for Arrived_in_last_36_hours.xml
2025-10-30 20:14:29,059 - vessel_data_pipeline - INFO - Successfully downloaded and validated Arrived_in_last_36_hours.xml
2025-10-30 20:14:31,064 - vessel_data_pipeline - INFO - Downloading Departed_in_last_36_hours.xml (attempt 1/3)
2025-10-30 20:14:31,160 - vessel_data_pipeline - INFO - File temp_Departed_in_last_36_hours.xml passed validation checks
2025-10-30 20:14:31,161 - vessel_data_pipeline - INFO - Created backup: Departed_in_last_36_hours_20251030_201431.xml
2025-10-30 20:14:31,162 - vessel_data_pipeline - INFO - Updated metadata for Departed_in_last_36_hours.xml
2025-10-30 20:14:31,162 - vessel_data_pipeline - INFO - Successfully downloaded and validated Departed_in_last_36_hours.xml
2025-10-30 20:14:33,163 - vessel_data_pipeline - INFO - Downloading Expected_arrivals.xml (attempt 1/3)
2025-10-30 20:14:33,212 - vessel_data_pipeline - INFO - File temp_Expected_arrivals.xml passed validation checks
2025-10-30 20:14:33,213 - vessel_data_pipeline - INFO - Created backup: Expected_arrivals_20251030_201433.xml
2025-10-30 20:14:33,213 - vessel_data_pipeline - INFO - Updated metadata for Expected_arrivals.xml
2025-10-30 20:14:33,213 - vessel_data_pipeline - INFO - Successfully downloaded and validated Expected_arrivals.xml
2025-10-30 20:14:35,214 - vessel_data_pipeline - INFO - Downloading Expected_departures.xml (attempt 1/3)
2025-10-30 20:14:35,273 - vessel_data_pipeline - INFO - File temp_Expected_departures.xml passed validation checks
2025-10-30 20:14:35,274 - vessel_data_pipeline - INFO - Created backup: Expected_departures_20251030_201435.xml
2025-10-30 20:14:35,274 - vessel_data_pipeline - INFO - Updated metadata for Expected_departures.xml
2025-10-30 20:14:35,274 - vessel_data_pipeline - INFO - Successfully downloaded and validated Expected_departures.xml
2025-10-30 20:14:37,274 - vessel_data_pipeline - INFO - Fetch operation completed. Results: {'Arrived_in_last_36_hours.xml': True, 'Departed_in_last_36_hours.xml': True, 'Expected_arrivals.xml': True, 'Expected_departures.xml': True}
2025-10-30 20:14:37,543 - vessel_data_pipeline - INFO - VesselDataFetcher initialized. Pipeline enabled: True
2025-10-30 20:14:37,544 - vessel_data_pipeline - INFO - Starting vessel data fetch operation
2025-10-30 20:14:37,544 - vessel_data_pipeline - INFO - Discovering XML files from Hong Kong Marine Department portal
2025-10-30 20:14:37,903 - vessel_data_pipeline - INFO - Verified access to Arrived_in_last_36_hours.xml
2025-10-30 20:14:37,971 - vessel_data_pipeline - INFO - Verified access to Departed_in_last_36_hours.xml
2025-10-30 20:14:38,021 - vessel_data_pipeline - INFO - Verified access to Expected_arrivals.xml
2025-10-30 20:14:38,065 - vessel_data_pipeline - INFO - Verified access to Expected_departures.xml
2025-10-30 20:14:38,065 - vessel_data_pipeline - INFO - Discovered 4 XML files for download
2025-10-30 20:14:38,065 - vessel_data_pipeline - INFO - Downloading Arrived_in_last_36_hours.xml (attempt 1/3)
2025-10-30 20:14:38,138 - vessel_data_pipeline - INFO - File temp_Arrived_in_last_36_hours.xml passed validation checks
2025-10-30 20:14:38,138 - vessel_data_pipeline - INFO - Created backup: Arrived_in_last_36_hours_20251030_201438.xml
2025-10-30 20:14:38,139 - vessel_data_pipeline - INFO - Updated metadata for Arrived_in_last_36_hours.xml
2025-10-30 20:14:38,139 - vessel_data_pipeline - INFO - Successfully downloaded and validated Arrived_in_last_36_hours.xml
2025-10-30 20:14:40,139 - vessel_data_pipeline - INFO - Downloading Departed_in_last_36_hours.xml (attempt 1/3)
2025-10-30 20:14:40,213 - vessel_data_pipeline - INFO - File temp_Departed_in_last_36_hours.xml passed validation checks
2025-10-30 20:14:40,214 - vessel_data_pipeline - INFO - Created backup: Departed_in_last_36_hours_20251030_201440.xml
2025-10-30 20:14:40,214 - vessel_data_pipeline - INFO - Updated metadata for Departed_in_last_36_hours.xml
2025-10-30 20:14:40,214 - vessel_data_pipeline - INFO - Successfully downloaded and validated Departed_in_last_36_hours.xml
2025-10-30 20:14:42,219 - vessel_data_pipeline - INFO - Downloading Expected_arrivals.xml (attempt 1/3)
2025-10-30 20:14:42,269 - vessel_data_pipeline - INFO - File temp_Expected_arrivals.xml passed validation checks
2025-10-30 20:14:42,269 - vessel_data_pipeline - INFO - Created backup: Expected_arrivals_20251030_201442.xml
2025-10-30 20:14:42,270 - vessel_data_pipeline - INFO - Updated metadata for Expected_arrivals.xml
2025-10-30 20:14:42,270 - vessel_data_pipeline - INFO - Successfully downloaded and validated Expected_arrivals.xml
2025-10-30 20:14:44,270 - vessel_data_pipeline - INFO - Downloading Expected_departures.xml (attempt 1/3)
2025-10-30 20:14:44,417 - vessel_data_pipeline - INFO - File temp_Expected_departures.xml passed validation checks
2025-10-30 20:14:44,417 - vessel_data_pipeline - INFO - Created backup: Expected_departures_20251030_201444.xml
2025-10-30 20:14:44,417 - vessel_data_pipeline - INFO - Updated metadata for Expected_departures.xml
2025-10-30 20:14:44,417 - vessel_data_pipeline - INFO - Successfully downloaded and validated Expected_departures.xml
2025-10-30 20:14:46,421 - vessel_data_pipeline - INFO - Fetch operation completed. Results: {'Arrived_in_last_36_hours.xml': True, 'Departed_in_last_36_hours.xml': True, 'Expected_arrivals.xml': True, 'Expected_departures.xml': True}
2025-10-30 20:14:46,434 - vessel_data_pipeline - INFO - VesselDataFetcher initialized. Pipeline enabled: True
2025-10-30 20:14:46,439 - vessel_data_pipeline - INFO - Starting vessel data fetch operation
2025-10-30 20:14:46,439 - vessel_data_pipeline - INFO - Discovering XML files from Hong Kong Marine Department portal
2025-10-30 20:14:46,572 - vessel_data_pipeline - INFO - Verified access to Arrived_in_last_36_hours.xml
2025-10-30 20:14:46,608 - vessel_data_pipeline - INFO - Verified access to Departed_in_last_36_hours.xml
2025-10-30 20:14:46,648 - vessel_data_pipeline - INFO - Verified access to Expected_arrivals.xml
2025-10-30 20:14:46,846 - vessel_data_pipeline - INFO - Verified access to Expected_departures.xml
2025-10-30 20:14:46,846 - vessel_data_pipeline - INFO - Discovered 4 XML files for download
2025-10-30 20:14:46,846 - vessel_data_pipeline - INFO - Downloading Arrived_in_last_36_hours.xml (attempt 1/3)
2025-10-30 20:14:47,082 - vessel_data_pipeline - INFO - File temp_Arrived_in_last_36_hours.xml passed validation checks
2025-10-30 20:14:47,082 - vessel_data_pipeline - INFO - Created backup: Arrived_in_last_36_hours_20251030_201447.xml
2025-10-30 20:14:47,082 - vessel_data_pipeline - INFO - Updated metadata for Arrived_in_last_36_hours.xml
2025-10-30 20:14:47,082 - vessel_data_pipeline - INFO - Successfully downloaded and validated Arrived_in_last_36_hours.xml
2025-10-30 20:14:49,087 - vessel_data_pipeline - INFO - Downloading Departed_in_last_36_hours.xml (attempt 1/3)
2025-10-30 20:14:49,151 - vessel_data_pipeline - INFO - File temp_Departed_in_last_36_hours.xml passed validation checks
2025-10-30 20:14:49,151 - vessel_data_pipeline - INFO - Created backup: Departed_in_last_36_hours_20251030_201449.xml
2025-10-30 20:14:49,152 - vessel_data_pipeline - INFO - Updated metadata for Departed_in_last_36_hours.xml
2025-10-30 20:14:49,152 - vessel_data_pipeline - INFO - Successfully downloaded and validated Departed_in_last_36_hours.xml
2025-10-30 20:14:51,157 - vessel_data_pipeline - INFO - Downloading Expected_arrivals.xml (attempt 1/3)
2025-10-30 20:14:51,218 - vessel_data_pipeline - INFO - File temp_Expected_arrivals.xml passed validation checks
2025-10-30 20:14:51,219 - vessel_data_pipeline - INFO - Created backup: Expected_arrivals_20251030_201451.xml
2025-10-30 20:14:51,219 - vessel_data_pipeline - INFO - Updated metadata for Expected_arrivals.xml
2025-10-30 20:14:51,219 - vessel_data_pipeline - INFO - Successfully downloaded and validated Expected_arrivals.xml
2025-10-30 20:14:53,223 - vessel_data_pipeline - INFO - Downloading Expected_departures.xml (attempt 1/3)
2025-10-30 20:14:53,299 - vessel_data_pipeline - INFO - File temp_Expected_departures.xml passed validation checks
2025-10-30 20:14:53,300 - vessel_data_pipeline - INFO - Created backup: Expected_departures_20251030_201453.xml
2025-10-30 20:14:53,300 - vessel_data_pipeline - INFO - Updated metadata for Expected_departures.xml
2025-10-30 20:14:53,300 - vessel_data_pipeline - INFO - Successfully downloaded and validated Expected_departures.xml
2025-10-30 20:14:55,305 - vessel_data_pipeline - INFO - Fetch operation completed. Results: {'Arrived_in_last_36_hours.xml': True, 'Departed_in_last_36_hours.xml': True, 'Expected_arrivals.xml': True, 'Expected_departures.xml': True}
2025-10-30 20:14:58,248 - vessel_data_pipeline - INFO - VesselDataFetcher initialized. Pipeline enabled: True
2025-10-30 20:14:58,248 - vessel_data_pipeline - INFO - Starting vessel data fetch operation
2025-10-30 20:14:58,248 - vessel_data_pipeline - INFO - Discovering XML files from Hong Kong Marine Department portal
2025-10-30 20:14:58,304 - vessel_data_pipeline - INFO - Verified access to Arrived_in_last_36_hours.xml
2025-10-30 20:14:58,339 - vessel_data_pipeline - INFO - Verified access to Departed_in_last_36_hours.xml
2025-10-30 20:14:58,391 - vessel_data_pipeline - INFO - Verified access to Expected_arrivals.xml
2025-10-30 20:14:58,429 - vessel_data_pipeline - INFO - Verified access to Expected_departures.xml
2025-10-30 20:14:58,429 - vessel_data_pipeline - INFO - Discovered 4 XML files for download
2025-10-30 20:14:58,430 - vessel_data_pipeline - INFO - Downloading Arrived_in_last_36_hours.xml (attempt 1/3)
2025-10-30 20:14:58,483 - vessel_data_pipeline - INFO - File temp_Arrived_in_last_36_hours.xml passed validation checks
2025-10-30 20:14:58,483 - vessel_data_pipeline - INFO - Created backup: Arrived_in_last_36_hours_20251030_201458.xml
2025-10-30 20:14:58,484 - vessel_data_pipeline - INFO - Updated metadata for Arrived_in_last_36_hours.xml
2025-10-30 20:14:58,484 - vessel_data_pipeline - INFO - Successfully downloaded and validated Arrived_in_last_36_hours.xml
2025-10-30 20:15:00,486 - vessel_data_pipeline - INFO - Downloading Departed_in_last_36_hours.xml (attempt 1/3)
2025-10-30 20:15:00,619 - vessel_data_pipeline - INFO - File temp_Departed_in_last_36_hours.xml passed validation checks
2025-10-30 20:15:00,619 - vessel_data_pipeline - INFO - Created backup: Departed_in_last_36_hours_20251030_201500.xml
2025-10-30 20:15:00,620 - vessel_data_pipeline - INFO - Updated metadata for Departed_in_last_36_hours.xml
2025-10-30 20:15:00,620 - vessel_data_pipeline - INFO - Successfully downloaded and validated Departed_in_last_36_hours.xml
2025-10-30 20:15:02,623 - vessel_data_pipeline - INFO - Downloading Expected_arrivals.xml (attempt 1/3)
2025-10-30 20:15:02,668 - vessel_data_pipeline - INFO - File temp_Expected_arrivals.xml passed validation checks
2025-10-30 20:15:02,668 - vessel_data_pipeline - INFO - Created backup: Expected_arrivals_20251030_201502.xml
2025-10-30 20:15:02,669 - vessel_data_pipeline - INFO - Updated metadata for Expected_arrivals.xml
2025-10-30 20:15:02,669 - vessel_data_pipeline - INFO - Successfully downloaded and validated Expected_arrivals.xml
2025-10-30 20:15:04,674 - vessel_data_pipeline - INFO - Downloading Expected_departures.xml (attempt 1/3)
2025-10-30 20:15:04,740 - vessel_data_pipeline - INFO - File temp_Expected_departures.xml passed validation checks
2025-10-30 20:15:04,740 - vessel_data_pipeline - INFO - Created backup: Expected_departures_20251030_201504.xml
2025-10-30 20:15:04,741 - vessel_data_pipeline - INFO - Updated metadata for Expected_departures.xml
2025-10-30 20:15:04,741 - vessel_data_pipeline - INFO - Successfully downloaded and validated Expected_departures.xml
2025-10-30 20:15:06,746 - vessel_data_pipeline - INFO - Fetch operation completed. Results: {'Arrived_in_last_36_hours.xml': True, 'Departed_in_last_36_hours.xml': True, 'Expected_arrivals.xml': True, 'Expected_departures.xml': True}
2025-10-30 20:15:06,752 - vessel_data_pipeline - INFO - VesselDataFetcher initialized. Pipeline enabled: True
2025-10-30 20:15:06,753 - vessel_data_pipeline - INFO - Starting vessel data fetch operation
2025-10-30 20:15:06,753 - vessel_data_pipeline - INFO - Discovering XML files from Hong Kong Marine Department portal
2025-10-30 20:15:06,808 - vessel_data_pipeline - INFO - Verified access to Arrived_in_last_36_hours.xml
2025-10-30 20:15:06,867 - vessel_data_pipeline - INFO - Verified access to Departed_in_last_36_hours.xml
2025-10-30 20:15:07,115 - vessel_data_pipeline - INFO - Verified access to Expected_arrivals.xml
2025-10-30 20:15:07,148 - vessel_data_pipeline - INFO - Verified access to Expected_departures.xml
2025-10-30 20:15:07,148 - vessel_data_pipeline - INFO - Discovered 4 XML files for download
2025-10-30 20:15:07,148 - vessel_data_pipeline - INFO - Downloading Arrived_in_last_36_hours.xml (attempt 1/3)
2025-10-30 20:15:07,225 - vessel_data_pipeline - INFO - File temp_Arrived_in_last_36_hours.xml passed validation checks
2025-10-30 20:15:07,225 - vessel_data_pipeline - INFO - Created backup: Arrived_in_last_36_hours_20251030_201507.xml
2025-10-30 20:15:07,225 - vessel_data_pipeline - INFO - Updated metadata for Arrived_in_last_36_hours.xml
2025-10-30 20:15:07,225 - vessel_data_pipeline - INFO - Successfully downloaded and validated Arrived_in_last_36_hours.xml
2025-10-30 20:15:09,228 - vessel_data_pipeline - INFO - Downloading Departed_in_last_36_hours.xml (attempt 1/3)
2025-10-30 20:15:09,291 - vessel_data_pipeline - INFO - File temp_Departed_in_last_36_hours.xml passed validation checks
2025-10-30 20:15:09,292 - vessel_data_pipeline - INFO - Created backup: Departed_in_last_36_hours_20251030_201509.xml
2025-10-30 20:15:09,292 - vessel_data_pipeline - INFO - Updated metadata for Departed_in_last_36_hours.xml
2025-10-30 20:15:09,292 - vessel_data_pipeline - INFO - Successfully downloaded and validated Departed_in_last_36_hours.xml
2025-10-30 20:15:11,293 - vessel_data_pipeline - INFO - Downloading Expected_arrivals.xml (attempt 1/3)
2025-10-30 20:15:11,355 - vessel_data_pipeline - INFO - File temp_Expected_arrivals.xml passed validation checks
2025-10-30 20:15:11,356 - vessel_data_pipeline - INFO - Created backup: Expected_arrivals_20251030_201511.xml
2025-10-30 20:15:11,356 - vessel_data_pipeline - INFO - Updated metadata for Expected_arrivals.xml
2025-10-30 20:15:11,356 - vessel_data_pipeline - INFO - Successfully downloaded and validated Expected_arrivals.xml
2025-10-30 20:15:13,361 - vessel_data_pipeline - INFO - Downloading Expected_departures.xml (attempt 1/3)
2025-10-30 20:15:13,609 - vessel_data_pipeline - INFO - File temp_Expected_departures.xml passed validation checks
2025-10-30 20:15:13,610 - vessel_data_pipeline - INFO - Created backup: Expected_departures_20251030_201513.xml
2025-10-30 20:15:13,610 - vessel_data_pipeline - INFO - Updated metadata for Expected_departures.xml
2025-10-30 20:15:13,610 - vessel_data_pipeline - INFO - Successfully downloaded and validated Expected_departures.xml
2025-10-30 20:15:15,616 - vessel_data_pipeline - INFO - Fetch operation completed. Results: {'Arrived_in_last_36_hours.xml': True, 'Departed_in_last_36_hours.xml': True, 'Expected_arrivals.xml': True, 'Expected_departures.xml': True}
2025-10-30 20:15:15,634 - vessel_data_pipeline - INFO - VesselDataFetcher initialized. Pipeline enabled: True
2025-10-30 20:15:15,634 - vessel_data_pipeline - INFO - Starting vessel data fetch operation
2025-10-30 20:15:15,634 - vessel_data_pipeline - INFO - Discovering XML files from Hong Kong Marine Department portal
2025-10-30 20:15:15,798 - vessel_data_pipeline - INFO - Verified access to Arrived_in_last_36_hours.xml
2025-10-30 20:15:15,829 - vessel_data_pipeline - INFO - Verified access to Departed_in_last_36_hours.xml
2025-10-30 20:15:15,880 - vessel_data_pipeline - INFO - Verified access to Expected_arrivals.xml
2025-10-30 20:15:15,915 - vessel_data_pipeline - INFO - Verified access to Expected_departures.xml
2025-10-30 20:15:15,915 - vessel_data_pipeline - INFO - Discovered 4 XML files for download
2025-10-30 20:15:15,915 - vessel_data_pipeline - INFO - Downloading Arrived_in_last_36_hours.xml (attempt 1/3)
2025-10-30 20:15:16,014 - vessel_data_pipeline - INFO - File temp_Arrived_in_last_36_hours.xml passed validation checks
2025-10-30 20:15:16,015 - vessel_data_pipeline - INFO - Created backup: Arrived_in_last_36_hours_20251030_201516.xml
2025-10-30 20:15:16,015 - vessel_data_pipeline - INFO - Updated metadata for Arrived_in_last_36_hours.xml
2025-10-30 20:15:16,015 - vessel_data_pipeline - INFO - Successfully downloaded and validated Arrived_in_last_36_hours.xml
2025-10-30 20:15:18,023 - vessel_data_pipeline - INFO - Downloading Departed_in_last_36_hours.xml (attempt 1/3)
2025-10-30 20:15:18,107 - vessel_data_pipeline - INFO - File temp_Departed_in_last_36_hours.xml passed validation checks
2025-10-30 20:15:18,113 - vessel_data_pipeline - INFO - Created backup: Departed_in_last_36_hours_20251030_201518.xml
2025-10-30 20:15:18,118 - vessel_data_pipeline - INFO - Updated metadata for Departed_in_last_36_hours.xml
2025-10-30 20:15:18,118 - vessel_data_pipeline - INFO - Successfully downloaded and validated Departed_in_last_36_hours.xml
2025-10-30 20:15:20,122 - vessel_data_pipeline - INFO - Downloading Expected_arrivals.xml (attempt 1/3)
2025-10-30 20:15:20,179 - vessel_data_pipeline - INFO - File temp_Expected_arrivals.xml passed validation checks
2025-10-30 20:15:20,180 - vessel_data_pipeline - INFO - Created backup: Expected_arrivals_20251030_201520.xml
2025-10-30 20:15:20,180 - vessel_data_pipeline - INFO - Updated metadata for Expected_arrivals.xml
2025-10-30 20:15:20,180 - vessel_data_pipeline - INFO - Successfully downloaded and validated Expected_arrivals.xml
2025-10-30 20:15:22,183 - vessel_data_pipeline - INFO - Downloading Expected_departures.xml (attempt 1/3)
2025-10-30 20:15:22,249 - vessel_data_pipeline - INFO - File temp_Expected_departures.xml passed validation checks
2025-10-30 20:15:22,249 - vessel_data_pipeline - INFO - Created backup: Expected_departures_20251030_201522.xml
2025-10-30 20:15:22,249 - vessel_data_pipeline - INFO - Updated metadata for Expected_departures.xml
2025-10-30 20:15:22,249 - vessel_data_pipeline - INFO - Successfully downloaded and validated Expected_departures.xml
2025-10-30 20:15:24,252 - vessel_data_pipeline - INFO - Fetch operation completed. Results: {'Arrived_in_last_36_hours.xml': True, 'Departed_in_last_36_hours.xml': True, 'Expected_arrivals.xml': True, 'Expected_departures.xml': True}
2025-10-30 20:15:24,257 - vessel_data_pipeline - INFO - VesselDataFetcher initialized. Pipeline enabled: True
2025-10-30 20:15:24,257 - vessel_data_pipeline - INFO - Starting vessel data fetch operation
2025-10-30 20:15:24,257 - vessel_data_pipeline - INFO - Discovering XML files from Hong Kong Marine Department portal
2025-10-30 20:15:24,323 - vessel_data_pipeline - INFO - Verified access to Arrived_in_last_36_hours.xml
2025-10-30 20:15:24,354 - vessel_data_pipeline - INFO - Verified access to Departed_in_last_36_hours.xml
2025-10-30 20:15:24,414 - vessel_data_pipeline - INFO - Verified access to Expected_arrivals.xml
2025-10-30 20:15:24,450 - vessel_data_pipeline - INFO - Verified access to Expected_departures.xml
2025-10-30 20:15:24,450 - vessel_data_pipeline - INFO - Discovered 4 XML files for download
2025-10-30 20:15:24,450 - vessel_data_pipeline - INFO - Downloading Arrived_in_last_36_hours.xml (attempt 1/3)
2025-10-30 20:15:24,502 - vessel_data_pipeline - INFO - File temp_Arrived_in_last_36_hours.xml passed validation checks
2025-10-30 20:15:24,503 - vessel_data_pipeline - INFO - Created backup: Arrived_in_last_36_hours_20251030_201524.xml
2025-10-30 20:15:24,503 - vessel_data_pipeline - INFO - Updated metadata for Arrived_in_last_36_hours.xml
2025-10-30 20:15:24,503 - vessel_data_pipeline - INFO - Successfully downloaded and validated Arrived_in_last_36_hours.xml
2025-10-30 20:15:26,508 - vessel_data_pipeline - INFO - Downloading Departed_in_last_36_hours.xml (attempt 1/3)
2025-10-30 20:15:26,605 - vessel_data_pipeline - INFO - File temp_Departed_in_last_36_hours.xml passed validation checks
2025-10-30 20:15:26,605 - vessel_data_pipeline - INFO - Created backup: Departed_in_last_36_hours_20251030_201526.xml
2025-10-30 20:15:26,606 - vessel_data_pipeline - INFO - Updated metadata for Departed_in_last_36_hours.xml
2025-10-30 20:15:26,606 - vessel_data_pipeline - INFO - Successfully downloaded and validated Departed_in_last_36_hours.xml
2025-10-30 20:15:28,611 - vessel_data_pipeline - INFO - Downloading Expected_arrivals.xml (attempt 1/3)
2025-10-30 20:15:28,664 - vessel_data_pipeline - INFO - File temp_Expected_arrivals.xml passed validation checks
2025-10-30 20:15:28,665 - vessel_data_pipeline - INFO - Created backup: Expected_arrivals_20251030_201528.xml
2025-10-30 20:15:28,665 - vessel_data_pipeline - INFO - Updated metadata for Expected_arrivals.xml
2025-10-30 20:15:28,665 - vessel_data_pipeline - INFO - Successfully downloaded and validated Expected_arrivals.xml
2025-10-30 20:15:30,670 - vessel_data_pipeline - INFO - Downloading Expected_departures.xml (attempt 1/3)
2025-10-30 20:15:30,766 - vessel_data_pipeline - INFO - File temp_Expected_departures.xml passed validation checks
2025-10-30 20:15:30,767 - vessel_data_pipeline - INFO - Created backup: Expected_departures_20251030_201530.xml
2025-10-30 20:15:30,767 - vessel_data_pipeline - INFO - Updated metadata for Expected_departures.xml
2025-10-30 20:15:30,767 - vessel_data_pipeline - INFO - Successfully downloaded and validated Expected_departures.xml
2025-10-30 20:15:32,772 - vessel_data_pipeline - INFO - Fetch operation completed. Results: {'Arrived_in_last_36_hours.xml': True, 'Departed_in_last_36_hours.xml': True, 'Expected_arrivals.xml': True, 'Expected_departures.xml': True}
2025-10-30 20:16:02,781 - vessel_data_pipeline - INFO - VesselDataFetcher initialized. Pipeline enabled: True
2025-10-30 20:16:02,781 - vessel_data_pipeline - INFO - Starting vessel data fetch operation
2025-10-30 20:16:02,781 - vessel_data_pipeline - INFO - Discovering XML files from Hong Kong Marine Department portal
2025-10-30 20:16:03,002 - vessel_data_pipeline - INFO - Verified access to Arrived_in_last_36_hours.xml
2025-10-30 20:16:03,157 - vessel_data_pipeline - INFO - Verified access to Departed_in_last_36_hours.xml
2025-10-30 20:16:03,201 - vessel_data_pipeline - INFO - Verified access to Expected_arrivals.xml
2025-10-30 20:16:03,261 - vessel_data_pipeline - INFO - Verified access to Expected_departures.xml
2025-10-30 20:16:03,261 - vessel_data_pipeline - INFO - Discovered 4 XML files for download
2025-10-30 20:16:03,261 - vessel_data_pipeline - INFO - Downloading Arrived_in_last_36_hours.xml (attempt 1/3)
2025-10-30 20:16:03,317 - vessel_data_pipeline - INFO - File temp_Arrived_in_last_36_hours.xml passed validation checks
2025-10-30 20:16:03,318 - vessel_data_pipeline - INFO - Created backup: Arrived_in_last_36_hours_20251030_201603.xml
2025-10-30 20:16:03,319 - vessel_data_pipeline - INFO - Updated metadata for Arrived_in_last_36_hours.xml
2025-10-30 20:16:03,319 - vessel_data_pipeline - INFO - Successfully downloaded and validated Arrived_in_last_36_hours.xml
2025-10-30 20:16:05,319 - vessel_data_pipeline - INFO - Downloading Departed_in_last_36_hours.xml (attempt 1/3)
2025-10-30 20:16:05,386 - vessel_data_pipeline - INFO - File temp_Departed_in_last_36_hours.xml passed validation checks
2025-10-30 20:16:05,387 - vessel_data_pipeline - INFO - Created backup: Departed_in_last_36_hours_20251030_201605.xml
2025-10-30 20:16:05,387 - vessel_data_pipeline - INFO - Updated metadata for Departed_in_last_36_hours.xml
2025-10-30 20:16:05,387 - vessel_data_pipeline - INFO - Successfully downloaded and validated Departed_in_last_36_hours.xml
2025-10-30 20:16:07,392 - vessel_data_pipeline - INFO - Downloading Expected_arrivals.xml (attempt 1/3)
2025-10-30 20:16:07,462 - vessel_data_pipeline - INFO - File temp_Expected_arrivals.xml passed validation checks
2025-10-30 20:16:07,463 - vessel_data_pipeline - INFO - Created backup: Expected_arrivals_20251030_201607.xml
2025-10-30 20:16:07,463 - vessel_data_pipeline - INFO - Updated metadata for Expected_arrivals.xml
2025-10-30 20:16:07,464 - vessel_data_pipeline - INFO - Successfully downloaded and validated Expected_arrivals.xml
2025-10-30 20:16:09,469 - vessel_data_pipeline - INFO - Downloading Expected_departures.xml (attempt 1/3)
2025-10-30 20:16:09,514 - vessel_data_pipeline - INFO - File temp_Expected_departures.xml passed validation checks
2025-10-30 20:16:09,515 - vessel_data_pipeline - INFO - Created backup: Expected_departures_20251030_201609.xml
2025-10-30 20:16:09,515 - vessel_data_pipeline - INFO - Updated metadata for Expected_departures.xml
2025-10-30 20:16:09,515 - vessel_data_pipeline - INFO - Successfully downloaded and validated Expected_departures.xml
2025-10-30 20:16:11,520 - vessel_data_pipeline - INFO - Fetch operation completed. Results: {'Arrived_in_last_36_hours.xml': True, 'Departed_in_last_36_hours.xml': True, 'Expected_arrivals.xml': True, 'Expected_departures.xml': True}
2025-10-30 20:16:11,772 - vessel_data_pipeline - INFO - VesselDataFetcher initialized. Pipeline enabled: True
2025-10-30 20:16:11,772 - vessel_data_pipeline - INFO - Starting vessel data fetch operation
2025-10-30 20:16:11,773 - vessel_data_pipeline - INFO - Discovering XML files from Hong Kong Marine Department portal
2025-10-30 20:16:11,838 - vessel_data_pipeline - INFO - Verified access to Arrived_in_last_36_hours.xml
2025-10-30 20:16:11,874 - vessel_data_pipeline - INFO - Verified access to Departed_in_last_36_hours.xml
2025-10-30 20:16:11,934 - vessel_data_pipeline - INFO - Verified access to Expected_arrivals.xml
2025-10-30 20:16:12,301 - vessel_data_pipeline - INFO - Verified access to Expected_departures.xml
2025-10-30 20:16:12,303 - vessel_data_pipeline - INFO - Discovered 4 XML files for download
2025-10-30 20:16:12,303 - vessel_data_pipeline - INFO - Downloading Arrived_in_last_36_hours.xml (attempt 1/3)
2025-10-30 20:16:12,369 - vessel_data_pipeline - INFO - File temp_Arrived_in_last_36_hours.xml passed validation checks
2025-10-30 20:16:12,370 - vessel_data_pipeline - INFO - Created backup: Arrived_in_last_36_hours_20251030_201612.xml
2025-10-30 20:16:12,370 - vessel_data_pipeline - INFO - Updated metadata for Arrived_in_last_36_hours.xml
2025-10-30 20:16:12,370 - vessel_data_pipeline - INFO - Successfully downloaded and validated Arrived_in_last_36_hours.xml
2025-10-30 20:16:14,373 - vessel_data_pipeline - INFO - Downloading Departed_in_last_36_hours.xml (attempt 1/3)
2025-10-30 20:16:14,462 - vessel_data_pipeline - INFO - File temp_Departed_in_last_36_hours.xml passed validation checks
2025-10-30 20:16:14,463 - vessel_data_pipeline - INFO - Created backup: Departed_in_last_36_hours_20251030_201614.xml
2025-10-30 20:16:14,463 - vessel_data_pipeline - INFO - Updated metadata for Departed_in_last_36_hours.xml
2025-10-30 20:16:14,463 - vessel_data_pipeline - INFO - Successfully downloaded and validated Departed_in_last_36_hours.xml
2025-10-30 20:16:16,466 - vessel_data_pipeline - INFO - Downloading Expected_arrivals.xml (attempt 1/3)
2025-10-30 20:16:16,540 - vessel_data_pipeline - INFO - File temp_Expected_arrivals.xml passed validation checks
2025-10-30 20:16:16,541 - vessel_data_pipeline - INFO - Created backup: Expected_arrivals_20251030_201616.xml
2025-10-30 20:16:16,541 - vessel_data_pipeline - INFO - Updated metadata for Expected_arrivals.xml
2025-10-30 20:16:16,541 - vessel_data_pipeline - INFO - Successfully downloaded and validated Expected_arrivals.xml
2025-10-30 20:16:18,546 - vessel_data_pipeline - INFO - Downloading Expected_departures.xml (attempt 1/3)
2025-10-30 20:16:18,594 - vessel_data_pipeline - INFO - File temp_Expected_departures.xml passed validation checks
2025-10-30 20:16:18,595 - vessel_data_pipeline - INFO - Created backup: Expected_departures_20251030_201618.xml
2025-10-30 20:16:18,595 - vessel_data_pipeline - INFO - Updated metadata for Expected_departures.xml
2025-10-30 20:16:18,595 - vessel_data_pipeline - INFO - Successfully downloaded and validated Expected_departures.xml
2025-10-30 20:16:20,598 - vessel_data_pipeline - INFO - Fetch operation completed. Results: {'Arrived_in_last_36_hours.xml': True, 'Departed_in_last_36_hours.xml': True, 'Expected_arrivals.xml': True, 'Expected_departures.xml': True}
2025-10-30 20:16:20,609 - vessel_data_pipeline - INFO - VesselDataFetcher initialized. Pipeline enabled: True
2025-10-30 20:16:20,612 - vessel_data_pipeline - INFO - Starting vessel data fetch operation
2025-10-30 20:16:20,612 - vessel_data_pipeline - INFO - Discovering XML files from Hong Kong Marine Department portal
2025-10-30 20:16:20,684 - vessel_data_pipeline - INFO - Verified access to Arrived_in_last_36_hours.xml
2025-10-30 20:16:20,741 - vessel_data_pipeline - INFO - Verified access to Departed_in_last_36_hours.xml
2025-10-30 20:16:21,113 - vessel_data_pipeline - INFO - Verified access to Expected_arrivals.xml
2025-10-30 20:16:21,345 - vessel_data_pipeline - INFO - Verified access to Expected_departures.xml
2025-10-30 20:16:21,345 - vessel_data_pipeline - INFO - Discovered 4 XML files for download
2025-10-30 20:16:21,345 - vessel_data_pipeline - INFO - Downloading Arrived_in_last_36_hours.xml (attempt 1/3)
2025-10-30 20:16:21,402 - vessel_data_pipeline - INFO - File temp_Arrived_in_last_36_hours.xml passed validation checks
2025-10-30 20:16:21,402 - vessel_data_pipeline - INFO - Created backup: Arrived_in_last_36_hours_20251030_201621.xml
2025-10-30 20:16:21,402 - vessel_data_pipeline - INFO - Updated metadata for Arrived_in_last_36_hours.xml
2025-10-30 20:16:21,402 - vessel_data_pipeline - INFO - Successfully downloaded and validated Arrived_in_last_36_hours.xml
2025-10-30 20:16:23,407 - vessel_data_pipeline - INFO - Downloading Departed_in_last_36_hours.xml (attempt 1/3)
2025-10-30 20:16:23,465 - vessel_data_pipeline - INFO - File temp_Departed_in_last_36_hours.xml passed validation checks
2025-10-30 20:16:23,465 - vessel_data_pipeline - INFO - Created backup: Departed_in_last_36_hours_20251030_201623.xml
2025-10-30 20:16:23,466 - vessel_data_pipeline - INFO - Updated metadata for Departed_in_last_36_hours.xml
2025-10-30 20:16:23,466 - vessel_data_pipeline - INFO - Successfully downloaded and validated Departed_in_last_36_hours.xml
2025-10-30 20:16:25,469 - vessel_data_pipeline - INFO - Downloading Expected_arrivals.xml (attempt 1/3)
2025-10-30 20:16:25,525 - vessel_data_pipeline - INFO - File temp_Expected_arrivals.xml passed validation checks
2025-10-30 20:16:25,526 - vessel_data_pipeline - INFO - Created backup: Expected_arrivals_20251030_201625.xml
2025-10-30 20:16:25,526 - vessel_data_pipeline - INFO - Updated metadata for Expected_arrivals.xml
2025-10-30 20:16:25,526 - vessel_data_pipeline - INFO - Successfully downloaded and validated Expected_arrivals.xml
2025-10-30 20:16:27,528 - vessel_data_pipeline - INFO - Downloading Expected_departures.xml (attempt 1/3)
2025-10-30 20:16:27,573 - vessel_data_pipeline - INFO - File temp_Expected_departures.xml passed validation checks
2025-10-30 20:16:27,574 - vessel_data_pipeline - INFO - Created backup: Expected_departures_20251030_201627.xml
2025-10-30 20:16:27,574 - vessel_data_pipeline - INFO - Updated metadata for Expected_departures.xml
2025-10-30 20:16:27,574 - vessel_data_pipeline - INFO - Successfully downloaded and validated Expected_departures.xml
2025-10-30 20:16:29,579 - vessel_data_pipeline - INFO - Fetch operation completed. Results: {'Arrived_in_last_36_hours.xml': True, 'Departed_in_last_36_hours.xml': True, 'Expected_arrivals.xml': True, 'Expected_departures.xml': True}
2025-10-30 20:16:32,524 - vessel_data_pipeline - INFO - VesselDataFetcher initialized. Pipeline enabled: True
2025-10-30 20:16:32,525 - vessel_data_pipeline - INFO - Starting vessel data fetch operation
2025-10-30 20:16:32,525 - vessel_data_pipeline - INFO - Discovering XML files from Hong Kong Marine Department portal
2025-10-30 20:16:32,584 - vessel_data_pipeline - INFO - Verified access to Arrived_in_last_36_hours.xml
2025-10-30 20:16:32,620 - vessel_data_pipeline - INFO - Verified access to Departed_in_last_36_hours.xml
2025-10-30 20:16:32,693 - vessel_data_pipeline - INFO - Verified access to Expected_arrivals.xml
2025-10-30 20:16:32,751 - vessel_data_pipeline - INFO - Verified access to Expected_departures.xml
2025-10-30 20:16:32,751 - vessel_data_pipeline - INFO - Discovered 4 XML files for download
2025-10-30 20:16:32,751 - vessel_data_pipeline - INFO - Downloading Arrived_in_last_36_hours.xml (attempt 1/3)
2025-10-30 20:16:32,830 - vessel_data_pipeline - INFO - File temp_Arrived_in_last_36_hours.xml passed validation checks
2025-10-30 20:16:32,830 - vessel_data_pipeline - INFO - Created backup: Arrived_in_last_36_hours_20251030_201632.xml
2025-10-30 20:16:32,831 - vessel_data_pipeline - INFO - Updated metadata for Arrived_in_last_36_hours.xml
2025-10-30 20:16:32,831 - vessel_data_pipeline - INFO - Successfully downloaded and validated Arrived_in_last_36_hours.xml
2025-10-30 20:16:34,835 - vessel_data_pipeline - INFO - Downloading Departed_in_last_36_hours.xml (attempt 1/3)
2025-10-30 20:16:34,911 - vessel_data_pipeline - INFO - File temp_Departed_in_last_36_hours.xml passed validation checks
2025-10-30 20:16:34,912 - vessel_data_pipeline - INFO - Created backup: Departed_in_last_36_hours_20251030_201634.xml
2025-10-30 20:16:34,912 - vessel_data_pipeline - INFO - Updated metadata for Departed_in_last_36_hours.xml
2025-10-30 20:16:34,912 - vessel_data_pipeline - INFO - Successfully downloaded and validated Departed_in_last_36_hours.xml
2025-10-30 20:16:36,914 - vessel_data_pipeline - INFO - Downloading Expected_arrivals.xml (attempt 1/3)
2025-10-30 20:16:36,961 - vessel_data_pipeline - INFO - File temp_Expected_arrivals.xml passed validation checks
2025-10-30 20:16:36,961 - vessel_data_pipeline - INFO - Created backup: Expected_arrivals_20251030_201636.xml
2025-10-30 20:16:36,962 - vessel_data_pipeline - INFO - Updated metadata for Expected_arrivals.xml
2025-10-30 20:16:36,962 - vessel_data_pipeline - INFO - Successfully downloaded and validated Expected_arrivals.xml
2025-10-30 20:16:38,967 - vessel_data_pipeline - INFO - Downloading Expected_departures.xml (attempt 1/3)
2025-10-30 20:16:39,012 - vessel_data_pipeline - INFO - File temp_Expected_departures.xml passed validation checks
2025-10-30 20:16:39,012 - vessel_data_pipeline - INFO - Created backup: Expected_departures_20251030_201639.xml
2025-10-30 20:16:39,013 - vessel_data_pipeline - INFO - Updated metadata for Expected_departures.xml
2025-10-30 20:16:39,013 - vessel_data_pipeline - INFO - Successfully downloaded and validated Expected_departures.xml
2025-10-30 20:16:41,013 - vessel_data_pipeline - INFO - Fetch operation completed. Results: {'Arrived_in_last_36_hours.xml': True, 'Departed_in_last_36_hours.xml': True, 'Expected_arrivals.xml': True, 'Expected_departures.xml': True}
2025-10-30 20:16:41,016 - vessel_data_pipeline - INFO - VesselDataFetcher initialized. Pipeline enabled: True
2025-10-30 20:16:41,017 - vessel_data_pipeline - INFO - Starting vessel data fetch operation
2025-10-30 20:16:41,017 - vessel_data_pipeline - INFO - Discovering XML files from Hong Kong Marine Department portal
2025-10-30 20:16:41,077 - vessel_data_pipeline - INFO - Verified access to Arrived_in_last_36_hours.xml
2025-10-30 20:16:41,206 - vessel_data_pipeline - INFO - Verified access to Departed_in_last_36_hours.xml
2025-10-30 20:16:41,251 - vessel_data_pipeline - INFO - Verified access to Expected_arrivals.xml
2025-10-30 20:16:41,430 - vessel_data_pipeline - INFO - Verified access to Expected_departures.xml
2025-10-30 20:16:41,431 - vessel_data_pipeline - INFO - Discovered 4 XML files for download
2025-10-30 20:16:41,431 - vessel_data_pipeline - INFO - Downloading Arrived_in_last_36_hours.xml (attempt 1/3)
2025-10-30 20:16:41,477 - vessel_data_pipeline - INFO - File temp_Arrived_in_last_36_hours.xml passed validation checks
2025-10-30 20:16:41,478 - vessel_data_pipeline - INFO - Created backup: Arrived_in_last_36_hours_20251030_201641.xml
2025-10-30 20:16:41,478 - vessel_data_pipeline - INFO - Updated metadata for Arrived_in_last_36_hours.xml
2025-10-30 20:16:41,478 - vessel_data_pipeline - INFO - Successfully downloaded and validated Arrived_in_last_36_hours.xml
2025-10-30 20:16:43,482 - vessel_data_pipeline - INFO - Downloading Departed_in_last_36_hours.xml (attempt 1/3)
2025-10-30 20:16:43,586 - vessel_data_pipeline - INFO - File temp_Departed_in_last_36_hours.xml passed validation checks
2025-10-30 20:16:43,586 - vessel_data_pipeline - INFO - Created backup: Departed_in_last_36_hours_20251030_201643.xml
2025-10-30 20:16:43,586 - vessel_data_pipeline - INFO - Updated metadata for Departed_in_last_36_hours.xml
2025-10-30 20:16:43,586 - vessel_data_pipeline - INFO - Successfully downloaded and validated Departed_in_last_36_hours.xml
2025-10-30 20:16:45,592 - vessel_data_pipeline - INFO - Downloading Expected_arrivals.xml (attempt 1/3)
2025-10-30 20:16:45,638 - vessel_data_pipeline - INFO - File temp_Expected_arrivals.xml passed validation checks
2025-10-30 20:16:45,639 - vessel_data_pipeline - INFO - Created backup: Expected_arrivals_20251030_201645.xml
2025-10-30 20:16:45,639 - vessel_data_pipeline - INFO - Updated metadata for Expected_arrivals.xml
2025-10-30 20:16:45,639 - vessel_data_pipeline - INFO - Successfully downloaded and validated Expected_arrivals.xml
2025-10-30 20:16:47,640 - vessel_data_pipeline - INFO - Downloading Expected_departures.xml (attempt 1/3)
2025-10-30 20:16:47,688 - vessel_data_pipeline - INFO - File temp_Expected_departures.xml passed validation checks
2025-10-30 20:16:47,688 - vessel_data_pipeline - INFO - Created backup: Expected_departures_20251030_201647.xml
2025-10-30 20:16:47,688 - vessel_data_pipeline - INFO - Updated metadata for Expected_departures.xml
2025-10-30 20:16:47,688 - vessel_data_pipeline - INFO - Successfully downloaded and validated Expected_departures.xml
2025-10-30 20:16:49,693 - vessel_data_pipeline - INFO - Fetch operation completed. Results: {'Arrived_in_last_36_hours.xml': True, 'Departed_in_last_36_hours.xml': True, 'Expected_arrivals.xml': True, 'Expected_departures.xml': True}
2025-10-30 20:16:49,705 - vessel_data_pipeline - INFO - VesselDataFetcher initialized. Pipeline enabled: True
2025-10-30 20:16:49,706 - vessel_data_pipeline - INFO - Starting vessel data fetch operation
2025-10-30 20:16:49,706 - vessel_data_pipeline - INFO - Discovering XML files from Hong Kong Marine Department portal
2025-10-30 20:16:49,762 - vessel_data_pipeline - INFO - Verified access to Arrived_in_last_36_hours.xml
2025-10-30 20:16:49,804 - vessel_data_pipeline - INFO - Verified access to Departed_in_last_36_hours.xml
2025-10-30 20:16:49,840 - vessel_data_pipeline - INFO - Verified access to Expected_arrivals.xml
2025-10-30 20:16:49,871 - vessel_data_pipeline - INFO - Verified access to Expected_departures.xml
2025-10-30 20:16:49,871 - vessel_data_pipeline - INFO - Discovered 4 XML files for download
2025-10-30 20:16:49,871 - vessel_data_pipeline - INFO - Downloading Arrived_in_last_36_hours.xml (attempt 1/3)
2025-10-30 20:16:49,942 - vessel_data_pipeline - INFO - File temp_Arrived_in_last_36_hours.xml passed validation checks
2025-10-30 20:16:49,943 - vessel_data_pipeline - INFO - Created backup: Arrived_in_last_36_hours_20251030_201649.xml
2025-10-30 20:16:49,943 - vessel_data_pipeline - INFO - Updated metadata for Arrived_in_last_36_hours.xml
2025-10-30 20:16:49,943 - vessel_data_pipeline - INFO - Successfully downloaded and validated Arrived_in_last_36_hours.xml
2025-10-30 20:16:51,947 - vessel_data_pipeline - INFO - Downloading Departed_in_last_36_hours.xml (attempt 1/3)
2025-10-30 20:16:52,032 - vessel_data_pipeline - INFO - File temp_Departed_in_last_36_hours.xml passed validation checks
2025-10-30 20:16:52,048 - vessel_data_pipeline - INFO - Created backup: Departed_in_last_36_hours_20251030_201652.xml
2025-10-30 20:16:52,057 - vessel_data_pipeline - INFO - Updated metadata for Departed_in_last_36_hours.xml
2025-10-30 20:16:52,058 - vessel_data_pipeline - INFO - Successfully downloaded and validated Departed_in_last_36_hours.xml
2025-10-30 20:16:54,063 - vessel_data_pipeline - INFO - Downloading Expected_arrivals.xml (attempt 1/3)
2025-10-30 20:16:54,108 - vessel_data_pipeline - INFO - File temp_Expected_arrivals.xml passed validation checks
2025-10-30 20:16:54,108 - vessel_data_pipeline - INFO - Created backup: Expected_arrivals_20251030_201654.xml
2025-10-30 20:16:54,109 - vessel_data_pipeline - INFO - Updated metadata for Expected_arrivals.xml
2025-10-30 20:16:54,109 - vessel_data_pipeline - INFO - Successfully downloaded and validated Expected_arrivals.xml
2025-10-30 20:16:56,112 - vessel_data_pipeline - INFO - Downloading Expected_departures.xml (attempt 1/3)
2025-10-30 20:16:56,165 - vessel_data_pipeline - INFO - File temp_Expected_departures.xml passed validation checks
2025-10-30 20:16:56,165 - vessel_data_pipeline - INFO - Created backup: Expected_departures_20251030_201656.xml
2025-10-30 20:16:56,166 - vessel_data_pipeline - INFO - Updated metadata for Expected_departures.xml
2025-10-30 20:16:56,166 - vessel_data_pipeline - INFO - Successfully downloaded and validated Expected_departures.xml
2025-10-30 20:16:58,168 - vessel_data_pipeline - INFO - Fetch operation completed. Results: {'Arrived_in_last_36_hours.xml': True, 'Departed_in_last_36_hours.xml': True, 'Expected_arrivals.xml': True, 'Expected_departures.xml': True}
2025-10-30 20:16:58,172 - vessel_data_pipeline - INFO - VesselDataFetcher initialized. Pipeline enabled: True
2025-10-30 20:16:58,173 - vessel_data_pipeline - INFO - Starting vessel data fetch operation
2025-10-30 20:16:58,173 - vessel_data_pipeline - INFO - Discovering XML files from Hong Kong Marine Department portal
2025-10-30 20:16:58,238 - vessel_data_pipeline - INFO - Verified access to Arrived_in_last_36_hours.xml
2025-10-30 20:16:58,290 - vessel_data_pipeline - INFO - Verified access to Departed_in_last_36_hours.xml
2025-10-30 20:16:58,326 - vessel_data_pipeline - INFO - Verified access to Expected_arrivals.xml
2025-10-30 20:16:58,393 - vessel_data_pipeline - INFO - Verified access to Expected_departures.xml
2025-10-30 20:16:58,393 - vessel_data_pipeline - INFO - Discovered 4 XML files for download
2025-10-30 20:16:58,393 - vessel_data_pipeline - INFO - Downloading Arrived_in_last_36_hours.xml (attempt 1/3)
2025-10-30 20:16:58,603 - vessel_data_pipeline - INFO - File temp_Arrived_in_last_36_hours.xml passed validation checks
2025-10-30 20:16:58,604 - vessel_data_pipeline - INFO - Created backup: Arrived_in_last_36_hours_20251030_201658.xml
2025-10-30 20:16:58,604 - vessel_data_pipeline - INFO - Updated metadata for Arrived_in_last_36_hours.xml
2025-10-30 20:16:58,604 - vessel_data_pipeline - INFO - Successfully downloaded and validated Arrived_in_last_36_hours.xml
2025-10-30 20:17:00,609 - vessel_data_pipeline - INFO - Downloading Departed_in_last_36_hours.xml (attempt 1/3)
2025-10-30 20:17:00,711 - vessel_data_pipeline - INFO - File temp_Departed_in_last_36_hours.xml passed validation checks
2025-10-30 20:17:00,711 - vessel_data_pipeline - INFO - Created backup: Departed_in_last_36_hours_20251030_201700.xml
2025-10-30 20:17:00,711 - vessel_data_pipeline - INFO - Updated metadata for Departed_in_last_36_hours.xml
2025-10-30 20:17:00,711 - vessel_data_pipeline - INFO - Successfully downloaded and validated Departed_in_last_36_hours.xml
2025-10-30 20:17:02,716 - vessel_data_pipeline - INFO - Downloading Expected_arrivals.xml (attempt 1/3)
2025-10-30 20:17:02,767 - vessel_data_pipeline - INFO - File temp_Expected_arrivals.xml passed validation checks
2025-10-30 20:17:02,768 - vessel_data_pipeline - INFO - Created backup: Expected_arrivals_20251030_201702.xml
2025-10-30 20:17:02,768 - vessel_data_pipeline - INFO - Updated metadata for Expected_arrivals.xml
2025-10-30 20:17:02,768 - vessel_data_pipeline - INFO - Successfully downloaded and validated Expected_arrivals.xml
2025-10-30 20:17:04,773 - vessel_data_pipeline - INFO - Downloading Expected_departures.xml (attempt 1/3)
2025-10-30 20:17:04,827 - vessel_data_pipeline - INFO - File temp_Expected_departures.xml passed validation checks
2025-10-30 20:17:04,828 - vessel_data_pipeline - INFO - Created backup: Expected_departures_20251030_201704.xml
2025-10-30 20:17:04,828 - vessel_data_pipeline - INFO - Updated metadata for Expected_departures.xml
2025-10-30 20:17:04,828 - vessel_data_pipeline - INFO - Successfully downloaded and validated Expected_departures.xml
2025-10-30 20:17:06,829 - vessel_data_pipeline - INFO - Fetch operation completed. Results: {'Arrived_in_last_36_hours.xml': True, 'Departed_in_last_36_hours.xml': True, 'Expected_arrivals.xml': True, 'Expected_departures.xml': True}
2025-10-30 20:17:39,002 - vessel_data_pipeline - INFO - VesselDataFetcher initialized. Pipeline enabled: True
2025-10-30 20:17:39,002 - vessel_data_pipeline - INFO - Starting vessel data fetch operation
2025-10-30 20:17:39,002 - vessel_data_pipeline - INFO - Discovering XML files from Hong Kong Marine Department portal
2025-10-30 20:17:39,189 - vessel_data_pipeline - INFO - Verified access to Arrived_in_last_36_hours.xml
2025-10-30 20:17:39,398 - vessel_data_pipeline - INFO - Verified access to Departed_in_last_36_hours.xml
2025-10-30 20:17:39,529 - vessel_data_pipeline - INFO - Verified access to Expected_arrivals.xml
2025-10-30 20:17:39,664 - vessel_data_pipeline - INFO - Verified access to Expected_departures.xml
2025-10-30 20:17:39,665 - vessel_data_pipeline - INFO - Discovered 4 XML files for download
2025-10-30 20:17:39,665 - vessel_data_pipeline - INFO - Downloading Arrived_in_last_36_hours.xml (attempt 1/3)
2025-10-30 20:17:39,898 - vessel_data_pipeline - INFO - File temp_Arrived_in_last_36_hours.xml passed validation checks
2025-10-30 20:17:39,900 - vessel_data_pipeline - INFO - Created backup: Arrived_in_last_36_hours_20251030_201739.xml
2025-10-30 20:17:39,901 - vessel_data_pipeline - INFO - Updated metadata for Arrived_in_last_36_hours.xml
2025-10-30 20:17:39,901 - vessel_data_pipeline - INFO - Successfully downloaded and validated Arrived_in_last_36_hours.xml
2025-10-30 20:17:41,906 - vessel_data_pipeline - INFO - Downloading Departed_in_last_36_hours.xml (attempt 1/3)
2025-10-30 20:17:42,082 - vessel_data_pipeline - INFO - File temp_Departed_in_last_36_hours.xml passed validation checks
2025-10-30 20:17:42,082 - vessel_data_pipeline - INFO - Created backup: Departed_in_last_36_hours_20251030_201742.xml
2025-10-30 20:17:42,083 - vessel_data_pipeline - INFO - Updated metadata for Departed_in_last_36_hours.xml
2025-10-30 20:17:42,083 - vessel_data_pipeline - INFO - Successfully downloaded and validated Departed_in_last_36_hours.xml
2025-10-30 20:17:44,088 - vessel_data_pipeline - INFO - Downloading Expected_arrivals.xml (attempt 1/3)
2025-10-30 20:17:44,311 - vessel_data_pipeline - INFO - File temp_Expected_arrivals.xml passed validation checks
2025-10-30 20:17:44,312 - vessel_data_pipeline - INFO - Created backup: Expected_arrivals_20251030_201744.xml
2025-10-30 20:17:44,312 - vessel_data_pipeline - INFO - Updated metadata for Expected_arrivals.xml
2025-10-30 20:17:44,312 - vessel_data_pipeline - INFO - Successfully downloaded and validated Expected_arrivals.xml
2025-10-30 20:17:46,313 - vessel_data_pipeline - INFO - Downloading Expected_departures.xml (attempt 1/3)
2025-10-30 20:17:46,470 - vessel_data_pipeline - INFO - File temp_Expected_departures.xml passed validation checks
2025-10-30 20:17:46,470 - vessel_data_pipeline - INFO - Created backup: Expected_departures_20251030_201746.xml
2025-10-30 20:17:46,471 - vessel_data_pipeline - INFO - Updated metadata for Expected_departures.xml
2025-10-30 20:17:46,471 - vessel_data_pipeline - INFO - Successfully downloaded and validated Expected_departures.xml
2025-10-30 20:17:48,473 - vessel_data_pipeline - INFO - Fetch operation completed. Results: {'Arrived_in_last_36_hours.xml': True, 'Departed_in_last_36_hours.xml': True, 'Expected_arrivals.xml': True, 'Expected_departures.xml': True}
2025-10-30 20:17:48,739 - vessel_data_pipeline - INFO - VesselDataFetcher initialized. Pipeline enabled: True
2025-10-30 20:17:48,739 - vessel_data_pipeline - INFO - Starting vessel data fetch operation
2025-10-30 20:17:48,739 - vessel_data_pipeline - INFO - Discovering XML files from Hong Kong Marine Department portal
2025-10-30 20:17:49,006 - vessel_data_pipeline - INFO - Verified access to Arrived_in_last_36_hours.xml
2025-10-30 20:17:49,193 - vessel_data_pipeline - INFO - Verified access to Departed_in_last_36_hours.xml
2025-10-30 20:17:49,354 - vessel_data_pipeline - INFO - Verified access to Expected_arrivals.xml
2025-10-30 20:17:49,518 - vessel_data_pipeline - INFO - Verified access to Expected_departures.xml
2025-10-30 20:17:49,518 - vessel_data_pipeline - INFO - Discovered 4 XML files for download
2025-10-30 20:17:49,519 - vessel_data_pipeline - INFO - Downloading Arrived_in_last_36_hours.xml (attempt 1/3)
2025-10-30 20:17:49,790 - vessel_data_pipeline - INFO - File temp_Arrived_in_last_36_hours.xml passed validation checks
2025-10-30 20:17:49,791 - vessel_data_pipeline - INFO - Created backup: Arrived_in_last_36_hours_20251030_201749.xml
2025-10-30 20:17:49,792 - vessel_data_pipeline - INFO - Updated metadata for Arrived_in_last_36_hours.xml
2025-10-30 20:17:49,792 - vessel_data_pipeline - INFO - Successfully downloaded and validated Arrived_in_last_36_hours.xml
2025-10-30 20:17:51,795 - vessel_data_pipeline - INFO - Downloading Departed_in_last_36_hours.xml (attempt 1/3)
2025-10-30 20:17:52,002 - vessel_data_pipeline - INFO - File temp_Departed_in_last_36_hours.xml passed validation checks
2025-10-30 20:17:52,002 - vessel_data_pipeline - INFO - Created backup: Departed_in_last_36_hours_20251030_201752.xml
2025-10-30 20:17:52,003 - vessel_data_pipeline - INFO - Updated metadata for Departed_in_last_36_hours.xml
2025-10-30 20:17:52,003 - vessel_data_pipeline - INFO - Successfully downloaded and validated Departed_in_last_36_hours.xml
2025-10-30 20:17:54,006 - vessel_data_pipeline - INFO - Downloading Expected_arrivals.xml (attempt 1/3)
2025-10-30 20:17:54,157 - vessel_data_pipeline - INFO - File temp_Expected_arrivals.xml passed validation checks
2025-10-30 20:17:54,158 - vessel_data_pipeline - INFO - Created backup: Expected_arrivals_20251030_201754.xml
2025-10-30 20:17:54,158 - vessel_data_pipeline - INFO - Updated metadata for Expected_arrivals.xml
2025-10-30 20:17:54,158 - vessel_data_pipeline - INFO - Successfully downloaded and validated Expected_arrivals.xml
2025-10-30 20:17:56,163 - vessel_data_pipeline - INFO - Downloading Expected_departures.xml (attempt 1/3)
2025-10-30 20:17:56,317 - vessel_data_pipeline - INFO - File temp_Expected_departures.xml passed validation checks
2025-10-30 20:17:56,317 - vessel_data_pipeline - INFO - Created backup: Expected_departures_20251030_201756.xml
2025-10-30 20:17:56,317 - vessel_data_pipeline - INFO - Updated metadata for Expected_departures.xml
2025-10-30 20:17:56,317 - vessel_data_pipeline - INFO - Successfully downloaded and validated Expected_departures.xml
2025-10-30 20:17:58,322 - vessel_data_pipeline - INFO - Fetch operation completed. Results: {'Arrived_in_last_36_hours.xml': True, 'Departed_in_last_36_hours.xml': True, 'Expected_arrivals.xml': True, 'Expected_departures.xml': True}
2025-10-30 20:17:58,332 - vessel_data_pipeline - INFO - VesselDataFetcher initialized. Pipeline enabled: True
2025-10-30 20:17:58,334 - vessel_data_pipeline - INFO - Starting vessel data fetch operation
2025-10-30 20:17:58,334 - vessel_data_pipeline - INFO - Discovering XML files from Hong Kong Marine Department portal
2025-10-30 20:17:59,509 - vessel_data_pipeline - INFO - Verified access to Arrived_in_last_36_hours.xml
2025-10-30 20:17:59,703 - vessel_data_pipeline - INFO - Verified access to Departed_in_last_36_hours.xml
2025-10-30 20:17:59,830 - vessel_data_pipeline - INFO - Verified access to Expected_arrivals.xml
2025-10-30 20:17:59,990 - vessel_data_pipeline - INFO - Verified access to Expected_departures.xml
2025-10-30 20:17:59,990 - vessel_data_pipeline - INFO - Discovered 4 XML files for download
2025-10-30 20:17:59,990 - vessel_data_pipeline - INFO - Downloading Arrived_in_last_36_hours.xml (attempt 1/3)
2025-10-30 20:18:00,172 - vessel_data_pipeline - INFO - File temp_Arrived_in_last_36_hours.xml passed validation checks
2025-10-30 20:18:00,174 - vessel_data_pipeline - INFO - Created backup: Arrived_in_last_36_hours_20251030_201800.xml
2025-10-30 20:18:00,175 - vessel_data_pipeline - INFO - Updated metadata for Arrived_in_last_36_hours.xml
2025-10-30 20:18:00,175 - vessel_data_pipeline - INFO - Successfully downloaded and validated Arrived_in_last_36_hours.xml
2025-10-30 20:18:02,177 - vessel_data_pipeline - INFO - Downloading Departed_in_last_36_hours.xml (attempt 1/3)
2025-10-30 20:18:02,359 - vessel_data_pipeline - INFO - File temp_Departed_in_last_36_hours.xml passed validation checks
2025-10-30 20:18:02,359 - vessel_data_pipeline - INFO - Created backup: Departed_in_last_36_hours_20251030_201802.xml
2025-10-30 20:18:02,360 - vessel_data_pipeline - INFO - Updated metadata for Departed_in_last_36_hours.xml
2025-10-30 20:18:02,360 - vessel_data_pipeline - INFO - Successfully downloaded and validated Departed_in_last_36_hours.xml
2025-10-30 20:18:04,365 - vessel_data_pipeline - INFO - Downloading Expected_arrivals.xml (attempt 1/3)
2025-10-30 20:18:04,518 - vessel_data_pipeline - INFO - File temp_Expected_arrivals.xml passed validation checks
2025-10-30 20:18:04,519 - vessel_data_pipeline - INFO - Created backup: Expected_arrivals_20251030_201804.xml
2025-10-30 20:18:04,519 - vessel_data_pipeline - INFO - Updated metadata for Expected_arrivals.xml
2025-10-30 20:18:04,519 - vessel_data_pipeline - INFO - Successfully downloaded and validated Expected_arrivals.xml
2025-10-30 20:18:06,520 - vessel_data_pipeline - INFO - Downloading Expected_departures.xml (attempt 1/3)
2025-10-30 20:18:06,681 - vessel_data_pipeline - INFO - File temp_Expected_departures.xml passed validation checks
2025-10-30 20:18:06,681 - vessel_data_pipeline - INFO - Created backup: Expected_departures_20251030_201806.xml
2025-10-30 20:18:06,681 - vessel_data_pipeline - INFO - Updated metadata for Expected_departures.xml
2025-10-30 20:18:06,681 - vessel_data_pipeline - INFO - Successfully downloaded and validated Expected_departures.xml
2025-10-30 20:18:08,687 - vessel_data_pipeline - INFO - Fetch operation completed. Results: {'Arrived_in_last_36_hours.xml': True, 'Departed_in_last_36_hours.xml': True, 'Expected_arrivals.xml': True, 'Expected_departures.xml': True}
2025-10-30 20:18:11,642 - vessel_data_pipeline - INFO - VesselDataFetcher initialized. Pipeline enabled: True
2025-10-30 20:18:11,643 - vessel_data_pipeline - INFO - Starting vessel data fetch operation
2025-10-30 20:18:11,643 - vessel_data_pipeline - INFO - Discovering XML files from Hong Kong Marine Department portal
2025-10-30 20:18:11,809 - vessel_data_pipeline - INFO - Verified access to Arrived_in_last_36_hours.xml
2025-10-30 20:18:12,026 - vessel_data_pipeline - INFO - Verified access to Departed_in_last_36_hours.xml
2025-10-30 20:18:12,163 - vessel_data_pipeline - INFO - Verified access to Expected_arrivals.xml
2025-10-30 20:18:12,294 - vessel_data_pipeline - INFO - Verified access to Expected_departures.xml
2025-10-30 20:18:12,294 - vessel_data_pipeline - INFO - Discovered 4 XML files for download
2025-10-30 20:18:12,294 - vessel_data_pipeline - INFO - Downloading Arrived_in_last_36_hours.xml (attempt 1/3)
2025-10-30 20:18:12,497 - vessel_data_pipeline - INFO - File temp_Arrived_in_last_36_hours.xml passed validation checks
2025-10-30 20:18:12,499 - vessel_data_pipeline - INFO - Created backup: Arrived_in_last_36_hours_20251030_201812.xml
2025-10-30 20:18:12,500 - vessel_data_pipeline - INFO - Updated metadata for Arrived_in_last_36_hours.xml
2025-10-30 20:18:12,500 - vessel_data_pipeline - INFO - Successfully downloaded and validated Arrived_in_last_36_hours.xml
2025-10-30 20:18:14,501 - vessel_data_pipeline - INFO - Downloading Departed_in_last_36_hours.xml (attempt 1/3)
2025-10-30 20:18:14,701 - vessel_data_pipeline - INFO - File temp_Departed_in_last_36_hours.xml passed validation checks
2025-10-30 20:18:14,702 - vessel_data_pipeline - INFO - Created backup: Departed_in_last_36_hours_20251030_201814.xml
2025-10-30 20:18:14,702 - vessel_data_pipeline - INFO - Updated metadata for Departed_in_last_36_hours.xml
2025-10-30 20:18:14,702 - vessel_data_pipeline - INFO - Successfully downloaded and validated Departed_in_last_36_hours.xml
2025-10-30 20:18:16,703 - vessel_data_pipeline - INFO - Downloading Expected_arrivals.xml (attempt 1/3)
2025-10-30 20:18:16,868 - vessel_data_pipeline - INFO - File temp_Expected_arrivals.xml passed validation checks
2025-10-30 20:18:16,868 - vessel_data_pipeline - INFO - Created backup: Expected_arrivals_20251030_201816.xml
2025-10-30 20:18:16,869 - vessel_data_pipeline - INFO - Updated metadata for Expected_arrivals.xml
2025-10-30 20:18:16,869 - vessel_data_pipeline - INFO - Successfully downloaded and validated Expected_arrivals.xml
2025-10-30 20:18:18,874 - vessel_data_pipeline - INFO - Downloading Expected_departures.xml (attempt 1/3)
2025-10-30 20:18:19,027 - vessel_data_pipeline - INFO - File temp_Expected_departures.xml passed validation checks
2025-10-30 20:18:19,027 - vessel_data_pipeline - INFO - Created backup: Expected_departures_20251030_201819.xml
2025-10-30 20:18:19,027 - vessel_data_pipeline - INFO - Updated metadata for Expected_departures.xml
2025-10-30 20:18:19,027 - vessel_data_pipeline - INFO - Successfully downloaded and validated Expected_departures.xml
2025-10-30 20:18:21,033 - vessel_data_pipeline - INFO - Fetch operation completed. Results: {'Arrived_in_last_36_hours.xml': True, 'Departed_in_last_36_hours.xml': True, 'Expected_arrivals.xml': True, 'Expected_departures.xml': True}
2025-10-30 20:18:21,037 - vessel_data_pipeline - INFO - VesselDataFetcher initialized. Pipeline enabled: True
2025-10-30 20:18:21,038 - vessel_data_pipeline - INFO - Starting vessel data fetch operation
2025-10-30 20:18:21,038 - vessel_data_pipeline - INFO - Discovering XML files from Hong Kong Marine Department portal
2025-10-30 20:18:21,200 - vessel_data_pipeline - INFO - Verified access to Arrived_in_last_36_hours.xml
2025-10-30 20:18:21,428 - vessel_data_pipeline - INFO - Verified access to Departed_in_last_36_hours.xml
2025-10-30 20:18:21,587 - vessel_data_pipeline - INFO - Verified access to Expected_arrivals.xml
2025-10-30 20:18:21,945 - vessel_data_pipeline - INFO - Verified access to Expected_departures.xml
2025-10-30 20:18:21,946 - vessel_data_pipeline - INFO - Discovered 4 XML files for download
2025-10-30 20:18:21,946 - vessel_data_pipeline - INFO - Downloading Arrived_in_last_36_hours.xml (attempt 1/3)
2025-10-30 20:18:22,169 - vessel_data_pipeline - INFO - File temp_Arrived_in_last_36_hours.xml passed validation checks
2025-10-30 20:18:22,169 - vessel_data_pipeline - INFO - Created backup: Arrived_in_last_36_hours_20251030_201822.xml
2025-10-30 20:18:22,170 - vessel_data_pipeline - INFO - Updated metadata for Arrived_in_last_36_hours.xml
2025-10-30 20:18:22,170 - vessel_data_pipeline - INFO - Successfully downloaded and validated Arrived_in_last_36_hours.xml
2025-10-30 20:18:24,174 - vessel_data_pipeline - INFO - Downloading Departed_in_last_36_hours.xml (attempt 1/3)
2025-10-30 20:18:24,351 - vessel_data_pipeline - INFO - File temp_Departed_in_last_36_hours.xml passed validation checks
2025-10-30 20:18:24,352 - vessel_data_pipeline - INFO - Created backup: Departed_in_last_36_hours_20251030_201824.xml
2025-10-30 20:18:24,352 - vessel_data_pipeline - INFO - Updated metadata for Departed_in_last_36_hours.xml
2025-10-30 20:18:24,352 - vessel_data_pipeline - INFO - Successfully downloaded and validated Departed_in_last_36_hours.xml
2025-10-30 20:18:26,357 - vessel_data_pipeline - INFO - Downloading Expected_arrivals.xml (attempt 1/3)
2025-10-30 20:18:26,523 - vessel_data_pipeline - INFO - File temp_Expected_arrivals.xml passed validation checks
2025-10-30 20:18:26,524 - vessel_data_pipeline - INFO - Created backup: Expected_arrivals_20251030_201826.xml
2025-10-30 20:18:26,524 - vessel_data_pipeline - INFO - Updated metadata for Expected_arrivals.xml
2025-10-30 20:18:26,524 - vessel_data_pipeline - INFO - Successfully downloaded and validated Expected_arrivals.xml
2025-10-30 20:18:28,529 - vessel_data_pipeline - INFO - Downloading Expected_departures.xml (attempt 1/3)
2025-10-30 20:18:28,680 - vessel_data_pipeline - INFO - File temp_Expected_departures.xml passed validation checks
2025-10-30 20:18:28,680 - vessel_data_pipeline - INFO - Created backup: Expected_departures_20251030_201828.xml
2025-10-30 20:18:28,680 - vessel_data_pipeline - INFO - Updated metadata for Expected_departures.xml
2025-10-30 20:18:28,680 - vessel_data_pipeline - INFO - Successfully downloaded and validated Expected_departures.xml
2025-10-30 20:18:30,681 - vessel_data_pipeline - INFO - Fetch operation completed. Results: {'Arrived_in_last_36_hours.xml': True, 'Departed_in_last_36_hours.xml': True, 'Expected_arrivals.xml': True, 'Expected_departures.xml': True}
2025-10-30 20:18:30,696 - vessel_data_pipeline - INFO - VesselDataFetcher initialized. Pipeline enabled: True
2025-10-30 20:18:30,697 - vessel_data_pipeline - INFO - Starting vessel data fetch operation
2025-10-30 20:18:30,697 - vessel_data_pipeline - INFO - Discovering XML files from Hong Kong Marine Department portal
2025-10-30 20:18:30,853 - vessel_data_pipeline - INFO - Verified access to Arrived_in_last_36_hours.xml
2025-10-30 20:18:31,046 - vessel_data_pipeline - INFO - Verified access to Departed_in_last_36_hours.xml
2025-10-30 20:18:31,344 - vessel_data_pipeline - INFO - Verified access to Expected_arrivals.xml
2025-10-30 20:18:31,536 - vessel_data_pipeline - INFO - Verified access to Expected_departures.xml
2025-10-30 20:18:31,537 - vessel_data_pipeline - INFO - Discovered 4 XML files for download
2025-10-30 20:18:31,537 - vessel_data_pipeline - INFO - Downloading Arrived_in_last_36_hours.xml (attempt 1/3)
2025-10-30 20:18:31,740 - vessel_data_pipeline - INFO - File temp_Arrived_in_last_36_hours.xml passed validation checks
2025-10-30 20:18:31,740 - vessel_data_pipeline - INFO - Created backup: Arrived_in_last_36_hours_20251030_201831.xml
2025-10-30 20:18:31,741 - vessel_data_pipeline - INFO - Updated metadata for Arrived_in_last_36_hours.xml
2025-10-30 20:18:31,741 - vessel_data_pipeline - INFO - Successfully downloaded and validated Arrived_in_last_36_hours.xml
2025-10-30 20:18:33,742 - vessel_data_pipeline - INFO - Downloading Departed_in_last_36_hours.xml (attempt 1/3)
2025-10-30 20:18:33,925 - vessel_data_pipeline - INFO - File temp_Departed_in_last_36_hours.xml passed validation checks
2025-10-30 20:18:33,926 - vessel_data_pipeline - INFO - Created backup: Departed_in_last_36_hours_20251030_201833.xml
2025-10-30 20:18:33,926 - vessel_data_pipeline - INFO - Updated metadata for Departed_in_last_36_hours.xml
2025-10-30 20:18:33,926 - vessel_data_pipeline - INFO - Successfully downloaded and validated Departed_in_last_36_hours.xml
2025-10-30 20:18:35,935 - vessel_data_pipeline - INFO - Downloading Expected_arrivals.xml (attempt 1/3)
2025-10-30 20:18:36,109 - vessel_data_pipeline - INFO - File temp_Expected_arrivals.xml passed validation checks
2025-10-30 20:18:36,110 - vessel_data_pipeline - INFO - Created backup: Expected_arrivals_20251030_201836.xml
2025-10-30 20:18:36,110 - vessel_data_pipeline - INFO - Updated metadata for Expected_arrivals.xml
2025-10-30 20:18:36,110 - vessel_data_pipeline - INFO - Successfully downloaded and validated Expected_arrivals.xml
2025-10-30 20:18:38,118 - vessel_data_pipeline - INFO - Downloading Expected_departures.xml (attempt 1/3)
2025-10-30 20:18:38,308 - vessel_data_pipeline - INFO - File temp_Expected_departures.xml passed validation checks
2025-10-30 20:18:38,308 - vessel_data_pipeline - INFO - Created backup: Expected_departures_20251030_201838.xml
2025-10-30 20:18:38,309 - vessel_data_pipeline - INFO - Updated metadata for Expected_departures.xml
2025-10-30 20:18:38,309 - vessel_data_pipeline - INFO - Successfully downloaded and validated Expected_departures.xml
2025-10-30 20:18:40,314 - vessel_data_pipeline - INFO - Fetch operation completed. Results: {'Arrived_in_last_36_hours.xml': True, 'Departed_in_last_36_hours.xml': True, 'Expected_arrivals.xml': True, 'Expected_departures.xml': True}
2025-10-30 20:18:40,325 - vessel_data_pipeline - INFO - VesselDataFetcher initialized. Pipeline enabled: True
2025-10-30 20:18:40,326 - vessel_data_pipeline - INFO - Starting vessel data fetch operation
2025-10-30 20:18:40,326 - vessel_data_pipeline - INFO - Discovering XML files from Hong Kong Marine Department portal
2025-10-30 20:18:40,413 - vessel_data_pipeline - INFO - Verified access to Arrived_in_last_36_hours.xml
2025-10-30 20:18:40,449 - vessel_data_pipeline - INFO - Verified access to Departed_in_last_36_hours.xml
2025-10-30 20:18:40,482 - vessel_data_pipeline - INFO - Verified access to Expected_arrivals.xml
2025-10-30 20:18:40,537 - vessel_data_pipeline - INFO - Verified access to Expected_departures.xml
2025-10-30 20:18:40,537 - vessel_data_pipeline - INFO - Discovered 4 XML files for download
2025-10-30 20:18:40,537 - vessel_data_pipeline - INFO - Downloading Arrived_in_last_36_hours.xml (attempt 1/3)
2025-10-30 20:18:40,638 - vessel_data_pipeline - INFO - File temp_Arrived_in_last_36_hours.xml passed validation checks
2025-10-30 20:18:40,638 - vessel_data_pipeline - INFO - Created backup: Arrived_in_last_36_hours_20251030_201840.xml
2025-10-30 20:18:40,638 - vessel_data_pipeline - INFO - Updated metadata for Arrived_in_last_36_hours.xml
2025-10-30 20:18:40,638 - vessel_data_pipeline - INFO - Successfully downloaded and validated Arrived_in_last_36_hours.xml
2025-10-30 20:18:42,643 - vessel_data_pipeline - INFO - Downloading Departed_in_last_36_hours.xml (attempt 1/3)
2025-10-30 20:18:42,712 - vessel_data_pipeline - INFO - File temp_Departed_in_last_36_hours.xml passed validation checks
2025-10-30 20:18:42,713 - vessel_data_pipeline - INFO - Created backup: Departed_in_last_36_hours_20251030_201842.xml
2025-10-30 20:18:42,713 - vessel_data_pipeline - INFO - Updated metadata for Departed_in_last_36_hours.xml
2025-10-30 20:18:42,713 - vessel_data_pipeline - INFO - Successfully downloaded and validated Departed_in_last_36_hours.xml
2025-10-30 20:18:44,723 - vessel_data_pipeline - INFO - Downloading Expected_arrivals.xml (attempt 1/3)
2025-10-30 20:18:44,787 - vessel_data_pipeline - INFO - File temp_Expected_arrivals.xml passed validation checks
2025-10-30 20:18:44,787 - vessel_data_pipeline - INFO - Created backup: Expected_arrivals_20251030_201844.xml
2025-10-30 20:18:44,787 - vessel_data_pipeline - INFO - Updated metadata for Expected_arrivals.xml
2025-10-30 20:18:44,787 - vessel_data_pipeline - INFO - Successfully downloaded and validated Expected_arrivals.xml
2025-10-30 20:18:46,796 - vessel_data_pipeline - INFO - Downloading Expected_departures.xml (attempt 1/3)
2025-10-30 20:18:46,866 - vessel_data_pipeline - INFO - File temp_Expected_departures.xml passed validation checks
2025-10-30 20:18:46,867 - vessel_data_pipeline - INFO - Created backup: Expected_departures_20251030_201846.xml
2025-10-30 20:18:46,867 - vessel_data_pipeline - INFO - Updated metadata for Expected_departures.xml
2025-10-30 20:18:46,867 - vessel_data_pipeline - INFO - Successfully downloaded and validated Expected_departures.xml
2025-10-30 20:18:48,868 - vessel_data_pipeline - INFO - Fetch operation completed. Results: {'Arrived_in_last_36_hours.xml': True, 'Departed_in_last_36_hours.xml': True, 'Expected_arrivals.xml': True, 'Expected_departures.xml': True}
2025-10-30 20:19:21,207 - vessel_data_pipeline - INFO - VesselDataFetcher initialized. Pipeline enabled: True
2025-10-30 20:19:21,208 - vessel_data_pipeline - INFO - Starting vessel data fetch operation
2025-10-30 20:19:21,208 - vessel_data_pipeline - INFO - Discovering XML files from Hong Kong Marine Department portal
2025-10-30 20:19:21,309 - vessel_data_pipeline - INFO - Verified access to Arrived_in_last_36_hours.xml
2025-10-30 20:19:21,377 - vessel_data_pipeline - INFO - Verified access to Departed_in_last_36_hours.xml
2025-10-30 20:19:21,411 - vessel_data_pipeline - INFO - Verified access to Expected_arrivals.xml
2025-10-30 20:19:21,464 - vessel_data_pipeline - INFO - Verified access to Expected_departures.xml
2025-10-30 20:19:21,465 - vessel_data_pipeline - INFO - Discovered 4 XML files for download
2025-10-30 20:19:21,465 - vessel_data_pipeline - INFO - Downloading Arrived_in_last_36_hours.xml (attempt 1/3)
2025-10-30 20:19:21,526 - vessel_data_pipeline - INFO - File temp_Arrived_in_last_36_hours.xml passed validation checks
2025-10-30 20:19:21,528 - vessel_data_pipeline - INFO - Created backup: Arrived_in_last_36_hours_20251030_201921.xml
2025-10-30 20:19:21,529 - vessel_data_pipeline - INFO - Updated metadata for Arrived_in_last_36_hours.xml
2025-10-30 20:19:21,529 - vessel_data_pipeline - INFO - Successfully downloaded and validated Arrived_in_last_36_hours.xml
2025-10-30 20:19:23,540 - vessel_data_pipeline - INFO - Downloading Departed_in_last_36_hours.xml (attempt 1/3)
2025-10-30 20:19:23,684 - vessel_data_pipeline - INFO - File temp_Departed_in_last_36_hours.xml passed validation checks
2025-10-30 20:19:23,685 - vessel_data_pipeline - INFO - Created backup: Departed_in_last_36_hours_20251030_201923.xml
2025-10-30 20:19:23,685 - vessel_data_pipeline - INFO - Updated metadata for Departed_in_last_36_hours.xml
2025-10-30 20:19:23,685 - vessel_data_pipeline - INFO - Successfully downloaded and validated Departed_in_last_36_hours.xml
2025-10-30 20:19:25,687 - vessel_data_pipeline - INFO - Downloading Expected_arrivals.xml (attempt 1/3)
2025-10-30 20:19:25,733 - vessel_data_pipeline - INFO - File temp_Expected_arrivals.xml passed validation checks
2025-10-30 20:19:25,734 - vessel_data_pipeline - INFO - Created backup: Expected_arrivals_20251030_201925.xml
2025-10-30 20:19:25,734 - vessel_data_pipeline - INFO - Updated metadata for Expected_arrivals.xml
2025-10-30 20:19:25,734 - vessel_data_pipeline - INFO - Successfully downloaded and validated Expected_arrivals.xml
2025-10-30 20:19:27,744 - vessel_data_pipeline - INFO - Downloading Expected_departures.xml (attempt 1/3)
2025-10-30 20:19:27,905 - vessel_data_pipeline - INFO - File temp_Expected_departures.xml passed validation checks
2025-10-30 20:19:27,906 - vessel_data_pipeline - INFO - Created backup: Expected_departures_20251030_201927.xml
2025-10-30 20:19:27,906 - vessel_data_pipeline - INFO - Updated metadata for Expected_departures.xml
2025-10-30 20:19:27,906 - vessel_data_pipeline - INFO - Successfully downloaded and validated Expected_departures.xml
2025-10-30 20:19:29,916 - vessel_data_pipeline - INFO - Fetch operation completed. Results: {'Arrived_in_last_36_hours.xml': True, 'Departed_in_last_36_hours.xml': True, 'Expected_arrivals.xml': True, 'Expected_departures.xml': True}
2025-10-30 20:19:30,178 - vessel_data_pipeline - INFO - VesselDataFetcher initialized. Pipeline enabled: True
2025-10-30 20:19:30,179 - vessel_data_pipeline - INFO - Starting vessel data fetch operation
2025-10-30 20:19:30,179 - vessel_data_pipeline - INFO - Discovering XML files from Hong Kong Marine Department portal
2025-10-30 20:19:30,241 - vessel_data_pipeline - INFO - Verified access to Arrived_in_last_36_hours.xml
2025-10-30 20:19:30,312 - vessel_data_pipeline - INFO - Verified access to Departed_in_last_36_hours.xml
2025-10-30 20:19:30,346 - vessel_data_pipeline - INFO - Verified access to Expected_arrivals.xml
2025-10-30 20:19:30,435 - vessel_data_pipeline - INFO - Verified access to Expected_departures.xml
2025-10-30 20:19:30,436 - vessel_data_pipeline - INFO - Discovered 4 XML files for download
2025-10-30 20:19:30,437 - vessel_data_pipeline - INFO - Downloading Arrived_in_last_36_hours.xml (attempt 1/3)
2025-10-30 20:19:30,737 - vessel_data_pipeline - INFO - File temp_Arrived_in_last_36_hours.xml passed validation checks
2025-10-30 20:19:30,737 - vessel_data_pipeline - INFO - Created backup: Arrived_in_last_36_hours_20251030_201930.xml
2025-10-30 20:19:30,737 - vessel_data_pipeline - INFO - Updated metadata for Arrived_in_last_36_hours.xml
2025-10-30 20:19:30,737 - vessel_data_pipeline - INFO - Successfully downloaded and validated Arrived_in_last_36_hours.xml
2025-10-30 20:19:32,748 - vessel_data_pipeline - INFO - Downloading Departed_in_last_36_hours.xml (attempt 1/3)
2025-10-30 20:19:32,824 - vessel_data_pipeline - INFO - File temp_Departed_in_last_36_hours.xml passed validation checks
2025-10-30 20:19:32,824 - vessel_data_pipeline - INFO - Created backup: Departed_in_last_36_hours_20251030_201932.xml
2025-10-30 20:19:32,824 - vessel_data_pipeline - INFO - Updated metadata for Departed_in_last_36_hours.xml
2025-10-30 20:19:32,824 - vessel_data_pipeline - INFO - Successfully downloaded and validated Departed_in_last_36_hours.xml
2025-10-30 20:19:34,827 - vessel_data_pipeline - INFO - Downloading Expected_arrivals.xml (attempt 1/3)
2025-10-30 20:19:34,878 - vessel_data_pipeline - INFO - File temp_Expected_arrivals.xml passed validation checks
2025-10-30 20:19:34,878 - vessel_data_pipeline - INFO - Created backup: Expected_arrivals_20251030_201934.xml
2025-10-30 20:19:34,878 - vessel_data_pipeline - INFO - Updated metadata for Expected_arrivals.xml
2025-10-30 20:19:34,878 - vessel_data_pipeline - INFO - Successfully downloaded and validated Expected_arrivals.xml
2025-10-30 20:19:36,883 - vessel_data_pipeline - INFO - Downloading Expected_departures.xml (attempt 1/3)
2025-10-30 20:19:36,931 - vessel_data_pipeline - INFO - File temp_Expected_departures.xml passed validation checks
2025-10-30 20:19:36,932 - vessel_data_pipeline - INFO - Created backup: Expected_departures_20251030_201936.xml
2025-10-30 20:19:36,932 - vessel_data_pipeline - INFO - Updated metadata for Expected_departures.xml
2025-10-30 20:19:36,932 - vessel_data_pipeline - INFO - Successfully downloaded and validated Expected_departures.xml
2025-10-30 20:19:38,933 - vessel_data_pipeline - INFO - Fetch operation completed. Results: {'Arrived_in_last_36_hours.xml': True, 'Departed_in_last_36_hours.xml': True, 'Expected_arrivals.xml': True, 'Expected_departures.xml': True}
2025-10-30 20:19:38,945 - vessel_data_pipeline - INFO - VesselDataFetcher initialized. Pipeline enabled: True
2025-10-30 20:19:38,946 - vessel_data_pipeline - INFO - Starting vessel data fetch operation
2025-10-30 20:19:38,946 - vessel_data_pipeline - INFO - Discovering XML files from Hong Kong Marine Department portal
2025-10-30 20:19:39,087 - vessel_data_pipeline - INFO - Verified access to Arrived_in_last_36_hours.xml
2025-10-30 20:19:39,209 - vessel_data_pipeline - INFO - Verified access to Departed_in_last_36_hours.xml
2025-10-30 20:19:39,276 - vessel_data_pipeline - INFO - Verified access to Expected_arrivals.xml
2025-10-30 20:19:39,324 - vessel_data_pipeline - INFO - Verified access to Expected_departures.xml
2025-10-30 20:19:39,324 - vessel_data_pipeline - INFO - Discovered 4 XML files for download
2025-10-30 20:19:39,325 - vessel_data_pipeline - INFO - Downloading Arrived_in_last_36_hours.xml (attempt 1/3)
2025-10-30 20:19:39,535 - vessel_data_pipeline - INFO - File temp_Arrived_in_last_36_hours.xml passed validation checks
2025-10-30 20:19:39,535 - vessel_data_pipeline - INFO - Created backup: Arrived_in_last_36_hours_20251030_201939.xml
2025-10-30 20:19:39,535 - vessel_data_pipeline - INFO - Updated metadata for Arrived_in_last_36_hours.xml
2025-10-30 20:19:39,536 - vessel_data_pipeline - INFO - Successfully downloaded and validated Arrived_in_last_36_hours.xml
2025-10-30 20:19:41,546 - vessel_data_pipeline - INFO - Downloading Departed_in_last_36_hours.xml (attempt 1/3)
2025-10-30 20:19:41,859 - vessel_data_pipeline - INFO - File temp_Departed_in_last_36_hours.xml passed validation checks
2025-10-30 20:19:41,861 - vessel_data_pipeline - INFO - Created backup: Departed_in_last_36_hours_20251030_201941.xml
2025-10-30 20:19:41,861 - vessel_data_pipeline - INFO - Updated metadata for Departed_in_last_36_hours.xml
2025-10-30 20:19:41,861 - vessel_data_pipeline - INFO - Successfully downloaded and validated Departed_in_last_36_hours.xml
2025-10-30 20:19:43,871 - vessel_data_pipeline - INFO - Downloading Expected_arrivals.xml (attempt 1/3)
2025-10-30 20:19:44,033 - vessel_data_pipeline - INFO - File temp_Expected_arrivals.xml passed validation checks
2025-10-30 20:19:44,033 - vessel_data_pipeline - INFO - Created backup: Expected_arrivals_20251030_201944.xml
2025-10-30 20:19:44,033 - vessel_data_pipeline - INFO - Updated metadata for Expected_arrivals.xml
2025-10-30 20:19:44,033 - vessel_data_pipeline - INFO - Successfully downloaded and validated Expected_arrivals.xml
2025-10-30 20:19:46,037 - vessel_data_pipeline - INFO - Downloading Expected_departures.xml (attempt 1/3)
2025-10-30 20:19:46,211 - vessel_data_pipeline - INFO - File temp_Expected_departures.xml passed validation checks
2025-10-30 20:19:46,212 - vessel_data_pipeline - INFO - Created backup: Expected_departures_20251030_201946.xml
2025-10-30 20:19:46,212 - vessel_data_pipeline - INFO - Updated metadata for Expected_departures.xml
2025-10-30 20:19:46,212 - vessel_data_pipeline - INFO - Successfully downloaded and validated Expected_departures.xml
2025-10-30 20:19:48,222 - vessel_data_pipeline - INFO - Fetch operation completed. Results: {'Arrived_in_last_36_hours.xml': True, 'Departed_in_last_36_hours.xml': True, 'Expected_arrivals.xml': True, 'Expected_departures.xml': True}
2025-10-30 20:19:51,185 - vessel_data_pipeline - INFO - VesselDataFetcher initialized. Pipeline enabled: True
2025-10-30 20:19:51,186 - vessel_data_pipeline - INFO - Starting vessel data fetch operation
2025-10-30 20:19:51,186 - vessel_data_pipeline - INFO - Discovering XML files from Hong Kong Marine Department portal
2025-10-30 20:19:51,356 - vessel_data_pipeline - INFO - Verified access to Arrived_in_last_36_hours.xml
2025-10-30 20:19:51,532 - vessel_data_pipeline - INFO - Verified access to Departed_in_last_36_hours.xml
2025-10-30 20:19:51,686 - vessel_data_pipeline - INFO - Verified access to Expected_arrivals.xml
2025-10-30 20:19:51,848 - vessel_data_pipeline - INFO - Verified access to Expected_departures.xml
2025-10-30 20:19:51,848 - vessel_data_pipeline - INFO - Discovered 4 XML files for download
2025-10-30 20:19:51,848 - vessel_data_pipeline - INFO - Downloading Arrived_in_last_36_hours.xml (attempt 1/3)
2025-10-30 20:19:52,008 - vessel_data_pipeline - INFO - File temp_Arrived_in_last_36_hours.xml passed validation checks
2025-10-30 20:19:52,008 - vessel_data_pipeline - INFO - Created backup: Arrived_in_last_36_hours_20251030_201952.xml
2025-10-30 20:19:52,008 - vessel_data_pipeline - INFO - Updated metadata for Arrived_in_last_36_hours.xml
2025-10-30 20:19:52,008 - vessel_data_pipeline - INFO - Successfully downloaded and validated Arrived_in_last_36_hours.xml
2025-10-30 20:19:54,019 - vessel_data_pipeline - INFO - Downloading Departed_in_last_36_hours.xml (attempt 1/3)
2025-10-30 20:19:54,286 - vessel_data_pipeline - INFO - File temp_Departed_in_last_36_hours.xml passed validation checks
2025-10-30 20:19:54,287 - vessel_data_pipeline - INFO - Created backup: Departed_in_last_36_hours_20251030_201954.xml
2025-10-30 20:19:54,287 - vessel_data_pipeline - INFO - Updated metadata for Departed_in_last_36_hours.xml
2025-10-30 20:19:54,287 - vessel_data_pipeline - INFO - Successfully downloaded and validated Departed_in_last_36_hours.xml
2025-10-30 20:19:56,298 - vessel_data_pipeline - INFO - Downloading Expected_arrivals.xml (attempt 1/3)
2025-10-30 20:19:56,458 - vessel_data_pipeline - INFO - File temp_Expected_arrivals.xml passed validation checks
2025-10-30 20:19:56,459 - vessel_data_pipeline - INFO - Created backup: Expected_arrivals_20251030_201956.xml
2025-10-30 20:19:56,459 - vessel_data_pipeline - INFO - Updated metadata for Expected_arrivals.xml
2025-10-30 20:19:56,459 - vessel_data_pipeline - INFO - Successfully downloaded and validated Expected_arrivals.xml
2025-10-30 20:19:58,469 - vessel_data_pipeline - INFO - Downloading Expected_departures.xml (attempt 1/3)
2025-10-30 20:19:58,656 - vessel_data_pipeline - INFO - File temp_Expected_departures.xml passed validation checks
2025-10-30 20:19:58,658 - vessel_data_pipeline - INFO - Created backup: Expected_departures_20251030_201958.xml
2025-10-30 20:19:58,659 - vessel_data_pipeline - INFO - Updated metadata for Expected_departures.xml
2025-10-30 20:19:58,659 - vessel_data_pipeline - INFO - Successfully downloaded and validated Expected_departures.xml
2025-10-30 20:20:00,660 - vessel_data_pipeline - INFO - Fetch operation completed. Results: {'Arrived_in_last_36_hours.xml': True, 'Departed_in_last_36_hours.xml': True, 'Expected_arrivals.xml': True, 'Expected_departures.xml': True}
2025-10-30 20:20:00,664 - vessel_data_pipeline - INFO - VesselDataFetcher initialized. Pipeline enabled: True
2025-10-30 20:20:00,664 - vessel_data_pipeline - INFO - Starting vessel data fetch operation
2025-10-30 20:20:00,664 - vessel_data_pipeline - INFO - Discovering XML files from Hong Kong Marine Department portal
2025-10-30 20:20:00,836 - vessel_data_pipeline - INFO - Verified access to Arrived_in_last_36_hours.xml
2025-10-30 20:20:01,011 - vessel_data_pipeline - INFO - Verified access to Departed_in_last_36_hours.xml
2025-10-30 20:20:01,161 - vessel_data_pipeline - INFO - Verified access to Expected_arrivals.xml
2025-10-30 20:20:01,661 - vessel_data_pipeline - INFO - Verified access to Expected_departures.xml
2025-10-30 20:20:01,661 - vessel_data_pipeline - INFO - Discovered 4 XML files for download
2025-10-30 20:20:01,661 - vessel_data_pipeline - INFO - Downloading Arrived_in_last_36_hours.xml (attempt 1/3)
2025-10-30 20:20:01,901 - vessel_data_pipeline - INFO - File temp_Arrived_in_last_36_hours.xml passed validation checks
2025-10-30 20:20:01,901 - vessel_data_pipeline - INFO - Created backup: Arrived_in_last_36_hours_20251030_202001.xml
2025-10-30 20:20:01,902 - vessel_data_pipeline - INFO - Updated metadata for Arrived_in_last_36_hours.xml
2025-10-30 20:20:01,902 - vessel_data_pipeline - INFO - Successfully downloaded and validated Arrived_in_last_36_hours.xml
2025-10-30 20:20:03,909 - vessel_data_pipeline - INFO - Downloading Departed_in_last_36_hours.xml (attempt 1/3)
2025-10-30 20:20:04,115 - vessel_data_pipeline - INFO - File temp_Departed_in_last_36_hours.xml passed validation checks
2025-10-30 20:20:04,116 - vessel_data_pipeline - INFO - Created backup: Departed_in_last_36_hours_20251030_202004.xml
2025-10-30 20:20:04,117 - vessel_data_pipeline - INFO - Updated metadata for Departed_in_last_36_hours.xml
2025-10-30 20:20:04,117 - vessel_data_pipeline - INFO - Successfully downloaded and validated Departed_in_last_36_hours.xml
2025-10-30 20:20:06,127 - vessel_data_pipeline - INFO - Downloading Expected_arrivals.xml (attempt 1/3)
2025-10-30 20:20:06,388 - vessel_data_pipeline - INFO - File temp_Expected_arrivals.xml passed validation checks
2025-10-30 20:20:06,388 - vessel_data_pipeline - INFO - Created backup: Expected_arrivals_20251030_202006.xml
2025-10-30 20:20:06,389 - vessel_data_pipeline - INFO - Updated metadata for Expected_arrivals.xml
2025-10-30 20:20:06,389 - vessel_data_pipeline - INFO - Successfully downloaded and validated Expected_arrivals.xml
2025-10-30 20:20:08,399 - vessel_data_pipeline - INFO - Downloading Expected_departures.xml (attempt 1/3)
2025-10-30 20:20:08,599 - vessel_data_pipeline - INFO - File temp_Expected_departures.xml passed validation checks
2025-10-30 20:20:08,600 - vessel_data_pipeline - INFO - Created backup: Expected_departures_20251030_202008.xml
2025-10-30 20:20:08,600 - vessel_data_pipeline - INFO - Updated metadata for Expected_departures.xml
2025-10-30 20:20:08,600 - vessel_data_pipeline - INFO - Successfully downloaded and validated Expected_departures.xml
2025-10-30 20:20:10,608 - vessel_data_pipeline - INFO - Fetch operation completed. Results: {'Arrived_in_last_36_hours.xml': True, 'Departed_in_last_36_hours.xml': True, 'Expected_arrivals.xml': True, 'Expected_departures.xml': True}
2025-10-30 20:20:10,623 - vessel_data_pipeline - INFO - VesselDataFetcher initialized. Pipeline enabled: True
2025-10-30 20:20:10,624 - vessel_data_pipeline - INFO - Starting vessel data fetch operation
2025-10-30 20:20:10,624 - vessel_data_pipeline - INFO - Discovering XML files from Hong Kong Marine Department portal
2025-10-30 20:20:10,854 - vessel_data_pipeline - INFO - Verified access to Arrived_in_last_36_hours.xml
2025-10-30 20:20:11,036 - vessel_data_pipeline - INFO - Verified access to Departed_in_last_36_hours.xml
2025-10-30 20:20:11,176 - vessel_data_pipeline - INFO - Verified access to Expected_arrivals.xml
2025-10-30 20:20:11,381 - vessel_data_pipeline - INFO - Verified access to Expected_departures.xml
2025-10-30 20:20:11,381 - vessel_data_pipeline - INFO - Discovered 4 XML files for download
2025-10-30 20:20:11,382 - vessel_data_pipeline - INFO - Downloading Arrived_in_last_36_hours.xml (attempt 1/3)
2025-10-30 20:20:11,535 - vessel_data_pipeline - INFO - File temp_Arrived_in_last_36_hours.xml passed validation checks
2025-10-30 20:20:11,535 - vessel_data_pipeline - INFO - Created backup: Arrived_in_last_36_hours_20251030_202011.xml
2025-10-30 20:20:11,536 - vessel_data_pipeline - INFO - Updated metadata for Arrived_in_last_36_hours.xml
2025-10-30 20:20:11,536 - vessel_data_pipeline - INFO - Successfully downloaded and validated Arrived_in_last_36_hours.xml
2025-10-30 20:20:13,546 - vessel_data_pipeline - INFO - Downloading Departed_in_last_36_hours.xml (attempt 1/3)
2025-10-30 20:20:13,750 - vessel_data_pipeline - INFO - File temp_Departed_in_last_36_hours.xml passed validation checks
2025-10-30 20:20:13,752 - vessel_data_pipeline - INFO - Created backup: Departed_in_last_36_hours_20251030_202013.xml
2025-10-30 20:20:13,752 - vessel_data_pipeline - INFO - Updated metadata for Departed_in_last_36_hours.xml
2025-10-30 20:20:13,752 - vessel_data_pipeline - INFO - Successfully downloaded and validated Departed_in_last_36_hours.xml
2025-10-30 20:20:15,760 - vessel_data_pipeline - INFO - Downloading Expected_arrivals.xml (attempt 1/3)
2025-10-30 20:20:15,904 - vessel_data_pipeline - INFO - File temp_Expected_arrivals.xml passed validation checks
2025-10-30 20:20:15,904 - vessel_data_pipeline - INFO - Created backup: Expected_arrivals_20251030_202015.xml
2025-10-30 20:20:15,904 - vessel_data_pipeline - INFO - Updated metadata for Expected_arrivals.xml
2025-10-30 20:20:15,904 - vessel_data_pipeline - INFO - Successfully downloaded and validated Expected_arrivals.xml
2025-10-30 20:20:17,907 - vessel_data_pipeline - INFO - Downloading Expected_departures.xml (attempt 1/3)
2025-10-30 20:20:17,960 - vessel_data_pipeline - INFO - File temp_Expected_departures.xml passed validation checks
2025-10-30 20:20:17,960 - vessel_data_pipeline - INFO - Created backup: Expected_departures_20251030_202017.xml
2025-10-30 20:20:17,961 - vessel_data_pipeline - INFO - Updated metadata for Expected_departures.xml
2025-10-30 20:20:17,961 - vessel_data_pipeline - INFO - Successfully downloaded and validated Expected_departures.xml
2025-10-30 20:20:19,963 - vessel_data_pipeline - INFO - Fetch operation completed. Results: {'Arrived_in_last_36_hours.xml': True, 'Departed_in_last_36_hours.xml': True, 'Expected_arrivals.xml': True, 'Expected_departures.xml': True}
2025-10-30 20:20:19,967 - vessel_data_pipeline - INFO - VesselDataFetcher initialized. Pipeline enabled: True
2025-10-30 20:20:19,967 - vessel_data_pipeline - INFO - Starting vessel data fetch operation
2025-10-30 20:20:19,967 - vessel_data_pipeline - INFO - Discovering XML files from Hong Kong Marine Department portal
2025-10-30 20:20:20,025 - vessel_data_pipeline - INFO - Verified access to Arrived_in_last_36_hours.xml
2025-10-30 20:20:20,072 - vessel_data_pipeline - INFO - Verified access to Departed_in_last_36_hours.xml
2025-10-30 20:20:20,108 - vessel_data_pipeline - INFO - Verified access to Expected_arrivals.xml
2025-10-30 20:20:20,139 - vessel_data_pipeline - INFO - Verified access to Expected_departures.xml
2025-10-30 20:20:20,139 - vessel_data_pipeline - INFO - Discovered 4 XML files for download
2025-10-30 20:20:20,139 - vessel_data_pipeline - INFO - Downloading Arrived_in_last_36_hours.xml (attempt 1/3)
2025-10-30 20:20:20,215 - vessel_data_pipeline - INFO - File temp_Arrived_in_last_36_hours.xml passed validation checks
2025-10-30 20:20:20,215 - vessel_data_pipeline - INFO - Created backup: Arrived_in_last_36_hours_20251030_202020.xml
2025-10-30 20:20:20,215 - vessel_data_pipeline - INFO - Updated metadata for Arrived_in_last_36_hours.xml
2025-10-30 20:20:20,215 - vessel_data_pipeline - INFO - Successfully downloaded and validated Arrived_in_last_36_hours.xml
2025-10-30 20:20:22,226 - vessel_data_pipeline - INFO - Downloading Departed_in_last_36_hours.xml (attempt 1/3)
2025-10-30 20:20:22,290 - vessel_data_pipeline - INFO - File temp_Departed_in_last_36_hours.xml passed validation checks
2025-10-30 20:20:22,291 - vessel_data_pipeline - INFO - Created backup: Departed_in_last_36_hours_20251030_202022.xml
2025-10-30 20:20:22,291 - vessel_data_pipeline - INFO - Updated metadata for Departed_in_last_36_hours.xml
2025-10-30 20:20:22,291 - vessel_data_pipeline - INFO - Successfully downloaded and validated Departed_in_last_36_hours.xml
2025-10-30 20:20:24,299 - vessel_data_pipeline - INFO - Downloading Expected_arrivals.xml (attempt 1/3)
2025-10-30 20:20:24,359 - vessel_data_pipeline - INFO - File temp_Expected_arrivals.xml passed validation checks
2025-10-30 20:20:24,359 - vessel_data_pipeline - INFO - Created backup: Expected_arrivals_20251030_202024.xml
2025-10-30 20:20:24,360 - vessel_data_pipeline - INFO - Updated metadata for Expected_arrivals.xml
2025-10-30 20:20:24,360 - vessel_data_pipeline - INFO - Successfully downloaded and validated Expected_arrivals.xml
2025-10-30 20:20:26,370 - vessel_data_pipeline - INFO - Downloading Expected_departures.xml (attempt 1/3)
2025-10-30 20:20:26,439 - vessel_data_pipeline - INFO - File temp_Expected_departures.xml passed validation checks
2025-10-30 20:20:26,440 - vessel_data_pipeline - INFO - Created backup: Expected_departures_20251030_202026.xml
2025-10-30 20:20:26,441 - vessel_data_pipeline - INFO - Updated metadata for Expected_departures.xml
2025-10-30 20:20:26,441 - vessel_data_pipeline - INFO - Successfully downloaded and validated Expected_departures.xml
2025-10-30 20:20:28,451 - vessel_data_pipeline - INFO - Fetch operation completed. Results: {'Arrived_in_last_36_hours.xml': True, 'Departed_in_last_36_hours.xml': True, 'Expected_arrivals.xml': True, 'Expected_departures.xml': True}
2025-10-30 20:21:51,510 - vessel_data_pipeline - INFO - VesselDataFetcher initialized. Pipeline enabled: True
2025-10-30 20:21:51,510 - vessel_data_pipeline - INFO - Starting vessel data fetch operation
2025-10-30 20:21:51,510 - vessel_data_pipeline - INFO - Discovering XML files from Hong Kong Marine Department portal
2025-10-30 20:21:51,737 - vessel_data_pipeline - INFO - Verified access to Arrived_in_last_36_hours.xml
2025-10-30 20:21:51,920 - vessel_data_pipeline - INFO - Verified access to Departed_in_last_36_hours.xml
2025-10-30 20:21:52,070 - vessel_data_pipeline - INFO - Verified access to Expected_arrivals.xml
2025-10-30 20:21:52,217 - vessel_data_pipeline - INFO - Verified access to Expected_departures.xml
2025-10-30 20:21:52,217 - vessel_data_pipeline - INFO - Discovered 4 XML files for download
2025-10-30 20:21:52,217 - vessel_data_pipeline - INFO - Downloading Arrived_in_last_36_hours.xml (attempt 1/3)
2025-10-30 20:21:52,409 - vessel_data_pipeline - INFO - File temp_Arrived_in_last_36_hours.xml passed validation checks
2025-10-30 20:21:52,411 - vessel_data_pipeline - INFO - Created backup: Arrived_in_last_36_hours_20251030_202152.xml
2025-10-30 20:21:52,412 - vessel_data_pipeline - INFO - Updated metadata for Arrived_in_last_36_hours.xml
2025-10-30 20:21:52,412 - vessel_data_pipeline - INFO - Successfully downloaded and validated Arrived_in_last_36_hours.xml
2025-10-30 20:21:54,417 - vessel_data_pipeline - INFO - Downloading Departed_in_last_36_hours.xml (attempt 1/3)
2025-10-30 20:21:54,601 - vessel_data_pipeline - INFO - File temp_Departed_in_last_36_hours.xml passed validation checks
2025-10-30 20:21:54,602 - vessel_data_pipeline - INFO - Created backup: Departed_in_last_36_hours_20251030_202154.xml
2025-10-30 20:21:54,602 - vessel_data_pipeline - INFO - Updated metadata for Departed_in_last_36_hours.xml
2025-10-30 20:21:54,602 - vessel_data_pipeline - INFO - Successfully downloaded and validated Departed_in_last_36_hours.xml
2025-10-30 20:21:56,603 - vessel_data_pipeline - INFO - Downloading Expected_arrivals.xml (attempt 1/3)
2025-10-30 20:21:56,764 - vessel_data_pipeline - INFO - File temp_Expected_arrivals.xml passed validation checks
2025-10-30 20:21:56,764 - vessel_data_pipeline - INFO - Created backup: Expected_arrivals_20251030_202156.xml
2025-10-30 20:21:56,765 - vessel_data_pipeline - INFO - Updated metadata for Expected_arrivals.xml
2025-10-30 20:21:56,765 - vessel_data_pipeline - INFO - Successfully downloaded and validated Expected_arrivals.xml
2025-10-30 20:21:58,770 - vessel_data_pipeline - INFO - Downloading Expected_departures.xml (attempt 1/3)
2025-10-30 20:21:58,920 - vessel_data_pipeline - INFO - File temp_Expected_departures.xml passed validation checks
2025-10-30 20:21:58,921 - vessel_data_pipeline - INFO - Created backup: Expected_departures_20251030_202158.xml
2025-10-30 20:21:58,921 - vessel_data_pipeline - INFO - Updated metadata for Expected_departures.xml
2025-10-30 20:21:58,921 - vessel_data_pipeline - INFO - Successfully downloaded and validated Expected_departures.xml
2025-10-30 20:22:00,926 - vessel_data_pipeline - INFO - Fetch operation completed. Results: {'Arrived_in_last_36_hours.xml': True, 'Departed_in_last_36_hours.xml': True, 'Expected_arrivals.xml': True, 'Expected_departures.xml': True}
2025-10-30 20:22:01,202 - vessel_data_pipeline - INFO - VesselDataFetcher initialized. Pipeline enabled: True
2025-10-30 20:22:01,202 - vessel_data_pipeline - INFO - Starting vessel data fetch operation
2025-10-30 20:22:01,202 - vessel_data_pipeline - INFO - Discovering XML files from Hong Kong Marine Department portal
2025-10-30 20:22:01,458 - vessel_data_pipeline - INFO - Verified access to Arrived_in_last_36_hours.xml
2025-10-30 20:22:01,661 - vessel_data_pipeline - INFO - Verified access to Departed_in_last_36_hours.xml
2025-10-30 20:22:01,807 - vessel_data_pipeline - INFO - Verified access to Expected_arrivals.xml
2025-10-30 20:22:01,976 - vessel_data_pipeline - INFO - Verified access to Expected_departures.xml
2025-10-30 20:22:01,976 - vessel_data_pipeline - INFO - Discovered 4 XML files for download
2025-10-30 20:22:01,977 - vessel_data_pipeline - INFO - Downloading Arrived_in_last_36_hours.xml (attempt 1/3)
2025-10-30 20:22:02,155 - vessel_data_pipeline - INFO - File temp_Arrived_in_last_36_hours.xml passed validation checks
2025-10-30 20:22:02,155 - vessel_data_pipeline - INFO - Created backup: Arrived_in_last_36_hours_20251030_202202.xml
2025-10-30 20:22:02,156 - vessel_data_pipeline - INFO - Updated metadata for Arrived_in_last_36_hours.xml
2025-10-30 20:22:02,156 - vessel_data_pipeline - INFO - Successfully downloaded and validated Arrived_in_last_36_hours.xml
2025-10-30 20:22:04,161 - vessel_data_pipeline - INFO - Downloading Departed_in_last_36_hours.xml (attempt 1/3)
2025-10-30 20:22:04,342 - vessel_data_pipeline - INFO - File temp_Departed_in_last_36_hours.xml passed validation checks
2025-10-30 20:22:04,342 - vessel_data_pipeline - INFO - Created backup: Departed_in_last_36_hours_20251030_202204.xml
2025-10-30 20:22:04,343 - vessel_data_pipeline - INFO - Updated metadata for Departed_in_last_36_hours.xml
2025-10-30 20:22:04,343 - vessel_data_pipeline - INFO - Successfully downloaded and validated Departed_in_last_36_hours.xml
2025-10-30 20:22:06,348 - vessel_data_pipeline - INFO - Downloading Expected_arrivals.xml (attempt 1/3)
2025-10-30 20:22:06,520 - vessel_data_pipeline - INFO - File temp_Expected_arrivals.xml passed validation checks
2025-10-30 20:22:06,520 - vessel_data_pipeline - INFO - Created backup: Expected_arrivals_20251030_202206.xml
2025-10-30 20:22:06,520 - vessel_data_pipeline - INFO - Updated metadata for Expected_arrivals.xml
2025-10-30 20:22:06,521 - vessel_data_pipeline - INFO - Successfully downloaded and validated Expected_arrivals.xml
2025-10-30 20:22:08,525 - vessel_data_pipeline - INFO - Downloading Expected_departures.xml (attempt 1/3)
2025-10-30 20:22:09,014 - vessel_data_pipeline - INFO - File temp_Expected_departures.xml passed validation checks
2025-10-30 20:22:09,015 - vessel_data_pipeline - INFO - Created backup: Expected_departures_20251030_202209.xml
2025-10-30 20:22:09,015 - vessel_data_pipeline - INFO - Updated metadata for Expected_departures.xml
2025-10-30 20:22:09,015 - vessel_data_pipeline - INFO - Successfully downloaded and validated Expected_departures.xml
2025-10-30 20:22:11,016 - vessel_data_pipeline - INFO - Fetch operation completed. Results: {'Arrived_in_last_36_hours.xml': True, 'Departed_in_last_36_hours.xml': True, 'Expected_arrivals.xml': True, 'Expected_departures.xml': True}
2025-10-30 20:22:11,025 - vessel_data_pipeline - INFO - VesselDataFetcher initialized. Pipeline enabled: True
2025-10-30 20:22:11,028 - vessel_data_pipeline - INFO - Starting vessel data fetch operation
2025-10-30 20:22:11,028 - vessel_data_pipeline - INFO - Discovering XML files from Hong Kong Marine Department portal
2025-10-30 20:22:11,223 - vessel_data_pipeline - INFO - Verified access to Arrived_in_last_36_hours.xml
2025-10-30 20:22:11,600 - vessel_data_pipeline - INFO - Verified access to Departed_in_last_36_hours.xml
2025-10-30 20:22:11,904 - vessel_data_pipeline - INFO - Verified access to Expected_arrivals.xml
2025-10-30 20:22:12,114 - vessel_data_pipeline - INFO - Verified access to Expected_departures.xml
2025-10-30 20:22:12,114 - vessel_data_pipeline - INFO - Discovered 4 XML files for download
2025-10-30 20:22:12,114 - vessel_data_pipeline - INFO - Downloading Arrived_in_last_36_hours.xml (attempt 1/3)
2025-10-30 20:22:12,289 - vessel_data_pipeline - INFO - File temp_Arrived_in_last_36_hours.xml passed validation checks
2025-10-30 20:22:12,290 - vessel_data_pipeline - INFO - Created backup: Arrived_in_last_36_hours_20251030_202212.xml
2025-10-30 20:22:12,291 - vessel_data_pipeline - INFO - Updated metadata for Arrived_in_last_36_hours.xml
2025-10-30 20:22:12,291 - vessel_data_pipeline - INFO - Successfully downloaded and validated Arrived_in_last_36_hours.xml
2025-10-30 20:22:14,295 - vessel_data_pipeline - INFO - Downloading Departed_in_last_36_hours.xml (attempt 1/3)
2025-10-30 20:22:14,469 - vessel_data_pipeline - INFO - File temp_Departed_in_last_36_hours.xml passed validation checks
2025-10-30 20:22:14,470 - vessel_data_pipeline - INFO - Created backup: Departed_in_last_36_hours_20251030_202214.xml
2025-10-30 20:22:14,470 - vessel_data_pipeline - INFO - Updated metadata for Departed_in_last_36_hours.xml
2025-10-30 20:22:14,470 - vessel_data_pipeline - INFO - Successfully downloaded and validated Departed_in_last_36_hours.xml
2025-10-30 20:22:16,475 - vessel_data_pipeline - INFO - Downloading Expected_arrivals.xml (attempt 1/3)
2025-10-30 20:22:16,636 - vessel_data_pipeline - INFO - File temp_Expected_arrivals.xml passed validation checks
2025-10-30 20:22:16,637 - vessel_data_pipeline - INFO - Created backup: Expected_arrivals_20251030_202216.xml
2025-10-30 20:22:16,637 - vessel_data_pipeline - INFO - Updated metadata for Expected_arrivals.xml
2025-10-30 20:22:16,637 - vessel_data_pipeline - INFO - Successfully downloaded and validated Expected_arrivals.xml
2025-10-30 20:22:18,639 - vessel_data_pipeline - INFO - Downloading Expected_departures.xml (attempt 1/3)
2025-10-30 20:22:18,836 - vessel_data_pipeline - INFO - File temp_Expected_departures.xml passed validation checks
2025-10-30 20:22:18,837 - vessel_data_pipeline - INFO - Created backup: Expected_departures_20251030_202218.xml
2025-10-30 20:22:18,837 - vessel_data_pipeline - INFO - Updated metadata for Expected_departures.xml
2025-10-30 20:22:18,837 - vessel_data_pipeline - INFO - Successfully downloaded and validated Expected_departures.xml
2025-10-30 20:22:20,842 - vessel_data_pipeline - INFO - Fetch operation completed. Results: {'Arrived_in_last_36_hours.xml': True, 'Departed_in_last_36_hours.xml': True, 'Expected_arrivals.xml': True, 'Expected_departures.xml': True}
2025-10-30 20:22:23,785 - vessel_data_pipeline - INFO - VesselDataFetcher initialized. Pipeline enabled: True
2025-10-30 20:22:23,786 - vessel_data_pipeline - INFO - Starting vessel data fetch operation
2025-10-30 20:22:23,786 - vessel_data_pipeline - INFO - Discovering XML files from Hong Kong Marine Department portal
2025-10-30 20:22:23,932 - vessel_data_pipeline - INFO - Verified access to Arrived_in_last_36_hours.xml
2025-10-30 20:22:24,104 - vessel_data_pipeline - INFO - Verified access to Departed_in_last_36_hours.xml
2025-10-30 20:22:24,248 - vessel_data_pipeline - INFO - Verified access to Expected_arrivals.xml
2025-10-30 20:22:24,386 - vessel_data_pipeline - INFO - Verified access to Expected_departures.xml
2025-10-30 20:22:24,387 - vessel_data_pipeline - INFO - Discovered 4 XML files for download
2025-10-30 20:22:24,387 - vessel_data_pipeline - INFO - Downloading Arrived_in_last_36_hours.xml (attempt 1/3)
2025-10-30 20:22:24,567 - vessel_data_pipeline - INFO - File temp_Arrived_in_last_36_hours.xml passed validation checks
2025-10-30 20:22:24,569 - vessel_data_pipeline - INFO - Created backup: Arrived_in_last_36_hours_20251030_202224.xml
2025-10-30 20:22:24,570 - vessel_data_pipeline - INFO - Updated metadata for Arrived_in_last_36_hours.xml
2025-10-30 20:22:24,570 - vessel_data_pipeline - INFO - Successfully downloaded and validated Arrived_in_last_36_hours.xml
2025-10-30 20:22:26,575 - vessel_data_pipeline - INFO - Downloading Departed_in_last_36_hours.xml (attempt 1/3)
2025-10-30 20:22:26,794 - vessel_data_pipeline - INFO - File temp_Departed_in_last_36_hours.xml passed validation checks
2025-10-30 20:22:26,799 - vessel_data_pipeline - INFO - Created backup: Departed_in_last_36_hours_20251030_202226.xml
2025-10-30 20:22:26,799 - vessel_data_pipeline - INFO - Updated metadata for Departed_in_last_36_hours.xml
2025-10-30 20:22:26,799 - vessel_data_pipeline - INFO - Successfully downloaded and validated Departed_in_last_36_hours.xml
2025-10-30 20:22:28,804 - vessel_data_pipeline - INFO - Downloading Expected_arrivals.xml (attempt 1/3)
2025-10-30 20:22:28,947 - vessel_data_pipeline - INFO - File temp_Expected_arrivals.xml passed validation checks
2025-10-30 20:22:28,947 - vessel_data_pipeline - INFO - Created backup: Expected_arrivals_20251030_202228.xml
2025-10-30 20:22:28,947 - vessel_data_pipeline - INFO - Updated metadata for Expected_arrivals.xml
2025-10-30 20:22:28,947 - vessel_data_pipeline - INFO - Successfully downloaded and validated Expected_arrivals.xml
2025-10-30 20:22:30,950 - vessel_data_pipeline - INFO - Downloading Expected_departures.xml (attempt 1/3)
2025-10-30 20:22:31,105 - vessel_data_pipeline - INFO - File temp_Expected_departures.xml passed validation checks
2025-10-30 20:22:31,106 - vessel_data_pipeline - INFO - Created backup: Expected_departures_20251030_202231.xml
2025-10-30 20:22:31,106 - vessel_data_pipeline - INFO - Updated metadata for Expected_departures.xml
2025-10-30 20:22:31,106 - vessel_data_pipeline - INFO - Successfully downloaded and validated Expected_departures.xml
2025-10-30 20:22:33,108 - vessel_data_pipeline - INFO - Fetch operation completed. Results: {'Arrived_in_last_36_hours.xml': True, 'Departed_in_last_36_hours.xml': True, 'Expected_arrivals.xml': True, 'Expected_departures.xml': True}
2025-10-30 20:22:33,112 - vessel_data_pipeline - INFO - VesselDataFetcher initialized. Pipeline enabled: True
2025-10-30 20:22:33,112 - vessel_data_pipeline - INFO - Starting vessel data fetch operation
2025-10-30 20:22:33,112 - vessel_data_pipeline - INFO - Discovering XML files from Hong Kong Marine Department portal
2025-10-30 20:22:33,284 - vessel_data_pipeline - INFO - Verified access to Arrived_in_last_36_hours.xml
2025-10-30 20:22:33,471 - vessel_data_pipeline - INFO - Verified access to Departed_in_last_36_hours.xml
2025-10-30 20:22:33,621 - vessel_data_pipeline - INFO - Verified access to Expected_arrivals.xml
2025-10-30 20:22:33,776 - vessel_data_pipeline - INFO - Verified access to Expected_departures.xml
2025-10-30 20:22:33,777 - vessel_data_pipeline - INFO - Discovered 4 XML files for download
2025-10-30 20:22:33,777 - vessel_data_pipeline - INFO - Downloading Arrived_in_last_36_hours.xml (attempt 1/3)
2025-10-30 20:22:33,926 - vessel_data_pipeline - INFO - File temp_Arrived_in_last_36_hours.xml passed validation checks
2025-10-30 20:22:33,926 - vessel_data_pipeline - INFO - Created backup: Arrived_in_last_36_hours_20251030_202233.xml
2025-10-30 20:22:33,927 - vessel_data_pipeline - INFO - Updated metadata for Arrived_in_last_36_hours.xml
2025-10-30 20:22:33,927 - vessel_data_pipeline - INFO - Successfully downloaded and validated Arrived_in_last_36_hours.xml
2025-10-30 20:22:35,931 - vessel_data_pipeline - INFO - Downloading Departed_in_last_36_hours.xml (attempt 1/3)
2025-10-30 20:22:36,245 - vessel_data_pipeline - INFO - File temp_Departed_in_last_36_hours.xml passed validation checks
2025-10-30 20:22:36,245 - vessel_data_pipeline - INFO - Created backup: Departed_in_last_36_hours_20251030_202236.xml
2025-10-30 20:22:36,245 - vessel_data_pipeline - INFO - Updated metadata for Departed_in_last_36_hours.xml
2025-10-30 20:22:36,245 - vessel_data_pipeline - INFO - Successfully downloaded and validated Departed_in_last_36_hours.xml
2025-10-30 20:22:38,247 - vessel_data_pipeline - INFO - Downloading Expected_arrivals.xml (attempt 1/3)
2025-10-30 20:22:38,388 - vessel_data_pipeline - INFO - File temp_Expected_arrivals.xml passed validation checks
2025-10-30 20:22:38,389 - vessel_data_pipeline - INFO - Created backup: Expected_arrivals_20251030_202238.xml
2025-10-30 20:22:38,389 - vessel_data_pipeline - INFO - Updated metadata for Expected_arrivals.xml
2025-10-30 20:22:38,389 - vessel_data_pipeline - INFO - Successfully downloaded and validated Expected_arrivals.xml
2025-10-30 20:22:40,391 - vessel_data_pipeline - INFO - Downloading Expected_departures.xml (attempt 1/3)
2025-10-30 20:22:40,571 - vessel_data_pipeline - INFO - File temp_Expected_departures.xml passed validation checks
2025-10-30 20:22:40,571 - vessel_data_pipeline - INFO - Created backup: Expected_departures_20251030_202240.xml
2025-10-30 20:22:40,571 - vessel_data_pipeline - INFO - Updated metadata for Expected_departures.xml
2025-10-30 20:22:40,571 - vessel_data_pipeline - INFO - Successfully downloaded and validated Expected_departures.xml
2025-10-30 20:22:42,577 - vessel_data_pipeline - INFO - Fetch operation completed. Results: {'Arrived_in_last_36_hours.xml': True, 'Departed_in_last_36_hours.xml': True, 'Expected_arrivals.xml': True, 'Expected_departures.xml': True}
2025-10-30 20:22:42,628 - vessel_data_pipeline - INFO - VesselDataFetcher initialized. Pipeline enabled: True
2025-10-30 20:22:42,640 - vessel_data_pipeline - INFO - Starting vessel data fetch operation
2025-10-30 20:22:42,641 - vessel_data_pipeline - INFO - Discovering XML files from Hong Kong Marine Department portal
2025-10-30 20:22:42,837 - vessel_data_pipeline - INFO - Verified access to Arrived_in_last_36_hours.xml
2025-10-30 20:22:42,995 - vessel_data_pipeline - INFO - Verified access to Departed_in_last_36_hours.xml
2025-10-30 20:22:43,141 - vessel_data_pipeline - INFO - Verified access to Expected_arrivals.xml
2025-10-30 20:22:43,280 - vessel_data_pipeline - INFO - Verified access to Expected_departures.xml
2025-10-30 20:22:43,280 - vessel_data_pipeline - INFO - Discovered 4 XML files for download
2025-10-30 20:22:43,281 - vessel_data_pipeline - INFO - Downloading Arrived_in_last_36_hours.xml (attempt 1/3)
2025-10-30 20:22:43,426 - vessel_data_pipeline - INFO - File temp_Arrived_in_last_36_hours.xml passed validation checks
2025-10-30 20:22:43,427 - vessel_data_pipeline - INFO - Created backup: Arrived_in_last_36_hours_20251030_202243.xml
2025-10-30 20:22:43,427 - vessel_data_pipeline - INFO - Updated metadata for Arrived_in_last_36_hours.xml
2025-10-30 20:22:43,427 - vessel_data_pipeline - INFO - Successfully downloaded and validated Arrived_in_last_36_hours.xml
2025-10-30 20:22:45,428 - vessel_data_pipeline - INFO - Downloading Departed_in_last_36_hours.xml (attempt 1/3)
2025-10-30 20:22:45,625 - vessel_data_pipeline - INFO - File temp_Departed_in_last_36_hours.xml passed validation checks
2025-10-30 20:22:45,625 - vessel_data_pipeline - INFO - Created backup: Departed_in_last_36_hours_20251030_202245.xml
2025-10-30 20:22:45,625 - vessel_data_pipeline - INFO - Updated metadata for Departed_in_last_36_hours.xml
2025-10-30 20:22:45,625 - vessel_data_pipeline - INFO - Successfully downloaded and validated Departed_in_last_36_hours.xml
2025-10-30 20:22:47,630 - vessel_data_pipeline - INFO - Downloading Expected_arrivals.xml (attempt 1/3)
2025-10-30 20:22:47,783 - vessel_data_pipeline - INFO - File temp_Expected_arrivals.xml passed validation checks
2025-10-30 20:22:47,783 - vessel_data_pipeline - INFO - Created backup: Expected_arrivals_20251030_202247.xml
2025-10-30 20:22:47,783 - vessel_data_pipeline - INFO - Updated metadata for Expected_arrivals.xml
2025-10-30 20:22:47,783 - vessel_data_pipeline - INFO - Successfully downloaded and validated Expected_arrivals.xml
2025-10-30 20:22:49,788 - vessel_data_pipeline - INFO - Downloading Expected_departures.xml (attempt 1/3)
2025-10-30 20:22:49,936 - vessel_data_pipeline - INFO - File temp_Expected_departures.xml passed validation checks
2025-10-30 20:22:49,937 - vessel_data_pipeline - INFO - Created backup: Expected_departures_20251030_202249.xml
2025-10-30 20:22:49,937 - vessel_data_pipeline - INFO - Updated metadata for Expected_departures.xml
2025-10-30 20:22:49,937 - vessel_data_pipeline - INFO - Successfully downloaded and validated Expected_departures.xml
2025-10-30 20:22:51,940 - vessel_data_pipeline - INFO - Fetch operation completed. Results: {'Arrived_in_last_36_hours.xml': True, 'Departed_in_last_36_hours.xml': True, 'Expected_arrivals.xml': True, 'Expected_departures.xml': True}
2025-10-30 20:22:51,944 - vessel_data_pipeline - INFO - VesselDataFetcher initialized. Pipeline enabled: True
2025-10-30 20:22:51,944 - vessel_data_pipeline - INFO - Starting vessel data fetch operation
2025-10-30 20:22:51,944 - vessel_data_pipeline - INFO - Discovering XML files from Hong Kong Marine Department portal
2025-10-30 20:22:52,128 - vessel_data_pipeline - INFO - Verified access to Arrived_in_last_36_hours.xml
2025-10-30 20:22:52,303 - vessel_data_pipeline - INFO - Verified access to Departed_in_last_36_hours.xml
2025-10-30 20:22:52,443 - vessel_data_pipeline - INFO - Verified access to Expected_arrivals.xml
2025-10-30 20:22:52,588 - vessel_data_pipeline - INFO - Verified access to Expected_departures.xml
2025-10-30 20:22:52,588 - vessel_data_pipeline - INFO - Discovered 4 XML files for download
2025-10-30 20:22:52,588 - vessel_data_pipeline - INFO - Downloading Arrived_in_last_36_hours.xml (attempt 1/3)
2025-10-30 20:22:52,923 - vessel_data_pipeline - INFO - File temp_Arrived_in_last_36_hours.xml passed validation checks
2025-10-30 20:22:52,923 - vessel_data_pipeline - INFO - Created backup: Arrived_in_last_36_hours_20251030_202252.xml
2025-10-30 20:22:52,924 - vessel_data_pipeline - INFO - Updated metadata for Arrived_in_last_36_hours.xml
2025-10-30 20:22:52,924 - vessel_data_pipeline - INFO - Successfully downloaded and validated Arrived_in_last_36_hours.xml
2025-10-30 20:22:54,925 - vessel_data_pipeline - INFO - Downloading Departed_in_last_36_hours.xml (attempt 1/3)
2025-10-30 20:22:55,101 - vessel_data_pipeline - INFO - File temp_Departed_in_last_36_hours.xml passed validation checks
2025-10-30 20:22:55,101 - vessel_data_pipeline - INFO - Created backup: Departed_in_last_36_hours_20251030_202255.xml
2025-10-30 20:22:55,102 - vessel_data_pipeline - INFO - Updated metadata for Departed_in_last_36_hours.xml
2025-10-30 20:22:55,102 - vessel_data_pipeline - INFO - Successfully downloaded and validated Departed_in_last_36_hours.xml
2025-10-30 20:22:57,107 - vessel_data_pipeline - INFO - Downloading Expected_arrivals.xml (attempt 1/3)
2025-10-30 20:22:57,253 - vessel_data_pipeline - INFO - File temp_Expected_arrivals.xml passed validation checks
2025-10-30 20:22:57,253 - vessel_data_pipeline - INFO - Created backup: Expected_arrivals_20251030_202257.xml
2025-10-30 20:22:57,254 - vessel_data_pipeline - INFO - Updated metadata for Expected_arrivals.xml
2025-10-30 20:22:57,254 - vessel_data_pipeline - INFO - Successfully downloaded and validated Expected_arrivals.xml
2025-10-30 20:22:59,259 - vessel_data_pipeline - INFO - Downloading Expected_departures.xml (attempt 1/3)
2025-10-30 20:22:59,429 - vessel_data_pipeline - INFO - File temp_Expected_departures.xml passed validation checks
2025-10-30 20:22:59,429 - vessel_data_pipeline - INFO - Created backup: Expected_departures_20251030_202259.xml
2025-10-30 20:22:59,429 - vessel_data_pipeline - INFO - Updated metadata for Expected_departures.xml
2025-10-30 20:22:59,429 - vessel_data_pipeline - INFO - Successfully downloaded and validated Expected_departures.xml
2025-10-30 20:23:01,432 - vessel_data_pipeline - INFO - Fetch operation completed. Results: {'Arrived_in_last_36_hours.xml': True, 'Departed_in_last_36_hours.xml': True, 'Expected_arrivals.xml': True, 'Expected_departures.xml': True}
2025-10-30 20:23:42,880 - vessel_data_pipeline - INFO - VesselDataFetcher initialized. Pipeline enabled: True
2025-10-30 20:23:42,881 - vessel_data_pipeline - INFO - Starting vessel data fetch operation
2025-10-30 20:23:42,881 - vessel_data_pipeline - INFO - Discovering XML files from Hong Kong Marine Department portal
2025-10-30 20:23:43,087 - vessel_data_pipeline - INFO - Verified access to Arrived_in_last_36_hours.xml
2025-10-30 20:23:43,294 - vessel_data_pipeline - INFO - Verified access to Departed_in_last_36_hours.xml
2025-10-30 20:23:43,444 - vessel_data_pipeline - INFO - Verified access to Expected_arrivals.xml
2025-10-30 20:23:43,614 - vessel_data_pipeline - INFO - Verified access to Expected_departures.xml
2025-10-30 20:23:43,614 - vessel_data_pipeline - INFO - Discovered 4 XML files for download
2025-10-30 20:23:43,614 - vessel_data_pipeline - INFO - Downloading Arrived_in_last_36_hours.xml (attempt 1/3)
2025-10-30 20:23:43,778 - vessel_data_pipeline - INFO - File temp_Arrived_in_last_36_hours.xml passed validation checks
2025-10-30 20:23:43,779 - vessel_data_pipeline - INFO - Created backup: Arrived_in_last_36_hours_20251030_202343.xml
2025-10-30 20:23:43,779 - vessel_data_pipeline - INFO - Updated metadata for Arrived_in_last_36_hours.xml
2025-10-30 20:23:43,779 - vessel_data_pipeline - INFO - Successfully downloaded and validated Arrived_in_last_36_hours.xml
2025-10-30 20:23:45,780 - vessel_data_pipeline - INFO - Downloading Departed_in_last_36_hours.xml (attempt 1/3)
2025-10-30 20:23:45,962 - vessel_data_pipeline - INFO - File temp_Departed_in_last_36_hours.xml passed validation checks
2025-10-30 20:23:45,962 - vessel_data_pipeline - INFO - Created backup: Departed_in_last_36_hours_20251030_202345.xml
2025-10-30 20:23:45,963 - vessel_data_pipeline - INFO - Updated metadata for Departed_in_last_36_hours.xml
2025-10-30 20:23:45,963 - vessel_data_pipeline - INFO - Successfully downloaded and validated Departed_in_last_36_hours.xml
2025-10-30 20:23:47,963 - vessel_data_pipeline - INFO - Downloading Expected_arrivals.xml (attempt 1/3)
2025-10-30 20:23:48,108 - vessel_data_pipeline - INFO - File temp_Expected_arrivals.xml passed validation checks
2025-10-30 20:23:48,109 - vessel_data_pipeline - INFO - Created backup: Expected_arrivals_20251030_202348.xml
2025-10-30 20:23:48,109 - vessel_data_pipeline - INFO - Updated metadata for Expected_arrivals.xml
2025-10-30 20:23:48,109 - vessel_data_pipeline - INFO - Successfully downloaded and validated Expected_arrivals.xml
2025-10-30 20:23:50,110 - vessel_data_pipeline - INFO - Downloading Expected_departures.xml (attempt 1/3)
2025-10-30 20:23:50,303 - vessel_data_pipeline - INFO - File temp_Expected_departures.xml passed validation checks
2025-10-30 20:23:50,303 - vessel_data_pipeline - INFO - Created backup: Expected_departures_20251030_202350.xml
2025-10-30 20:23:50,304 - vessel_data_pipeline - INFO - Updated metadata for Expected_departures.xml
2025-10-30 20:23:50,304 - vessel_data_pipeline - INFO - Successfully downloaded and validated Expected_departures.xml
2025-10-30 20:23:52,304 - vessel_data_pipeline - INFO - Fetch operation completed. Results: {'Arrived_in_last_36_hours.xml': True, 'Departed_in_last_36_hours.xml': True, 'Expected_arrivals.xml': True, 'Expected_departures.xml': True}
2025-10-30 20:23:52,565 - vessel_data_pipeline - INFO - VesselDataFetcher initialized. Pipeline enabled: True
2025-10-30 20:23:52,566 - vessel_data_pipeline - INFO - Starting vessel data fetch operation
2025-10-30 20:23:52,566 - vessel_data_pipeline - INFO - Discovering XML files from Hong Kong Marine Department portal
2025-10-30 20:23:52,727 - vessel_data_pipeline - INFO - Verified access to Arrived_in_last_36_hours.xml
2025-10-30 20:23:52,893 - vessel_data_pipeline - INFO - Verified access to Departed_in_last_36_hours.xml
2025-10-30 20:23:53,032 - vessel_data_pipeline - INFO - Verified access to Expected_arrivals.xml
2025-10-30 20:23:53,184 - vessel_data_pipeline - INFO - Verified access to Expected_departures.xml
2025-10-30 20:23:53,184 - vessel_data_pipeline - INFO - Discovered 4 XML files for download
2025-10-30 20:23:53,184 - vessel_data_pipeline - INFO - Downloading Arrived_in_last_36_hours.xml (attempt 1/3)
2025-10-30 20:23:53,357 - vessel_data_pipeline - INFO - File temp_Arrived_in_last_36_hours.xml passed validation checks
2025-10-30 20:23:53,358 - vessel_data_pipeline - INFO - Created backup: Arrived_in_last_36_hours_20251030_202353.xml
2025-10-30 20:23:53,358 - vessel_data_pipeline - INFO - Updated metadata for Arrived_in_last_36_hours.xml
2025-10-30 20:23:53,358 - vessel_data_pipeline - INFO - Successfully downloaded and validated Arrived_in_last_36_hours.xml
2025-10-30 20:23:55,359 - vessel_data_pipeline - INFO - Downloading Departed_in_last_36_hours.xml (attempt 1/3)
2025-10-30 20:23:55,583 - vessel_data_pipeline - INFO - File temp_Departed_in_last_36_hours.xml passed validation checks
2025-10-30 20:23:55,584 - vessel_data_pipeline - INFO - Created backup: Departed_in_last_36_hours_20251030_202355.xml
2025-10-30 20:23:55,584 - vessel_data_pipeline - INFO - Updated metadata for Departed_in_last_36_hours.xml
2025-10-30 20:23:55,584 - vessel_data_pipeline - INFO - Successfully downloaded and validated Departed_in_last_36_hours.xml
2025-10-30 20:23:57,587 - vessel_data_pipeline - INFO - Downloading Expected_arrivals.xml (attempt 1/3)
2025-10-30 20:23:57,732 - vessel_data_pipeline - INFO - File temp_Expected_arrivals.xml passed validation checks
2025-10-30 20:23:57,732 - vessel_data_pipeline - INFO - Created backup: Expected_arrivals_20251030_202357.xml
2025-10-30 20:23:57,732 - vessel_data_pipeline - INFO - Updated metadata for Expected_arrivals.xml
2025-10-30 20:23:57,732 - vessel_data_pipeline - INFO - Successfully downloaded and validated Expected_arrivals.xml
2025-10-30 20:23:59,734 - vessel_data_pipeline - INFO - Downloading Expected_departures.xml (attempt 1/3)
2025-10-30 20:23:59,957 - vessel_data_pipeline - INFO - File temp_Expected_departures.xml passed validation checks
2025-10-30 20:23:59,957 - vessel_data_pipeline - INFO - Created backup: Expected_departures_20251030_202359.xml
2025-10-30 20:23:59,957 - vessel_data_pipeline - INFO - Updated metadata for Expected_departures.xml
2025-10-30 20:23:59,958 - vessel_data_pipeline - INFO - Successfully downloaded and validated Expected_departures.xml
2025-10-30 20:24:01,963 - vessel_data_pipeline - INFO - Fetch operation completed. Results: {'Arrived_in_last_36_hours.xml': True, 'Departed_in_last_36_hours.xml': True, 'Expected_arrivals.xml': True, 'Expected_departures.xml': True}
2025-10-30 20:24:01,972 - vessel_data_pipeline - INFO - VesselDataFetcher initialized. Pipeline enabled: True
2025-10-30 20:24:01,975 - vessel_data_pipeline - INFO - Starting vessel data fetch operation
2025-10-30 20:24:01,975 - vessel_data_pipeline - INFO - Discovering XML files from Hong Kong Marine Department portal
2025-10-30 20:24:02,553 - vessel_data_pipeline - INFO - Verified access to Arrived_in_last_36_hours.xml
2025-10-30 20:24:02,722 - vessel_data_pipeline - INFO - Verified access to Departed_in_last_36_hours.xml
2025-10-30 20:24:02,884 - vessel_data_pipeline - INFO - Verified access to Expected_arrivals.xml
2025-10-30 20:24:03,041 - vessel_data_pipeline - INFO - Verified access to Expected_departures.xml
2025-10-30 20:24:03,042 - vessel_data_pipeline - INFO - Discovered 4 XML files for download
2025-10-30 20:24:03,042 - vessel_data_pipeline - INFO - Downloading Arrived_in_last_36_hours.xml (attempt 1/3)
2025-10-30 20:24:03,224 - vessel_data_pipeline - INFO - File temp_Arrived_in_last_36_hours.xml passed validation checks
2025-10-30 20:24:03,225 - vessel_data_pipeline - INFO - Created backup: Arrived_in_last_36_hours_20251030_202403.xml
2025-10-30 20:24:03,226 - vessel_data_pipeline - INFO - Updated metadata for Arrived_in_last_36_hours.xml
2025-10-30 20:24:03,226 - vessel_data_pipeline - INFO - Successfully downloaded and validated Arrived_in_last_36_hours.xml
2025-10-30 20:24:05,227 - vessel_data_pipeline - INFO - Downloading Departed_in_last_36_hours.xml (attempt 1/3)
2025-10-30 20:24:05,405 - vessel_data_pipeline - INFO - File temp_Departed_in_last_36_hours.xml passed validation checks
2025-10-30 20:24:05,406 - vessel_data_pipeline - INFO - Created backup: Departed_in_last_36_hours_20251030_202405.xml
2025-10-30 20:24:05,406 - vessel_data_pipeline - INFO - Updated metadata for Departed_in_last_36_hours.xml
2025-10-30 20:24:05,406 - vessel_data_pipeline - INFO - Successfully downloaded and validated Departed_in_last_36_hours.xml
2025-10-30 20:24:07,409 - vessel_data_pipeline - INFO - Downloading Expected_arrivals.xml (attempt 1/3)
2025-10-30 20:24:07,579 - vessel_data_pipeline - INFO - File temp_Expected_arrivals.xml passed validation checks
2025-10-30 20:24:07,579 - vessel_data_pipeline - INFO - Created backup: Expected_arrivals_20251030_202407.xml
2025-10-30 20:24:07,579 - vessel_data_pipeline - INFO - Updated metadata for Expected_arrivals.xml
2025-10-30 20:24:07,579 - vessel_data_pipeline - INFO - Successfully downloaded and validated Expected_arrivals.xml
2025-10-30 20:24:09,582 - vessel_data_pipeline - INFO - Downloading Expected_departures.xml (attempt 1/3)
2025-10-30 20:24:09,735 - vessel_data_pipeline - INFO - File temp_Expected_departures.xml passed validation checks
2025-10-30 20:24:09,736 - vessel_data_pipeline - INFO - Created backup: Expected_departures_20251030_202409.xml
2025-10-30 20:24:09,736 - vessel_data_pipeline - INFO - Updated metadata for Expected_departures.xml
2025-10-30 20:24:09,736 - vessel_data_pipeline - INFO - Successfully downloaded and validated Expected_departures.xml
2025-10-30 20:24:11,740 - vessel_data_pipeline - INFO - Fetch operation completed. Results: {'Arrived_in_last_36_hours.xml': True, 'Departed_in_last_36_hours.xml': True, 'Expected_arrivals.xml': True, 'Expected_departures.xml': True}
2025-10-30 20:24:14,698 - vessel_data_pipeline - INFO - VesselDataFetcher initialized. Pipeline enabled: True
2025-10-30 20:24:14,699 - vessel_data_pipeline - INFO - Starting vessel data fetch operation
2025-10-30 20:24:14,699 - vessel_data_pipeline - INFO - Discovering XML files from Hong Kong Marine Department portal
2025-10-30 20:24:14,860 - vessel_data_pipeline - INFO - Verified access to Arrived_in_last_36_hours.xml
2025-10-30 20:24:15,037 - vessel_data_pipeline - INFO - Verified access to Departed_in_last_36_hours.xml
2025-10-30 20:24:15,197 - vessel_data_pipeline - INFO - Verified access to Expected_arrivals.xml
2025-10-30 20:24:15,343 - vessel_data_pipeline - INFO - Verified access to Expected_departures.xml
2025-10-30 20:24:15,343 - vessel_data_pipeline - INFO - Discovered 4 XML files for download
2025-10-30 20:24:15,343 - vessel_data_pipeline - INFO - Downloading Arrived_in_last_36_hours.xml (attempt 1/3)
2025-10-30 20:24:15,507 - vessel_data_pipeline - INFO - File temp_Arrived_in_last_36_hours.xml passed validation checks
2025-10-30 20:24:15,508 - vessel_data_pipeline - INFO - Created backup: Arrived_in_last_36_hours_20251030_202415.xml
2025-10-30 20:24:15,508 - vessel_data_pipeline - INFO - Updated metadata for Arrived_in_last_36_hours.xml
2025-10-30 20:24:15,508 - vessel_data_pipeline - INFO - Successfully downloaded and validated Arrived_in_last_36_hours.xml
2025-10-30 20:24:17,513 - vessel_data_pipeline - INFO - Downloading Departed_in_last_36_hours.xml (attempt 1/3)
2025-10-30 20:24:18,049 - vessel_data_pipeline - INFO - File temp_Departed_in_last_36_hours.xml passed validation checks
2025-10-30 20:24:18,060 - vessel_data_pipeline - INFO - Created backup: Departed_in_last_36_hours_20251030_202418.xml
2025-10-30 20:24:18,061 - vessel_data_pipeline - INFO - Updated metadata for Departed_in_last_36_hours.xml
2025-10-30 20:24:18,065 - vessel_data_pipeline - INFO - Successfully downloaded and validated Departed_in_last_36_hours.xml
2025-10-30 20:24:20,066 - vessel_data_pipeline - INFO - Downloading Expected_arrivals.xml (attempt 1/3)
2025-10-30 20:24:20,245 - vessel_data_pipeline - INFO - File temp_Expected_arrivals.xml passed validation checks
2025-10-30 20:24:20,248 - vessel_data_pipeline - INFO - Created backup: Expected_arrivals_20251030_202420.xml
2025-10-30 20:24:20,249 - vessel_data_pipeline - INFO - Updated metadata for Expected_arrivals.xml
2025-10-30 20:24:20,249 - vessel_data_pipeline - INFO - Successfully downloaded and validated Expected_arrivals.xml
2025-10-30 20:24:22,251 - vessel_data_pipeline - INFO - Downloading Expected_departures.xml (attempt 1/3)
2025-10-30 20:24:22,412 - vessel_data_pipeline - INFO - File temp_Expected_departures.xml passed validation checks
2025-10-30 20:24:22,412 - vessel_data_pipeline - INFO - Created backup: Expected_departures_20251030_202422.xml
2025-10-30 20:24:22,412 - vessel_data_pipeline - INFO - Updated metadata for Expected_departures.xml
2025-10-30 20:24:22,412 - vessel_data_pipeline - INFO - Successfully downloaded and validated Expected_departures.xml
2025-10-30 20:24:24,415 - vessel_data_pipeline - INFO - Fetch operation completed. Results: {'Arrived_in_last_36_hours.xml': True, 'Departed_in_last_36_hours.xml': True, 'Expected_arrivals.xml': True, 'Expected_departures.xml': True}
2025-10-30 20:24:24,423 - vessel_data_pipeline - INFO - VesselDataFetcher initialized. Pipeline enabled: True
2025-10-30 20:24:24,424 - vessel_data_pipeline - INFO - Starting vessel data fetch operation
2025-10-30 20:24:24,424 - vessel_data_pipeline - INFO - Discovering XML files from Hong Kong Marine Department portal
2025-10-30 20:24:24,596 - vessel_data_pipeline - INFO - Verified access to Arrived_in_last_36_hours.xml
2025-10-30 20:24:24,763 - vessel_data_pipeline - INFO - Verified access to Departed_in_last_36_hours.xml
2025-10-30 20:24:24,898 - vessel_data_pipeline - INFO - Verified access to Expected_arrivals.xml
2025-10-30 20:24:25,074 - vessel_data_pipeline - INFO - Verified access to Expected_departures.xml
2025-10-30 20:24:25,074 - vessel_data_pipeline - INFO - Discovered 4 XML files for download
2025-10-30 20:24:25,074 - vessel_data_pipeline - INFO - Downloading Arrived_in_last_36_hours.xml (attempt 1/3)
2025-10-30 20:24:25,224 - vessel_data_pipeline - INFO - File temp_Arrived_in_last_36_hours.xml passed validation checks
2025-10-30 20:24:25,224 - vessel_data_pipeline - INFO - Created backup: Arrived_in_last_36_hours_20251030_202425.xml
2025-10-30 20:24:25,225 - vessel_data_pipeline - INFO - Updated metadata for Arrived_in_last_36_hours.xml
2025-10-30 20:24:25,225 - vessel_data_pipeline - INFO - Successfully downloaded and validated Arrived_in_last_36_hours.xml
2025-10-30 20:24:27,230 - vessel_data_pipeline - INFO - Downloading Departed_in_last_36_hours.xml (attempt 1/3)
2025-10-30 20:24:27,485 - vessel_data_pipeline - INFO - File temp_Departed_in_last_36_hours.xml passed validation checks
2025-10-30 20:24:27,485 - vessel_data_pipeline - INFO - Created backup: Departed_in_last_36_hours_20251030_202427.xml
2025-10-30 20:24:27,486 - vessel_data_pipeline - INFO - Updated metadata for Departed_in_last_36_hours.xml
2025-10-30 20:24:27,486 - vessel_data_pipeline - INFO - Successfully downloaded and validated Departed_in_last_36_hours.xml
2025-10-30 20:24:29,490 - vessel_data_pipeline - INFO - Downloading Expected_arrivals.xml (attempt 1/3)
2025-10-30 20:24:29,627 - vessel_data_pipeline - INFO - File temp_Expected_arrivals.xml passed validation checks
2025-10-30 20:24:29,627 - vessel_data_pipeline - INFO - Created backup: Expected_arrivals_20251030_202429.xml
2025-10-30 20:24:29,628 - vessel_data_pipeline - INFO - Updated metadata for Expected_arrivals.xml
2025-10-30 20:24:29,628 - vessel_data_pipeline - INFO - Successfully downloaded and validated Expected_arrivals.xml
2025-10-30 20:24:31,633 - vessel_data_pipeline - INFO - Downloading Expected_departures.xml (attempt 1/3)
2025-10-30 20:24:31,805 - vessel_data_pipeline - INFO - File temp_Expected_departures.xml passed validation checks
2025-10-30 20:24:31,806 - vessel_data_pipeline - INFO - Created backup: Expected_departures_20251030_202431.xml
2025-10-30 20:24:31,806 - vessel_data_pipeline - INFO - Updated metadata for Expected_departures.xml
2025-10-30 20:24:31,806 - vessel_data_pipeline - INFO - Successfully downloaded and validated Expected_departures.xml
2025-10-30 20:24:33,811 - vessel_data_pipeline - INFO - Fetch operation completed. Results: {'Arrived_in_last_36_hours.xml': True, 'Departed_in_last_36_hours.xml': True, 'Expected_arrivals.xml': True, 'Expected_departures.xml': True}
2025-10-30 20:24:33,822 - vessel_data_pipeline - INFO - VesselDataFetcher initialized. Pipeline enabled: True
2025-10-30 20:24:33,823 - vessel_data_pipeline - INFO - Starting vessel data fetch operation
2025-10-30 20:24:33,823 - vessel_data_pipeline - INFO - Discovering XML files from Hong Kong Marine Department portal
2025-10-30 20:24:33,995 - vessel_data_pipeline - INFO - Verified access to Arrived_in_last_36_hours.xml
2025-10-30 20:24:34,171 - vessel_data_pipeline - INFO - Verified access to Departed_in_last_36_hours.xml
2025-10-30 20:24:34,294 - vessel_data_pipeline - INFO - Verified access to Expected_arrivals.xml
2025-10-30 20:24:34,420 - vessel_data_pipeline - INFO - Verified access to Expected_departures.xml
2025-10-30 20:24:34,420 - vessel_data_pipeline - INFO - Discovered 4 XML files for download
2025-10-30 20:24:34,420 - vessel_data_pipeline - INFO - Downloading Arrived_in_last_36_hours.xml (attempt 1/3)
2025-10-30 20:24:34,578 - vessel_data_pipeline - INFO - File temp_Arrived_in_last_36_hours.xml passed validation checks
2025-10-30 20:24:34,578 - vessel_data_pipeline - INFO - Created backup: Arrived_in_last_36_hours_20251030_202434.xml
2025-10-30 20:24:34,578 - vessel_data_pipeline - INFO - Updated metadata for Arrived_in_last_36_hours.xml
2025-10-30 20:24:34,578 - vessel_data_pipeline - INFO - Successfully downloaded and validated Arrived_in_last_36_hours.xml
2025-10-30 20:24:36,583 - vessel_data_pipeline - INFO - Downloading Departed_in_last_36_hours.xml (attempt 1/3)
2025-10-30 20:24:36,756 - vessel_data_pipeline - INFO - File temp_Departed_in_last_36_hours.xml passed validation checks
2025-10-30 20:24:36,757 - vessel_data_pipeline - INFO - Created backup: Departed_in_last_36_hours_20251030_202436.xml
2025-10-30 20:24:36,757 - vessel_data_pipeline - INFO - Updated metadata for Departed_in_last_36_hours.xml
2025-10-30 20:24:36,757 - vessel_data_pipeline - INFO - Successfully downloaded and validated Departed_in_last_36_hours.xml
2025-10-30 20:24:38,762 - vessel_data_pipeline - INFO - Downloading Expected_arrivals.xml (attempt 1/3)
2025-10-30 20:24:38,919 - vessel_data_pipeline - INFO - File temp_Expected_arrivals.xml passed validation checks
2025-10-30 20:24:38,920 - vessel_data_pipeline - INFO - Created backup: Expected_arrivals_20251030_202438.xml
2025-10-30 20:24:38,920 - vessel_data_pipeline - INFO - Updated metadata for Expected_arrivals.xml
2025-10-30 20:24:38,920 - vessel_data_pipeline - INFO - Successfully downloaded and validated Expected_arrivals.xml
2025-10-30 20:24:40,925 - vessel_data_pipeline - INFO - Downloading Expected_departures.xml (attempt 1/3)
2025-10-30 20:24:41,076 - vessel_data_pipeline - INFO - File temp_Expected_departures.xml passed validation checks
2025-10-30 20:24:41,076 - vessel_data_pipeline - INFO - Created backup: Expected_departures_20251030_202441.xml
2025-10-30 20:24:41,076 - vessel_data_pipeline - INFO - Updated metadata for Expected_departures.xml
2025-10-30 20:24:41,076 - vessel_data_pipeline - INFO - Successfully downloaded and validated Expected_departures.xml
2025-10-30 20:24:43,082 - vessel_data_pipeline - INFO - Fetch operation completed. Results: {'Arrived_in_last_36_hours.xml': True, 'Departed_in_last_36_hours.xml': True, 'Expected_arrivals.xml': True, 'Expected_departures.xml': True}
2025-10-30 20:24:43,088 - vessel_data_pipeline - INFO - VesselDataFetcher initialized. Pipeline enabled: True
2025-10-30 20:24:43,089 - vessel_data_pipeline - INFO - Starting vessel data fetch operation
2025-10-30 20:24:43,089 - vessel_data_pipeline - INFO - Discovering XML files from Hong Kong Marine Department portal
2025-10-30 20:24:43,280 - vessel_data_pipeline - INFO - Verified access to Arrived_in_last_36_hours.xml
2025-10-30 20:24:43,441 - vessel_data_pipeline - INFO - Verified access to Departed_in_last_36_hours.xml
2025-10-30 20:24:43,752 - vessel_data_pipeline - INFO - Verified access to Expected_arrivals.xml
2025-10-30 20:24:43,894 - vessel_data_pipeline - INFO - Verified access to Expected_departures.xml
2025-10-30 20:24:43,894 - vessel_data_pipeline - INFO - Discovered 4 XML files for download
2025-10-30 20:24:43,894 - vessel_data_pipeline - INFO - Downloading Arrived_in_last_36_hours.xml (attempt 1/3)
2025-10-30 20:24:44,077 - vessel_data_pipeline - INFO - File temp_Arrived_in_last_36_hours.xml passed validation checks
2025-10-30 20:24:44,078 - vessel_data_pipeline - INFO - Created backup: Arrived_in_last_36_hours_20251030_202444.xml
2025-10-30 20:24:44,079 - vessel_data_pipeline - INFO - Updated metadata for Arrived_in_last_36_hours.xml
2025-10-30 20:24:44,079 - vessel_data_pipeline - INFO - Successfully downloaded and validated Arrived_in_last_36_hours.xml
2025-10-30 20:24:46,084 - vessel_data_pipeline - INFO - Downloading Departed_in_last_36_hours.xml (attempt 1/3)
2025-10-30 20:24:46,277 - vessel_data_pipeline - INFO - File temp_Departed_in_last_36_hours.xml passed validation checks
2025-10-30 20:24:46,277 - vessel_data_pipeline - INFO - Created backup: Departed_in_last_36_hours_20251030_202446.xml
2025-10-30 20:24:46,277 - vessel_data_pipeline - INFO - Updated metadata for Departed_in_last_36_hours.xml
2025-10-30 20:24:46,277 - vessel_data_pipeline - INFO - Successfully downloaded and validated Departed_in_last_36_hours.xml
2025-10-30 20:24:48,283 - vessel_data_pipeline - INFO - Downloading Expected_arrivals.xml (attempt 1/3)
2025-10-30 20:24:48,454 - vessel_data_pipeline - INFO - File temp_Expected_arrivals.xml passed validation checks
2025-10-30 20:24:48,454 - vessel_data_pipeline - INFO - Created backup: Expected_arrivals_20251030_202448.xml
2025-10-30 20:24:48,454 - vessel_data_pipeline - INFO - Updated metadata for Expected_arrivals.xml
2025-10-30 20:24:48,454 - vessel_data_pipeline - INFO - Successfully downloaded and validated Expected_arrivals.xml
2025-10-30 20:24:50,460 - vessel_data_pipeline - INFO - Downloading Expected_departures.xml (attempt 1/3)
2025-10-30 20:24:50,684 - vessel_data_pipeline - INFO - File temp_Expected_departures.xml passed validation checks
2025-10-30 20:24:50,685 - vessel_data_pipeline - INFO - Created backup: Expected_departures_20251030_202450.xml
2025-10-30 20:24:50,685 - vessel_data_pipeline - INFO - Updated metadata for Expected_departures.xml
2025-10-30 20:24:50,685 - vessel_data_pipeline - INFO - Successfully downloaded and validated Expected_departures.xml
2025-10-30 20:24:52,690 - vessel_data_pipeline - INFO - Fetch operation completed. Results: {'Arrived_in_last_36_hours.xml': True, 'Departed_in_last_36_hours.xml': True, 'Expected_arrivals.xml': True, 'Expected_departures.xml': True}
2025-10-30 20:25:22,095 - vessel_data_pipeline - INFO - VesselDataFetcher initialized. Pipeline enabled: True
2025-10-30 20:25:22,096 - vessel_data_pipeline - INFO - Starting vessel data fetch operation
2025-10-30 20:25:22,096 - vessel_data_pipeline - INFO - Discovering XML files from Hong Kong Marine Department portal
2025-10-30 20:25:22,398 - vessel_data_pipeline - INFO - Verified access to Arrived_in_last_36_hours.xml
2025-10-30 20:25:22,770 - vessel_data_pipeline - INFO - Verified access to Departed_in_last_36_hours.xml
2025-10-30 20:25:22,980 - vessel_data_pipeline - INFO - Verified access to Expected_arrivals.xml
2025-10-30 20:25:23,188 - vessel_data_pipeline - INFO - Verified access to Expected_departures.xml
2025-10-30 20:25:23,188 - vessel_data_pipeline - INFO - Discovered 4 XML files for download
2025-10-30 20:25:23,189 - vessel_data_pipeline - INFO - Downloading Arrived_in_last_36_hours.xml (attempt 1/3)
2025-10-30 20:25:23,271 - vessel_data_pipeline - INFO - File temp_Arrived_in_last_36_hours.xml passed validation checks
2025-10-30 20:25:23,273 - vessel_data_pipeline - INFO - Created backup: Arrived_in_last_36_hours_20251030_202523.xml
2025-10-30 20:25:23,274 - vessel_data_pipeline - INFO - Updated metadata for Arrived_in_last_36_hours.xml
2025-10-30 20:25:23,274 - vessel_data_pipeline - INFO - Successfully downloaded and validated Arrived_in_last_36_hours.xml
2025-10-30 20:25:25,276 - vessel_data_pipeline - INFO - Downloading Departed_in_last_36_hours.xml (attempt 1/3)
2025-10-30 20:25:25,378 - vessel_data_pipeline - INFO - File temp_Departed_in_last_36_hours.xml passed validation checks
2025-10-30 20:25:25,379 - vessel_data_pipeline - INFO - Created backup: Departed_in_last_36_hours_20251030_202525.xml
2025-10-30 20:25:25,379 - vessel_data_pipeline - INFO - Updated metadata for Departed_in_last_36_hours.xml
2025-10-30 20:25:25,379 - vessel_data_pipeline - INFO - Successfully downloaded and validated Departed_in_last_36_hours.xml
2025-10-30 20:25:27,384 - vessel_data_pipeline - INFO - Downloading Expected_arrivals.xml (attempt 1/3)
2025-10-30 20:25:27,437 - vessel_data_pipeline - INFO - File temp_Expected_arrivals.xml passed validation checks
2025-10-30 20:25:27,438 - vessel_data_pipeline - INFO - Created backup: Expected_arrivals_20251030_202527.xml
2025-10-30 20:25:27,438 - vessel_data_pipeline - INFO - Updated metadata for Expected_arrivals.xml
2025-10-30 20:25:27,438 - vessel_data_pipeline - INFO - Successfully downloaded and validated Expected_arrivals.xml
2025-10-30 20:25:29,442 - vessel_data_pipeline - INFO - Downloading Expected_departures.xml (attempt 1/3)
2025-10-30 20:25:29,505 - vessel_data_pipeline - INFO - File temp_Expected_departures.xml passed validation checks
2025-10-30 20:25:29,506 - vessel_data_pipeline - INFO - Created backup: Expected_departures_20251030_202529.xml
2025-10-30 20:25:29,506 - vessel_data_pipeline - INFO - Updated metadata for Expected_departures.xml
2025-10-30 20:25:29,506 - vessel_data_pipeline - INFO - Successfully downloaded and validated Expected_departures.xml
2025-10-30 20:25:31,511 - vessel_data_pipeline - INFO - Fetch operation completed. Results: {'Arrived_in_last_36_hours.xml': True, 'Departed_in_last_36_hours.xml': True, 'Expected_arrivals.xml': True, 'Expected_departures.xml': True}
2025-10-30 20:25:31,762 - vessel_data_pipeline - INFO - VesselDataFetcher initialized. Pipeline enabled: True
2025-10-30 20:25:31,762 - vessel_data_pipeline - INFO - Starting vessel data fetch operation
2025-10-30 20:25:31,762 - vessel_data_pipeline - INFO - Discovering XML files from Hong Kong Marine Department portal
2025-10-30 20:25:31,863 - vessel_data_pipeline - INFO - Verified access to Arrived_in_last_36_hours.xml
2025-10-30 20:25:31,903 - vessel_data_pipeline - INFO - Verified access to Departed_in_last_36_hours.xml
2025-10-30 20:25:31,943 - vessel_data_pipeline - INFO - Verified access to Expected_arrivals.xml
2025-10-30 20:25:32,016 - vessel_data_pipeline - INFO - Verified access to Expected_departures.xml
2025-10-30 20:25:32,017 - vessel_data_pipeline - INFO - Discovered 4 XML files for download
2025-10-30 20:25:32,017 - vessel_data_pipeline - INFO - Downloading Arrived_in_last_36_hours.xml (attempt 1/3)
2025-10-30 20:25:32,120 - vessel_data_pipeline - INFO - File temp_Arrived_in_last_36_hours.xml passed validation checks
2025-10-30 20:25:32,121 - vessel_data_pipeline - INFO - Created backup: Arrived_in_last_36_hours_20251030_202532.xml
2025-10-30 20:25:32,121 - vessel_data_pipeline - INFO - Updated metadata for Arrived_in_last_36_hours.xml
2025-10-30 20:25:32,121 - vessel_data_pipeline - INFO - Successfully downloaded and validated Arrived_in_last_36_hours.xml
2025-10-30 20:25:34,126 - vessel_data_pipeline - INFO - Downloading Departed_in_last_36_hours.xml (attempt 1/3)
2025-10-30 20:25:34,197 - vessel_data_pipeline - INFO - File temp_Departed_in_last_36_hours.xml passed validation checks
2025-10-30 20:25:34,198 - vessel_data_pipeline - INFO - Created backup: Departed_in_last_36_hours_20251030_202534.xml
2025-10-30 20:25:34,198 - vessel_data_pipeline - INFO - Updated metadata for Departed_in_last_36_hours.xml
2025-10-30 20:25:34,198 - vessel_data_pipeline - INFO - Successfully downloaded and validated Departed_in_last_36_hours.xml
2025-10-30 20:25:36,204 - vessel_data_pipeline - INFO - Downloading Expected_arrivals.xml (attempt 1/3)
2025-10-30 20:25:36,253 - vessel_data_pipeline - INFO - File temp_Expected_arrivals.xml passed validation checks
2025-10-30 20:25:36,254 - vessel_data_pipeline - INFO - Created backup: Expected_arrivals_20251030_202536.xml
2025-10-30 20:25:36,254 - vessel_data_pipeline - INFO - Updated metadata for Expected_arrivals.xml
2025-10-30 20:25:36,254 - vessel_data_pipeline - INFO - Successfully downloaded and validated Expected_arrivals.xml
2025-10-30 20:25:38,259 - vessel_data_pipeline - INFO - Downloading Expected_departures.xml (attempt 1/3)
2025-10-30 20:25:38,346 - vessel_data_pipeline - INFO - File temp_Expected_departures.xml passed validation checks
2025-10-30 20:25:38,346 - vessel_data_pipeline - INFO - Created backup: Expected_departures_20251030_202538.xml
2025-10-30 20:25:38,346 - vessel_data_pipeline - INFO - Updated metadata for Expected_departures.xml
2025-10-30 20:25:38,346 - vessel_data_pipeline - INFO - Successfully downloaded and validated Expected_departures.xml
2025-10-30 20:25:40,349 - vessel_data_pipeline - INFO - Fetch operation completed. Results: {'Arrived_in_last_36_hours.xml': True, 'Departed_in_last_36_hours.xml': True, 'Expected_arrivals.xml': True, 'Expected_departures.xml': True}
2025-10-30 20:25:40,357 - vessel_data_pipeline - INFO - VesselDataFetcher initialized. Pipeline enabled: True
2025-10-30 20:25:40,360 - vessel_data_pipeline - INFO - Starting vessel data fetch operation
2025-10-30 20:25:40,360 - vessel_data_pipeline - INFO - Discovering XML files from Hong Kong Marine Department portal
2025-10-30 20:25:40,440 - vessel_data_pipeline - INFO - Verified access to Arrived_in_last_36_hours.xml
2025-10-30 20:25:40,482 - vessel_data_pipeline - INFO - Verified access to Departed_in_last_36_hours.xml
2025-10-30 20:25:40,544 - vessel_data_pipeline - INFO - Verified access to Expected_arrivals.xml
2025-10-30 20:25:40,584 - vessel_data_pipeline - INFO - Verified access to Expected_departures.xml
2025-10-30 20:25:40,585 - vessel_data_pipeline - INFO - Discovered 4 XML files for download
2025-10-30 20:25:40,585 - vessel_data_pipeline - INFO - Downloading Arrived_in_last_36_hours.xml (attempt 1/3)
2025-10-30 20:25:40,673 - vessel_data_pipeline - INFO - File temp_Arrived_in_last_36_hours.xml passed validation checks
2025-10-30 20:25:40,694 - vessel_data_pipeline - INFO - Created backup: Arrived_in_last_36_hours_20251030_202540.xml
2025-10-30 20:25:40,699 - vessel_data_pipeline - INFO - Updated metadata for Arrived_in_last_36_hours.xml
2025-10-30 20:25:40,704 - vessel_data_pipeline - INFO - Successfully downloaded and validated Arrived_in_last_36_hours.xml
2025-10-30 20:25:42,705 - vessel_data_pipeline - INFO - Downloading Departed_in_last_36_hours.xml (attempt 1/3)
2025-10-30 20:25:42,785 - vessel_data_pipeline - INFO - File temp_Departed_in_last_36_hours.xml passed validation checks
2025-10-30 20:25:42,785 - vessel_data_pipeline - INFO - Created backup: Departed_in_last_36_hours_20251030_202542.xml
2025-10-30 20:25:42,786 - vessel_data_pipeline - INFO - Updated metadata for Departed_in_last_36_hours.xml
2025-10-30 20:25:42,786 - vessel_data_pipeline - INFO - Successfully downloaded and validated Departed_in_last_36_hours.xml
2025-10-30 20:25:44,788 - vessel_data_pipeline - INFO - Downloading Expected_arrivals.xml (attempt 1/3)
2025-10-30 20:25:44,929 - vessel_data_pipeline - INFO - File temp_Expected_arrivals.xml passed validation checks
2025-10-30 20:25:44,930 - vessel_data_pipeline - INFO - Created backup: Expected_arrivals_20251030_202544.xml
2025-10-30 20:25:44,930 - vessel_data_pipeline - INFO - Updated metadata for Expected_arrivals.xml
2025-10-30 20:25:44,930 - vessel_data_pipeline - INFO - Successfully downloaded and validated Expected_arrivals.xml
2025-10-30 20:25:46,935 - vessel_data_pipeline - INFO - Downloading Expected_departures.xml (attempt 1/3)
2025-10-30 20:25:46,986 - vessel_data_pipeline - INFO - File temp_Expected_departures.xml passed validation checks
2025-10-30 20:25:46,987 - vessel_data_pipeline - INFO - Created backup: Expected_departures_20251030_202546.xml
2025-10-30 20:25:46,987 - vessel_data_pipeline - INFO - Updated metadata for Expected_departures.xml
2025-10-30 20:25:46,987 - vessel_data_pipeline - INFO - Successfully downloaded and validated Expected_departures.xml
2025-10-30 20:25:48,989 - vessel_data_pipeline - INFO - Fetch operation completed. Results: {'Arrived_in_last_36_hours.xml': True, 'Departed_in_last_36_hours.xml': True, 'Expected_arrivals.xml': True, 'Expected_departures.xml': True}
2025-10-30 20:25:51,938 - vessel_data_pipeline - INFO - VesselDataFetcher initialized. Pipeline enabled: True
2025-10-30 20:25:51,938 - vessel_data_pipeline - INFO - Starting vessel data fetch operation
2025-10-30 20:25:51,938 - vessel_data_pipeline - INFO - Discovering XML files from Hong Kong Marine Department portal
2025-10-30 20:25:52,009 - vessel_data_pipeline - INFO - Verified access to Arrived_in_last_36_hours.xml
2025-10-30 20:25:52,041 - vessel_data_pipeline - INFO - Verified access to Departed_in_last_36_hours.xml
2025-10-30 20:25:52,102 - vessel_data_pipeline - INFO - Verified access to Expected_arrivals.xml
2025-10-30 20:25:52,137 - vessel_data_pipeline - INFO - Verified access to Expected_departures.xml
2025-10-30 20:25:52,137 - vessel_data_pipeline - INFO - Discovered 4 XML files for download
2025-10-30 20:25:52,137 - vessel_data_pipeline - INFO - Downloading Arrived_in_last_36_hours.xml (attempt 1/3)
2025-10-30 20:25:52,182 - vessel_data_pipeline - INFO - File temp_Arrived_in_last_36_hours.xml passed validation checks
2025-10-30 20:25:52,182 - vessel_data_pipeline - INFO - Created backup: Arrived_in_last_36_hours_20251030_202552.xml
2025-10-30 20:25:52,183 - vessel_data_pipeline - INFO - Updated metadata for Arrived_in_last_36_hours.xml
2025-10-30 20:25:52,183 - vessel_data_pipeline - INFO - Successfully downloaded and validated Arrived_in_last_36_hours.xml
2025-10-30 20:25:54,187 - vessel_data_pipeline - INFO - Downloading Departed_in_last_36_hours.xml (attempt 1/3)
2025-10-30 20:25:54,282 - vessel_data_pipeline - INFO - File temp_Departed_in_last_36_hours.xml passed validation checks
2025-10-30 20:25:54,283 - vessel_data_pipeline - INFO - Created backup: Departed_in_last_36_hours_20251030_202554.xml
2025-10-30 20:25:54,283 - vessel_data_pipeline - INFO - Updated metadata for Departed_in_last_36_hours.xml
2025-10-30 20:25:54,283 - vessel_data_pipeline - INFO - Successfully downloaded and validated Departed_in_last_36_hours.xml
2025-10-30 20:25:56,288 - vessel_data_pipeline - INFO - Downloading Expected_arrivals.xml (attempt 1/3)
2025-10-30 20:25:56,349 - vessel_data_pipeline - INFO - File temp_Expected_arrivals.xml passed validation checks
2025-10-30 20:25:56,370 - vessel_data_pipeline - INFO - Created backup: Expected_arrivals_20251030_202556.xml
2025-10-30 20:25:56,379 - vessel_data_pipeline - INFO - Updated metadata for Expected_arrivals.xml
2025-10-30 20:25:56,380 - vessel_data_pipeline - INFO - Successfully downloaded and validated Expected_arrivals.xml
2025-10-30 20:25:58,379 - vessel_data_pipeline - INFO - Downloading Expected_departures.xml (attempt 1/3)
2025-10-30 20:25:58,434 - vessel_data_pipeline - INFO - File temp_Expected_departures.xml passed validation checks
2025-10-30 20:25:58,435 - vessel_data_pipeline - INFO - Created backup: Expected_departures_20251030_202558.xml
2025-10-30 20:25:58,435 - vessel_data_pipeline - INFO - Updated metadata for Expected_departures.xml
2025-10-30 20:25:58,435 - vessel_data_pipeline - INFO - Successfully downloaded and validated Expected_departures.xml
2025-10-30 20:26:00,439 - vessel_data_pipeline - INFO - Fetch operation completed. Results: {'Arrived_in_last_36_hours.xml': True, 'Departed_in_last_36_hours.xml': True, 'Expected_arrivals.xml': True, 'Expected_departures.xml': True}
2025-10-30 20:26:00,451 - vessel_data_pipeline - INFO - VesselDataFetcher initialized. Pipeline enabled: True
2025-10-30 20:26:00,452 - vessel_data_pipeline - INFO - Starting vessel data fetch operation
2025-10-30 20:26:00,452 - vessel_data_pipeline - INFO - Discovering XML files from Hong Kong Marine Department portal
2025-10-30 20:26:00,544 - vessel_data_pipeline - INFO - Verified access to Arrived_in_last_36_hours.xml
2025-10-30 20:26:00,583 - vessel_data_pipeline - INFO - Verified access to Departed_in_last_36_hours.xml
2025-10-30 20:26:00,617 - vessel_data_pipeline - INFO - Verified access to Expected_arrivals.xml
2025-10-30 20:26:00,774 - vessel_data_pipeline - INFO - Verified access to Expected_departures.xml
2025-10-30 20:26:00,774 - vessel_data_pipeline - INFO - Discovered 4 XML files for download
2025-10-30 20:26:00,775 - vessel_data_pipeline - INFO - Downloading Arrived_in_last_36_hours.xml (attempt 1/3)
2025-10-30 20:26:00,825 - vessel_data_pipeline - INFO - File temp_Arrived_in_last_36_hours.xml passed validation checks
2025-10-30 20:26:00,826 - vessel_data_pipeline - INFO - Created backup: Arrived_in_last_36_hours_20251030_202600.xml
2025-10-30 20:26:00,826 - vessel_data_pipeline - INFO - Updated metadata for Arrived_in_last_36_hours.xml
2025-10-30 20:26:00,826 - vessel_data_pipeline - INFO - Successfully downloaded and validated Arrived_in_last_36_hours.xml
2025-10-30 20:26:02,829 - vessel_data_pipeline - INFO - Downloading Departed_in_last_36_hours.xml (attempt 1/3)
2025-10-30 20:26:02,900 - vessel_data_pipeline - INFO - File temp_Departed_in_last_36_hours.xml passed validation checks
2025-10-30 20:26:02,901 - vessel_data_pipeline - INFO - Created backup: Departed_in_last_36_hours_20251030_202602.xml
2025-10-30 20:26:02,901 - vessel_data_pipeline - INFO - Updated metadata for Departed_in_last_36_hours.xml
2025-10-30 20:26:02,901 - vessel_data_pipeline - INFO - Successfully downloaded and validated Departed_in_last_36_hours.xml
2025-10-30 20:26:04,905 - vessel_data_pipeline - INFO - Downloading Expected_arrivals.xml (attempt 1/3)
2025-10-30 20:26:04,955 - vessel_data_pipeline - INFO - File temp_Expected_arrivals.xml passed validation checks
2025-10-30 20:26:04,955 - vessel_data_pipeline - INFO - Created backup: Expected_arrivals_20251030_202604.xml
2025-10-30 20:26:04,956 - vessel_data_pipeline - INFO - Updated metadata for Expected_arrivals.xml
2025-10-30 20:26:04,956 - vessel_data_pipeline - INFO - Successfully downloaded and validated Expected_arrivals.xml
2025-10-30 20:26:06,956 - vessel_data_pipeline - INFO - Downloading Expected_departures.xml (attempt 1/3)
2025-10-30 20:26:07,030 - vessel_data_pipeline - INFO - File temp_Expected_departures.xml passed validation checks
2025-10-30 20:26:07,031 - vessel_data_pipeline - INFO - Created backup: Expected_departures_20251030_202607.xml
2025-10-30 20:26:07,031 - vessel_data_pipeline - INFO - Updated metadata for Expected_departures.xml
2025-10-30 20:26:07,031 - vessel_data_pipeline - INFO - Successfully downloaded and validated Expected_departures.xml
2025-10-30 20:26:09,036 - vessel_data_pipeline - INFO - Fetch operation completed. Results: {'Arrived_in_last_36_hours.xml': True, 'Departed_in_last_36_hours.xml': True, 'Expected_arrivals.xml': True, 'Expected_departures.xml': True}
2025-10-30 20:26:09,046 - vessel_data_pipeline - INFO - VesselDataFetcher initialized. Pipeline enabled: True
2025-10-30 20:26:09,046 - vessel_data_pipeline - INFO - Starting vessel data fetch operation
2025-10-30 20:26:09,046 - vessel_data_pipeline - INFO - Discovering XML files from Hong Kong Marine Department portal
2025-10-30 20:26:09,108 - vessel_data_pipeline - INFO - Verified access to Arrived_in_last_36_hours.xml
2025-10-30 20:26:09,138 - vessel_data_pipeline - INFO - Verified access to Departed_in_last_36_hours.xml
2025-10-30 20:26:09,263 - vessel_data_pipeline - INFO - Verified access to Expected_arrivals.xml
2025-10-30 20:26:09,455 - vessel_data_pipeline - INFO - Verified access to Expected_departures.xml
2025-10-30 20:26:09,455 - vessel_data_pipeline - INFO - Discovered 4 XML files for download
2025-10-30 20:26:09,455 - vessel_data_pipeline - INFO - Downloading Arrived_in_last_36_hours.xml (attempt 1/3)
2025-10-30 20:26:09,806 - vessel_data_pipeline - INFO - File temp_Arrived_in_last_36_hours.xml passed validation checks
2025-10-30 20:26:09,806 - vessel_data_pipeline - INFO - Created backup: Arrived_in_last_36_hours_20251030_202609.xml
2025-10-30 20:26:09,807 - vessel_data_pipeline - INFO - Updated metadata for Arrived_in_last_36_hours.xml
2025-10-30 20:26:09,807 - vessel_data_pipeline - INFO - Successfully downloaded and validated Arrived_in_last_36_hours.xml
2025-10-30 20:26:11,815 - vessel_data_pipeline - INFO - Downloading Departed_in_last_36_hours.xml (attempt 1/3)
2025-10-30 20:26:11,917 - vessel_data_pipeline - INFO - File temp_Departed_in_last_36_hours.xml passed validation checks
2025-10-30 20:26:11,929 - vessel_data_pipeline - INFO - Created backup: Departed_in_last_36_hours_20251030_202611.xml
2025-10-30 20:26:11,947 - vessel_data_pipeline - INFO - Updated metadata for Departed_in_last_36_hours.xml
2025-10-30 20:26:11,948 - vessel_data_pipeline - INFO - Successfully downloaded and validated Departed_in_last_36_hours.xml
2025-10-30 20:26:13,949 - vessel_data_pipeline - INFO - Downloading Expected_arrivals.xml (attempt 1/3)
2025-10-30 20:26:14,002 - vessel_data_pipeline - INFO - File temp_Expected_arrivals.xml passed validation checks
2025-10-30 20:26:14,002 - vessel_data_pipeline - INFO - Created backup: Expected_arrivals_20251030_202614.xml
2025-10-30 20:26:14,003 - vessel_data_pipeline - INFO - Updated metadata for Expected_arrivals.xml
2025-10-30 20:26:14,003 - vessel_data_pipeline - INFO - Successfully downloaded and validated Expected_arrivals.xml
2025-10-30 20:26:16,004 - vessel_data_pipeline - INFO - Downloading Expected_departures.xml (attempt 1/3)
2025-10-30 20:26:16,079 - vessel_data_pipeline - INFO - File temp_Expected_departures.xml passed validation checks
2025-10-30 20:26:16,079 - vessel_data_pipeline - INFO - Created backup: Expected_departures_20251030_202616.xml
2025-10-30 20:26:16,079 - vessel_data_pipeline - INFO - Updated metadata for Expected_departures.xml
2025-10-30 20:26:16,079 - vessel_data_pipeline - INFO - Successfully downloaded and validated Expected_departures.xml
2025-10-30 20:26:18,082 - vessel_data_pipeline - INFO - Fetch operation completed. Results: {'Arrived_in_last_36_hours.xml': True, 'Departed_in_last_36_hours.xml': True, 'Expected_arrivals.xml': True, 'Expected_departures.xml': True}
2025-10-30 20:26:18,087 - vessel_data_pipeline - INFO - VesselDataFetcher initialized. Pipeline enabled: True
2025-10-30 20:26:18,088 - vessel_data_pipeline - INFO - Starting vessel data fetch operation
2025-10-30 20:26:18,088 - vessel_data_pipeline - INFO - Discovering XML files from Hong Kong Marine Department portal
2025-10-30 20:26:18,145 - vessel_data_pipeline - INFO - Verified access to Arrived_in_last_36_hours.xml
2025-10-30 20:26:18,184 - vessel_data_pipeline - INFO - Verified access to Departed_in_last_36_hours.xml
2025-10-30 20:26:18,218 - vessel_data_pipeline - INFO - Verified access to Expected_arrivals.xml
2025-10-30 20:26:18,280 - vessel_data_pipeline - INFO - Verified access to Expected_departures.xml
2025-10-30 20:26:18,280 - vessel_data_pipeline - INFO - Discovered 4 XML files for download
2025-10-30 20:26:18,280 - vessel_data_pipeline - INFO - Downloading Arrived_in_last_36_hours.xml (attempt 1/3)
2025-10-30 20:26:18,329 - vessel_data_pipeline - INFO - File temp_Arrived_in_last_36_hours.xml passed validation checks
2025-10-30 20:26:18,329 - vessel_data_pipeline - INFO - Created backup: Arrived_in_last_36_hours_20251030_202618.xml
2025-10-30 20:26:18,330 - vessel_data_pipeline - INFO - Updated metadata for Arrived_in_last_36_hours.xml
2025-10-30 20:26:18,330 - vessel_data_pipeline - INFO - Successfully downloaded and validated Arrived_in_last_36_hours.xml
2025-10-30 20:26:20,330 - vessel_data_pipeline - INFO - Downloading Departed_in_last_36_hours.xml (attempt 1/3)
2025-10-30 20:26:20,389 - vessel_data_pipeline - INFO - File temp_Departed_in_last_36_hours.xml passed validation checks
2025-10-30 20:26:20,390 - vessel_data_pipeline - INFO - Created backup: Departed_in_last_36_hours_20251030_202620.xml
2025-10-30 20:26:20,390 - vessel_data_pipeline - INFO - Updated metadata for Departed_in_last_36_hours.xml
2025-10-30 20:26:20,390 - vessel_data_pipeline - INFO - Successfully downloaded and validated Departed_in_last_36_hours.xml
2025-10-30 20:26:22,395 - vessel_data_pipeline - INFO - Downloading Expected_arrivals.xml (attempt 1/3)
2025-10-30 20:26:22,439 - vessel_data_pipeline - INFO - File temp_Expected_arrivals.xml passed validation checks
2025-10-30 20:26:22,440 - vessel_data_pipeline - INFO - Created backup: Expected_arrivals_20251030_202622.xml
2025-10-30 20:26:22,440 - vessel_data_pipeline - INFO - Updated metadata for Expected_arrivals.xml
2025-10-30 20:26:22,440 - vessel_data_pipeline - INFO - Successfully downloaded and validated Expected_arrivals.xml
2025-10-30 20:26:24,444 - vessel_data_pipeline - INFO - Downloading Expected_departures.xml (attempt 1/3)
2025-10-30 20:26:24,520 - vessel_data_pipeline - INFO - File temp_Expected_departures.xml passed validation checks
2025-10-30 20:26:24,520 - vessel_data_pipeline - INFO - Created backup: Expected_departures_20251030_202624.xml
2025-10-30 20:26:24,521 - vessel_data_pipeline - INFO - Updated metadata for Expected_departures.xml
2025-10-30 20:26:24,521 - vessel_data_pipeline - INFO - Successfully downloaded and validated Expected_departures.xml
2025-10-30 20:26:26,526 - vessel_data_pipeline - INFO - Fetch operation completed. Results: {'Arrived_in_last_36_hours.xml': True, 'Departed_in_last_36_hours.xml': True, 'Expected_arrivals.xml': True, 'Expected_departures.xml': True}
2025-10-30 20:26:56,013 - vessel_data_pipeline - INFO - VesselDataFetcher initialized. Pipeline enabled: True
2025-10-30 20:26:56,014 - vessel_data_pipeline - INFO - Starting vessel data fetch operation
2025-10-30 20:26:56,014 - vessel_data_pipeline - INFO - Discovering XML files from Hong Kong Marine Department portal
2025-10-30 20:26:56,121 - vessel_data_pipeline - INFO - Verified access to Arrived_in_last_36_hours.xml
2025-10-30 20:26:56,176 - vessel_data_pipeline - INFO - Verified access to Departed_in_last_36_hours.xml
2025-10-30 20:26:56,287 - vessel_data_pipeline - INFO - Verified access to Expected_arrivals.xml
2025-10-30 20:26:56,361 - vessel_data_pipeline - INFO - Verified access to Expected_departures.xml
2025-10-30 20:26:56,361 - vessel_data_pipeline - INFO - Discovered 4 XML files for download
2025-10-30 20:26:56,361 - vessel_data_pipeline - INFO - Downloading Arrived_in_last_36_hours.xml (attempt 1/3)
2025-10-30 20:26:56,437 - vessel_data_pipeline - INFO - File temp_Arrived_in_last_36_hours.xml passed validation checks
2025-10-30 20:26:56,439 - vessel_data_pipeline - INFO - Created backup: Arrived_in_last_36_hours_20251030_202656.xml
2025-10-30 20:26:56,439 - vessel_data_pipeline - INFO - Updated metadata for Arrived_in_last_36_hours.xml
2025-10-30 20:26:56,439 - vessel_data_pipeline - INFO - Successfully downloaded and validated Arrived_in_last_36_hours.xml
2025-10-30 20:26:58,441 - vessel_data_pipeline - INFO - Downloading Departed_in_last_36_hours.xml (attempt 1/3)
2025-10-30 20:26:58,506 - vessel_data_pipeline - INFO - File temp_Departed_in_last_36_hours.xml passed validation checks
2025-10-30 20:26:58,507 - vessel_data_pipeline - INFO - Created backup: Departed_in_last_36_hours_20251030_202658.xml
2025-10-30 20:26:58,508 - vessel_data_pipeline - INFO - Updated metadata for Departed_in_last_36_hours.xml
2025-10-30 20:26:58,508 - vessel_data_pipeline - INFO - Successfully downloaded and validated Departed_in_last_36_hours.xml
2025-10-30 20:27:00,513 - vessel_data_pipeline - INFO - Downloading Expected_arrivals.xml (attempt 1/3)
2025-10-30 20:27:00,576 - vessel_data_pipeline - INFO - File temp_Expected_arrivals.xml passed validation checks
2025-10-30 20:27:00,577 - vessel_data_pipeline - INFO - Created backup: Expected_arrivals_20251030_202700.xml
2025-10-30 20:27:00,577 - vessel_data_pipeline - INFO - Updated metadata for Expected_arrivals.xml
2025-10-30 20:27:00,577 - vessel_data_pipeline - INFO - Successfully downloaded and validated Expected_arrivals.xml
2025-10-30 20:27:02,579 - vessel_data_pipeline - INFO - Downloading Expected_departures.xml (attempt 1/3)
2025-10-30 20:27:02,666 - vessel_data_pipeline - INFO - File temp_Expected_departures.xml passed validation checks
2025-10-30 20:27:02,667 - vessel_data_pipeline - INFO - Created backup: Expected_departures_20251030_202702.xml
2025-10-30 20:27:02,667 - vessel_data_pipeline - INFO - Updated metadata for Expected_departures.xml
2025-10-30 20:27:02,667 - vessel_data_pipeline - INFO - Successfully downloaded and validated Expected_departures.xml
2025-10-30 20:27:04,673 - vessel_data_pipeline - INFO - Fetch operation completed. Results: {'Arrived_in_last_36_hours.xml': True, 'Departed_in_last_36_hours.xml': True, 'Expected_arrivals.xml': True, 'Expected_departures.xml': True}
2025-10-30 20:27:04,947 - vessel_data_pipeline - INFO - VesselDataFetcher initialized. Pipeline enabled: True
2025-10-30 20:27:04,947 - vessel_data_pipeline - INFO - Starting vessel data fetch operation
2025-10-30 20:27:04,947 - vessel_data_pipeline - INFO - Discovering XML files from Hong Kong Marine Department portal
2025-10-30 20:27:05,033 - vessel_data_pipeline - INFO - Verified access to Arrived_in_last_36_hours.xml
2025-10-30 20:27:05,111 - vessel_data_pipeline - INFO - Verified access to Departed_in_last_36_hours.xml
2025-10-30 20:27:05,189 - vessel_data_pipeline - INFO - Verified access to Expected_arrivals.xml
2025-10-30 20:27:05,227 - vessel_data_pipeline - INFO - Verified access to Expected_departures.xml
2025-10-30 20:27:05,227 - vessel_data_pipeline - INFO - Discovered 4 XML files for download
2025-10-30 20:27:05,227 - vessel_data_pipeline - INFO - Downloading Arrived_in_last_36_hours.xml (attempt 1/3)
2025-10-30 20:27:05,299 - vessel_data_pipeline - INFO - File temp_Arrived_in_last_36_hours.xml passed validation checks
2025-10-30 20:27:05,299 - vessel_data_pipeline - INFO - Created backup: Arrived_in_last_36_hours_20251030_202705.xml
2025-10-30 20:27:05,300 - vessel_data_pipeline - INFO - Updated metadata for Arrived_in_last_36_hours.xml
2025-10-30 20:27:05,300 - vessel_data_pipeline - INFO - Successfully downloaded and validated Arrived_in_last_36_hours.xml
2025-10-30 20:27:07,305 - vessel_data_pipeline - INFO - Downloading Departed_in_last_36_hours.xml (attempt 1/3)
2025-10-30 20:27:07,482 - vessel_data_pipeline - INFO - File temp_Departed_in_last_36_hours.xml passed validation checks
2025-10-30 20:27:07,482 - vessel_data_pipeline - INFO - Created backup: Departed_in_last_36_hours_20251030_202707.xml
2025-10-30 20:27:07,483 - vessel_data_pipeline - INFO - Updated metadata for Departed_in_last_36_hours.xml
2025-10-30 20:27:07,483 - vessel_data_pipeline - INFO - Successfully downloaded and validated Departed_in_last_36_hours.xml
2025-10-30 20:27:09,483 - vessel_data_pipeline - INFO - Downloading Expected_arrivals.xml (attempt 1/3)
2025-10-30 20:27:09,526 - vessel_data_pipeline - INFO - File temp_Expected_arrivals.xml passed validation checks
2025-10-30 20:27:09,526 - vessel_data_pipeline - INFO - Created backup: Expected_arrivals_20251030_202709.xml
2025-10-30 20:27:09,527 - vessel_data_pipeline - INFO - Updated metadata for Expected_arrivals.xml
2025-10-30 20:27:09,527 - vessel_data_pipeline - INFO - Successfully downloaded and validated Expected_arrivals.xml
2025-10-30 20:27:11,532 - vessel_data_pipeline - INFO - Downloading Expected_departures.xml (attempt 1/3)
2025-10-30 20:27:11,618 - vessel_data_pipeline - INFO - File temp_Expected_departures.xml passed validation checks
2025-10-30 20:27:11,618 - vessel_data_pipeline - INFO - Created backup: Expected_departures_20251030_202711.xml
2025-10-30 20:27:11,618 - vessel_data_pipeline - INFO - Updated metadata for Expected_departures.xml
2025-10-30 20:27:11,619 - vessel_data_pipeline - INFO - Successfully downloaded and validated Expected_departures.xml
2025-10-30 20:27:13,624 - vessel_data_pipeline - INFO - Fetch operation completed. Results: {'Arrived_in_last_36_hours.xml': True, 'Departed_in_last_36_hours.xml': True, 'Expected_arrivals.xml': True, 'Expected_departures.xml': True}
2025-10-30 20:27:13,635 - vessel_data_pipeline - INFO - VesselDataFetcher initialized. Pipeline enabled: True
2025-10-30 20:27:13,641 - vessel_data_pipeline - INFO - Starting vessel data fetch operation
2025-10-30 20:27:13,641 - vessel_data_pipeline - INFO - Discovering XML files from Hong Kong Marine Department portal
2025-10-30 20:27:13,716 - vessel_data_pipeline - INFO - Verified access to Arrived_in_last_36_hours.xml
2025-10-30 20:27:13,779 - vessel_data_pipeline - INFO - Verified access to Departed_in_last_36_hours.xml
2025-10-30 20:27:13,879 - vessel_data_pipeline - INFO - Verified access to Expected_arrivals.xml
2025-10-30 20:27:13,928 - vessel_data_pipeline - INFO - Verified access to Expected_departures.xml
2025-10-30 20:27:13,928 - vessel_data_pipeline - INFO - Discovered 4 XML files for download
2025-10-30 20:27:13,928 - vessel_data_pipeline - INFO - Downloading Arrived_in_last_36_hours.xml (attempt 1/3)
2025-10-30 20:27:14,023 - vessel_data_pipeline - INFO - File temp_Arrived_in_last_36_hours.xml passed validation checks
2025-10-30 20:27:14,029 - vessel_data_pipeline - INFO - Created backup: Arrived_in_last_36_hours_20251030_202714.xml
2025-10-30 20:27:14,034 - vessel_data_pipeline - INFO - Updated metadata for Arrived_in_last_36_hours.xml
2025-10-30 20:27:14,034 - vessel_data_pipeline - INFO - Successfully downloaded and validated Arrived_in_last_36_hours.xml
2025-10-30 20:27:16,034 - vessel_data_pipeline - INFO - Downloading Departed_in_last_36_hours.xml (attempt 1/3)
2025-10-30 20:27:16,117 - vessel_data_pipeline - INFO - File temp_Departed_in_last_36_hours.xml passed validation checks
2025-10-30 20:27:16,118 - vessel_data_pipeline - INFO - Created backup: Departed_in_last_36_hours_20251030_202716.xml
2025-10-30 20:27:16,118 - vessel_data_pipeline - INFO - Updated metadata for Departed_in_last_36_hours.xml
2025-10-30 20:27:16,118 - vessel_data_pipeline - INFO - Successfully downloaded and validated Departed_in_last_36_hours.xml
2025-10-30 20:27:18,122 - vessel_data_pipeline - INFO - Downloading Expected_arrivals.xml (attempt 1/3)
2025-10-30 20:27:18,189 - vessel_data_pipeline - INFO - File temp_Expected_arrivals.xml passed validation checks
2025-10-30 20:27:18,190 - vessel_data_pipeline - INFO - Created backup: Expected_arrivals_20251030_202718.xml
2025-10-30 20:27:18,190 - vessel_data_pipeline - INFO - Updated metadata for Expected_arrivals.xml
2025-10-30 20:27:18,190 - vessel_data_pipeline - INFO - Successfully downloaded and validated Expected_arrivals.xml
2025-10-30 20:27:20,191 - vessel_data_pipeline - INFO - Downloading Expected_departures.xml (attempt 1/3)
2025-10-30 20:27:20,282 - vessel_data_pipeline - INFO - File temp_Expected_departures.xml passed validation checks
2025-10-30 20:27:20,283 - vessel_data_pipeline - INFO - Created backup: Expected_departures_20251030_202720.xml
2025-10-30 20:27:20,283 - vessel_data_pipeline - INFO - Updated metadata for Expected_departures.xml
2025-10-30 20:27:20,283 - vessel_data_pipeline - INFO - Successfully downloaded and validated Expected_departures.xml
2025-10-30 20:27:22,287 - vessel_data_pipeline - INFO - Fetch operation completed. Results: {'Arrived_in_last_36_hours.xml': True, 'Departed_in_last_36_hours.xml': True, 'Expected_arrivals.xml': True, 'Expected_departures.xml': True}
2025-10-30 20:27:25,241 - vessel_data_pipeline - INFO - VesselDataFetcher initialized. Pipeline enabled: True
2025-10-30 20:27:25,241 - vessel_data_pipeline - INFO - Starting vessel data fetch operation
2025-10-30 20:27:25,242 - vessel_data_pipeline - INFO - Discovering XML files from Hong Kong Marine Department portal
2025-10-30 20:27:25,304 - vessel_data_pipeline - INFO - Verified access to Arrived_in_last_36_hours.xml
2025-10-30 20:27:25,337 - vessel_data_pipeline - INFO - Verified access to Departed_in_last_36_hours.xml
2025-10-30 20:27:25,372 - vessel_data_pipeline - INFO - Verified access to Expected_arrivals.xml
2025-10-30 20:27:25,427 - vessel_data_pipeline - INFO - Verified access to Expected_departures.xml
2025-10-30 20:27:25,427 - vessel_data_pipeline - INFO - Discovered 4 XML files for download
2025-10-30 20:27:25,427 - vessel_data_pipeline - INFO - Downloading Arrived_in_last_36_hours.xml (attempt 1/3)
2025-10-30 20:27:25,483 - vessel_data_pipeline - INFO - File temp_Arrived_in_last_36_hours.xml passed validation checks
2025-10-30 20:27:25,484 - vessel_data_pipeline - INFO - Created backup: Arrived_in_last_36_hours_20251030_202725.xml
2025-10-30 20:27:25,484 - vessel_data_pipeline - INFO - Updated metadata for Arrived_in_last_36_hours.xml
2025-10-30 20:27:25,484 - vessel_data_pipeline - INFO - Successfully downloaded and validated Arrived_in_last_36_hours.xml
2025-10-30 20:27:27,489 - vessel_data_pipeline - INFO - Downloading Departed_in_last_36_hours.xml (attempt 1/3)
2025-10-30 20:27:27,549 - vessel_data_pipeline - INFO - File temp_Departed_in_last_36_hours.xml passed validation checks
2025-10-30 20:27:27,549 - vessel_data_pipeline - INFO - Created backup: Departed_in_last_36_hours_20251030_202727.xml
2025-10-30 20:27:27,550 - vessel_data_pipeline - INFO - Updated metadata for Departed_in_last_36_hours.xml
2025-10-30 20:27:27,550 - vessel_data_pipeline - INFO - Successfully downloaded and validated Departed_in_last_36_hours.xml
2025-10-30 20:27:29,557 - vessel_data_pipeline - INFO - Downloading Expected_arrivals.xml (attempt 1/3)
2025-10-30 20:27:29,614 - vessel_data_pipeline - INFO - File temp_Expected_arrivals.xml passed validation checks
2025-10-30 20:27:29,624 - vessel_data_pipeline - INFO - Created backup: Expected_arrivals_20251030_202729.xml
2025-10-30 20:27:29,625 - vessel_data_pipeline - INFO - Updated metadata for Expected_arrivals.xml
2025-10-30 20:27:29,629 - vessel_data_pipeline - INFO - Successfully downloaded and validated Expected_arrivals.xml
2025-10-30 20:27:31,634 - vessel_data_pipeline - INFO - Downloading Expected_departures.xml (attempt 1/3)
2025-10-30 20:27:31,711 - vessel_data_pipeline - INFO - File temp_Expected_departures.xml passed validation checks
2025-10-30 20:27:31,711 - vessel_data_pipeline - INFO - Created backup: Expected_departures_20251030_202731.xml
2025-10-30 20:27:31,712 - vessel_data_pipeline - INFO - Updated metadata for Expected_departures.xml
2025-10-30 20:27:31,712 - vessel_data_pipeline - INFO - Successfully downloaded and validated Expected_departures.xml
2025-10-30 20:27:33,716 - vessel_data_pipeline - INFO - Fetch operation completed. Results: {'Arrived_in_last_36_hours.xml': True, 'Departed_in_last_36_hours.xml': True, 'Expected_arrivals.xml': True, 'Expected_departures.xml': True}
2025-10-30 20:27:33,720 - vessel_data_pipeline - INFO - VesselDataFetcher initialized. Pipeline enabled: True
2025-10-30 20:27:33,720 - vessel_data_pipeline - INFO - Starting vessel data fetch operation
2025-10-30 20:27:33,720 - vessel_data_pipeline - INFO - Discovering XML files from Hong Kong Marine Department portal
2025-10-30 20:27:33,785 - vessel_data_pipeline - INFO - Verified access to Arrived_in_last_36_hours.xml
2025-10-30 20:27:33,854 - vessel_data_pipeline - INFO - Verified access to Departed_in_last_36_hours.xml
2025-10-30 20:27:33,933 - vessel_data_pipeline - INFO - Verified access to Expected_arrivals.xml
2025-10-30 20:27:34,010 - vessel_data_pipeline - INFO - Verified access to Expected_departures.xml
2025-10-30 20:27:34,010 - vessel_data_pipeline - INFO - Discovered 4 XML files for download
2025-10-30 20:27:34,010 - vessel_data_pipeline - INFO - Downloading Arrived_in_last_36_hours.xml (attempt 1/3)
2025-10-30 20:27:34,061 - vessel_data_pipeline - INFO - File temp_Arrived_in_last_36_hours.xml passed validation checks
2025-10-30 20:27:34,061 - vessel_data_pipeline - INFO - Created backup: Arrived_in_last_36_hours_20251030_202734.xml
2025-10-30 20:27:34,062 - vessel_data_pipeline - INFO - Updated metadata for Arrived_in_last_36_hours.xml
2025-10-30 20:27:34,062 - vessel_data_pipeline - INFO - Successfully downloaded and validated Arrived_in_last_36_hours.xml
2025-10-30 20:27:36,065 - vessel_data_pipeline - INFO - Downloading Departed_in_last_36_hours.xml (attempt 1/3)
2025-10-30 20:27:36,132 - vessel_data_pipeline - INFO - File temp_Departed_in_last_36_hours.xml passed validation checks
2025-10-30 20:27:36,133 - vessel_data_pipeline - INFO - Created backup: Departed_in_last_36_hours_20251030_202736.xml
2025-10-30 20:27:36,133 - vessel_data_pipeline - INFO - Updated metadata for Departed_in_last_36_hours.xml
2025-10-30 20:27:36,133 - vessel_data_pipeline - INFO - Successfully downloaded and validated Departed_in_last_36_hours.xml
2025-10-30 20:27:38,138 - vessel_data_pipeline - INFO - Downloading Expected_arrivals.xml (attempt 1/3)
2025-10-30 20:27:38,187 - vessel_data_pipeline - INFO - File temp_Expected_arrivals.xml passed validation checks
2025-10-30 20:27:38,188 - vessel_data_pipeline - INFO - Created backup: Expected_arrivals_20251030_202738.xml
2025-10-30 20:27:38,188 - vessel_data_pipeline - INFO - Updated metadata for Expected_arrivals.xml
2025-10-30 20:27:38,188 - vessel_data_pipeline - INFO - Successfully downloaded and validated Expected_arrivals.xml
2025-10-30 20:27:40,190 - vessel_data_pipeline - INFO - Downloading Expected_departures.xml (attempt 1/3)
2025-10-30 20:27:40,238 - vessel_data_pipeline - INFO - File temp_Expected_departures.xml passed validation checks
2025-10-30 20:27:40,239 - vessel_data_pipeline - INFO - Created backup: Expected_departures_20251030_202740.xml
2025-10-30 20:27:40,239 - vessel_data_pipeline - INFO - Updated metadata for Expected_departures.xml
2025-10-30 20:27:40,239 - vessel_data_pipeline - INFO - Successfully downloaded and validated Expected_departures.xml
2025-10-30 20:27:42,239 - vessel_data_pipeline - INFO - Fetch operation completed. Results: {'Arrived_in_last_36_hours.xml': True, 'Departed_in_last_36_hours.xml': True, 'Expected_arrivals.xml': True, 'Expected_departures.xml': True}
2025-10-30 20:27:42,252 - vessel_data_pipeline - INFO - VesselDataFetcher initialized. Pipeline enabled: True
2025-10-30 20:27:42,252 - vessel_data_pipeline - INFO - Starting vessel data fetch operation
2025-10-30 20:27:42,252 - vessel_data_pipeline - INFO - Discovering XML files from Hong Kong Marine Department portal
2025-10-30 20:27:42,308 - vessel_data_pipeline - INFO - Verified access to Arrived_in_last_36_hours.xml
2025-10-30 20:27:42,346 - vessel_data_pipeline - INFO - Verified access to Departed_in_last_36_hours.xml
2025-10-30 20:27:42,475 - vessel_data_pipeline - INFO - Verified access to Expected_arrivals.xml
2025-10-30 20:27:42,507 - vessel_data_pipeline - INFO - Verified access to Expected_departures.xml
2025-10-30 20:27:42,508 - vessel_data_pipeline - INFO - Discovered 4 XML files for download
2025-10-30 20:27:42,508 - vessel_data_pipeline - INFO - Downloading Arrived_in_last_36_hours.xml (attempt 1/3)
2025-10-30 20:27:42,587 - vessel_data_pipeline - INFO - File temp_Arrived_in_last_36_hours.xml passed validation checks
2025-10-30 20:27:42,588 - vessel_data_pipeline - INFO - Created backup: Arrived_in_last_36_hours_20251030_202742.xml
2025-10-30 20:27:42,588 - vessel_data_pipeline - INFO - Updated metadata for Arrived_in_last_36_hours.xml
2025-10-30 20:27:42,588 - vessel_data_pipeline - INFO - Successfully downloaded and validated Arrived_in_last_36_hours.xml
2025-10-30 20:27:44,593 - vessel_data_pipeline - INFO - Downloading Departed_in_last_36_hours.xml (attempt 1/3)
2025-10-30 20:27:44,688 - vessel_data_pipeline - INFO - File temp_Departed_in_last_36_hours.xml passed validation checks
2025-10-30 20:27:44,688 - vessel_data_pipeline - INFO - Created backup: Departed_in_last_36_hours_20251030_202744.xml
2025-10-30 20:27:44,689 - vessel_data_pipeline - INFO - Updated metadata for Departed_in_last_36_hours.xml
2025-10-30 20:27:44,689 - vessel_data_pipeline - INFO - Successfully downloaded and validated Departed_in_last_36_hours.xml
2025-10-30 20:27:46,689 - vessel_data_pipeline - INFO - Downloading Expected_arrivals.xml (attempt 1/3)
2025-10-30 20:27:46,735 - vessel_data_pipeline - INFO - File temp_Expected_arrivals.xml passed validation checks
2025-10-30 20:27:46,735 - vessel_data_pipeline - INFO - Created backup: Expected_arrivals_20251030_202746.xml
2025-10-30 20:27:46,735 - vessel_data_pipeline - INFO - Updated metadata for Expected_arrivals.xml
2025-10-30 20:27:46,735 - vessel_data_pipeline - INFO - Successfully downloaded and validated Expected_arrivals.xml
2025-10-30 20:27:48,740 - vessel_data_pipeline - INFO - Downloading Expected_departures.xml (attempt 1/3)
2025-10-30 20:27:48,799 - vessel_data_pipeline - INFO - File temp_Expected_departures.xml passed validation checks
2025-10-30 20:27:48,799 - vessel_data_pipeline - INFO - Created backup: Expected_departures_20251030_202748.xml
2025-10-30 20:27:48,799 - vessel_data_pipeline - INFO - Updated metadata for Expected_departures.xml
2025-10-30 20:27:48,799 - vessel_data_pipeline - INFO - Successfully downloaded and validated Expected_departures.xml
2025-10-30 20:27:50,805 - vessel_data_pipeline - INFO - Fetch operation completed. Results: {'Arrived_in_last_36_hours.xml': True, 'Departed_in_last_36_hours.xml': True, 'Expected_arrivals.xml': True, 'Expected_departures.xml': True}
2025-10-30 20:27:50,810 - vessel_data_pipeline - INFO - VesselDataFetcher initialized. Pipeline enabled: True
2025-10-30 20:27:50,810 - vessel_data_pipeline - INFO - Starting vessel data fetch operation
2025-10-30 20:27:50,810 - vessel_data_pipeline - INFO - Discovering XML files from Hong Kong Marine Department portal
2025-10-30 20:27:50,872 - vessel_data_pipeline - INFO - Verified access to Arrived_in_last_36_hours.xml
2025-10-30 20:27:50,915 - vessel_data_pipeline - INFO - Verified access to Departed_in_last_36_hours.xml
2025-10-30 20:27:50,955 - vessel_data_pipeline - INFO - Verified access to Expected_arrivals.xml
2025-10-30 20:27:50,991 - vessel_data_pipeline - INFO - Verified access to Expected_departures.xml
2025-10-30 20:27:50,991 - vessel_data_pipeline - INFO - Discovered 4 XML files for download
2025-10-30 20:27:50,991 - vessel_data_pipeline - INFO - Downloading Arrived_in_last_36_hours.xml (attempt 1/3)
2025-10-30 20:27:51,190 - vessel_data_pipeline - INFO - File temp_Arrived_in_last_36_hours.xml passed validation checks
2025-10-30 20:27:51,190 - vessel_data_pipeline - INFO - Created backup: Arrived_in_last_36_hours_20251030_202751.xml
2025-10-30 20:27:51,190 - vessel_data_pipeline - INFO - Updated metadata for Arrived_in_last_36_hours.xml
2025-10-30 20:27:51,190 - vessel_data_pipeline - INFO - Successfully downloaded and validated Arrived_in_last_36_hours.xml
2025-10-30 20:27:53,191 - vessel_data_pipeline - INFO - Downloading Departed_in_last_36_hours.xml (attempt 1/3)
2025-10-30 20:27:53,269 - vessel_data_pipeline - INFO - File temp_Departed_in_last_36_hours.xml passed validation checks
2025-10-30 20:27:53,269 - vessel_data_pipeline - INFO - Created backup: Departed_in_last_36_hours_20251030_202753.xml
2025-10-30 20:27:53,269 - vessel_data_pipeline - INFO - Updated metadata for Departed_in_last_36_hours.xml
2025-10-30 20:27:53,269 - vessel_data_pipeline - INFO - Successfully downloaded and validated Departed_in_last_36_hours.xml
2025-10-30 20:27:55,275 - vessel_data_pipeline - INFO - Downloading Expected_arrivals.xml (attempt 1/3)
2025-10-30 20:27:55,326 - vessel_data_pipeline - INFO - File temp_Expected_arrivals.xml passed validation checks
2025-10-30 20:27:55,326 - vessel_data_pipeline - INFO - Created backup: Expected_arrivals_20251030_202755.xml
2025-10-30 20:27:55,327 - vessel_data_pipeline - INFO - Updated metadata for Expected_arrivals.xml
2025-10-30 20:27:55,327 - vessel_data_pipeline - INFO - Successfully downloaded and validated Expected_arrivals.xml
2025-10-30 20:27:57,327 - vessel_data_pipeline - INFO - Downloading Expected_departures.xml (attempt 1/3)
2025-10-30 20:27:57,387 - vessel_data_pipeline - INFO - File temp_Expected_departures.xml passed validation checks
2025-10-30 20:27:57,388 - vessel_data_pipeline - INFO - Created backup: Expected_departures_20251030_202757.xml
2025-10-30 20:27:57,388 - vessel_data_pipeline - INFO - Updated metadata for Expected_departures.xml
2025-10-30 20:27:57,388 - vessel_data_pipeline - INFO - Successfully downloaded and validated Expected_departures.xml
2025-10-30 20:27:59,390 - vessel_data_pipeline - INFO - Fetch operation completed. Results: {'Arrived_in_last_36_hours.xml': True, 'Departed_in_last_36_hours.xml': True, 'Expected_arrivals.xml': True, 'Expected_departures.xml': True}
2025-10-30 20:28:26,348 - vessel_data_pipeline - INFO - VesselDataFetcher initialized. Pipeline enabled: True
2025-10-30 20:28:26,349 - vessel_data_pipeline - INFO - Starting vessel data fetch operation
2025-10-30 20:28:26,349 - vessel_data_pipeline - INFO - Discovering XML files from Hong Kong Marine Department portal
2025-10-30 20:28:26,458 - vessel_data_pipeline - INFO - Verified access to Arrived_in_last_36_hours.xml
2025-10-30 20:28:26,523 - vessel_data_pipeline - INFO - Verified access to Departed_in_last_36_hours.xml
2025-10-30 20:28:26,642 - vessel_data_pipeline - INFO - Verified access to Expected_arrivals.xml
2025-10-30 20:28:26,679 - vessel_data_pipeline - INFO - Verified access to Expected_departures.xml
2025-10-30 20:28:26,679 - vessel_data_pipeline - INFO - Discovered 4 XML files for download
2025-10-30 20:28:26,679 - vessel_data_pipeline - INFO - Downloading Arrived_in_last_36_hours.xml (attempt 1/3)
2025-10-30 20:28:26,786 - vessel_data_pipeline - INFO - File temp_Arrived_in_last_36_hours.xml passed validation checks
2025-10-30 20:28:26,788 - vessel_data_pipeline - INFO - Created backup: Arrived_in_last_36_hours_20251030_202826.xml
2025-10-30 20:28:26,789 - vessel_data_pipeline - INFO - Updated metadata for Arrived_in_last_36_hours.xml
2025-10-30 20:28:26,789 - vessel_data_pipeline - INFO - Successfully downloaded and validated Arrived_in_last_36_hours.xml
2025-10-30 20:28:28,791 - vessel_data_pipeline - INFO - Downloading Departed_in_last_36_hours.xml (attempt 1/3)
2025-10-30 20:28:28,855 - vessel_data_pipeline - INFO - File temp_Departed_in_last_36_hours.xml passed validation checks
2025-10-30 20:28:28,856 - vessel_data_pipeline - INFO - Created backup: Departed_in_last_36_hours_20251030_202828.xml
2025-10-30 20:28:28,856 - vessel_data_pipeline - INFO - Updated metadata for Departed_in_last_36_hours.xml
2025-10-30 20:28:28,856 - vessel_data_pipeline - INFO - Successfully downloaded and validated Departed_in_last_36_hours.xml
2025-10-30 20:28:30,858 - vessel_data_pipeline - INFO - Downloading Expected_arrivals.xml (attempt 1/3)
2025-10-30 20:28:30,906 - vessel_data_pipeline - INFO - File temp_Expected_arrivals.xml passed validation checks
2025-10-30 20:28:30,907 - vessel_data_pipeline - INFO - Created backup: Expected_arrivals_20251030_202830.xml
2025-10-30 20:28:30,907 - vessel_data_pipeline - INFO - Updated metadata for Expected_arrivals.xml
2025-10-30 20:28:30,907 - vessel_data_pipeline - INFO - Successfully downloaded and validated Expected_arrivals.xml
2025-10-30 20:28:32,907 - vessel_data_pipeline - INFO - Downloading Expected_departures.xml (attempt 1/3)
2025-10-30 20:28:32,957 - vessel_data_pipeline - INFO - File temp_Expected_departures.xml passed validation checks
2025-10-30 20:28:32,958 - vessel_data_pipeline - INFO - Created backup: Expected_departures_20251030_202832.xml
2025-10-30 20:28:32,958 - vessel_data_pipeline - INFO - Updated metadata for Expected_departures.xml
2025-10-30 20:28:32,958 - vessel_data_pipeline - INFO - Successfully downloaded and validated Expected_departures.xml
2025-10-30 20:28:34,961 - vessel_data_pipeline - INFO - Fetch operation completed. Results: {'Arrived_in_last_36_hours.xml': True, 'Departed_in_last_36_hours.xml': True, 'Expected_arrivals.xml': True, 'Expected_departures.xml': True}
2025-10-30 20:28:35,218 - vessel_data_pipeline - INFO - VesselDataFetcher initialized. Pipeline enabled: True
2025-10-30 20:28:35,218 - vessel_data_pipeline - INFO - Starting vessel data fetch operation
2025-10-30 20:28:35,218 - vessel_data_pipeline - INFO - Discovering XML files from Hong Kong Marine Department portal
2025-10-30 20:28:35,300 - vessel_data_pipeline - INFO - Verified access to Arrived_in_last_36_hours.xml
2025-10-30 20:28:35,352 - vessel_data_pipeline - INFO - Verified access to Departed_in_last_36_hours.xml
2025-10-30 20:28:35,389 - vessel_data_pipeline - INFO - Verified access to Expected_arrivals.xml
2025-10-30 20:28:35,458 - vessel_data_pipeline - INFO - Verified access to Expected_departures.xml
2025-10-30 20:28:35,458 - vessel_data_pipeline - INFO - Discovered 4 XML files for download
2025-10-30 20:28:35,458 - vessel_data_pipeline - INFO - Downloading Arrived_in_last_36_hours.xml (attempt 1/3)
2025-10-30 20:28:35,522 - vessel_data_pipeline - INFO - File temp_Arrived_in_last_36_hours.xml passed validation checks
2025-10-30 20:28:35,534 - vessel_data_pipeline - INFO - Created backup: Arrived_in_last_36_hours_20251030_202835.xml
2025-10-30 20:28:35,535 - vessel_data_pipeline - INFO - Updated metadata for Arrived_in_last_36_hours.xml
2025-10-30 20:28:35,535 - vessel_data_pipeline - INFO - Successfully downloaded and validated Arrived_in_last_36_hours.xml
2025-10-30 20:28:37,540 - vessel_data_pipeline - INFO - Downloading Departed_in_last_36_hours.xml (attempt 1/3)
2025-10-30 20:28:37,601 - vessel_data_pipeline - INFO - File temp_Departed_in_last_36_hours.xml passed validation checks
2025-10-30 20:28:37,601 - vessel_data_pipeline - INFO - Created backup: Departed_in_last_36_hours_20251030_202837.xml
2025-10-30 20:28:37,601 - vessel_data_pipeline - INFO - Updated metadata for Departed_in_last_36_hours.xml
2025-10-30 20:28:37,601 - vessel_data_pipeline - INFO - Successfully downloaded and validated Departed_in_last_36_hours.xml
2025-10-30 20:28:39,604 - vessel_data_pipeline - INFO - Downloading Expected_arrivals.xml (attempt 1/3)
2025-10-30 20:28:39,649 - vessel_data_pipeline - INFO - File temp_Expected_arrivals.xml passed validation checks
2025-10-30 20:28:39,649 - vessel_data_pipeline - INFO - Created backup: Expected_arrivals_20251030_202839.xml
2025-10-30 20:28:39,649 - vessel_data_pipeline - INFO - Updated metadata for Expected_arrivals.xml
2025-10-30 20:28:39,650 - vessel_data_pipeline - INFO - Successfully downloaded and validated Expected_arrivals.xml
2025-10-30 20:28:41,650 - vessel_data_pipeline - INFO - Downloading Expected_departures.xml (attempt 1/3)
2025-10-30 20:28:41,703 - vessel_data_pipeline - INFO - File temp_Expected_departures.xml passed validation checks
2025-10-30 20:28:41,703 - vessel_data_pipeline - INFO - Created backup: Expected_departures_20251030_202841.xml
2025-10-30 20:28:41,704 - vessel_data_pipeline - INFO - Updated metadata for Expected_departures.xml
2025-10-30 20:28:41,704 - vessel_data_pipeline - INFO - Successfully downloaded and validated Expected_departures.xml
2025-10-30 20:28:43,709 - vessel_data_pipeline - INFO - Fetch operation completed. Results: {'Arrived_in_last_36_hours.xml': True, 'Departed_in_last_36_hours.xml': True, 'Expected_arrivals.xml': True, 'Expected_departures.xml': True}
2025-10-30 20:28:43,722 - vessel_data_pipeline - INFO - VesselDataFetcher initialized. Pipeline enabled: True
2025-10-30 20:28:43,723 - vessel_data_pipeline - INFO - Starting vessel data fetch operation
2025-10-30 20:28:43,726 - vessel_data_pipeline - INFO - Discovering XML files from Hong Kong Marine Department portal
2025-10-30 20:28:43,805 - vessel_data_pipeline - INFO - Verified access to Arrived_in_last_36_hours.xml
2025-10-30 20:28:43,840 - vessel_data_pipeline - INFO - Verified access to Departed_in_last_36_hours.xml
2025-10-30 20:28:43,911 - vessel_data_pipeline - INFO - Verified access to Expected_arrivals.xml
2025-10-30 20:28:43,946 - vessel_data_pipeline - INFO - Verified access to Expected_departures.xml
2025-10-30 20:28:43,950 - vessel_data_pipeline - INFO - Discovered 4 XML files for download
2025-10-30 20:28:43,951 - vessel_data_pipeline - INFO - Downloading Arrived_in_last_36_hours.xml (attempt 1/3)
2025-10-30 20:28:44,012 - vessel_data_pipeline - INFO - File temp_Arrived_in_last_36_hours.xml passed validation checks
2025-10-30 20:28:44,017 - vessel_data_pipeline - INFO - Created backup: Arrived_in_last_36_hours_20251030_202844.xml
2025-10-30 20:28:44,022 - vessel_data_pipeline - INFO - Updated metadata for Arrived_in_last_36_hours.xml
2025-10-30 20:28:44,022 - vessel_data_pipeline - INFO - Successfully downloaded and validated Arrived_in_last_36_hours.xml
2025-10-30 20:28:46,026 - vessel_data_pipeline - INFO - Downloading Departed_in_last_36_hours.xml (attempt 1/3)
2025-10-30 20:28:46,105 - vessel_data_pipeline - INFO - File temp_Departed_in_last_36_hours.xml passed validation checks
2025-10-30 20:28:46,106 - vessel_data_pipeline - INFO - Created backup: Departed_in_last_36_hours_20251030_202846.xml
2025-10-30 20:28:46,106 - vessel_data_pipeline - INFO - Updated metadata for Departed_in_last_36_hours.xml
2025-10-30 20:28:46,106 - vessel_data_pipeline - INFO - Successfully downloaded and validated Departed_in_last_36_hours.xml
2025-10-30 20:28:48,109 - vessel_data_pipeline - INFO - Downloading Expected_arrivals.xml (attempt 1/3)
2025-10-30 20:28:48,159 - vessel_data_pipeline - INFO - File temp_Expected_arrivals.xml passed validation checks
2025-10-30 20:28:48,159 - vessel_data_pipeline - INFO - Created backup: Expected_arrivals_20251030_202848.xml
2025-10-30 20:28:48,160 - vessel_data_pipeline - INFO - Updated metadata for Expected_arrivals.xml
2025-10-30 20:28:48,160 - vessel_data_pipeline - INFO - Successfully downloaded and validated Expected_arrivals.xml
2025-10-30 20:28:50,165 - vessel_data_pipeline - INFO - Downloading Expected_departures.xml (attempt 1/3)
2025-10-30 20:28:50,342 - vessel_data_pipeline - INFO - File temp_Expected_departures.xml passed validation checks
2025-10-30 20:28:50,342 - vessel_data_pipeline - INFO - Created backup: Expected_departures_20251030_202850.xml
2025-10-30 20:28:50,343 - vessel_data_pipeline - INFO - Updated metadata for Expected_departures.xml
2025-10-30 20:28:50,343 - vessel_data_pipeline - INFO - Successfully downloaded and validated Expected_departures.xml
2025-10-30 20:28:52,346 - vessel_data_pipeline - INFO - Fetch operation completed. Results: {'Arrived_in_last_36_hours.xml': True, 'Departed_in_last_36_hours.xml': True, 'Expected_arrivals.xml': True, 'Expected_departures.xml': True}
2025-10-30 20:28:55,278 - vessel_data_pipeline - INFO - VesselDataFetcher initialized. Pipeline enabled: True
2025-10-30 20:28:55,278 - vessel_data_pipeline - INFO - Starting vessel data fetch operation
2025-10-30 20:28:55,278 - vessel_data_pipeline - INFO - Discovering XML files from Hong Kong Marine Department portal
2025-10-30 20:28:55,356 - vessel_data_pipeline - INFO - Verified access to Arrived_in_last_36_hours.xml
2025-10-30 20:28:55,484 - vessel_data_pipeline - INFO - Verified access to Departed_in_last_36_hours.xml
2025-10-30 20:28:55,513 - vessel_data_pipeline - INFO - Verified access to Expected_arrivals.xml
2025-10-30 20:28:55,641 - vessel_data_pipeline - INFO - Verified access to Expected_departures.xml
2025-10-30 20:28:55,641 - vessel_data_pipeline - INFO - Discovered 4 XML files for download
2025-10-30 20:28:55,641 - vessel_data_pipeline - INFO - Downloading Arrived_in_last_36_hours.xml (attempt 1/3)
2025-10-30 20:28:55,724 - vessel_data_pipeline - INFO - File temp_Arrived_in_last_36_hours.xml passed validation checks
2025-10-30 20:28:55,724 - vessel_data_pipeline - INFO - Created backup: Arrived_in_last_36_hours_20251030_202855.xml
2025-10-30 20:28:55,724 - vessel_data_pipeline - INFO - Updated metadata for Arrived_in_last_36_hours.xml
2025-10-30 20:28:55,725 - vessel_data_pipeline - INFO - Successfully downloaded and validated Arrived_in_last_36_hours.xml
2025-10-30 20:28:57,728 - vessel_data_pipeline - INFO - Downloading Departed_in_last_36_hours.xml (attempt 1/3)
2025-10-30 20:28:57,794 - vessel_data_pipeline - INFO - File temp_Departed_in_last_36_hours.xml passed validation checks
2025-10-30 20:28:57,795 - vessel_data_pipeline - INFO - Created backup: Departed_in_last_36_hours_20251030_202857.xml
2025-10-30 20:28:57,795 - vessel_data_pipeline - INFO - Updated metadata for Departed_in_last_36_hours.xml
2025-10-30 20:28:57,795 - vessel_data_pipeline - INFO - Successfully downloaded and validated Departed_in_last_36_hours.xml
2025-10-30 20:28:59,802 - vessel_data_pipeline - INFO - Downloading Expected_arrivals.xml (attempt 1/3)
2025-10-30 20:28:59,862 - vessel_data_pipeline - INFO - File temp_Expected_arrivals.xml passed validation checks
2025-10-30 20:28:59,863 - vessel_data_pipeline - INFO - Created backup: Expected_arrivals_20251030_202859.xml
2025-10-30 20:28:59,863 - vessel_data_pipeline - INFO - Updated metadata for Expected_arrivals.xml
2025-10-30 20:28:59,863 - vessel_data_pipeline - INFO - Successfully downloaded and validated Expected_arrivals.xml
2025-10-30 20:29:01,868 - vessel_data_pipeline - INFO - Downloading Expected_departures.xml (attempt 1/3)
2025-10-30 20:29:02,872 - vessel_data_pipeline - INFO - File temp_Expected_departures.xml passed validation checks
2025-10-30 20:29:02,873 - vessel_data_pipeline - INFO - Created backup: Expected_departures_20251030_202902.xml
2025-10-30 20:29:02,873 - vessel_data_pipeline - INFO - Updated metadata for Expected_departures.xml
2025-10-30 20:29:02,873 - vessel_data_pipeline - INFO - Successfully downloaded and validated Expected_departures.xml
2025-10-30 20:29:04,877 - vessel_data_pipeline - INFO - Fetch operation completed. Results: {'Arrived_in_last_36_hours.xml': True, 'Departed_in_last_36_hours.xml': True, 'Expected_arrivals.xml': True, 'Expected_departures.xml': True}
2025-10-30 20:29:04,881 - vessel_data_pipeline - INFO - VesselDataFetcher initialized. Pipeline enabled: True
2025-10-30 20:29:04,882 - vessel_data_pipeline - INFO - Starting vessel data fetch operation
2025-10-30 20:29:04,882 - vessel_data_pipeline - INFO - Discovering XML files from Hong Kong Marine Department portal
2025-10-30 20:29:04,939 - vessel_data_pipeline - INFO - Verified access to Arrived_in_last_36_hours.xml
2025-10-30 20:29:05,005 - vessel_data_pipeline - INFO - Verified access to Departed_in_last_36_hours.xml
2025-10-30 20:29:05,036 - vessel_data_pipeline - INFO - Verified access to Expected_arrivals.xml
2025-10-30 20:29:05,078 - vessel_data_pipeline - INFO - Verified access to Expected_departures.xml
2025-10-30 20:29:05,078 - vessel_data_pipeline - INFO - Discovered 4 XML files for download
2025-10-30 20:29:05,078 - vessel_data_pipeline - INFO - Downloading Arrived_in_last_36_hours.xml (attempt 1/3)
2025-10-30 20:29:05,211 - vessel_data_pipeline - INFO - File temp_Arrived_in_last_36_hours.xml passed validation checks
2025-10-30 20:29:05,211 - vessel_data_pipeline - INFO - Created backup: Arrived_in_last_36_hours_20251030_202905.xml
2025-10-30 20:29:05,211 - vessel_data_pipeline - INFO - Updated metadata for Arrived_in_last_36_hours.xml
2025-10-30 20:29:05,211 - vessel_data_pipeline - INFO - Successfully downloaded and validated Arrived_in_last_36_hours.xml
2025-10-30 20:29:07,217 - vessel_data_pipeline - INFO - Downloading Departed_in_last_36_hours.xml (attempt 1/3)
2025-10-30 20:29:07,343 - vessel_data_pipeline - INFO - File temp_Departed_in_last_36_hours.xml passed validation checks
2025-10-30 20:29:07,343 - vessel_data_pipeline - INFO - Created backup: Departed_in_last_36_hours_20251030_202907.xml
2025-10-30 20:29:07,343 - vessel_data_pipeline - INFO - Updated metadata for Departed_in_last_36_hours.xml
2025-10-30 20:29:07,343 - vessel_data_pipeline - INFO - Successfully downloaded and validated Departed_in_last_36_hours.xml
2025-10-30 20:29:09,347 - vessel_data_pipeline - INFO - Downloading Expected_arrivals.xml (attempt 1/3)
2025-10-30 20:29:09,395 - vessel_data_pipeline - INFO - File temp_Expected_arrivals.xml passed validation checks
2025-10-30 20:29:09,395 - vessel_data_pipeline - INFO - Created backup: Expected_arrivals_20251030_202909.xml
2025-10-30 20:29:09,395 - vessel_data_pipeline - INFO - Updated metadata for Expected_arrivals.xml
2025-10-30 20:29:09,395 - vessel_data_pipeline - INFO - Successfully downloaded and validated Expected_arrivals.xml
2025-10-30 20:29:11,401 - vessel_data_pipeline - INFO - Downloading Expected_departures.xml (attempt 1/3)
2025-10-30 20:29:11,495 - vessel_data_pipeline - INFO - File temp_Expected_departures.xml passed validation checks
2025-10-30 20:29:11,496 - vessel_data_pipeline - INFO - Created backup: Expected_departures_20251030_202911.xml
2025-10-30 20:29:11,496 - vessel_data_pipeline - INFO - Updated metadata for Expected_departures.xml
2025-10-30 20:29:11,496 - vessel_data_pipeline - INFO - Successfully downloaded and validated Expected_departures.xml
2025-10-30 20:29:13,500 - vessel_data_pipeline - INFO - Fetch operation completed. Results: {'Arrived_in_last_36_hours.xml': True, 'Departed_in_last_36_hours.xml': True, 'Expected_arrivals.xml': True, 'Expected_departures.xml': True}
2025-10-30 20:29:13,522 - vessel_data_pipeline - INFO - VesselDataFetcher initialized. Pipeline enabled: True
2025-10-30 20:29:13,523 - vessel_data_pipeline - INFO - Starting vessel data fetch operation
2025-10-30 20:29:13,523 - vessel_data_pipeline - INFO - Discovering XML files from Hong Kong Marine Department portal
2025-10-30 20:29:13,695 - vessel_data_pipeline - INFO - Verified access to Arrived_in_last_36_hours.xml
2025-10-30 20:29:13,800 - vessel_data_pipeline - INFO - Verified access to Departed_in_last_36_hours.xml
2025-10-30 20:29:13,867 - vessel_data_pipeline - INFO - Verified access to Expected_arrivals.xml
2025-10-30 20:29:14,156 - vessel_data_pipeline - INFO - Verified access to Expected_departures.xml
2025-10-30 20:29:14,156 - vessel_data_pipeline - INFO - Discovered 4 XML files for download
2025-10-30 20:29:14,156 - vessel_data_pipeline - INFO - Downloading Arrived_in_last_36_hours.xml (attempt 1/3)
2025-10-30 20:29:14,211 - vessel_data_pipeline - INFO - File temp_Arrived_in_last_36_hours.xml passed validation checks
2025-10-30 20:29:14,211 - vessel_data_pipeline - INFO - Created backup: Arrived_in_last_36_hours_20251030_202914.xml
2025-10-30 20:29:14,212 - vessel_data_pipeline - INFO - Updated metadata for Arrived_in_last_36_hours.xml
2025-10-30 20:29:14,212 - vessel_data_pipeline - INFO - Successfully downloaded and validated Arrived_in_last_36_hours.xml
2025-10-30 20:29:16,216 - vessel_data_pipeline - INFO - Downloading Departed_in_last_36_hours.xml (attempt 1/3)
2025-10-30 20:29:16,309 - vessel_data_pipeline - INFO - File temp_Departed_in_last_36_hours.xml passed validation checks
2025-10-30 20:29:16,310 - vessel_data_pipeline - INFO - Created backup: Departed_in_last_36_hours_20251030_202916.xml
2025-10-30 20:29:16,310 - vessel_data_pipeline - INFO - Updated metadata for Departed_in_last_36_hours.xml
2025-10-30 20:29:16,310 - vessel_data_pipeline - INFO - Successfully downloaded and validated Departed_in_last_36_hours.xml
2025-10-30 20:29:18,315 - vessel_data_pipeline - INFO - Downloading Expected_arrivals.xml (attempt 1/3)
2025-10-30 20:29:18,368 - vessel_data_pipeline - INFO - File temp_Expected_arrivals.xml passed validation checks
2025-10-30 20:29:18,368 - vessel_data_pipeline - INFO - Created backup: Expected_arrivals_20251030_202918.xml
2025-10-30 20:29:18,369 - vessel_data_pipeline - INFO - Updated metadata for Expected_arrivals.xml
2025-10-30 20:29:18,369 - vessel_data_pipeline - INFO - Successfully downloaded and validated Expected_arrivals.xml
2025-10-30 20:29:20,371 - vessel_data_pipeline - INFO - Downloading Expected_departures.xml (attempt 1/3)
2025-10-30 20:29:20,442 - vessel_data_pipeline - INFO - File temp_Expected_departures.xml passed validation checks
2025-10-30 20:29:20,443 - vessel_data_pipeline - INFO - Created backup: Expected_departures_20251030_202920.xml
2025-10-30 20:29:20,443 - vessel_data_pipeline - INFO - Updated metadata for Expected_departures.xml
2025-10-30 20:29:20,443 - vessel_data_pipeline - INFO - Successfully downloaded and validated Expected_departures.xml
2025-10-30 20:29:22,448 - vessel_data_pipeline - INFO - Fetch operation completed. Results: {'Arrived_in_last_36_hours.xml': True, 'Departed_in_last_36_hours.xml': True, 'Expected_arrivals.xml': True, 'Expected_departures.xml': True}
2025-10-30 20:29:22,454 - vessel_data_pipeline - INFO - VesselDataFetcher initialized. Pipeline enabled: True
2025-10-30 20:29:22,455 - vessel_data_pipeline - INFO - Starting vessel data fetch operation
2025-10-30 20:29:22,455 - vessel_data_pipeline - INFO - Discovering XML files from Hong Kong Marine Department portal
2025-10-30 20:29:22,525 - vessel_data_pipeline - INFO - Verified access to Arrived_in_last_36_hours.xml
2025-10-30 20:29:22,581 - vessel_data_pipeline - INFO - Verified access to Departed_in_last_36_hours.xml
2025-10-30 20:29:22,619 - vessel_data_pipeline - INFO - Verified access to Expected_arrivals.xml
2025-10-30 20:29:22,651 - vessel_data_pipeline - INFO - Verified access to Expected_departures.xml
2025-10-30 20:29:22,651 - vessel_data_pipeline - INFO - Discovered 4 XML files for download
2025-10-30 20:29:22,651 - vessel_data_pipeline - INFO - Downloading Arrived_in_last_36_hours.xml (attempt 1/3)
2025-10-30 20:29:22,787 - vessel_data_pipeline - INFO - File temp_Arrived_in_last_36_hours.xml passed validation checks
2025-10-30 20:29:22,787 - vessel_data_pipeline - INFO - Created backup: Arrived_in_last_36_hours_20251030_202922.xml
2025-10-30 20:29:22,787 - vessel_data_pipeline - INFO - Updated metadata for Arrived_in_last_36_hours.xml
2025-10-30 20:29:22,787 - vessel_data_pipeline - INFO - Successfully downloaded and validated Arrived_in_last_36_hours.xml
2025-10-30 20:29:24,796 - vessel_data_pipeline - INFO - Downloading Departed_in_last_36_hours.xml (attempt 1/3)
2025-10-30 20:29:24,867 - vessel_data_pipeline - INFO - File temp_Departed_in_last_36_hours.xml passed validation checks
2025-10-30 20:29:24,867 - vessel_data_pipeline - INFO - Created backup: Departed_in_last_36_hours_20251030_202924.xml
2025-10-30 20:29:24,867 - vessel_data_pipeline - INFO - Updated metadata for Departed_in_last_36_hours.xml
2025-10-30 20:29:24,867 - vessel_data_pipeline - INFO - Successfully downloaded and validated Departed_in_last_36_hours.xml
2025-10-30 20:29:26,878 - vessel_data_pipeline - INFO - Downloading Expected_arrivals.xml (attempt 1/3)
2025-10-30 20:29:26,947 - vessel_data_pipeline - INFO - File temp_Expected_arrivals.xml passed validation checks
2025-10-30 20:29:26,948 - vessel_data_pipeline - INFO - Created backup: Expected_arrivals_20251030_202926.xml
2025-10-30 20:29:26,948 - vessel_data_pipeline - INFO - Updated metadata for Expected_arrivals.xml
2025-10-30 20:29:26,948 - vessel_data_pipeline - INFO - Successfully downloaded and validated Expected_arrivals.xml
2025-10-30 20:29:28,959 - vessel_data_pipeline - INFO - Downloading Expected_departures.xml (attempt 1/3)
2025-10-30 20:29:29,019 - vessel_data_pipeline - INFO - File temp_Expected_departures.xml passed validation checks
2025-10-30 20:29:29,020 - vessel_data_pipeline - INFO - Created backup: Expected_departures_20251030_202929.xml
2025-10-30 20:29:29,020 - vessel_data_pipeline - INFO - Updated metadata for Expected_departures.xml
2025-10-30 20:29:29,020 - vessel_data_pipeline - INFO - Successfully downloaded and validated Expected_departures.xml
2025-10-30 20:29:31,030 - vessel_data_pipeline - INFO - Fetch operation completed. Results: {'Arrived_in_last_36_hours.xml': True, 'Departed_in_last_36_hours.xml': True, 'Expected_arrivals.xml': True, 'Expected_departures.xml': True}
2025-10-30 22:46:17,889 - vessel_data_pipeline - INFO - VesselDataFetcher initialized. Pipeline enabled: True
2025-10-30 22:46:17,890 - vessel_data_pipeline - INFO - Starting vessel data fetch operation
2025-10-30 22:46:17,890 - vessel_data_pipeline - INFO - Discovering XML files from Hong Kong Marine Department portal
2025-10-30 22:46:18,019 - vessel_data_pipeline - INFO - Verified access to Arrived_in_last_36_hours.xml
2025-10-30 22:46:18,082 - vessel_data_pipeline - INFO - Verified access to Departed_in_last_36_hours.xml
2025-10-30 22:46:18,139 - vessel_data_pipeline - INFO - Verified access to Expected_arrivals.xml
2025-10-30 22:46:18,185 - vessel_data_pipeline - INFO - Verified access to Expected_departures.xml
2025-10-30 22:46:18,185 - vessel_data_pipeline - INFO - Discovered 4 XML files for download
2025-10-30 22:46:18,185 - vessel_data_pipeline - INFO - Downloading Arrived_in_last_36_hours.xml (attempt 1/3)
2025-10-30 22:46:18,237 - vessel_data_pipeline - INFO - File temp_Arrived_in_last_36_hours.xml passed validation checks
2025-10-30 22:46:18,238 - vessel_data_pipeline - INFO - Created backup: Arrived_in_last_36_hours_20251030_224618.xml
2025-10-30 22:46:18,239 - vessel_data_pipeline - INFO - Updated metadata for Arrived_in_last_36_hours.xml
2025-10-30 22:46:18,239 - vessel_data_pipeline - INFO - Successfully downloaded and validated Arrived_in_last_36_hours.xml
2025-10-30 22:46:20,239 - vessel_data_pipeline - INFO - Downloading Departed_in_last_36_hours.xml (attempt 1/3)
2025-10-30 22:46:20,338 - vessel_data_pipeline - INFO - File temp_Departed_in_last_36_hours.xml passed validation checks
2025-10-30 22:46:20,338 - vessel_data_pipeline - INFO - Created backup: Departed_in_last_36_hours_20251030_224620.xml
2025-10-30 22:46:20,339 - vessel_data_pipeline - INFO - Updated metadata for Departed_in_last_36_hours.xml
2025-10-30 22:46:20,339 - vessel_data_pipeline - INFO - Successfully downloaded and validated Departed_in_last_36_hours.xml
2025-10-30 22:46:22,341 - vessel_data_pipeline - INFO - Downloading Expected_arrivals.xml (attempt 1/3)
2025-10-30 22:46:22,397 - vessel_data_pipeline - INFO - File temp_Expected_arrivals.xml passed validation checks
2025-10-30 22:46:22,398 - vessel_data_pipeline - INFO - Created backup: Expected_arrivals_20251030_224622.xml
2025-10-30 22:46:22,399 - vessel_data_pipeline - INFO - Updated metadata for Expected_arrivals.xml
2025-10-30 22:46:22,399 - vessel_data_pipeline - INFO - Successfully downloaded and validated Expected_arrivals.xml
2025-10-30 22:46:24,404 - vessel_data_pipeline - INFO - Downloading Expected_departures.xml (attempt 1/3)
2025-10-30 22:46:24,511 - vessel_data_pipeline - INFO - File temp_Expected_departures.xml passed validation checks
2025-10-30 22:46:24,512 - vessel_data_pipeline - INFO - Created backup: Expected_departures_20251030_224624.xml
2025-10-30 22:46:24,512 - vessel_data_pipeline - INFO - Updated metadata for Expected_departures.xml
2025-10-30 22:46:24,512 - vessel_data_pipeline - INFO - Successfully downloaded and validated Expected_departures.xml
2025-10-30 22:46:26,515 - vessel_data_pipeline - INFO - Fetch operation completed. Results: {'Arrived_in_last_36_hours.xml': True, 'Departed_in_last_36_hours.xml': True, 'Expected_arrivals.xml': True, 'Expected_departures.xml': True}
2025-10-30 22:46:26,538 - vessel_data_pipeline - INFO - VesselDataFetcher initialized. Pipeline enabled: True
2025-10-30 22:46:26,541 - vessel_data_pipeline - INFO - Starting vessel data fetch operation
2025-10-30 22:46:26,541 - vessel_data_pipeline - INFO - Discovering XML files from Hong Kong Marine Department portal
2025-10-30 22:46:26,646 - vessel_data_pipeline - INFO - Verified access to Arrived_in_last_36_hours.xml
2025-10-30 22:46:26,709 - vessel_data_pipeline - INFO - Verified access to Departed_in_last_36_hours.xml
2025-10-30 22:46:26,762 - vessel_data_pipeline - INFO - Verified access to Expected_arrivals.xml
2025-10-30 22:46:26,808 - vessel_data_pipeline - INFO - Verified access to Expected_departures.xml
2025-10-30 22:46:26,809 - vessel_data_pipeline - INFO - Discovered 4 XML files for download
2025-10-30 22:46:26,809 - vessel_data_pipeline - INFO - Downloading Arrived_in_last_36_hours.xml (attempt 1/3)
2025-10-30 22:46:26,903 - vessel_data_pipeline - INFO - File temp_Arrived_in_last_36_hours.xml passed validation checks
2025-10-30 22:46:26,912 - vessel_data_pipeline - INFO - Created backup: Arrived_in_last_36_hours_20251030_224626.xml
2025-10-30 22:46:26,914 - vessel_data_pipeline - INFO - Updated metadata for Arrived_in_last_36_hours.xml
2025-10-30 22:46:26,914 - vessel_data_pipeline - INFO - Successfully downloaded and validated Arrived_in_last_36_hours.xml
2025-10-30 22:46:28,919 - vessel_data_pipeline - INFO - Downloading Departed_in_last_36_hours.xml (attempt 1/3)
2025-10-30 22:46:28,985 - vessel_data_pipeline - INFO - File temp_Departed_in_last_36_hours.xml passed validation checks
2025-10-30 22:46:28,986 - vessel_data_pipeline - INFO - Created backup: Departed_in_last_36_hours_20251030_224628.xml
2025-10-30 22:46:28,986 - vessel_data_pipeline - INFO - Updated metadata for Departed_in_last_36_hours.xml
2025-10-30 22:46:28,986 - vessel_data_pipeline - INFO - Successfully downloaded and validated Departed_in_last_36_hours.xml
2025-10-30 22:46:30,991 - vessel_data_pipeline - INFO - Downloading Expected_arrivals.xml (attempt 1/3)
2025-10-30 22:46:31,086 - vessel_data_pipeline - INFO - File temp_Expected_arrivals.xml passed validation checks
2025-10-30 22:46:31,086 - vessel_data_pipeline - INFO - Created backup: Expected_arrivals_20251030_224631.xml
2025-10-30 22:46:31,087 - vessel_data_pipeline - INFO - Updated metadata for Expected_arrivals.xml
2025-10-30 22:46:31,087 - vessel_data_pipeline - INFO - Successfully downloaded and validated Expected_arrivals.xml
2025-10-30 22:46:33,092 - vessel_data_pipeline - INFO - Downloading Expected_departures.xml (attempt 1/3)
2025-10-30 22:46:33,140 - vessel_data_pipeline - INFO - File temp_Expected_departures.xml passed validation checks
2025-10-30 22:46:33,141 - vessel_data_pipeline - INFO - Created backup: Expected_departures_20251030_224633.xml
2025-10-30 22:46:33,141 - vessel_data_pipeline - INFO - Updated metadata for Expected_departures.xml
2025-10-30 22:46:33,141 - vessel_data_pipeline - INFO - Successfully downloaded and validated Expected_departures.xml
2025-10-30 22:46:35,146 - vessel_data_pipeline - INFO - Fetch operation completed. Results: {'Arrived_in_last_36_hours.xml': True, 'Departed_in_last_36_hours.xml': True, 'Expected_arrivals.xml': True, 'Expected_departures.xml': True}
2025-10-30 22:48:06,480 - vessel_data_pipeline - INFO - VesselDataFetcher initialized. Pipeline enabled: True
2025-10-30 22:48:06,481 - vessel_data_pipeline - INFO - Starting vessel data fetch operation
2025-10-30 22:48:06,481 - vessel_data_pipeline - INFO - Discovering XML files from Hong Kong Marine Department portal
2025-10-30 22:48:06,558 - vessel_data_pipeline - INFO - Verified access to Arrived_in_last_36_hours.xml
2025-10-30 22:48:06,616 - vessel_data_pipeline - INFO - Verified access to Departed_in_last_36_hours.xml
2025-10-30 22:48:06,648 - vessel_data_pipeline - INFO - Verified access to Expected_arrivals.xml
2025-10-30 22:48:06,684 - vessel_data_pipeline - INFO - Verified access to Expected_departures.xml
2025-10-30 22:48:06,684 - vessel_data_pipeline - INFO - Discovered 4 XML files for download
2025-10-30 22:48:06,684 - vessel_data_pipeline - INFO - Downloading Arrived_in_last_36_hours.xml (attempt 1/3)
2025-10-30 22:48:06,761 - vessel_data_pipeline - INFO - File temp_Arrived_in_last_36_hours.xml passed validation checks
2025-10-30 22:48:06,762 - vessel_data_pipeline - INFO - Created backup: Arrived_in_last_36_hours_20251030_224806.xml
2025-10-30 22:48:06,763 - vessel_data_pipeline - INFO - Updated metadata for Arrived_in_last_36_hours.xml
2025-10-30 22:48:06,763 - vessel_data_pipeline - INFO - Successfully downloaded and validated Arrived_in_last_36_hours.xml
2025-10-30 22:48:08,764 - vessel_data_pipeline - INFO - Downloading Departed_in_last_36_hours.xml (attempt 1/3)
2025-10-30 22:48:08,832 - vessel_data_pipeline - INFO - File temp_Departed_in_last_36_hours.xml passed validation checks
2025-10-30 22:48:08,833 - vessel_data_pipeline - INFO - Created backup: Departed_in_last_36_hours_20251030_224808.xml
2025-10-30 22:48:08,833 - vessel_data_pipeline - INFO - Updated metadata for Departed_in_last_36_hours.xml
2025-10-30 22:48:08,833 - vessel_data_pipeline - INFO - Successfully downloaded and validated Departed_in_last_36_hours.xml
2025-10-30 22:48:10,838 - vessel_data_pipeline - INFO - Downloading Expected_arrivals.xml (attempt 1/3)
2025-10-30 22:48:10,883 - vessel_data_pipeline - INFO - File temp_Expected_arrivals.xml passed validation checks
2025-10-30 22:48:10,883 - vessel_data_pipeline - INFO - Created backup: Expected_arrivals_20251030_224810.xml
2025-10-30 22:48:10,883 - vessel_data_pipeline - INFO - Updated metadata for Expected_arrivals.xml
2025-10-30 22:48:10,883 - vessel_data_pipeline - INFO - Successfully downloaded and validated Expected_arrivals.xml
2025-10-30 22:48:12,884 - vessel_data_pipeline - INFO - Downloading Expected_departures.xml (attempt 1/3)
2025-10-30 22:48:12,934 - vessel_data_pipeline - INFO - File temp_Expected_departures.xml passed validation checks
2025-10-30 22:48:12,934 - vessel_data_pipeline - INFO - Created backup: Expected_departures_20251030_224812.xml
2025-10-30 22:48:12,934 - vessel_data_pipeline - INFO - Updated metadata for Expected_departures.xml
2025-10-30 22:48:12,934 - vessel_data_pipeline - INFO - Successfully downloaded and validated Expected_departures.xml
2025-10-30 22:48:14,939 - vessel_data_pipeline - INFO - Fetch operation completed. Results: {'Arrived_in_last_36_hours.xml': True, 'Departed_in_last_36_hours.xml': True, 'Expected_arrivals.xml': True, 'Expected_departures.xml': True}
2025-10-30 22:48:14,945 - vessel_data_pipeline - INFO - VesselDataFetcher initialized. Pipeline enabled: True
2025-10-30 22:48:14,952 - vessel_data_pipeline - INFO - Starting vessel data fetch operation
2025-10-30 22:48:14,954 - vessel_data_pipeline - INFO - Discovering XML files from Hong Kong Marine Department portal
2025-10-30 22:48:15,072 - vessel_data_pipeline - INFO - Verified access to Arrived_in_last_36_hours.xml
2025-10-30 22:48:15,109 - vessel_data_pipeline - INFO - Verified access to Departed_in_last_36_hours.xml
2025-10-30 22:48:15,142 - vessel_data_pipeline - INFO - Verified access to Expected_arrivals.xml
2025-10-30 22:48:15,194 - vessel_data_pipeline - INFO - Verified access to Expected_departures.xml
2025-10-30 22:48:15,195 - vessel_data_pipeline - INFO - Discovered 4 XML files for download
2025-10-30 22:48:15,195 - vessel_data_pipeline - INFO - Downloading Arrived_in_last_36_hours.xml (attempt 1/3)
2025-10-30 22:48:15,254 - vessel_data_pipeline - INFO - File temp_Arrived_in_last_36_hours.xml passed validation checks
2025-10-30 22:48:15,265 - vessel_data_pipeline - INFO - Created backup: Arrived_in_last_36_hours_20251030_224815.xml
2025-10-30 22:48:15,270 - vessel_data_pipeline - INFO - Updated metadata for Arrived_in_last_36_hours.xml
2025-10-30 22:48:15,270 - vessel_data_pipeline - INFO - Successfully downloaded and validated Arrived_in_last_36_hours.xml
2025-10-30 22:48:17,274 - vessel_data_pipeline - INFO - Downloading Departed_in_last_36_hours.xml (attempt 1/3)
2025-10-30 22:48:17,338 - vessel_data_pipeline - INFO - File temp_Departed_in_last_36_hours.xml passed validation checks
2025-10-30 22:48:17,339 - vessel_data_pipeline - INFO - Created backup: Departed_in_last_36_hours_20251030_224817.xml
2025-10-30 22:48:17,339 - vessel_data_pipeline - INFO - Updated metadata for Departed_in_last_36_hours.xml
2025-10-30 22:48:17,339 - vessel_data_pipeline - INFO - Successfully downloaded and validated Departed_in_last_36_hours.xml
2025-10-30 22:48:19,344 - vessel_data_pipeline - INFO - Downloading Expected_arrivals.xml (attempt 1/3)
2025-10-30 22:48:19,395 - vessel_data_pipeline - INFO - File temp_Expected_arrivals.xml passed validation checks
2025-10-30 22:48:19,396 - vessel_data_pipeline - INFO - Created backup: Expected_arrivals_20251030_224819.xml
2025-10-30 22:48:19,396 - vessel_data_pipeline - INFO - Updated metadata for Expected_arrivals.xml
2025-10-30 22:48:19,396 - vessel_data_pipeline - INFO - Successfully downloaded and validated Expected_arrivals.xml
2025-10-30 22:48:21,401 - vessel_data_pipeline - INFO - Downloading Expected_departures.xml (attempt 1/3)
2025-10-30 22:48:21,448 - vessel_data_pipeline - INFO - File temp_Expected_departures.xml passed validation checks
2025-10-30 22:48:21,449 - vessel_data_pipeline - INFO - Created backup: Expected_departures_20251030_224821.xml
2025-10-30 22:48:21,449 - vessel_data_pipeline - INFO - Updated metadata for Expected_departures.xml
2025-10-30 22:48:21,449 - vessel_data_pipeline - INFO - Successfully downloaded and validated Expected_departures.xml
2025-10-30 22:48:23,454 - vessel_data_pipeline - INFO - Fetch operation completed. Results: {'Arrived_in_last_36_hours.xml': True, 'Departed_in_last_36_hours.xml': True, 'Expected_arrivals.xml': True, 'Expected_departures.xml': True}
