2025-10-11 12:31:05,094 - vessel_data_pipeline - INFO - VesselDataFetcher initialized. Pipeline enabled: True
2025-10-11 12:31:05,095 - vessel_data_pipeline - INFO - Starting vessel data fetch operation
2025-10-11 12:31:05,095 - vessel_data_pipeline - INFO - Discovering XML files from Hong Kong Marine Department portal
2025-10-11 12:31:06,002 - vessel_data_pipeline - INFO - Verified access to Arrived_in_last_36_hours.xml
2025-10-11 12:31:06,692 - vessel_data_pipeline - INFO - Verified access to Departed_in_last_36_hours.xml
2025-10-11 12:31:06,952 - vessel_data_pipeline - INFO - Verified access to Expected_arrivals.xml
2025-10-11 12:31:07,188 - vessel_data_pipeline - INFO - VesselDataFetcher initialized. Pipeline enabled: True
2025-10-11 12:31:07,188 - vessel_data_pipeline - INFO - Starting vessel data fetch operation
2025-10-11 12:31:07,188 - vessel_data_pipeline - INFO - Discovering XML files from Hong Kong Marine Department portal
2025-10-11 12:31:07,552 - vessel_data_pipeline - INFO - Verified access to Expected_departures.xml
2025-10-11 12:31:07,552 - vessel_data_pipeline - INFO - Discovered 4 XML files for download
2025-10-11 12:31:07,552 - vessel_data_pipeline - INFO - Downloading Arrived_in_last_36_hours.xml (attempt 1/3)
2025-10-11 12:31:07,711 - vessel_data_pipeline - INFO - Verified access to Arrived_in_last_36_hours.xml
2025-10-11 12:31:08,040 - vessel_data_pipeline - INFO - File temp_Arrived_in_last_36_hours.xml passed validation checks
2025-10-11 12:31:08,041 - vessel_data_pipeline - INFO - Created backup: Arrived_in_last_36_hours_20251011_123108.xml
2025-10-11 12:31:08,041 - vessel_data_pipeline - INFO - Updated metadata for Arrived_in_last_36_hours.xml
2025-10-11 12:31:08,041 - vessel_data_pipeline - INFO - Successfully downloaded and validated Arrived_in_last_36_hours.xml
2025-10-11 12:31:08,427 - vessel_data_pipeline - INFO - Verified access to Departed_in_last_36_hours.xml
2025-10-11 12:31:08,688 - vessel_data_pipeline - INFO - Verified access to Expected_arrivals.xml
2025-10-11 12:31:08,951 - vessel_data_pipeline - INFO - Verified access to Expected_departures.xml
2025-10-11 12:31:08,951 - vessel_data_pipeline - INFO - Discovered 4 XML files for download
2025-10-11 12:31:08,951 - vessel_data_pipeline - INFO - Downloading Arrived_in_last_36_hours.xml (attempt 1/3)
2025-10-11 12:31:09,693 - vessel_data_pipeline - INFO - File temp_Arrived_in_last_36_hours.xml passed validation checks
2025-10-11 12:31:09,694 - vessel_data_pipeline - INFO - Created backup: Arrived_in_last_36_hours_20251011_123109.xml
2025-10-11 12:31:09,694 - vessel_data_pipeline - INFO - Updated metadata for Arrived_in_last_36_hours.xml
2025-10-11 12:31:09,694 - vessel_data_pipeline - INFO - Successfully downloaded and validated Arrived_in_last_36_hours.xml
2025-10-11 12:31:10,043 - vessel_data_pipeline - INFO - Downloading Departed_in_last_36_hours.xml (attempt 1/3)
2025-10-11 12:31:10,151 - vessel_data_pipeline - INFO - File temp_Departed_in_last_36_hours.xml passed validation checks
2025-10-11 12:31:10,151 - vessel_data_pipeline - INFO - Created backup: Departed_in_last_36_hours_20251011_123110.xml
2025-10-11 12:31:10,151 - vessel_data_pipeline - INFO - Updated metadata for Departed_in_last_36_hours.xml
2025-10-11 12:31:10,151 - vessel_data_pipeline - INFO - Successfully downloaded and validated Departed_in_last_36_hours.xml
2025-10-11 12:31:11,699 - vessel_data_pipeline - INFO - Downloading Departed_in_last_36_hours.xml (attempt 1/3)
2025-10-11 12:31:12,152 - vessel_data_pipeline - INFO - Downloading Expected_arrivals.xml (attempt 1/3)
2025-10-11 12:31:12,229 - vessel_data_pipeline - INFO - File temp_Expected_arrivals.xml passed validation checks
2025-10-11 12:31:12,229 - vessel_data_pipeline - INFO - Created backup: Expected_arrivals_20251011_123112.xml
2025-10-11 12:31:12,229 - vessel_data_pipeline - INFO - Updated metadata for Expected_arrivals.xml
2025-10-11 12:31:12,229 - vessel_data_pipeline - INFO - Successfully downloaded and validated Expected_arrivals.xml
2025-10-11 12:31:12,271 - vessel_data_pipeline - INFO - File temp_Departed_in_last_36_hours.xml passed validation checks
2025-10-11 12:31:12,271 - vessel_data_pipeline - INFO - Created backup: Departed_in_last_36_hours_20251011_123112.xml
2025-10-11 12:31:12,272 - vessel_data_pipeline - INFO - Updated metadata for Departed_in_last_36_hours.xml
2025-10-11 12:31:12,272 - vessel_data_pipeline - INFO - Successfully downloaded and validated Departed_in_last_36_hours.xml
2025-10-11 12:31:14,232 - vessel_data_pipeline - INFO - Downloading Expected_departures.xml (attempt 1/3)
2025-10-11 12:31:14,273 - vessel_data_pipeline - INFO - Downloading Expected_arrivals.xml (attempt 1/3)
2025-10-11 12:31:14,788 - vessel_data_pipeline - INFO - File temp_Expected_arrivals.xml passed validation checks
2025-10-11 12:31:14,789 - vessel_data_pipeline - INFO - Created backup: Expected_arrivals_20251011_123114.xml
2025-10-11 12:31:14,789 - vessel_data_pipeline - INFO - Updated metadata for Expected_arrivals.xml
2025-10-11 12:31:14,789 - vessel_data_pipeline - INFO - Successfully downloaded and validated Expected_arrivals.xml
2025-10-11 12:31:14,944 - vessel_data_pipeline - INFO - File temp_Expected_departures.xml passed validation checks
2025-10-11 12:31:14,944 - vessel_data_pipeline - INFO - Created backup: Expected_departures_20251011_123114.xml
2025-10-11 12:31:14,944 - vessel_data_pipeline - INFO - Updated metadata for Expected_departures.xml
2025-10-11 12:31:14,944 - vessel_data_pipeline - INFO - Successfully downloaded and validated Expected_departures.xml
2025-10-11 12:31:16,794 - vessel_data_pipeline - INFO - Downloading Expected_departures.xml (attempt 1/3)
2025-10-11 12:31:16,947 - vessel_data_pipeline - INFO - Fetch operation completed. Results: {'Arrived_in_last_36_hours.xml': True, 'Departed_in_last_36_hours.xml': True, 'Expected_arrivals.xml': True, 'Expected_departures.xml': True}
2025-10-11 12:31:16,952 - vessel_data_pipeline - INFO - VesselDataFetcher initialized. Pipeline enabled: True
2025-10-11 12:31:16,952 - vessel_data_pipeline - INFO - Starting vessel data fetch operation
2025-10-11 12:31:16,961 - vessel_data_pipeline - INFO - Discovering XML files from Hong Kong Marine Department portal
2025-10-11 12:31:17,079 - vessel_data_pipeline - INFO - File temp_Expected_departures.xml passed validation checks
2025-10-11 12:31:17,086 - vessel_data_pipeline - INFO - Created backup: Expected_departures_20251011_123117.xml
2025-10-11 12:31:17,090 - vessel_data_pipeline - INFO - Updated metadata for Expected_departures.xml
2025-10-11 12:31:17,090 - vessel_data_pipeline - INFO - Successfully downloaded and validated Expected_departures.xml
2025-10-11 12:31:17,517 - vessel_data_pipeline - INFO - Verified access to Arrived_in_last_36_hours.xml
2025-10-11 12:31:18,244 - vessel_data_pipeline - INFO - Verified access to Departed_in_last_36_hours.xml
2025-10-11 12:31:18,759 - vessel_data_pipeline - INFO - Verified access to Expected_arrivals.xml
2025-10-11 12:31:18,795 - vessel_data_pipeline - INFO - Verified access to Expected_departures.xml
2025-10-11 12:31:18,795 - vessel_data_pipeline - INFO - Discovered 4 XML files for download
2025-10-11 12:31:18,795 - vessel_data_pipeline - INFO - Downloading Arrived_in_last_36_hours.xml (attempt 1/3)
2025-10-11 12:31:19,093 - vessel_data_pipeline - INFO - Fetch operation completed. Results: {'Arrived_in_last_36_hours.xml': True, 'Departed_in_last_36_hours.xml': True, 'Expected_arrivals.xml': True, 'Expected_departures.xml': True}
2025-10-11 12:31:19,097 - vessel_data_pipeline - INFO - VesselDataFetcher initialized. Pipeline enabled: True
2025-10-11 12:31:19,104 - vessel_data_pipeline - INFO - Starting vessel data fetch operation
2025-10-11 12:31:19,104 - vessel_data_pipeline - INFO - Discovering XML files from Hong Kong Marine Department portal
2025-10-11 12:31:19,574 - vessel_data_pipeline - INFO - File temp_Arrived_in_last_36_hours.xml passed validation checks
2025-10-11 12:31:19,575 - vessel_data_pipeline - INFO - Created backup: Arrived_in_last_36_hours_20251011_123119.xml
2025-10-11 12:31:19,576 - vessel_data_pipeline - INFO - Updated metadata for Arrived_in_last_36_hours.xml
2025-10-11 12:31:19,576 - vessel_data_pipeline - INFO - Successfully downloaded and validated Arrived_in_last_36_hours.xml
2025-10-11 12:31:19,645 - vessel_data_pipeline - INFO - Verified access to Arrived_in_last_36_hours.xml
2025-10-11 12:31:20,578 - vessel_data_pipeline - INFO - Verified access to Departed_in_last_36_hours.xml
2025-10-11 12:31:20,841 - vessel_data_pipeline - INFO - Verified access to Expected_arrivals.xml
2025-10-11 12:31:20,887 - vessel_data_pipeline - INFO - Verified access to Expected_departures.xml
2025-10-11 12:31:20,887 - vessel_data_pipeline - INFO - Discovered 4 XML files for download
2025-10-11 12:31:20,887 - vessel_data_pipeline - INFO - Downloading Arrived_in_last_36_hours.xml (attempt 1/3)
2025-10-11 12:31:21,387 - vessel_data_pipeline - INFO - File temp_Arrived_in_last_36_hours.xml passed validation checks
2025-10-11 12:31:21,387 - vessel_data_pipeline - INFO - Created backup: Arrived_in_last_36_hours_20251011_123121.xml
2025-10-11 12:31:21,388 - vessel_data_pipeline - INFO - Updated metadata for Arrived_in_last_36_hours.xml
2025-10-11 12:31:21,388 - vessel_data_pipeline - INFO - Successfully downloaded and validated Arrived_in_last_36_hours.xml
2025-10-11 12:31:21,581 - vessel_data_pipeline - INFO - Downloading Departed_in_last_36_hours.xml (attempt 1/3)
2025-10-11 12:31:22,078 - vessel_data_pipeline - INFO - File temp_Departed_in_last_36_hours.xml passed validation checks
2025-10-11 12:31:22,078 - vessel_data_pipeline - INFO - Created backup: Departed_in_last_36_hours_20251011_123122.xml
2025-10-11 12:31:22,079 - vessel_data_pipeline - INFO - Updated metadata for Departed_in_last_36_hours.xml
2025-10-11 12:31:22,079 - vessel_data_pipeline - INFO - Successfully downloaded and validated Departed_in_last_36_hours.xml
2025-10-11 12:31:23,393 - vessel_data_pipeline - INFO - Downloading Departed_in_last_36_hours.xml (attempt 1/3)
2025-10-11 12:31:23,932 - vessel_data_pipeline - INFO - File temp_Departed_in_last_36_hours.xml passed validation checks
2025-10-11 12:31:23,933 - vessel_data_pipeline - INFO - Created backup: Departed_in_last_36_hours_20251011_123123.xml
2025-10-11 12:31:23,933 - vessel_data_pipeline - INFO - Updated metadata for Departed_in_last_36_hours.xml
2025-10-11 12:31:23,933 - vessel_data_pipeline - INFO - Successfully downloaded and validated Departed_in_last_36_hours.xml
2025-10-11 12:31:24,081 - vessel_data_pipeline - INFO - Downloading Expected_arrivals.xml (attempt 1/3)
2025-10-11 12:31:25,232 - vessel_data_pipeline - INFO - File temp_Expected_arrivals.xml passed validation checks
2025-10-11 12:31:25,232 - vessel_data_pipeline - INFO - Created backup: Expected_arrivals_20251011_123125.xml
2025-10-11 12:31:25,232 - vessel_data_pipeline - INFO - Updated metadata for Expected_arrivals.xml
2025-10-11 12:31:25,232 - vessel_data_pipeline - INFO - Successfully downloaded and validated Expected_arrivals.xml
2025-10-11 12:31:25,935 - vessel_data_pipeline - INFO - Downloading Expected_arrivals.xml (attempt 1/3)
2025-10-11 12:31:26,199 - vessel_data_pipeline - INFO - File temp_Expected_arrivals.xml passed validation checks
2025-10-11 12:31:26,199 - vessel_data_pipeline - INFO - Created backup: Expected_arrivals_20251011_123126.xml
2025-10-11 12:31:26,200 - vessel_data_pipeline - INFO - Updated metadata for Expected_arrivals.xml
2025-10-11 12:31:26,200 - vessel_data_pipeline - INFO - Successfully downloaded and validated Expected_arrivals.xml
2025-10-11 12:31:27,238 - vessel_data_pipeline - INFO - Downloading Expected_departures.xml (attempt 1/3)
2025-10-11 12:31:27,609 - vessel_data_pipeline - INFO - File temp_Expected_departures.xml passed validation checks
2025-10-11 12:31:27,609 - vessel_data_pipeline - INFO - Created backup: Expected_departures_20251011_123127.xml
2025-10-11 12:31:27,610 - vessel_data_pipeline - INFO - Updated metadata for Expected_departures.xml
2025-10-11 12:31:27,610 - vessel_data_pipeline - INFO - Successfully downloaded and validated Expected_departures.xml
2025-10-11 12:31:28,205 - vessel_data_pipeline - INFO - Downloading Expected_departures.xml (attempt 1/3)
2025-10-11 12:31:28,749 - vessel_data_pipeline - INFO - File temp_Expected_departures.xml passed validation checks
2025-10-11 12:31:28,750 - vessel_data_pipeline - INFO - Created backup: Expected_departures_20251011_123128.xml
2025-10-11 12:31:28,750 - vessel_data_pipeline - INFO - Updated metadata for Expected_departures.xml
2025-10-11 12:31:28,750 - vessel_data_pipeline - INFO - Successfully downloaded and validated Expected_departures.xml
2025-10-11 12:31:29,615 - vessel_data_pipeline - INFO - Fetch operation completed. Results: {'Arrived_in_last_36_hours.xml': True, 'Departed_in_last_36_hours.xml': True, 'Expected_arrivals.xml': True, 'Expected_departures.xml': True}
2025-10-11 12:31:30,751 - vessel_data_pipeline - INFO - Fetch operation completed. Results: {'Arrived_in_last_36_hours.xml': True, 'Departed_in_last_36_hours.xml': True, 'Expected_arrivals.xml': True, 'Expected_departures.xml': True}
2025-10-11 12:54:40,935 - vessel_data_pipeline - INFO - VesselDataFetcher initialized. Pipeline enabled: True
2025-10-11 12:54:40,935 - vessel_data_pipeline - INFO - Starting vessel data fetch operation
2025-10-11 12:54:40,935 - vessel_data_pipeline - INFO - Discovering XML files from Hong Kong Marine Department portal
2025-10-11 12:54:41,966 - vessel_data_pipeline - INFO - Verified access to Arrived_in_last_36_hours.xml
2025-10-11 12:54:43,241 - vessel_data_pipeline - INFO - Verified access to Departed_in_last_36_hours.xml
2025-10-11 12:54:44,322 - vessel_data_pipeline - INFO - Verified access to Expected_arrivals.xml
2025-10-11 12:54:45,191 - vessel_data_pipeline - INFO - Verified access to Expected_departures.xml
2025-10-11 12:54:45,191 - vessel_data_pipeline - INFO - Discovered 4 XML files for download
2025-10-11 12:54:45,191 - vessel_data_pipeline - INFO - Downloading Arrived_in_last_36_hours.xml (attempt 1/3)
2025-10-11 12:54:45,772 - vessel_data_pipeline - INFO - File temp_Arrived_in_last_36_hours.xml passed validation checks
2025-10-11 12:54:45,773 - vessel_data_pipeline - INFO - Created backup: Arrived_in_last_36_hours_20251011_125445.xml
2025-10-11 12:54:45,773 - vessel_data_pipeline - INFO - Updated metadata for Arrived_in_last_36_hours.xml
2025-10-11 12:54:45,773 - vessel_data_pipeline - INFO - Successfully downloaded and validated Arrived_in_last_36_hours.xml
2025-10-11 12:54:47,778 - vessel_data_pipeline - INFO - Downloading Departed_in_last_36_hours.xml (attempt 1/3)
2025-10-11 12:54:48,735 - vessel_data_pipeline - INFO - File temp_Departed_in_last_36_hours.xml passed validation checks
2025-10-11 12:54:48,735 - vessel_data_pipeline - INFO - Created backup: Departed_in_last_36_hours_20251011_125448.xml
2025-10-11 12:54:48,735 - vessel_data_pipeline - INFO - Updated metadata for Departed_in_last_36_hours.xml
2025-10-11 12:54:48,735 - vessel_data_pipeline - INFO - Successfully downloaded and validated Departed_in_last_36_hours.xml
2025-10-11 12:54:50,740 - vessel_data_pipeline - INFO - Downloading Expected_arrivals.xml (attempt 1/3)
2025-10-11 12:54:51,027 - vessel_data_pipeline - INFO - File temp_Expected_arrivals.xml passed validation checks
2025-10-11 12:54:51,028 - vessel_data_pipeline - INFO - Created backup: Expected_arrivals_20251011_125451.xml
2025-10-11 12:54:51,028 - vessel_data_pipeline - INFO - Updated metadata for Expected_arrivals.xml
2025-10-11 12:54:51,028 - vessel_data_pipeline - INFO - Successfully downloaded and validated Expected_arrivals.xml
2025-10-11 12:54:53,033 - vessel_data_pipeline - INFO - Downloading Expected_departures.xml (attempt 1/3)
2025-10-11 12:54:53,287 - vessel_data_pipeline - INFO - File temp_Expected_departures.xml passed validation checks
2025-10-11 12:54:53,288 - vessel_data_pipeline - INFO - Created backup: Expected_departures_20251011_125453.xml
2025-10-11 12:54:53,288 - vessel_data_pipeline - INFO - Updated metadata for Expected_departures.xml
2025-10-11 12:54:53,288 - vessel_data_pipeline - INFO - Successfully downloaded and validated Expected_departures.xml
2025-10-11 12:54:55,292 - vessel_data_pipeline - INFO - Fetch operation completed. Results: {'Arrived_in_last_36_hours.xml': True, 'Departed_in_last_36_hours.xml': True, 'Expected_arrivals.xml': True, 'Expected_departures.xml': True}
2025-10-11 12:54:55,296 - vessel_data_pipeline - INFO - VesselDataFetcher initialized. Pipeline enabled: True
2025-10-11 12:54:55,311 - vessel_data_pipeline - INFO - Starting vessel data fetch operation
2025-10-11 12:54:55,312 - vessel_data_pipeline - INFO - Discovering XML files from Hong Kong Marine Department portal
2025-10-11 12:54:55,976 - vessel_data_pipeline - INFO - Verified access to Arrived_in_last_36_hours.xml
2025-10-11 12:54:56,684 - vessel_data_pipeline - INFO - Verified access to Departed_in_last_36_hours.xml
2025-10-11 12:54:57,154 - vessel_data_pipeline - INFO - Verified access to Expected_arrivals.xml
2025-10-11 12:54:57,661 - vessel_data_pipeline - INFO - Verified access to Expected_departures.xml
2025-10-11 12:54:57,661 - vessel_data_pipeline - INFO - Discovered 4 XML files for download
2025-10-11 12:54:57,661 - vessel_data_pipeline - INFO - Downloading Arrived_in_last_36_hours.xml (attempt 1/3)
2025-10-11 12:54:58,369 - vessel_data_pipeline - INFO - File temp_Arrived_in_last_36_hours.xml passed validation checks
2025-10-11 12:54:58,369 - vessel_data_pipeline - INFO - Created backup: Arrived_in_last_36_hours_20251011_125458.xml
2025-10-11 12:54:58,370 - vessel_data_pipeline - INFO - Updated metadata for Arrived_in_last_36_hours.xml
2025-10-11 12:54:58,370 - vessel_data_pipeline - INFO - Successfully downloaded and validated Arrived_in_last_36_hours.xml
2025-10-11 12:55:00,372 - vessel_data_pipeline - INFO - Downloading Departed_in_last_36_hours.xml (attempt 1/3)
2025-10-11 12:55:00,884 - vessel_data_pipeline - INFO - File temp_Departed_in_last_36_hours.xml passed validation checks
2025-10-11 12:55:00,884 - vessel_data_pipeline - INFO - Created backup: Departed_in_last_36_hours_20251011_125500.xml
2025-10-11 12:55:00,885 - vessel_data_pipeline - INFO - Updated metadata for Departed_in_last_36_hours.xml
2025-10-11 12:55:00,885 - vessel_data_pipeline - INFO - Successfully downloaded and validated Departed_in_last_36_hours.xml
2025-10-11 12:55:02,890 - vessel_data_pipeline - INFO - Downloading Expected_arrivals.xml (attempt 1/3)
2025-10-11 12:55:03,619 - vessel_data_pipeline - INFO - File temp_Expected_arrivals.xml passed validation checks
2025-10-11 12:55:03,619 - vessel_data_pipeline - INFO - Created backup: Expected_arrivals_20251011_125503.xml
2025-10-11 12:55:03,620 - vessel_data_pipeline - INFO - Updated metadata for Expected_arrivals.xml
2025-10-11 12:55:03,620 - vessel_data_pipeline - INFO - Successfully downloaded and validated Expected_arrivals.xml
2025-10-11 12:55:05,624 - vessel_data_pipeline - INFO - Downloading Expected_departures.xml (attempt 1/3)
2025-10-11 12:55:05,931 - vessel_data_pipeline - INFO - File temp_Expected_departures.xml passed validation checks
2025-10-11 12:55:05,932 - vessel_data_pipeline - INFO - Created backup: Expected_departures_20251011_125505.xml
2025-10-11 12:55:05,932 - vessel_data_pipeline - INFO - Updated metadata for Expected_departures.xml
2025-10-11 12:55:05,932 - vessel_data_pipeline - INFO - Successfully downloaded and validated Expected_departures.xml
2025-10-11 12:55:07,937 - vessel_data_pipeline - INFO - Fetch operation completed. Results: {'Arrived_in_last_36_hours.xml': True, 'Departed_in_last_36_hours.xml': True, 'Expected_arrivals.xml': True, 'Expected_departures.xml': True}
2025-10-11 13:37:33,707 - vessel_data_pipeline - INFO - VesselDataFetcher initialized. Pipeline enabled: True
2025-10-11 13:37:33,707 - vessel_data_pipeline - INFO - Starting vessel data fetch operation
2025-10-11 13:37:33,707 - vessel_data_pipeline - INFO - Discovering XML files from Hong Kong Marine Department portal
2025-10-11 13:37:34,270 - vessel_data_pipeline - INFO - Verified access to Arrived_in_last_36_hours.xml
2025-10-11 13:37:34,861 - vessel_data_pipeline - INFO - Verified access to Departed_in_last_36_hours.xml
2025-10-11 13:37:35,252 - vessel_data_pipeline - INFO - Verified access to Expected_arrivals.xml
2025-10-11 13:37:35,681 - vessel_data_pipeline - INFO - Verified access to Expected_departures.xml
2025-10-11 13:37:35,681 - vessel_data_pipeline - INFO - Discovered 4 XML files for download
2025-10-11 13:37:35,681 - vessel_data_pipeline - INFO - Downloading Arrived_in_last_36_hours.xml (attempt 1/3)
2025-10-11 13:37:36,435 - vessel_data_pipeline - INFO - File temp_Arrived_in_last_36_hours.xml passed validation checks
2025-10-11 13:37:36,436 - vessel_data_pipeline - INFO - Created backup: Arrived_in_last_36_hours_20251011_133736.xml
2025-10-11 13:37:36,436 - vessel_data_pipeline - INFO - Updated metadata for Arrived_in_last_36_hours.xml
2025-10-11 13:37:36,436 - vessel_data_pipeline - INFO - Successfully downloaded and validated Arrived_in_last_36_hours.xml
2025-10-11 13:37:38,441 - vessel_data_pipeline - INFO - Downloading Departed_in_last_36_hours.xml (attempt 1/3)
2025-10-11 13:37:38,955 - vessel_data_pipeline - INFO - File temp_Departed_in_last_36_hours.xml passed validation checks
2025-10-11 13:37:38,956 - vessel_data_pipeline - INFO - Created backup: Departed_in_last_36_hours_20251011_133738.xml
2025-10-11 13:37:38,956 - vessel_data_pipeline - INFO - Updated metadata for Departed_in_last_36_hours.xml
2025-10-11 13:37:38,956 - vessel_data_pipeline - INFO - Successfully downloaded and validated Departed_in_last_36_hours.xml
2025-10-11 13:37:39,006 - vessel_data_pipeline - INFO - VesselDataFetcher initialized. Pipeline enabled: True
2025-10-11 13:37:39,006 - vessel_data_pipeline - INFO - Starting vessel data fetch operation
2025-10-11 13:37:39,006 - vessel_data_pipeline - INFO - Discovering XML files from Hong Kong Marine Department portal
2025-10-11 13:37:39,656 - vessel_data_pipeline - INFO - Verified access to Arrived_in_last_36_hours.xml
2025-10-11 13:37:40,344 - vessel_data_pipeline - INFO - Verified access to Departed_in_last_36_hours.xml
2025-10-11 13:37:40,902 - vessel_data_pipeline - INFO - Verified access to Expected_arrivals.xml
2025-10-11 13:37:40,959 - vessel_data_pipeline - INFO - Downloading Expected_arrivals.xml (attempt 1/3)
2025-10-11 13:37:41,159 - vessel_data_pipeline - INFO - Verified access to Expected_departures.xml
2025-10-11 13:37:41,159 - vessel_data_pipeline - INFO - Discovered 4 XML files for download
2025-10-11 13:37:41,159 - vessel_data_pipeline - INFO - Downloading Arrived_in_last_36_hours.xml (attempt 1/3)
2025-10-11 13:37:41,401 - vessel_data_pipeline - INFO - File temp_Expected_arrivals.xml passed validation checks
2025-10-11 13:37:41,402 - vessel_data_pipeline - INFO - Created backup: Expected_arrivals_20251011_133741.xml
2025-10-11 13:37:41,402 - vessel_data_pipeline - INFO - Updated metadata for Expected_arrivals.xml
2025-10-11 13:37:41,402 - vessel_data_pipeline - INFO - Successfully downloaded and validated Expected_arrivals.xml
2025-10-11 13:37:41,735 - vessel_data_pipeline - INFO - File temp_Arrived_in_last_36_hours.xml passed validation checks
2025-10-11 13:37:41,735 - vessel_data_pipeline - INFO - Created backup: Arrived_in_last_36_hours_20251011_133741.xml
2025-10-11 13:37:41,735 - vessel_data_pipeline - INFO - Updated metadata for Arrived_in_last_36_hours.xml
2025-10-11 13:37:41,735 - vessel_data_pipeline - INFO - Successfully downloaded and validated Arrived_in_last_36_hours.xml
2025-10-11 13:37:43,407 - vessel_data_pipeline - INFO - Downloading Expected_departures.xml (attempt 1/3)
2025-10-11 13:37:43,739 - vessel_data_pipeline - INFO - Downloading Departed_in_last_36_hours.xml (attempt 1/3)
2025-10-11 13:37:44,163 - vessel_data_pipeline - INFO - File temp_Expected_departures.xml passed validation checks
2025-10-11 13:37:44,163 - vessel_data_pipeline - INFO - Created backup: Expected_departures_20251011_133744.xml
2025-10-11 13:37:44,164 - vessel_data_pipeline - INFO - Updated metadata for Expected_departures.xml
2025-10-11 13:37:44,164 - vessel_data_pipeline - INFO - Successfully downloaded and validated Expected_departures.xml
2025-10-11 13:37:44,279 - vessel_data_pipeline - INFO - File temp_Departed_in_last_36_hours.xml passed validation checks
2025-10-11 13:37:44,280 - vessel_data_pipeline - INFO - Created backup: Departed_in_last_36_hours_20251011_133744.xml
2025-10-11 13:37:44,280 - vessel_data_pipeline - INFO - Updated metadata for Departed_in_last_36_hours.xml
2025-10-11 13:37:44,280 - vessel_data_pipeline - INFO - Successfully downloaded and validated Departed_in_last_36_hours.xml
2025-10-11 13:37:46,165 - vessel_data_pipeline - INFO - Fetch operation completed. Results: {'Arrived_in_last_36_hours.xml': True, 'Departed_in_last_36_hours.xml': True, 'Expected_arrivals.xml': True, 'Expected_departures.xml': True}
2025-10-11 13:37:46,180 - vessel_data_pipeline - INFO - VesselDataFetcher initialized. Pipeline enabled: True
2025-10-11 13:37:46,183 - vessel_data_pipeline - INFO - Starting vessel data fetch operation
2025-10-11 13:37:46,183 - vessel_data_pipeline - INFO - Discovering XML files from Hong Kong Marine Department portal
2025-10-11 13:37:46,286 - vessel_data_pipeline - INFO - Downloading Expected_arrivals.xml (attempt 1/3)
2025-10-11 13:37:46,600 - vessel_data_pipeline - INFO - File temp_Expected_arrivals.xml passed validation checks
2025-10-11 13:37:46,621 - vessel_data_pipeline - INFO - Created backup: Expected_arrivals_20251011_133746.xml
2025-10-11 13:37:46,627 - vessel_data_pipeline - INFO - Updated metadata for Expected_arrivals.xml
2025-10-11 13:37:46,633 - vessel_data_pipeline - INFO - Successfully downloaded and validated Expected_arrivals.xml
2025-10-11 13:37:46,730 - vessel_data_pipeline - INFO - Verified access to Arrived_in_last_36_hours.xml
2025-10-11 13:37:47,720 - vessel_data_pipeline - INFO - Verified access to Departed_in_last_36_hours.xml
2025-10-11 13:37:48,238 - vessel_data_pipeline - INFO - Verified access to Expected_arrivals.xml
2025-10-11 13:37:48,635 - vessel_data_pipeline - INFO - Downloading Expected_departures.xml (attempt 1/3)
2025-10-11 13:37:48,722 - vessel_data_pipeline - INFO - Verified access to Expected_departures.xml
2025-10-11 13:37:48,722 - vessel_data_pipeline - INFO - Discovered 4 XML files for download
2025-10-11 13:37:48,722 - vessel_data_pipeline - INFO - Downloading Arrived_in_last_36_hours.xml (attempt 1/3)
2025-10-11 13:37:48,908 - vessel_data_pipeline - INFO - File temp_Expected_departures.xml passed validation checks
2025-10-11 13:37:48,909 - vessel_data_pipeline - INFO - Created backup: Expected_departures_20251011_133748.xml
2025-10-11 13:37:48,909 - vessel_data_pipeline - INFO - Updated metadata for Expected_departures.xml
2025-10-11 13:37:48,909 - vessel_data_pipeline - INFO - Successfully downloaded and validated Expected_departures.xml
2025-10-11 13:37:49,446 - vessel_data_pipeline - INFO - File temp_Arrived_in_last_36_hours.xml passed validation checks
2025-10-11 13:37:49,446 - vessel_data_pipeline - INFO - Created backup: Arrived_in_last_36_hours_20251011_133749.xml
2025-10-11 13:37:49,447 - vessel_data_pipeline - INFO - Updated metadata for Arrived_in_last_36_hours.xml
2025-10-11 13:37:49,447 - vessel_data_pipeline - INFO - Successfully downloaded and validated Arrived_in_last_36_hours.xml
2025-10-11 13:37:50,912 - vessel_data_pipeline - INFO - Fetch operation completed. Results: {'Arrived_in_last_36_hours.xml': True, 'Departed_in_last_36_hours.xml': True, 'Expected_arrivals.xml': True, 'Expected_departures.xml': True}
2025-10-11 13:37:50,921 - vessel_data_pipeline - INFO - VesselDataFetcher initialized. Pipeline enabled: True
2025-10-11 13:37:50,924 - vessel_data_pipeline - INFO - Starting vessel data fetch operation
2025-10-11 13:37:50,929 - vessel_data_pipeline - INFO - Discovering XML files from Hong Kong Marine Department portal
2025-10-11 13:37:51,452 - vessel_data_pipeline - INFO - Downloading Departed_in_last_36_hours.xml (attempt 1/3)
2025-10-11 13:37:51,512 - vessel_data_pipeline - INFO - Verified access to Arrived_in_last_36_hours.xml
2025-10-11 13:37:51,786 - vessel_data_pipeline - INFO - Verified access to Departed_in_last_36_hours.xml
2025-10-11 13:37:52,053 - vessel_data_pipeline - INFO - Verified access to Expected_arrivals.xml
2025-10-11 13:37:52,359 - vessel_data_pipeline - INFO - File temp_Departed_in_last_36_hours.xml passed validation checks
2025-10-11 13:37:52,360 - vessel_data_pipeline - INFO - Created backup: Departed_in_last_36_hours_20251011_133752.xml
2025-10-11 13:37:52,360 - vessel_data_pipeline - INFO - Updated metadata for Departed_in_last_36_hours.xml
2025-10-11 13:37:52,360 - vessel_data_pipeline - INFO - Successfully downloaded and validated Departed_in_last_36_hours.xml
2025-10-11 13:37:52,379 - vessel_data_pipeline - INFO - Verified access to Expected_departures.xml
2025-10-11 13:37:52,379 - vessel_data_pipeline - INFO - Discovered 4 XML files for download
2025-10-11 13:37:52,379 - vessel_data_pipeline - INFO - Downloading Arrived_in_last_36_hours.xml (attempt 1/3)
2025-10-11 13:37:53,324 - vessel_data_pipeline - INFO - File temp_Arrived_in_last_36_hours.xml passed validation checks
2025-10-11 13:37:53,324 - vessel_data_pipeline - INFO - Created backup: Arrived_in_last_36_hours_20251011_133753.xml
2025-10-11 13:37:53,324 - vessel_data_pipeline - INFO - Updated metadata for Arrived_in_last_36_hours.xml
2025-10-11 13:37:53,324 - vessel_data_pipeline - INFO - Successfully downloaded and validated Arrived_in_last_36_hours.xml
2025-10-11 13:37:54,365 - vessel_data_pipeline - INFO - Downloading Expected_arrivals.xml (attempt 1/3)
2025-10-11 13:37:55,044 - vessel_data_pipeline - INFO - File temp_Expected_arrivals.xml passed validation checks
2025-10-11 13:37:55,044 - vessel_data_pipeline - INFO - Created backup: Expected_arrivals_20251011_133755.xml
2025-10-11 13:37:55,045 - vessel_data_pipeline - INFO - Updated metadata for Expected_arrivals.xml
2025-10-11 13:37:55,045 - vessel_data_pipeline - INFO - Successfully downloaded and validated Expected_arrivals.xml
2025-10-11 13:37:55,329 - vessel_data_pipeline - INFO - Downloading Departed_in_last_36_hours.xml (attempt 1/3)
2025-10-11 13:37:55,866 - vessel_data_pipeline - INFO - File temp_Departed_in_last_36_hours.xml passed validation checks
2025-10-11 13:37:55,866 - vessel_data_pipeline - INFO - Created backup: Departed_in_last_36_hours_20251011_133755.xml
2025-10-11 13:37:55,866 - vessel_data_pipeline - INFO - Updated metadata for Departed_in_last_36_hours.xml
2025-10-11 13:37:55,866 - vessel_data_pipeline - INFO - Successfully downloaded and validated Departed_in_last_36_hours.xml
2025-10-11 13:37:57,050 - vessel_data_pipeline - INFO - Downloading Expected_departures.xml (attempt 1/3)
2025-10-11 13:37:57,529 - vessel_data_pipeline - INFO - File temp_Expected_departures.xml passed validation checks
2025-10-11 13:37:57,529 - vessel_data_pipeline - INFO - Created backup: Expected_departures_20251011_133757.xml
2025-10-11 13:37:57,530 - vessel_data_pipeline - INFO - Updated metadata for Expected_departures.xml
2025-10-11 13:37:57,530 - vessel_data_pipeline - INFO - Successfully downloaded and validated Expected_departures.xml
2025-10-11 13:37:57,871 - vessel_data_pipeline - INFO - Downloading Expected_arrivals.xml (attempt 1/3)
2025-10-11 13:37:58,231 - vessel_data_pipeline - INFO - File temp_Expected_arrivals.xml passed validation checks
2025-10-11 13:37:58,232 - vessel_data_pipeline - INFO - Created backup: Expected_arrivals_20251011_133758.xml
2025-10-11 13:37:58,232 - vessel_data_pipeline - INFO - Updated metadata for Expected_arrivals.xml
2025-10-11 13:37:58,232 - vessel_data_pipeline - INFO - Successfully downloaded and validated Expected_arrivals.xml
2025-10-11 13:37:59,534 - vessel_data_pipeline - INFO - Fetch operation completed. Results: {'Arrived_in_last_36_hours.xml': True, 'Departed_in_last_36_hours.xml': True, 'Expected_arrivals.xml': True, 'Expected_departures.xml': True}
2025-10-11 13:38:00,237 - vessel_data_pipeline - INFO - Downloading Expected_departures.xml (attempt 1/3)
2025-10-11 13:38:00,552 - vessel_data_pipeline - INFO - File temp_Expected_departures.xml passed validation checks
2025-10-11 13:38:00,555 - vessel_data_pipeline - INFO - Created backup: Expected_departures_20251011_133800.xml
2025-10-11 13:38:00,556 - vessel_data_pipeline - INFO - Updated metadata for Expected_departures.xml
2025-10-11 13:38:00,556 - vessel_data_pipeline - INFO - Successfully downloaded and validated Expected_departures.xml
2025-10-11 13:38:02,562 - vessel_data_pipeline - INFO - Fetch operation completed. Results: {'Arrived_in_last_36_hours.xml': True, 'Departed_in_last_36_hours.xml': True, 'Expected_arrivals.xml': True, 'Expected_departures.xml': True}
2025-10-11 16:49:30,917 - vessel_data_pipeline - INFO - VesselDataFetcher initialized. Pipeline enabled: True
2025-10-11 16:49:30,917 - vessel_data_pipeline - INFO - Starting vessel data fetch operation
2025-10-11 16:49:30,917 - vessel_data_pipeline - INFO - Discovering XML files from Hong Kong Marine Department portal
2025-10-11 16:49:31,288 - vessel_data_pipeline - INFO - Verified access to Arrived_in_last_36_hours.xml
2025-10-11 16:49:31,761 - vessel_data_pipeline - INFO - Verified access to Departed_in_last_36_hours.xml
2025-10-11 16:49:32,110 - vessel_data_pipeline - INFO - Verified access to Expected_arrivals.xml
2025-10-11 16:49:32,592 - vessel_data_pipeline - INFO - Verified access to Expected_departures.xml
2025-10-11 16:49:32,592 - vessel_data_pipeline - INFO - Discovered 4 XML files for download
2025-10-11 16:49:32,592 - vessel_data_pipeline - INFO - Downloading Arrived_in_last_36_hours.xml (attempt 1/3)
2025-10-11 16:49:32,878 - vessel_data_pipeline - INFO - File temp_Arrived_in_last_36_hours.xml passed validation checks
2025-10-11 16:49:32,879 - vessel_data_pipeline - INFO - Created backup: Arrived_in_last_36_hours_20251011_164932.xml
2025-10-11 16:49:32,879 - vessel_data_pipeline - INFO - Updated metadata for Arrived_in_last_36_hours.xml
2025-10-11 16:49:32,880 - vessel_data_pipeline - INFO - Successfully downloaded and validated Arrived_in_last_36_hours.xml
2025-10-11 16:49:34,885 - vessel_data_pipeline - INFO - Downloading Departed_in_last_36_hours.xml (attempt 1/3)
2025-10-11 16:49:35,816 - vessel_data_pipeline - INFO - File temp_Departed_in_last_36_hours.xml passed validation checks
2025-10-11 16:49:35,816 - vessel_data_pipeline - INFO - Created backup: Departed_in_last_36_hours_20251011_164935.xml
2025-10-11 16:49:35,817 - vessel_data_pipeline - INFO - Updated metadata for Departed_in_last_36_hours.xml
2025-10-11 16:49:35,817 - vessel_data_pipeline - INFO - Successfully downloaded and validated Departed_in_last_36_hours.xml
2025-10-11 16:49:37,820 - vessel_data_pipeline - INFO - Downloading Expected_arrivals.xml (attempt 1/3)
2025-10-11 16:49:38,604 - vessel_data_pipeline - INFO - File temp_Expected_arrivals.xml passed validation checks
2025-10-11 16:49:38,604 - vessel_data_pipeline - INFO - Created backup: Expected_arrivals_20251011_164938.xml
2025-10-11 16:49:38,604 - vessel_data_pipeline - INFO - Updated metadata for Expected_arrivals.xml
2025-10-11 16:49:38,604 - vessel_data_pipeline - INFO - Successfully downloaded and validated Expected_arrivals.xml
2025-10-11 16:49:39,726 - vessel_data_pipeline - INFO - VesselDataFetcher initialized. Pipeline enabled: True
2025-10-11 16:49:39,726 - vessel_data_pipeline - INFO - Starting vessel data fetch operation
2025-10-11 16:49:39,726 - vessel_data_pipeline - INFO - Discovering XML files from Hong Kong Marine Department portal
2025-10-11 16:49:40,080 - vessel_data_pipeline - INFO - Verified access to Arrived_in_last_36_hours.xml
2025-10-11 16:49:40,344 - vessel_data_pipeline - INFO - Verified access to Departed_in_last_36_hours.xml
2025-10-11 16:49:40,379 - vessel_data_pipeline - INFO - Verified access to Expected_arrivals.xml
2025-10-11 16:49:40,609 - vessel_data_pipeline - INFO - Downloading Expected_departures.xml (attempt 1/3)
2025-10-11 16:49:40,662 - vessel_data_pipeline - INFO - Verified access to Expected_departures.xml
2025-10-11 16:49:40,662 - vessel_data_pipeline - INFO - Discovered 4 XML files for download
2025-10-11 16:49:40,662 - vessel_data_pipeline - INFO - Downloading Arrived_in_last_36_hours.xml (attempt 1/3)
2025-10-11 16:49:40,884 - vessel_data_pipeline - INFO - File temp_Expected_departures.xml passed validation checks
2025-10-11 16:49:40,885 - vessel_data_pipeline - INFO - Created backup: Expected_departures_20251011_164940.xml
2025-10-11 16:49:40,885 - vessel_data_pipeline - INFO - Updated metadata for Expected_departures.xml
2025-10-11 16:49:40,886 - vessel_data_pipeline - INFO - Successfully downloaded and validated Expected_departures.xml
2025-10-11 16:49:40,948 - vessel_data_pipeline - INFO - File temp_Arrived_in_last_36_hours.xml passed validation checks
2025-10-11 16:49:40,948 - vessel_data_pipeline - INFO - Created backup: Arrived_in_last_36_hours_20251011_164940.xml
2025-10-11 16:49:40,948 - vessel_data_pipeline - INFO - Updated metadata for Arrived_in_last_36_hours.xml
2025-10-11 16:49:40,948 - vessel_data_pipeline - INFO - Successfully downloaded and validated Arrived_in_last_36_hours.xml
2025-10-11 16:49:42,886 - vessel_data_pipeline - INFO - Fetch operation completed. Results: {'Arrived_in_last_36_hours.xml': True, 'Departed_in_last_36_hours.xml': True, 'Expected_arrivals.xml': True, 'Expected_departures.xml': True}
2025-10-11 16:49:42,891 - vessel_data_pipeline - INFO - VesselDataFetcher initialized. Pipeline enabled: True
2025-10-11 16:49:42,907 - vessel_data_pipeline - INFO - Starting vessel data fetch operation
2025-10-11 16:49:42,909 - vessel_data_pipeline - INFO - Discovering XML files from Hong Kong Marine Department portal
2025-10-11 16:49:42,977 - vessel_data_pipeline - INFO - Downloading Departed_in_last_36_hours.xml (attempt 1/3)
2025-10-11 16:49:43,497 - vessel_data_pipeline - INFO - Verified access to Arrived_in_last_36_hours.xml
2025-10-11 16:49:43,979 - vessel_data_pipeline - INFO - Verified access to Departed_in_last_36_hours.xml
2025-10-11 16:49:44,504 - vessel_data_pipeline - INFO - Verified access to Expected_arrivals.xml
2025-10-11 16:49:44,596 - vessel_data_pipeline - INFO - File temp_Departed_in_last_36_hours.xml passed validation checks
2025-10-11 16:49:44,597 - vessel_data_pipeline - INFO - Created backup: Departed_in_last_36_hours_20251011_164944.xml
2025-10-11 16:49:44,597 - vessel_data_pipeline - INFO - Updated metadata for Departed_in_last_36_hours.xml
2025-10-11 16:49:44,597 - vessel_data_pipeline - INFO - Successfully downloaded and validated Departed_in_last_36_hours.xml
2025-10-11 16:49:44,773 - vessel_data_pipeline - INFO - Verified access to Expected_departures.xml
2025-10-11 16:49:44,773 - vessel_data_pipeline - INFO - Discovered 4 XML files for download
2025-10-11 16:49:44,773 - vessel_data_pipeline - INFO - Downloading Arrived_in_last_36_hours.xml (attempt 1/3)
2025-10-11 16:49:45,278 - vessel_data_pipeline - INFO - File temp_Arrived_in_last_36_hours.xml passed validation checks
2025-10-11 16:49:45,279 - vessel_data_pipeline - INFO - Created backup: Arrived_in_last_36_hours_20251011_164945.xml
2025-10-11 16:49:45,279 - vessel_data_pipeline - INFO - Updated metadata for Arrived_in_last_36_hours.xml
2025-10-11 16:49:45,279 - vessel_data_pipeline - INFO - Successfully downloaded and validated Arrived_in_last_36_hours.xml
2025-10-11 16:49:46,602 - vessel_data_pipeline - INFO - Downloading Expected_arrivals.xml (attempt 1/3)
2025-10-11 16:49:46,694 - vessel_data_pipeline - INFO - File temp_Expected_arrivals.xml passed validation checks
2025-10-11 16:49:46,694 - vessel_data_pipeline - INFO - Created backup: Expected_arrivals_20251011_164946.xml
2025-10-11 16:49:46,694 - vessel_data_pipeline - INFO - Updated metadata for Expected_arrivals.xml
2025-10-11 16:49:46,694 - vessel_data_pipeline - INFO - Successfully downloaded and validated Expected_arrivals.xml
2025-10-11 16:49:47,284 - vessel_data_pipeline - INFO - Downloading Departed_in_last_36_hours.xml (attempt 1/3)
2025-10-11 16:49:47,600 - vessel_data_pipeline - INFO - File temp_Departed_in_last_36_hours.xml passed validation checks
2025-10-11 16:49:47,601 - vessel_data_pipeline - INFO - Created backup: Departed_in_last_36_hours_20251011_164947.xml
2025-10-11 16:49:47,601 - vessel_data_pipeline - INFO - Updated metadata for Departed_in_last_36_hours.xml
2025-10-11 16:49:47,601 - vessel_data_pipeline - INFO - Successfully downloaded and validated Departed_in_last_36_hours.xml
2025-10-11 16:49:48,697 - vessel_data_pipeline - INFO - Downloading Expected_departures.xml (attempt 1/3)
2025-10-11 16:49:48,986 - vessel_data_pipeline - INFO - File temp_Expected_departures.xml passed validation checks
2025-10-11 16:49:48,987 - vessel_data_pipeline - INFO - Created backup: Expected_departures_20251011_164948.xml
2025-10-11 16:49:48,987 - vessel_data_pipeline - INFO - Updated metadata for Expected_departures.xml
2025-10-11 16:49:48,987 - vessel_data_pipeline - INFO - Successfully downloaded and validated Expected_departures.xml
2025-10-11 16:49:49,606 - vessel_data_pipeline - INFO - Downloading Expected_arrivals.xml (attempt 1/3)
2025-10-11 16:49:49,974 - vessel_data_pipeline - INFO - File temp_Expected_arrivals.xml passed validation checks
2025-10-11 16:49:49,975 - vessel_data_pipeline - INFO - Created backup: Expected_arrivals_20251011_164949.xml
2025-10-11 16:49:49,975 - vessel_data_pipeline - INFO - Updated metadata for Expected_arrivals.xml
2025-10-11 16:49:49,975 - vessel_data_pipeline - INFO - Successfully downloaded and validated Expected_arrivals.xml
2025-10-11 16:49:50,988 - vessel_data_pipeline - INFO - Fetch operation completed. Results: {'Arrived_in_last_36_hours.xml': True, 'Departed_in_last_36_hours.xml': True, 'Expected_arrivals.xml': True, 'Expected_departures.xml': True}
2025-10-11 16:49:50,999 - vessel_data_pipeline - INFO - VesselDataFetcher initialized. Pipeline enabled: True
2025-10-11 16:49:50,999 - vessel_data_pipeline - INFO - Starting vessel data fetch operation
2025-10-11 16:49:51,000 - vessel_data_pipeline - INFO - Discovering XML files from Hong Kong Marine Department portal
2025-10-11 16:49:51,418 - vessel_data_pipeline - INFO - Verified access to Arrived_in_last_36_hours.xml
2025-10-11 16:49:51,701 - vessel_data_pipeline - INFO - Verified access to Departed_in_last_36_hours.xml
2025-10-11 16:49:51,980 - vessel_data_pipeline - INFO - Downloading Expected_departures.xml (attempt 1/3)
2025-10-11 16:49:52,187 - vessel_data_pipeline - INFO - Verified access to Expected_arrivals.xml
2025-10-11 16:49:52,270 - vessel_data_pipeline - INFO - File temp_Expected_departures.xml passed validation checks
2025-10-11 16:49:52,271 - vessel_data_pipeline - INFO - Created backup: Expected_departures_20251011_164952.xml
2025-10-11 16:49:52,271 - vessel_data_pipeline - INFO - Updated metadata for Expected_departures.xml
2025-10-11 16:49:52,271 - vessel_data_pipeline - INFO - Successfully downloaded and validated Expected_departures.xml
2025-10-11 16:49:52,516 - vessel_data_pipeline - INFO - Verified access to Expected_departures.xml
2025-10-11 16:49:52,516 - vessel_data_pipeline - INFO - Discovered 4 XML files for download
2025-10-11 16:49:52,516 - vessel_data_pipeline - INFO - Downloading Arrived_in_last_36_hours.xml (attempt 1/3)
2025-10-11 16:49:53,001 - vessel_data_pipeline - INFO - File temp_Arrived_in_last_36_hours.xml passed validation checks
2025-10-11 16:49:53,001 - vessel_data_pipeline - INFO - Created backup: Arrived_in_last_36_hours_20251011_164953.xml
2025-10-11 16:49:53,001 - vessel_data_pipeline - INFO - Updated metadata for Arrived_in_last_36_hours.xml
2025-10-11 16:49:53,001 - vessel_data_pipeline - INFO - Successfully downloaded and validated Arrived_in_last_36_hours.xml
2025-10-11 16:49:54,272 - vessel_data_pipeline - INFO - Fetch operation completed. Results: {'Arrived_in_last_36_hours.xml': True, 'Departed_in_last_36_hours.xml': True, 'Expected_arrivals.xml': True, 'Expected_departures.xml': True}
2025-10-11 16:49:55,574 - vessel_data_pipeline - INFO - Downloading Departed_in_last_36_hours.xml (attempt 1/3)
2025-10-11 16:49:56,475 - vessel_data_pipeline - INFO - File temp_Departed_in_last_36_hours.xml passed validation checks
2025-10-11 16:49:56,478 - vessel_data_pipeline - INFO - Created backup: Departed_in_last_36_hours_20251011_164956.xml
2025-10-11 16:49:56,478 - vessel_data_pipeline - INFO - Updated metadata for Departed_in_last_36_hours.xml
2025-10-11 16:49:56,478 - vessel_data_pipeline - INFO - Successfully downloaded and validated Departed_in_last_36_hours.xml
2025-10-11 16:49:58,483 - vessel_data_pipeline - INFO - Downloading Expected_arrivals.xml (attempt 1/3)
2025-10-11 16:49:58,807 - vessel_data_pipeline - INFO - File temp_Expected_arrivals.xml passed validation checks
2025-10-11 16:49:58,822 - vessel_data_pipeline - INFO - Created backup: Expected_arrivals_20251011_164958.xml
2025-10-11 16:49:58,835 - vessel_data_pipeline - INFO - Updated metadata for Expected_arrivals.xml
2025-10-11 16:49:58,837 - vessel_data_pipeline - INFO - Successfully downloaded and validated Expected_arrivals.xml
2025-10-11 16:50:00,840 - vessel_data_pipeline - INFO - Downloading Expected_departures.xml (attempt 1/3)
2025-10-11 16:50:01,575 - vessel_data_pipeline - INFO - File temp_Expected_departures.xml passed validation checks
2025-10-11 16:50:01,581 - vessel_data_pipeline - INFO - Created backup: Expected_departures_20251011_165001.xml
2025-10-11 16:50:01,587 - vessel_data_pipeline - INFO - Updated metadata for Expected_departures.xml
2025-10-11 16:50:01,587 - vessel_data_pipeline - INFO - Successfully downloaded and validated Expected_departures.xml
2025-10-11 16:50:03,591 - vessel_data_pipeline - INFO - Fetch operation completed. Results: {'Arrived_in_last_36_hours.xml': True, 'Departed_in_last_36_hours.xml': True, 'Expected_arrivals.xml': True, 'Expected_departures.xml': True}
2025-10-11 17:24:38,839 - vessel_data_pipeline - INFO - VesselDataFetcher initialized. Pipeline enabled: True
2025-10-11 17:24:38,840 - vessel_data_pipeline - INFO - Starting vessel data fetch operation
2025-10-11 17:24:38,840 - vessel_data_pipeline - INFO - Discovering XML files from Hong Kong Marine Department portal
2025-10-11 17:24:39,820 - vessel_data_pipeline - INFO - Verified access to Arrived_in_last_36_hours.xml
2025-10-11 17:24:41,608 - vessel_data_pipeline - INFO - Verified access to Departed_in_last_36_hours.xml
2025-10-11 17:24:42,277 - vessel_data_pipeline - INFO - Verified access to Expected_arrivals.xml
2025-10-11 17:24:43,242 - vessel_data_pipeline - INFO - Verified access to Expected_departures.xml
2025-10-11 17:24:43,242 - vessel_data_pipeline - INFO - Discovered 4 XML files for download
2025-10-11 17:24:43,243 - vessel_data_pipeline - INFO - Downloading Arrived_in_last_36_hours.xml (attempt 1/3)
2025-10-11 17:24:43,614 - vessel_data_pipeline - INFO - File temp_Arrived_in_last_36_hours.xml passed validation checks
2025-10-11 17:24:43,615 - vessel_data_pipeline - INFO - Created backup: Arrived_in_last_36_hours_20251011_172443.xml
2025-10-11 17:24:43,616 - vessel_data_pipeline - INFO - Updated metadata for Arrived_in_last_36_hours.xml
2025-10-11 17:24:43,616 - vessel_data_pipeline - INFO - Successfully downloaded and validated Arrived_in_last_36_hours.xml
2025-10-11 17:24:45,620 - vessel_data_pipeline - INFO - Downloading Departed_in_last_36_hours.xml (attempt 1/3)
2025-10-11 17:24:46,243 - vessel_data_pipeline - INFO - File temp_Departed_in_last_36_hours.xml passed validation checks
2025-10-11 17:24:46,244 - vessel_data_pipeline - INFO - Created backup: Departed_in_last_36_hours_20251011_172446.xml
2025-10-11 17:24:46,244 - vessel_data_pipeline - INFO - Updated metadata for Departed_in_last_36_hours.xml
2025-10-11 17:24:46,244 - vessel_data_pipeline - INFO - Successfully downloaded and validated Departed_in_last_36_hours.xml
2025-10-11 17:24:48,249 - vessel_data_pipeline - INFO - Downloading Expected_arrivals.xml (attempt 1/3)
2025-10-11 17:24:48,631 - vessel_data_pipeline - INFO - File temp_Expected_arrivals.xml passed validation checks
2025-10-11 17:24:48,632 - vessel_data_pipeline - INFO - Created backup: Expected_arrivals_20251011_172448.xml
2025-10-11 17:24:48,632 - vessel_data_pipeline - INFO - Updated metadata for Expected_arrivals.xml
2025-10-11 17:24:48,632 - vessel_data_pipeline - INFO - Successfully downloaded and validated Expected_arrivals.xml
2025-10-11 17:24:50,637 - vessel_data_pipeline - INFO - Downloading Expected_departures.xml (attempt 1/3)
2025-10-11 17:24:51,175 - vessel_data_pipeline - INFO - File temp_Expected_departures.xml passed validation checks
2025-10-11 17:24:51,176 - vessel_data_pipeline - INFO - Created backup: Expected_departures_20251011_172451.xml
2025-10-11 17:24:51,176 - vessel_data_pipeline - INFO - Updated metadata for Expected_departures.xml
2025-10-11 17:24:51,176 - vessel_data_pipeline - INFO - Successfully downloaded and validated Expected_departures.xml
2025-10-11 17:24:53,181 - vessel_data_pipeline - INFO - Fetch operation completed. Results: {'Arrived_in_last_36_hours.xml': True, 'Departed_in_last_36_hours.xml': True, 'Expected_arrivals.xml': True, 'Expected_departures.xml': True}
2025-10-11 17:24:53,202 - vessel_data_pipeline - INFO - VesselDataFetcher initialized. Pipeline enabled: True
2025-10-11 17:24:53,205 - vessel_data_pipeline - INFO - Starting vessel data fetch operation
2025-10-11 17:24:53,206 - vessel_data_pipeline - INFO - Discovering XML files from Hong Kong Marine Department portal
2025-10-11 17:24:53,696 - vessel_data_pipeline - INFO - Verified access to Arrived_in_last_36_hours.xml
2025-10-11 17:24:54,392 - vessel_data_pipeline - INFO - Verified access to Departed_in_last_36_hours.xml
2025-10-11 17:24:54,856 - vessel_data_pipeline - INFO - Verified access to Expected_arrivals.xml
2025-10-11 17:24:55,139 - vessel_data_pipeline - INFO - Verified access to Expected_departures.xml
2025-10-11 17:24:55,139 - vessel_data_pipeline - INFO - Discovered 4 XML files for download
2025-10-11 17:24:55,139 - vessel_data_pipeline - INFO - Downloading Arrived_in_last_36_hours.xml (attempt 1/3)
2025-10-11 17:24:55,865 - vessel_data_pipeline - INFO - File temp_Arrived_in_last_36_hours.xml passed validation checks
2025-10-11 17:24:55,866 - vessel_data_pipeline - INFO - Created backup: Arrived_in_last_36_hours_20251011_172455.xml
2025-10-11 17:24:55,866 - vessel_data_pipeline - INFO - Updated metadata for Arrived_in_last_36_hours.xml
2025-10-11 17:24:55,866 - vessel_data_pipeline - INFO - Successfully downloaded and validated Arrived_in_last_36_hours.xml
2025-10-11 17:24:57,867 - vessel_data_pipeline - INFO - Downloading Departed_in_last_36_hours.xml (attempt 1/3)
2025-10-11 17:24:58,596 - vessel_data_pipeline - INFO - File temp_Departed_in_last_36_hours.xml passed validation checks
2025-10-11 17:24:58,597 - vessel_data_pipeline - INFO - Created backup: Departed_in_last_36_hours_20251011_172458.xml
2025-10-11 17:24:58,597 - vessel_data_pipeline - INFO - Updated metadata for Departed_in_last_36_hours.xml
2025-10-11 17:24:58,597 - vessel_data_pipeline - INFO - Successfully downloaded and validated Departed_in_last_36_hours.xml
2025-10-11 17:25:00,600 - vessel_data_pipeline - INFO - Downloading Expected_arrivals.xml (attempt 1/3)
2025-10-11 17:25:01,135 - vessel_data_pipeline - INFO - File temp_Expected_arrivals.xml passed validation checks
2025-10-11 17:25:01,135 - vessel_data_pipeline - INFO - Created backup: Expected_arrivals_20251011_172501.xml
2025-10-11 17:25:01,135 - vessel_data_pipeline - INFO - Updated metadata for Expected_arrivals.xml
2025-10-11 17:25:01,135 - vessel_data_pipeline - INFO - Successfully downloaded and validated Expected_arrivals.xml
2025-10-11 17:25:03,137 - vessel_data_pipeline - INFO - Downloading Expected_departures.xml (attempt 1/3)
2025-10-11 17:25:03,628 - vessel_data_pipeline - INFO - File temp_Expected_departures.xml passed validation checks
2025-10-11 17:25:03,629 - vessel_data_pipeline - INFO - Created backup: Expected_departures_20251011_172503.xml
2025-10-11 17:25:03,629 - vessel_data_pipeline - INFO - Updated metadata for Expected_departures.xml
2025-10-11 17:25:03,629 - vessel_data_pipeline - INFO - Successfully downloaded and validated Expected_departures.xml
2025-10-11 17:25:05,634 - vessel_data_pipeline - INFO - Fetch operation completed. Results: {'Arrived_in_last_36_hours.xml': True, 'Departed_in_last_36_hours.xml': True, 'Expected_arrivals.xml': True, 'Expected_departures.xml': True}
2025-10-11 17:25:07,968 - vessel_data_pipeline - INFO - VesselDataFetcher initialized. Pipeline enabled: True
2025-10-11 17:25:07,971 - vessel_data_pipeline - INFO - Starting vessel data fetch operation
2025-10-11 17:25:07,972 - vessel_data_pipeline - INFO - Discovering XML files from Hong Kong Marine Department portal
2025-10-11 17:25:08,952 - vessel_data_pipeline - INFO - Verified access to Arrived_in_last_36_hours.xml
2025-10-11 17:25:09,429 - vessel_data_pipeline - INFO - Verified access to Departed_in_last_36_hours.xml
2025-10-11 17:25:09,588 - vessel_data_pipeline - INFO - Verified access to Expected_arrivals.xml
2025-10-11 17:25:09,892 - vessel_data_pipeline - INFO - Verified access to Expected_departures.xml
2025-10-11 17:25:09,894 - vessel_data_pipeline - INFO - Discovered 4 XML files for download
2025-10-11 17:25:09,895 - vessel_data_pipeline - INFO - Downloading Arrived_in_last_36_hours.xml (attempt 1/3)
2025-10-11 17:25:10,352 - vessel_data_pipeline - INFO - File temp_Arrived_in_last_36_hours.xml passed validation checks
2025-10-11 17:25:10,355 - vessel_data_pipeline - INFO - Created backup: Arrived_in_last_36_hours_20251011_172510.xml
2025-10-11 17:25:10,358 - vessel_data_pipeline - INFO - Updated metadata for Arrived_in_last_36_hours.xml
2025-10-11 17:25:10,358 - vessel_data_pipeline - INFO - Successfully downloaded and validated Arrived_in_last_36_hours.xml
2025-10-11 17:25:12,366 - vessel_data_pipeline - INFO - Downloading Departed_in_last_36_hours.xml (attempt 1/3)
2025-10-11 17:25:12,991 - vessel_data_pipeline - INFO - File temp_Departed_in_last_36_hours.xml passed validation checks
2025-10-11 17:25:13,000 - vessel_data_pipeline - INFO - Created backup: Departed_in_last_36_hours_20251011_172512.xml
2025-10-11 17:25:13,016 - vessel_data_pipeline - INFO - Updated metadata for Departed_in_last_36_hours.xml
2025-10-11 17:25:13,017 - vessel_data_pipeline - INFO - Successfully downloaded and validated Departed_in_last_36_hours.xml
2025-10-11 17:25:15,022 - vessel_data_pipeline - INFO - Downloading Expected_arrivals.xml (attempt 1/3)
2025-10-11 17:25:15,351 - vessel_data_pipeline - INFO - File temp_Expected_arrivals.xml passed validation checks
2025-10-11 17:25:15,362 - vessel_data_pipeline - INFO - Created backup: Expected_arrivals_20251011_172515.xml
2025-10-11 17:25:15,368 - vessel_data_pipeline - INFO - Updated metadata for Expected_arrivals.xml
2025-10-11 17:25:15,368 - vessel_data_pipeline - INFO - Successfully downloaded and validated Expected_arrivals.xml
2025-10-11 17:25:17,373 - vessel_data_pipeline - INFO - Downloading Expected_departures.xml (attempt 1/3)
2025-10-11 17:25:17,791 - vessel_data_pipeline - INFO - File temp_Expected_departures.xml passed validation checks
2025-10-11 17:25:17,800 - vessel_data_pipeline - INFO - Created backup: Expected_departures_20251011_172517.xml
2025-10-11 17:25:17,801 - vessel_data_pipeline - INFO - Updated metadata for Expected_departures.xml
2025-10-11 17:25:17,801 - vessel_data_pipeline - INFO - Successfully downloaded and validated Expected_departures.xml
2025-10-11 17:25:19,803 - vessel_data_pipeline - INFO - Fetch operation completed. Results: {'Arrived_in_last_36_hours.xml': True, 'Departed_in_last_36_hours.xml': True, 'Expected_arrivals.xml': True, 'Expected_departures.xml': True}
2025-10-11 20:49:30,820 - vessel_data_pipeline - INFO - VesselDataFetcher initialized. Pipeline enabled: True
2025-10-11 20:49:30,821 - vessel_data_pipeline - INFO - Starting vessel data fetch operation
2025-10-11 20:49:30,821 - vessel_data_pipeline - INFO - Discovering XML files from Hong Kong Marine Department portal
2025-10-11 20:49:31,536 - vessel_data_pipeline - INFO - Verified access to Arrived_in_last_36_hours.xml
2025-10-11 20:49:32,019 - vessel_data_pipeline - INFO - Verified access to Departed_in_last_36_hours.xml
2025-10-11 20:49:32,296 - vessel_data_pipeline - INFO - Verified access to Expected_arrivals.xml
2025-10-11 20:49:32,580 - vessel_data_pipeline - INFO - Verified access to Expected_departures.xml
2025-10-11 20:49:32,580 - vessel_data_pipeline - INFO - Discovered 4 XML files for download
2025-10-11 20:49:32,580 - vessel_data_pipeline - INFO - Downloading Arrived_in_last_36_hours.xml (attempt 1/3)
2025-10-11 20:49:32,892 - vessel_data_pipeline - INFO - File temp_Arrived_in_last_36_hours.xml passed validation checks
2025-10-11 20:49:32,893 - vessel_data_pipeline - INFO - Created backup: Arrived_in_last_36_hours_20251011_204932.xml
2025-10-11 20:49:32,894 - vessel_data_pipeline - INFO - Updated metadata for Arrived_in_last_36_hours.xml
2025-10-11 20:49:32,894 - vessel_data_pipeline - INFO - Successfully downloaded and validated Arrived_in_last_36_hours.xml
2025-10-11 20:49:34,895 - vessel_data_pipeline - INFO - Downloading Departed_in_last_36_hours.xml (attempt 1/3)
2025-10-11 20:49:35,923 - vessel_data_pipeline - INFO - File temp_Departed_in_last_36_hours.xml passed validation checks
2025-10-11 20:49:35,923 - vessel_data_pipeline - INFO - Created backup: Departed_in_last_36_hours_20251011_204935.xml
2025-10-11 20:49:35,924 - vessel_data_pipeline - INFO - Updated metadata for Departed_in_last_36_hours.xml
2025-10-11 20:49:35,924 - vessel_data_pipeline - INFO - Successfully downloaded and validated Departed_in_last_36_hours.xml
2025-10-11 20:49:37,925 - vessel_data_pipeline - INFO - Downloading Expected_arrivals.xml (attempt 1/3)
2025-10-11 20:49:38,432 - vessel_data_pipeline - INFO - File temp_Expected_arrivals.xml passed validation checks
2025-10-11 20:49:38,433 - vessel_data_pipeline - INFO - Created backup: Expected_arrivals_20251011_204938.xml
2025-10-11 20:49:38,433 - vessel_data_pipeline - INFO - Updated metadata for Expected_arrivals.xml
2025-10-11 20:49:38,433 - vessel_data_pipeline - INFO - Successfully downloaded and validated Expected_arrivals.xml
2025-10-11 20:49:40,438 - vessel_data_pipeline - INFO - Downloading Expected_departures.xml (attempt 1/3)
2025-10-11 20:49:40,920 - vessel_data_pipeline - INFO - File temp_Expected_departures.xml passed validation checks
2025-10-11 20:49:40,920 - vessel_data_pipeline - INFO - Created backup: Expected_departures_20251011_204940.xml
2025-10-11 20:49:40,921 - vessel_data_pipeline - INFO - Updated metadata for Expected_departures.xml
2025-10-11 20:49:40,921 - vessel_data_pipeline - INFO - Successfully downloaded and validated Expected_departures.xml
2025-10-11 20:49:42,925 - vessel_data_pipeline - INFO - Fetch operation completed. Results: {'Arrived_in_last_36_hours.xml': True, 'Departed_in_last_36_hours.xml': True, 'Expected_arrivals.xml': True, 'Expected_departures.xml': True}
2025-10-12 12:54:55,541 - vessel_data_pipeline - INFO - Starting vessel data fetch operation
2025-10-12 12:54:55,542 - vessel_data_pipeline - INFO - Discovering XML files from Hong Kong Marine Department portal
2025-10-12 12:54:55,831 - vessel_data_pipeline - INFO - Verified access to Arrived_in_last_36_hours.xml
2025-10-12 12:54:55,859 - vessel_data_pipeline - INFO - Starting vessel data fetch operation
2025-10-12 12:54:55,859 - vessel_data_pipeline - INFO - Discovering XML files from Hong Kong Marine Department portal
2025-10-12 12:54:55,940 - vessel_data_pipeline - INFO - Verified access to Arrived_in_last_36_hours.xml
2025-10-12 12:54:56,128 - vessel_data_pipeline - INFO - Verified access to Departed_in_last_36_hours.xml
2025-10-12 12:54:56,195 - vessel_data_pipeline - INFO - Verified access to Departed_in_last_36_hours.xml
2025-10-12 12:54:56,403 - vessel_data_pipeline - INFO - Verified access to Expected_arrivals.xml
2025-10-12 12:54:56,459 - vessel_data_pipeline - INFO - Verified access to Expected_arrivals.xml
2025-10-12 12:54:56,644 - vessel_data_pipeline - INFO - Verified access to Expected_departures.xml
2025-10-12 12:54:56,644 - vessel_data_pipeline - INFO - Discovered 4 XML files for download
2025-10-12 12:54:56,644 - vessel_data_pipeline - INFO - Downloading Arrived_in_last_36_hours.xml (attempt 1/3)
2025-10-12 12:54:56,679 - vessel_data_pipeline - INFO - Verified access to Expected_departures.xml
2025-10-12 12:54:56,679 - vessel_data_pipeline - INFO - Discovered 4 XML files for download
2025-10-12 12:54:56,679 - vessel_data_pipeline - INFO - Downloading Arrived_in_last_36_hours.xml (attempt 1/3)
2025-10-12 12:54:56,705 - vessel_data_pipeline - INFO - File temp_Arrived_in_last_36_hours.xml passed validation checks
2025-10-12 12:54:56,706 - vessel_data_pipeline - INFO - Created backup: Arrived_in_last_36_hours_20251012_125456.xml
2025-10-12 12:54:56,706 - vessel_data_pipeline - INFO - Updated metadata for Arrived_in_last_36_hours.xml
2025-10-12 12:54:56,706 - vessel_data_pipeline - INFO - Successfully downloaded and validated Arrived_in_last_36_hours.xml
2025-10-12 12:54:56,743 - vessel_data_pipeline - INFO - File temp_Arrived_in_last_36_hours.xml passed validation checks
2025-10-12 12:54:56,744 - vessel_data_pipeline - INFO - Created backup: Arrived_in_last_36_hours_20251012_125456.xml
2025-10-12 12:54:56,744 - vessel_data_pipeline - INFO - Updated metadata for Arrived_in_last_36_hours.xml
2025-10-12 12:54:56,744 - vessel_data_pipeline - INFO - Successfully downloaded and validated Arrived_in_last_36_hours.xml
2025-10-12 12:54:58,708 - vessel_data_pipeline - INFO - Downloading Departed_in_last_36_hours.xml (attempt 1/3)
2025-10-12 12:54:58,745 - vessel_data_pipeline - INFO - Downloading Departed_in_last_36_hours.xml (attempt 1/3)
2025-10-12 12:54:58,774 - vessel_data_pipeline - INFO - File temp_Departed_in_last_36_hours.xml passed validation checks
2025-10-12 12:54:58,775 - vessel_data_pipeline - INFO - Created backup: Departed_in_last_36_hours_20251012_125458.xml
2025-10-12 12:54:58,775 - vessel_data_pipeline - INFO - Updated metadata for Departed_in_last_36_hours.xml
2025-10-12 12:54:58,775 - vessel_data_pipeline - INFO - Successfully downloaded and validated Departed_in_last_36_hours.xml
2025-10-12 12:54:58,810 - vessel_data_pipeline - INFO - File temp_Departed_in_last_36_hours.xml passed validation checks
2025-10-12 12:54:58,810 - vessel_data_pipeline - INFO - Created backup: Departed_in_last_36_hours_20251012_125458.xml
2025-10-12 12:54:58,810 - vessel_data_pipeline - INFO - Updated metadata for Departed_in_last_36_hours.xml
2025-10-12 12:54:58,811 - vessel_data_pipeline - INFO - Successfully downloaded and validated Departed_in_last_36_hours.xml
2025-10-12 12:55:00,782 - vessel_data_pipeline - INFO - Downloading Expected_arrivals.xml (attempt 1/3)
2025-10-12 12:55:00,816 - vessel_data_pipeline - INFO - Downloading Expected_arrivals.xml (attempt 1/3)
2025-10-12 12:55:00,854 - vessel_data_pipeline - INFO - File temp_Expected_arrivals.xml passed validation checks
2025-10-12 12:55:00,865 - vessel_data_pipeline - INFO - Created backup: Expected_arrivals_20251012_125500.xml
2025-10-12 12:55:00,865 - vessel_data_pipeline - INFO - Updated metadata for Expected_arrivals.xml
2025-10-12 12:55:00,867 - vessel_data_pipeline - INFO - Successfully downloaded and validated Expected_arrivals.xml
2025-10-12 12:55:00,905 - vessel_data_pipeline - INFO - File temp_Expected_arrivals.xml passed validation checks
2025-10-12 12:55:00,906 - vessel_data_pipeline - INFO - Created backup: Expected_arrivals_20251012_125500.xml
2025-10-12 12:55:00,906 - vessel_data_pipeline - INFO - Updated metadata for Expected_arrivals.xml
2025-10-12 12:55:00,906 - vessel_data_pipeline - INFO - Successfully downloaded and validated Expected_arrivals.xml
2025-10-12 12:55:02,870 - vessel_data_pipeline - INFO - Downloading Expected_departures.xml (attempt 1/3)
2025-10-12 12:55:02,916 - vessel_data_pipeline - INFO - Downloading Expected_departures.xml (attempt 1/3)
2025-10-12 12:55:02,926 - vessel_data_pipeline - INFO - File temp_Expected_departures.xml passed validation checks
2025-10-12 12:55:02,927 - vessel_data_pipeline - INFO - Created backup: Expected_departures_20251012_125502.xml
2025-10-12 12:55:02,927 - vessel_data_pipeline - INFO - Updated metadata for Expected_departures.xml
2025-10-12 12:55:02,927 - vessel_data_pipeline - INFO - Successfully downloaded and validated Expected_departures.xml
2025-10-12 12:55:02,974 - vessel_data_pipeline - INFO - File temp_Expected_departures.xml passed validation checks
2025-10-12 12:55:02,975 - vessel_data_pipeline - INFO - Created backup: Expected_departures_20251012_125502.xml
2025-10-12 12:55:02,975 - vessel_data_pipeline - INFO - Updated metadata for Expected_departures.xml
2025-10-12 12:55:02,975 - vessel_data_pipeline - INFO - Successfully downloaded and validated Expected_departures.xml
2025-10-12 12:55:04,937 - vessel_data_pipeline - INFO - Fetch operation completed. Results: {'Arrived_in_last_36_hours.xml': True, 'Departed_in_last_36_hours.xml': True, 'Expected_arrivals.xml': True, 'Expected_departures.xml': True}
2025-10-12 12:55:04,977 - vessel_data_pipeline - INFO - Fetch operation completed. Results: {'Arrived_in_last_36_hours.xml': True, 'Departed_in_last_36_hours.xml': True, 'Expected_arrivals.xml': True, 'Expected_departures.xml': True}
2025-10-12 20:47:56,320 - vessel_data_pipeline - INFO - VesselDataFetcher initialized. Pipeline enabled: True
2025-10-12 20:47:56,321 - vessel_data_pipeline - INFO - Starting vessel data fetch operation
2025-10-12 20:47:56,321 - vessel_data_pipeline - INFO - Discovering XML files from Hong Kong Marine Department portal
2025-10-12 20:47:56,448 - vessel_data_pipeline - INFO - Verified access to Arrived_in_last_36_hours.xml
2025-10-12 20:47:56,487 - vessel_data_pipeline - INFO - Verified access to Departed_in_last_36_hours.xml
2025-10-12 20:47:56,547 - vessel_data_pipeline - INFO - Verified access to Expected_arrivals.xml
2025-10-12 20:47:56,586 - vessel_data_pipeline - INFO - Verified access to Expected_departures.xml
2025-10-12 20:47:56,586 - vessel_data_pipeline - INFO - Discovered 4 XML files for download
2025-10-12 20:47:56,586 - vessel_data_pipeline - INFO - Downloading Arrived_in_last_36_hours.xml (attempt 1/3)
2025-10-12 20:47:56,644 - vessel_data_pipeline - INFO - File temp_Arrived_in_last_36_hours.xml passed validation checks
2025-10-12 20:47:56,645 - vessel_data_pipeline - INFO - Created backup: Arrived_in_last_36_hours_20251012_204756.xml
2025-10-12 20:47:56,645 - vessel_data_pipeline - INFO - Updated metadata for Arrived_in_last_36_hours.xml
2025-10-12 20:47:56,645 - vessel_data_pipeline - INFO - Successfully downloaded and validated Arrived_in_last_36_hours.xml
2025-10-12 20:47:58,651 - vessel_data_pipeline - INFO - Downloading Departed_in_last_36_hours.xml (attempt 1/3)
2025-10-12 20:47:58,746 - vessel_data_pipeline - INFO - File temp_Departed_in_last_36_hours.xml passed validation checks
2025-10-12 20:47:58,754 - vessel_data_pipeline - INFO - Created backup: Departed_in_last_36_hours_20251012_204758.xml
2025-10-12 20:47:58,760 - vessel_data_pipeline - INFO - Updated metadata for Departed_in_last_36_hours.xml
2025-10-12 20:47:58,760 - vessel_data_pipeline - INFO - Successfully downloaded and validated Departed_in_last_36_hours.xml
2025-10-12 20:48:00,760 - vessel_data_pipeline - INFO - Downloading Expected_arrivals.xml (attempt 1/3)
2025-10-12 20:48:00,818 - vessel_data_pipeline - INFO - File temp_Expected_arrivals.xml passed validation checks
2025-10-12 20:48:00,818 - vessel_data_pipeline - INFO - Created backup: Expected_arrivals_20251012_204800.xml
2025-10-12 20:48:00,818 - vessel_data_pipeline - INFO - Updated metadata for Expected_arrivals.xml
2025-10-12 20:48:00,818 - vessel_data_pipeline - INFO - Successfully downloaded and validated Expected_arrivals.xml
2025-10-12 20:48:02,824 - vessel_data_pipeline - INFO - Downloading Expected_departures.xml (attempt 1/3)
2025-10-12 20:48:02,879 - vessel_data_pipeline - INFO - File temp_Expected_departures.xml passed validation checks
2025-10-12 20:48:02,879 - vessel_data_pipeline - INFO - Created backup: Expected_departures_20251012_204802.xml
2025-10-12 20:48:02,879 - vessel_data_pipeline - INFO - Updated metadata for Expected_departures.xml
2025-10-12 20:48:02,879 - vessel_data_pipeline - INFO - Successfully downloaded and validated Expected_departures.xml
2025-10-12 20:48:04,885 - vessel_data_pipeline - INFO - Fetch operation completed. Results: {'Arrived_in_last_36_hours.xml': True, 'Departed_in_last_36_hours.xml': True, 'Expected_arrivals.xml': True, 'Expected_departures.xml': True}
2025-10-12 20:48:04,894 - vessel_data_pipeline - INFO - VesselDataFetcher initialized. Pipeline enabled: True
2025-10-12 20:48:04,896 - vessel_data_pipeline - INFO - Starting vessel data fetch operation
2025-10-12 20:48:04,896 - vessel_data_pipeline - INFO - Discovering XML files from Hong Kong Marine Department portal
2025-10-12 20:48:04,997 - vessel_data_pipeline - INFO - Verified access to Arrived_in_last_36_hours.xml
2025-10-12 20:48:05,040 - vessel_data_pipeline - INFO - Verified access to Departed_in_last_36_hours.xml
2025-10-12 20:48:05,094 - vessel_data_pipeline - INFO - Verified access to Expected_arrivals.xml
2025-10-12 20:48:05,160 - vessel_data_pipeline - INFO - Verified access to Expected_departures.xml
2025-10-12 20:48:05,160 - vessel_data_pipeline - INFO - Discovered 4 XML files for download
2025-10-12 20:48:05,160 - vessel_data_pipeline - INFO - Downloading Arrived_in_last_36_hours.xml (attempt 1/3)
2025-10-12 20:48:05,228 - vessel_data_pipeline - INFO - File temp_Arrived_in_last_36_hours.xml passed validation checks
2025-10-12 20:48:05,245 - vessel_data_pipeline - INFO - Created backup: Arrived_in_last_36_hours_20251012_204805.xml
2025-10-12 20:48:05,259 - vessel_data_pipeline - INFO - Updated metadata for Arrived_in_last_36_hours.xml
2025-10-12 20:48:05,259 - vessel_data_pipeline - INFO - Successfully downloaded and validated Arrived_in_last_36_hours.xml
2025-10-12 20:48:07,261 - vessel_data_pipeline - INFO - Downloading Departed_in_last_36_hours.xml (attempt 1/3)
2025-10-12 20:48:07,357 - vessel_data_pipeline - INFO - File temp_Departed_in_last_36_hours.xml passed validation checks
2025-10-12 20:48:07,358 - vessel_data_pipeline - INFO - Created backup: Departed_in_last_36_hours_20251012_204807.xml
2025-10-12 20:48:07,358 - vessel_data_pipeline - INFO - Updated metadata for Departed_in_last_36_hours.xml
2025-10-12 20:48:07,358 - vessel_data_pipeline - INFO - Successfully downloaded and validated Departed_in_last_36_hours.xml
2025-10-12 20:48:09,359 - vessel_data_pipeline - INFO - Downloading Expected_arrivals.xml (attempt 1/3)
2025-10-12 20:48:09,435 - vessel_data_pipeline - INFO - File temp_Expected_arrivals.xml passed validation checks
2025-10-12 20:48:09,436 - vessel_data_pipeline - INFO - Created backup: Expected_arrivals_20251012_204809.xml
2025-10-12 20:48:09,436 - vessel_data_pipeline - INFO - Updated metadata for Expected_arrivals.xml
2025-10-12 20:48:09,436 - vessel_data_pipeline - INFO - Successfully downloaded and validated Expected_arrivals.xml
2025-10-12 20:48:11,439 - vessel_data_pipeline - INFO - Downloading Expected_departures.xml (attempt 1/3)
2025-10-12 20:48:11,497 - vessel_data_pipeline - INFO - File temp_Expected_departures.xml passed validation checks
2025-10-12 20:48:11,497 - vessel_data_pipeline - INFO - Created backup: Expected_departures_20251012_204811.xml
2025-10-12 20:48:11,498 - vessel_data_pipeline - INFO - Updated metadata for Expected_departures.xml
2025-10-12 20:48:11,498 - vessel_data_pipeline - INFO - Successfully downloaded and validated Expected_departures.xml
2025-10-12 20:48:13,501 - vessel_data_pipeline - INFO - Fetch operation completed. Results: {'Arrived_in_last_36_hours.xml': True, 'Departed_in_last_36_hours.xml': True, 'Expected_arrivals.xml': True, 'Expected_departures.xml': True}
2025-10-12 20:48:58,317 - vessel_data_pipeline - INFO - VesselDataFetcher initialized. Pipeline enabled: True
2025-10-12 20:48:58,317 - vessel_data_pipeline - INFO - Starting vessel data fetch operation
2025-10-12 20:48:58,317 - vessel_data_pipeline - INFO - Discovering XML files from Hong Kong Marine Department portal
2025-10-12 20:48:58,400 - vessel_data_pipeline - INFO - Verified access to Arrived_in_last_36_hours.xml
2025-10-12 20:48:58,438 - vessel_data_pipeline - INFO - Verified access to Departed_in_last_36_hours.xml
2025-10-12 20:48:58,498 - vessel_data_pipeline - INFO - Verified access to Expected_arrivals.xml
2025-10-12 20:48:58,533 - vessel_data_pipeline - INFO - Verified access to Expected_departures.xml
2025-10-12 20:48:58,533 - vessel_data_pipeline - INFO - Discovered 4 XML files for download
2025-10-12 20:48:58,533 - vessel_data_pipeline - INFO - Downloading Arrived_in_last_36_hours.xml (attempt 1/3)
2025-10-12 20:48:58,586 - vessel_data_pipeline - INFO - File temp_Arrived_in_last_36_hours.xml passed validation checks
2025-10-12 20:48:58,587 - vessel_data_pipeline - INFO - Created backup: Arrived_in_last_36_hours_20251012_204858.xml
2025-10-12 20:48:58,587 - vessel_data_pipeline - INFO - Updated metadata for Arrived_in_last_36_hours.xml
2025-10-12 20:48:58,587 - vessel_data_pipeline - INFO - Successfully downloaded and validated Arrived_in_last_36_hours.xml
2025-10-12 20:49:00,591 - vessel_data_pipeline - INFO - Downloading Departed_in_last_36_hours.xml (attempt 1/3)
2025-10-12 20:49:00,683 - vessel_data_pipeline - INFO - File temp_Departed_in_last_36_hours.xml passed validation checks
2025-10-12 20:49:00,683 - vessel_data_pipeline - INFO - Created backup: Departed_in_last_36_hours_20251012_204900.xml
2025-10-12 20:49:00,684 - vessel_data_pipeline - INFO - Updated metadata for Departed_in_last_36_hours.xml
2025-10-12 20:49:00,684 - vessel_data_pipeline - INFO - Successfully downloaded and validated Departed_in_last_36_hours.xml
2025-10-12 20:49:02,688 - vessel_data_pipeline - INFO - Downloading Expected_arrivals.xml (attempt 1/3)
2025-10-12 20:49:02,742 - vessel_data_pipeline - INFO - File temp_Expected_arrivals.xml passed validation checks
2025-10-12 20:49:02,742 - vessel_data_pipeline - INFO - Created backup: Expected_arrivals_20251012_204902.xml
2025-10-12 20:49:02,742 - vessel_data_pipeline - INFO - Updated metadata for Expected_arrivals.xml
2025-10-12 20:49:02,742 - vessel_data_pipeline - INFO - Successfully downloaded and validated Expected_arrivals.xml
2025-10-12 20:49:04,747 - vessel_data_pipeline - INFO - Downloading Expected_departures.xml (attempt 1/3)
2025-10-12 20:49:04,811 - vessel_data_pipeline - INFO - File temp_Expected_departures.xml passed validation checks
2025-10-12 20:49:04,811 - vessel_data_pipeline - INFO - Created backup: Expected_departures_20251012_204904.xml
2025-10-12 20:49:04,812 - vessel_data_pipeline - INFO - Updated metadata for Expected_departures.xml
2025-10-12 20:49:04,812 - vessel_data_pipeline - INFO - Successfully downloaded and validated Expected_departures.xml
2025-10-12 20:49:06,816 - vessel_data_pipeline - INFO - Fetch operation completed. Results: {'Arrived_in_last_36_hours.xml': True, 'Departed_in_last_36_hours.xml': True, 'Expected_arrivals.xml': True, 'Expected_departures.xml': True}
2025-10-12 20:49:31,120 - vessel_data_pipeline - INFO - Starting vessel data fetch operation
2025-10-12 20:49:31,121 - vessel_data_pipeline - INFO - Discovering XML files from Hong Kong Marine Department portal
2025-10-12 20:49:31,220 - vessel_data_pipeline - INFO - Verified access to Arrived_in_last_36_hours.xml
2025-10-12 20:49:31,262 - vessel_data_pipeline - INFO - Verified access to Departed_in_last_36_hours.xml
2025-10-12 20:49:31,308 - vessel_data_pipeline - INFO - Verified access to Expected_arrivals.xml
2025-10-12 20:49:31,321 - vessel_data_pipeline - INFO - Starting vessel data fetch operation
2025-10-12 20:49:31,322 - vessel_data_pipeline - INFO - Discovering XML files from Hong Kong Marine Department portal
2025-10-12 20:49:31,342 - vessel_data_pipeline - INFO - Starting vessel data fetch operation
2025-10-12 20:49:31,342 - vessel_data_pipeline - INFO - Discovering XML files from Hong Kong Marine Department portal
2025-10-12 20:49:31,409 - vessel_data_pipeline - INFO - Verified access to Expected_departures.xml
2025-10-12 20:49:31,409 - vessel_data_pipeline - INFO - Discovered 4 XML files for download
2025-10-12 20:49:31,409 - vessel_data_pipeline - INFO - Downloading Arrived_in_last_36_hours.xml (attempt 1/3)
2025-10-12 20:49:31,419 - vessel_data_pipeline - INFO - Verified access to Arrived_in_last_36_hours.xml
2025-10-12 20:49:31,420 - vessel_data_pipeline - INFO - Verified access to Arrived_in_last_36_hours.xml
2025-10-12 20:49:31,500 - vessel_data_pipeline - INFO - Starting vessel data fetch operation
2025-10-12 20:49:31,500 - vessel_data_pipeline - INFO - Discovering XML files from Hong Kong Marine Department portal
2025-10-12 20:49:31,516 - vessel_data_pipeline - INFO - Verified access to Departed_in_last_36_hours.xml
2025-10-12 20:49:31,523 - vessel_data_pipeline - INFO - Verified access to Departed_in_last_36_hours.xml
2025-10-12 20:49:31,529 - vessel_data_pipeline - INFO - File temp_Arrived_in_last_36_hours.xml passed validation checks
2025-10-12 20:49:31,529 - vessel_data_pipeline - INFO - Created backup: Arrived_in_last_36_hours_20251012_204931.xml
2025-10-12 20:49:31,530 - vessel_data_pipeline - INFO - Updated metadata for Arrived_in_last_36_hours.xml
2025-10-12 20:49:31,530 - vessel_data_pipeline - INFO - Successfully downloaded and validated Arrived_in_last_36_hours.xml
2025-10-12 20:49:31,577 - vessel_data_pipeline - INFO - Verified access to Expected_arrivals.xml
2025-10-12 20:49:31,578 - vessel_data_pipeline - INFO - Verified access to Expected_arrivals.xml
2025-10-12 20:49:31,590 - vessel_data_pipeline - INFO - Verified access to Arrived_in_last_36_hours.xml
2025-10-12 20:49:31,706 - vessel_data_pipeline - INFO - Verified access to Departed_in_last_36_hours.xml
2025-10-12 20:49:31,706 - vessel_data_pipeline - INFO - Verified access to Expected_departures.xml
2025-10-12 20:49:31,706 - vessel_data_pipeline - INFO - Verified access to Expected_departures.xml
2025-10-12 20:49:31,709 - vessel_data_pipeline - INFO - Discovered 4 XML files for download
2025-10-12 20:49:31,709 - vessel_data_pipeline - INFO - Discovered 4 XML files for download
2025-10-12 20:49:31,710 - vessel_data_pipeline - INFO - Downloading Arrived_in_last_36_hours.xml (attempt 1/3)
2025-10-12 20:49:31,710 - vessel_data_pipeline - INFO - Downloading Arrived_in_last_36_hours.xml (attempt 1/3)
2025-10-12 20:49:31,810 - vessel_data_pipeline - INFO - File temp_Arrived_in_last_36_hours.xml passed validation checks
2025-10-12 20:49:31,823 - vessel_data_pipeline - INFO - File temp_Arrived_in_last_36_hours.xml passed validation checks
2025-10-12 20:49:31,830 - vessel_data_pipeline - INFO - Verified access to Expected_arrivals.xml
2025-10-12 20:49:31,839 - vessel_data_pipeline - INFO - Created backup: Arrived_in_last_36_hours_20251012_204931.xml
2025-10-12 20:49:31,845 - vessel_data_pipeline - INFO - Updated metadata for Arrived_in_last_36_hours.xml
2025-10-12 20:49:31,847 - vessel_data_pipeline - INFO - Created backup: Arrived_in_last_36_hours_20251012_204931.xml
2025-10-12 20:49:31,847 - vessel_data_pipeline - INFO - Successfully downloaded and validated Arrived_in_last_36_hours.xml
2025-10-12 20:49:31,848 - vessel_data_pipeline - ERROR - Unexpected error downloading Arrived_in_last_36_hours.xml (attempt 1): [Errno 2] No such file or directory: '/Users/Bhavesh/Documents/GitHub/ports_digital_twin/raw_data/vessel_data/temp/temp_Arrived_in_last_36_hours.xml'
2025-10-12 20:49:31,850 - vessel_data_pipeline - INFO - Waiting 5 seconds before retry...
2025-10-12 20:49:31,878 - vessel_data_pipeline - INFO - Verified access to Expected_departures.xml
2025-10-12 20:49:31,883 - vessel_data_pipeline - INFO - Discovered 4 XML files for download
2025-10-12 20:49:31,884 - vessel_data_pipeline - INFO - Downloading Arrived_in_last_36_hours.xml (attempt 1/3)
2025-10-12 20:49:31,959 - vessel_data_pipeline - INFO - File temp_Arrived_in_last_36_hours.xml passed validation checks
2025-10-12 20:49:31,981 - vessel_data_pipeline - INFO - Created backup: Arrived_in_last_36_hours_20251012_204931.xml
2025-10-12 20:49:31,998 - vessel_data_pipeline - INFO - Updated metadata for Arrived_in_last_36_hours.xml
2025-10-12 20:49:32,000 - vessel_data_pipeline - INFO - Successfully downloaded and validated Arrived_in_last_36_hours.xml
2025-10-12 20:49:33,534 - vessel_data_pipeline - INFO - Downloading Departed_in_last_36_hours.xml (attempt 1/3)
2025-10-12 20:49:33,630 - vessel_data_pipeline - INFO - File temp_Departed_in_last_36_hours.xml passed validation checks
2025-10-12 20:49:33,630 - vessel_data_pipeline - INFO - Created backup: Departed_in_last_36_hours_20251012_204933.xml
2025-10-12 20:49:33,630 - vessel_data_pipeline - INFO - Updated metadata for Departed_in_last_36_hours.xml
2025-10-12 20:49:33,630 - vessel_data_pipeline - INFO - Successfully downloaded and validated Departed_in_last_36_hours.xml
2025-10-12 20:49:33,852 - vessel_data_pipeline - INFO - Downloading Departed_in_last_36_hours.xml (attempt 1/3)
2025-10-12 20:49:33,922 - vessel_data_pipeline - INFO - File temp_Departed_in_last_36_hours.xml passed validation checks
2025-10-12 20:49:33,922 - vessel_data_pipeline - INFO - Created backup: Departed_in_last_36_hours_20251012_204933.xml
2025-10-12 20:49:33,922 - vessel_data_pipeline - INFO - Updated metadata for Departed_in_last_36_hours.xml
2025-10-12 20:49:33,922 - vessel_data_pipeline - INFO - Successfully downloaded and validated Departed_in_last_36_hours.xml
2025-10-12 20:49:34,005 - vessel_data_pipeline - INFO - Downloading Departed_in_last_36_hours.xml (attempt 1/3)
2025-10-12 20:49:34,064 - vessel_data_pipeline - INFO - File temp_Departed_in_last_36_hours.xml passed validation checks
2025-10-12 20:49:34,064 - vessel_data_pipeline - INFO - Created backup: Departed_in_last_36_hours_20251012_204934.xml
2025-10-12 20:49:34,065 - vessel_data_pipeline - INFO - Updated metadata for Departed_in_last_36_hours.xml
2025-10-12 20:49:34,065 - vessel_data_pipeline - INFO - Successfully downloaded and validated Departed_in_last_36_hours.xml
2025-10-12 20:49:35,631 - vessel_data_pipeline - INFO - Downloading Expected_arrivals.xml (attempt 1/3)
2025-10-12 20:49:35,724 - vessel_data_pipeline - INFO - File temp_Expected_arrivals.xml passed validation checks
2025-10-12 20:49:35,724 - vessel_data_pipeline - INFO - Created backup: Expected_arrivals_20251012_204935.xml
2025-10-12 20:49:35,724 - vessel_data_pipeline - INFO - Updated metadata for Expected_arrivals.xml
2025-10-12 20:49:35,724 - vessel_data_pipeline - INFO - Successfully downloaded and validated Expected_arrivals.xml
2025-10-12 20:49:35,927 - vessel_data_pipeline - INFO - Downloading Expected_arrivals.xml (attempt 1/3)
2025-10-12 20:49:35,984 - vessel_data_pipeline - INFO - File temp_Expected_arrivals.xml passed validation checks
2025-10-12 20:49:35,985 - vessel_data_pipeline - INFO - Created backup: Expected_arrivals_20251012_204935.xml
2025-10-12 20:49:35,985 - vessel_data_pipeline - INFO - Updated metadata for Expected_arrivals.xml
2025-10-12 20:49:35,985 - vessel_data_pipeline - INFO - Successfully downloaded and validated Expected_arrivals.xml
2025-10-12 20:49:36,070 - vessel_data_pipeline - INFO - Downloading Expected_arrivals.xml (attempt 1/3)
2025-10-12 20:49:36,149 - vessel_data_pipeline - INFO - File temp_Expected_arrivals.xml passed validation checks
2025-10-12 20:49:36,149 - vessel_data_pipeline - INFO - Created backup: Expected_arrivals_20251012_204936.xml
2025-10-12 20:49:36,149 - vessel_data_pipeline - INFO - Updated metadata for Expected_arrivals.xml
2025-10-12 20:49:36,149 - vessel_data_pipeline - INFO - Successfully downloaded and validated Expected_arrivals.xml
2025-10-12 20:49:36,857 - vessel_data_pipeline - INFO - Downloading Arrived_in_last_36_hours.xml (attempt 2/3)
2025-10-12 20:49:36,930 - vessel_data_pipeline - INFO - File temp_Arrived_in_last_36_hours.xml passed validation checks
2025-10-12 20:49:36,931 - vessel_data_pipeline - INFO - Created backup: Arrived_in_last_36_hours_20251012_204936.xml
2025-10-12 20:49:36,931 - vessel_data_pipeline - INFO - Updated metadata for Arrived_in_last_36_hours.xml
2025-10-12 20:49:36,931 - vessel_data_pipeline - INFO - Successfully downloaded and validated Arrived_in_last_36_hours.xml
2025-10-12 20:49:37,726 - vessel_data_pipeline - INFO - Downloading Expected_departures.xml (attempt 1/3)
2025-10-12 20:49:37,781 - vessel_data_pipeline - INFO - File temp_Expected_departures.xml passed validation checks
2025-10-12 20:49:37,782 - vessel_data_pipeline - INFO - Created backup: Expected_departures_20251012_204937.xml
2025-10-12 20:49:37,782 - vessel_data_pipeline - INFO - Updated metadata for Expected_departures.xml
2025-10-12 20:49:37,782 - vessel_data_pipeline - INFO - Successfully downloaded and validated Expected_departures.xml
2025-10-12 20:49:37,985 - vessel_data_pipeline - INFO - Downloading Expected_departures.xml (attempt 1/3)
2025-10-12 20:49:38,032 - vessel_data_pipeline - INFO - File temp_Expected_departures.xml passed validation checks
2025-10-12 20:49:38,033 - vessel_data_pipeline - INFO - Created backup: Expected_departures_20251012_204938.xml
2025-10-12 20:49:38,033 - vessel_data_pipeline - INFO - Updated metadata for Expected_departures.xml
2025-10-12 20:49:38,033 - vessel_data_pipeline - INFO - Successfully downloaded and validated Expected_departures.xml
2025-10-12 20:49:38,150 - vessel_data_pipeline - INFO - Downloading Expected_departures.xml (attempt 1/3)
2025-10-12 20:49:38,224 - vessel_data_pipeline - INFO - File temp_Expected_departures.xml passed validation checks
2025-10-12 20:49:38,224 - vessel_data_pipeline - INFO - Created backup: Expected_departures_20251012_204938.xml
2025-10-12 20:49:38,225 - vessel_data_pipeline - INFO - Updated metadata for Expected_departures.xml
2025-10-12 20:49:38,225 - vessel_data_pipeline - INFO - Successfully downloaded and validated Expected_departures.xml
2025-10-12 20:49:38,932 - vessel_data_pipeline - INFO - Downloading Departed_in_last_36_hours.xml (attempt 1/3)
2025-10-12 20:49:38,997 - vessel_data_pipeline - INFO - File temp_Departed_in_last_36_hours.xml passed validation checks
2025-10-12 20:49:38,998 - vessel_data_pipeline - INFO - Created backup: Departed_in_last_36_hours_20251012_204938.xml
2025-10-12 20:49:38,998 - vessel_data_pipeline - INFO - Updated metadata for Departed_in_last_36_hours.xml
2025-10-12 20:49:38,998 - vessel_data_pipeline - INFO - Successfully downloaded and validated Departed_in_last_36_hours.xml
2025-10-12 20:49:39,787 - vessel_data_pipeline - INFO - Fetch operation completed. Results: {'Arrived_in_last_36_hours.xml': True, 'Departed_in_last_36_hours.xml': True, 'Expected_arrivals.xml': True, 'Expected_departures.xml': True}
2025-10-12 20:49:40,038 - vessel_data_pipeline - INFO - Fetch operation completed. Results: {'Arrived_in_last_36_hours.xml': True, 'Departed_in_last_36_hours.xml': True, 'Expected_arrivals.xml': True, 'Expected_departures.xml': True}
2025-10-12 20:49:40,230 - vessel_data_pipeline - INFO - Fetch operation completed. Results: {'Arrived_in_last_36_hours.xml': True, 'Departed_in_last_36_hours.xml': True, 'Expected_arrivals.xml': True, 'Expected_departures.xml': True}
2025-10-12 20:49:40,999 - vessel_data_pipeline - INFO - Downloading Expected_arrivals.xml (attempt 1/3)
2025-10-12 20:49:41,053 - vessel_data_pipeline - INFO - File temp_Expected_arrivals.xml passed validation checks
2025-10-12 20:49:41,053 - vessel_data_pipeline - INFO - Created backup: Expected_arrivals_20251012_204941.xml
2025-10-12 20:49:41,053 - vessel_data_pipeline - INFO - Updated metadata for Expected_arrivals.xml
2025-10-12 20:49:41,054 - vessel_data_pipeline - INFO - Successfully downloaded and validated Expected_arrivals.xml
2025-10-12 20:49:43,057 - vessel_data_pipeline - INFO - Downloading Expected_departures.xml (attempt 1/3)
2025-10-12 20:49:43,109 - vessel_data_pipeline - INFO - File temp_Expected_departures.xml passed validation checks
2025-10-12 20:49:43,109 - vessel_data_pipeline - INFO - Created backup: Expected_departures_20251012_204943.xml
2025-10-12 20:49:43,110 - vessel_data_pipeline - INFO - Updated metadata for Expected_departures.xml
2025-10-12 20:49:43,110 - vessel_data_pipeline - INFO - Successfully downloaded and validated Expected_departures.xml
2025-10-12 20:49:45,115 - vessel_data_pipeline - INFO - Fetch operation completed. Results: {'Arrived_in_last_36_hours.xml': True, 'Departed_in_last_36_hours.xml': True, 'Expected_arrivals.xml': True, 'Expected_departures.xml': True}
2025-10-13 20:48:58,628 - vessel_data_pipeline - INFO - Starting vessel data fetch operation
2025-10-13 20:48:58,628 - vessel_data_pipeline - INFO - Starting vessel data fetch operation
2025-10-13 20:48:58,629 - vessel_data_pipeline - INFO - Discovering XML files from Hong Kong Marine Department portal
2025-10-13 20:48:58,629 - vessel_data_pipeline - INFO - Discovering XML files from Hong Kong Marine Department portal
2025-10-13 20:48:58,682 - vessel_data_pipeline - INFO - Starting vessel data fetch operation
2025-10-13 20:48:58,682 - vessel_data_pipeline - INFO - Discovering XML files from Hong Kong Marine Department portal
2025-10-13 20:48:58,683 - vessel_data_pipeline - INFO - Starting vessel data fetch operation
2025-10-13 20:48:58,683 - vessel_data_pipeline - INFO - Discovering XML files from Hong Kong Marine Department portal
2025-10-13 20:48:58,762 - vessel_data_pipeline - INFO - Verified access to Arrived_in_last_36_hours.xml
2025-10-13 20:48:58,763 - vessel_data_pipeline - INFO - Verified access to Arrived_in_last_36_hours.xml
2025-10-13 20:48:58,802 - vessel_data_pipeline - INFO - Starting vessel data fetch operation
2025-10-13 20:48:58,802 - vessel_data_pipeline - INFO - Discovering XML files from Hong Kong Marine Department portal
2025-10-13 20:48:58,837 - vessel_data_pipeline - INFO - Verified access to Arrived_in_last_36_hours.xml
2025-10-13 20:48:58,846 - vessel_data_pipeline - INFO - Verified access to Departed_in_last_36_hours.xml
2025-10-13 20:48:58,846 - vessel_data_pipeline - INFO - Verified access to Arrived_in_last_36_hours.xml
2025-10-13 20:48:58,846 - vessel_data_pipeline - INFO - Verified access to Departed_in_last_36_hours.xml
2025-10-13 20:48:58,961 - vessel_data_pipeline - INFO - Verified access to Arrived_in_last_36_hours.xml
2025-10-13 20:48:58,964 - vessel_data_pipeline - INFO - Verified access to Expected_arrivals.xml
2025-10-13 20:48:58,964 - vessel_data_pipeline - INFO - Verified access to Expected_arrivals.xml
2025-10-13 20:48:58,964 - vessel_data_pipeline - INFO - Verified access to Departed_in_last_36_hours.xml
2025-10-13 20:48:58,967 - vessel_data_pipeline - INFO - Verified access to Departed_in_last_36_hours.xml
2025-10-13 20:48:59,094 - vessel_data_pipeline - INFO - Verified access to Departed_in_last_36_hours.xml
2025-10-13 20:48:59,105 - vessel_data_pipeline - INFO - Verified access to Expected_departures.xml
2025-10-13 20:48:59,106 - vessel_data_pipeline - INFO - Verified access to Expected_arrivals.xml
2025-10-13 20:48:59,106 - vessel_data_pipeline - INFO - Discovered 4 XML files for download
2025-10-13 20:48:59,106 - vessel_data_pipeline - INFO - Downloading Arrived_in_last_36_hours.xml (attempt 1/3)
2025-10-13 20:48:59,122 - vessel_data_pipeline - INFO - Verified access to Expected_arrivals.xml
2025-10-13 20:48:59,124 - vessel_data_pipeline - INFO - Verified access to Expected_departures.xml
2025-10-13 20:48:59,124 - vessel_data_pipeline - INFO - Discovered 4 XML files for download
2025-10-13 20:48:59,124 - vessel_data_pipeline - INFO - Downloading Arrived_in_last_36_hours.xml (attempt 1/3)
2025-10-13 20:48:59,222 - vessel_data_pipeline - INFO - Verified access to Expected_arrivals.xml
2025-10-13 20:48:59,234 - vessel_data_pipeline - INFO - Verified access to Expected_departures.xml
2025-10-13 20:48:59,234 - vessel_data_pipeline - INFO - Discovered 4 XML files for download
2025-10-13 20:48:59,234 - vessel_data_pipeline - INFO - Downloading Arrived_in_last_36_hours.xml (attempt 1/3)
2025-10-13 20:48:59,244 - vessel_data_pipeline - INFO - File temp_Arrived_in_last_36_hours.xml passed validation checks
2025-10-13 20:48:59,245 - vessel_data_pipeline - INFO - Created backup: Arrived_in_last_36_hours_20251013_204859.xml
2025-10-13 20:48:59,247 - vessel_data_pipeline - INFO - Updated metadata for Arrived_in_last_36_hours.xml
2025-10-13 20:48:59,247 - vessel_data_pipeline - INFO - Successfully downloaded and validated Arrived_in_last_36_hours.xml
2025-10-13 20:48:59,250 - vessel_data_pipeline - INFO - File temp_Arrived_in_last_36_hours.xml passed validation checks
2025-10-13 20:48:59,251 - vessel_data_pipeline - INFO - Created backup: Arrived_in_last_36_hours_20251013_204859.xml
2025-10-13 20:48:59,251 - vessel_data_pipeline - INFO - Updated metadata for Arrived_in_last_36_hours.xml
2025-10-13 20:48:59,251 - vessel_data_pipeline - INFO - Successfully downloaded and validated Arrived_in_last_36_hours.xml
2025-10-13 20:48:59,288 - vessel_data_pipeline - INFO - Verified access to Expected_departures.xml
2025-10-13 20:48:59,288 - vessel_data_pipeline - INFO - Discovered 4 XML files for download
2025-10-13 20:48:59,289 - vessel_data_pipeline - INFO - Downloading Arrived_in_last_36_hours.xml (attempt 1/3)
2025-10-13 20:48:59,300 - vessel_data_pipeline - INFO - File temp_Arrived_in_last_36_hours.xml passed validation checks
2025-10-13 20:48:59,300 - vessel_data_pipeline - INFO - Created backup: Arrived_in_last_36_hours_20251013_204859.xml
2025-10-13 20:48:59,301 - vessel_data_pipeline - INFO - Updated metadata for Arrived_in_last_36_hours.xml
2025-10-13 20:48:59,301 - vessel_data_pipeline - INFO - Successfully downloaded and validated Arrived_in_last_36_hours.xml
2025-10-13 20:48:59,345 - vessel_data_pipeline - INFO - File temp_Arrived_in_last_36_hours.xml passed validation checks
2025-10-13 20:48:59,345 - vessel_data_pipeline - INFO - Created backup: Arrived_in_last_36_hours_20251013_204859.xml
2025-10-13 20:48:59,345 - vessel_data_pipeline - INFO - Updated metadata for Arrived_in_last_36_hours.xml
2025-10-13 20:48:59,346 - vessel_data_pipeline - INFO - Successfully downloaded and validated Arrived_in_last_36_hours.xml
2025-10-13 20:48:59,357 - vessel_data_pipeline - INFO - Verified access to Expected_departures.xml
2025-10-13 20:48:59,357 - vessel_data_pipeline - INFO - Discovered 4 XML files for download
2025-10-13 20:48:59,357 - vessel_data_pipeline - INFO - Downloading Arrived_in_last_36_hours.xml (attempt 1/3)
2025-10-13 20:48:59,409 - vessel_data_pipeline - INFO - File temp_Arrived_in_last_36_hours.xml passed validation checks
2025-10-13 20:48:59,409 - vessel_data_pipeline - INFO - Created backup: Arrived_in_last_36_hours_20251013_204859.xml
2025-10-13 20:48:59,409 - vessel_data_pipeline - INFO - Updated metadata for Arrived_in_last_36_hours.xml
2025-10-13 20:48:59,409 - vessel_data_pipeline - INFO - Successfully downloaded and validated Arrived_in_last_36_hours.xml
2025-10-13 20:49:01,247 - vessel_data_pipeline - INFO - Downloading Departed_in_last_36_hours.xml (attempt 1/3)
2025-10-13 20:49:01,253 - vessel_data_pipeline - INFO - Downloading Departed_in_last_36_hours.xml (attempt 1/3)
2025-10-13 20:49:01,306 - vessel_data_pipeline - INFO - Downloading Departed_in_last_36_hours.xml (attempt 1/3)
2025-10-13 20:49:01,350 - vessel_data_pipeline - INFO - Downloading Departed_in_last_36_hours.xml (attempt 1/3)
2025-10-13 20:49:01,409 - vessel_data_pipeline - INFO - Downloading Departed_in_last_36_hours.xml (attempt 1/3)
2025-10-13 20:49:01,524 - vessel_data_pipeline - INFO - File temp_Departed_in_last_36_hours.xml passed validation checks
2025-10-13 20:49:01,525 - vessel_data_pipeline - INFO - Created backup: Departed_in_last_36_hours_20251013_204901.xml
2025-10-13 20:49:01,525 - vessel_data_pipeline - INFO - Updated metadata for Departed_in_last_36_hours.xml
2025-10-13 20:49:01,525 - vessel_data_pipeline - INFO - Successfully downloaded and validated Departed_in_last_36_hours.xml
2025-10-13 20:49:01,770 - vessel_data_pipeline - INFO - File temp_Departed_in_last_36_hours.xml passed validation checks
2025-10-13 20:49:01,772 - vessel_data_pipeline - INFO - File temp_Departed_in_last_36_hours.xml passed validation checks
2025-10-13 20:49:01,775 - vessel_data_pipeline - INFO - File temp_Departed_in_last_36_hours.xml passed validation checks
2025-10-13 20:49:01,776 - vessel_data_pipeline - INFO - Created backup: Departed_in_last_36_hours_20251013_204901.xml
2025-10-13 20:49:01,776 - vessel_data_pipeline - INFO - Created backup: Departed_in_last_36_hours_20251013_204901.xml
2025-10-13 20:49:01,776 - vessel_data_pipeline - INFO - Created backup: Departed_in_last_36_hours_20251013_204901.xml
2025-10-13 20:49:01,776 - vessel_data_pipeline - ERROR - Unexpected error downloading Departed_in_last_36_hours.xml (attempt 1): [Errno 2] No such file or directory: '/Users/Bhavesh/Documents/GitHub/ports_digital_twin/raw_data/vessel_data/temp/temp_Departed_in_last_36_hours.xml'
2025-10-13 20:49:01,776 - vessel_data_pipeline - INFO - Waiting 5 seconds before retry...
2025-10-13 20:49:01,776 - vessel_data_pipeline - ERROR - Unexpected error downloading Departed_in_last_36_hours.xml (attempt 1): [Errno 2] No such file or directory: '/Users/Bhavesh/Documents/GitHub/ports_digital_twin/raw_data/vessel_data/temp/temp_Departed_in_last_36_hours.xml'
2025-10-13 20:49:01,776 - vessel_data_pipeline - INFO - Updated metadata for Departed_in_last_36_hours.xml
2025-10-13 20:49:01,776 - vessel_data_pipeline - INFO - Waiting 5 seconds before retry...
2025-10-13 20:49:01,776 - vessel_data_pipeline - INFO - Successfully downloaded and validated Departed_in_last_36_hours.xml
2025-10-13 20:49:01,803 - vessel_data_pipeline - INFO - File temp_Departed_in_last_36_hours.xml passed validation checks
2025-10-13 20:49:01,803 - vessel_data_pipeline - INFO - Created backup: Departed_in_last_36_hours_20251013_204901.xml
2025-10-13 20:49:01,804 - vessel_data_pipeline - INFO - Updated metadata for Departed_in_last_36_hours.xml
2025-10-13 20:49:01,804 - vessel_data_pipeline - INFO - Successfully downloaded and validated Departed_in_last_36_hours.xml
2025-10-13 20:49:03,528 - vessel_data_pipeline - INFO - Downloading Expected_arrivals.xml (attempt 1/3)
2025-10-13 20:49:03,611 - vessel_data_pipeline - INFO - File temp_Expected_arrivals.xml passed validation checks
2025-10-13 20:49:03,611 - vessel_data_pipeline - INFO - Created backup: Expected_arrivals_20251013_204903.xml
2025-10-13 20:49:03,612 - vessel_data_pipeline - INFO - Updated metadata for Expected_arrivals.xml
2025-10-13 20:49:03,612 - vessel_data_pipeline - INFO - Successfully downloaded and validated Expected_arrivals.xml
2025-10-13 20:49:03,780 - vessel_data_pipeline - INFO - Downloading Expected_arrivals.xml (attempt 1/3)
2025-10-13 20:49:03,804 - vessel_data_pipeline - INFO - Downloading Expected_arrivals.xml (attempt 1/3)
2025-10-13 20:49:03,840 - vessel_data_pipeline - INFO - File temp_Expected_arrivals.xml passed validation checks
2025-10-13 20:49:03,840 - vessel_data_pipeline - INFO - Created backup: Expected_arrivals_20251013_204903.xml
2025-10-13 20:49:03,841 - vessel_data_pipeline - INFO - Updated metadata for Expected_arrivals.xml
2025-10-13 20:49:03,841 - vessel_data_pipeline - INFO - Successfully downloaded and validated Expected_arrivals.xml
2025-10-13 20:49:03,865 - vessel_data_pipeline - INFO - File temp_Expected_arrivals.xml passed validation checks
2025-10-13 20:49:03,865 - vessel_data_pipeline - INFO - Created backup: Expected_arrivals_20251013_204903.xml
2025-10-13 20:49:03,865 - vessel_data_pipeline - INFO - Updated metadata for Expected_arrivals.xml
2025-10-13 20:49:03,865 - vessel_data_pipeline - INFO - Successfully downloaded and validated Expected_arrivals.xml
2025-10-13 20:49:05,613 - vessel_data_pipeline - INFO - Downloading Expected_departures.xml (attempt 1/3)
2025-10-13 20:49:05,704 - vessel_data_pipeline - INFO - File temp_Expected_departures.xml passed validation checks
2025-10-13 20:49:05,704 - vessel_data_pipeline - INFO - Created backup: Expected_departures_20251013_204905.xml
2025-10-13 20:49:05,705 - vessel_data_pipeline - INFO - Updated metadata for Expected_departures.xml
2025-10-13 20:49:05,705 - vessel_data_pipeline - INFO - Successfully downloaded and validated Expected_departures.xml
2025-10-13 20:49:05,843 - vessel_data_pipeline - INFO - Downloading Expected_departures.xml (attempt 1/3)
2025-10-13 20:49:05,870 - vessel_data_pipeline - INFO - Downloading Expected_departures.xml (attempt 1/3)
2025-10-13 20:49:05,889 - vessel_data_pipeline - INFO - File temp_Expected_departures.xml passed validation checks
2025-10-13 20:49:05,889 - vessel_data_pipeline - INFO - Created backup: Expected_departures_20251013_204905.xml
2025-10-13 20:49:05,890 - vessel_data_pipeline - INFO - Updated metadata for Expected_departures.xml
2025-10-13 20:49:05,890 - vessel_data_pipeline - INFO - Successfully downloaded and validated Expected_departures.xml
2025-10-13 20:49:05,927 - vessel_data_pipeline - INFO - File temp_Expected_departures.xml passed validation checks
2025-10-13 20:49:05,927 - vessel_data_pipeline - INFO - Created backup: Expected_departures_20251013_204905.xml
2025-10-13 20:49:05,927 - vessel_data_pipeline - INFO - Updated metadata for Expected_departures.xml
2025-10-13 20:49:05,927 - vessel_data_pipeline - INFO - Successfully downloaded and validated Expected_departures.xml
2025-10-13 20:49:06,780 - vessel_data_pipeline - INFO - Downloading Departed_in_last_36_hours.xml (attempt 2/3)
2025-10-13 20:49:06,780 - vessel_data_pipeline - INFO - Downloading Departed_in_last_36_hours.xml (attempt 2/3)
2025-10-13 20:49:06,903 - vessel_data_pipeline - INFO - File temp_Departed_in_last_36_hours.xml passed validation checks
2025-10-13 20:49:06,903 - vessel_data_pipeline - INFO - Created backup: Departed_in_last_36_hours_20251013_204906.xml
2025-10-13 20:49:06,904 - vessel_data_pipeline - INFO - Updated metadata for Departed_in_last_36_hours.xml
2025-10-13 20:49:06,904 - vessel_data_pipeline - INFO - Successfully downloaded and validated Departed_in_last_36_hours.xml
2025-10-13 20:49:06,918 - vessel_data_pipeline - INFO - File temp_Departed_in_last_36_hours.xml passed validation checks
2025-10-13 20:49:06,919 - vessel_data_pipeline - INFO - Created backup: Departed_in_last_36_hours_20251013_204906.xml
2025-10-13 20:49:06,919 - vessel_data_pipeline - INFO - Updated metadata for Departed_in_last_36_hours.xml
2025-10-13 20:49:06,919 - vessel_data_pipeline - INFO - Successfully downloaded and validated Departed_in_last_36_hours.xml
2025-10-13 20:49:07,707 - vessel_data_pipeline - INFO - Fetch operation completed. Results: {'Arrived_in_last_36_hours.xml': True, 'Departed_in_last_36_hours.xml': True, 'Expected_arrivals.xml': True, 'Expected_departures.xml': True}
2025-10-13 20:49:07,895 - vessel_data_pipeline - INFO - Fetch operation completed. Results: {'Arrived_in_last_36_hours.xml': True, 'Departed_in_last_36_hours.xml': True, 'Expected_arrivals.xml': True, 'Expected_departures.xml': True}
2025-10-13 20:49:07,932 - vessel_data_pipeline - INFO - Fetch operation completed. Results: {'Arrived_in_last_36_hours.xml': True, 'Departed_in_last_36_hours.xml': True, 'Expected_arrivals.xml': True, 'Expected_departures.xml': True}
2025-10-13 20:49:08,909 - vessel_data_pipeline - INFO - Downloading Expected_arrivals.xml (attempt 1/3)
2025-10-13 20:49:08,924 - vessel_data_pipeline - INFO - Downloading Expected_arrivals.xml (attempt 1/3)
2025-10-13 20:49:08,981 - vessel_data_pipeline - INFO - File temp_Expected_arrivals.xml passed validation checks
2025-10-13 20:49:08,982 - vessel_data_pipeline - INFO - Created backup: Expected_arrivals_20251013_204908.xml
2025-10-13 20:49:08,982 - vessel_data_pipeline - INFO - Updated metadata for Expected_arrivals.xml
2025-10-13 20:49:08,982 - vessel_data_pipeline - INFO - Successfully downloaded and validated Expected_arrivals.xml
2025-10-13 20:49:08,994 - vessel_data_pipeline - INFO - File temp_Expected_arrivals.xml passed validation checks
2025-10-13 20:49:08,994 - vessel_data_pipeline - INFO - Created backup: Expected_arrivals_20251013_204908.xml
2025-10-13 20:49:08,995 - vessel_data_pipeline - INFO - Updated metadata for Expected_arrivals.xml
2025-10-13 20:49:08,995 - vessel_data_pipeline - INFO - Successfully downloaded and validated Expected_arrivals.xml
2025-10-13 20:49:10,983 - vessel_data_pipeline - INFO - Downloading Expected_departures.xml (attempt 1/3)
2025-10-13 20:49:10,996 - vessel_data_pipeline - INFO - Downloading Expected_departures.xml (attempt 1/3)
2025-10-13 20:49:11,066 - vessel_data_pipeline - INFO - File temp_Expected_departures.xml passed validation checks
2025-10-13 20:49:11,067 - vessel_data_pipeline - INFO - Created backup: Expected_departures_20251013_204911.xml
2025-10-13 20:49:11,067 - vessel_data_pipeline - INFO - Updated metadata for Expected_departures.xml
2025-10-13 20:49:11,067 - vessel_data_pipeline - INFO - Successfully downloaded and validated Expected_departures.xml
2025-10-13 20:49:11,118 - vessel_data_pipeline - INFO - File temp_Expected_departures.xml passed validation checks
2025-10-13 20:49:11,118 - vessel_data_pipeline - INFO - Created backup: Expected_departures_20251013_204911.xml
2025-10-13 20:49:11,118 - vessel_data_pipeline - INFO - Updated metadata for Expected_departures.xml
2025-10-13 20:49:11,118 - vessel_data_pipeline - INFO - Successfully downloaded and validated Expected_departures.xml
2025-10-13 20:49:13,068 - vessel_data_pipeline - INFO - Fetch operation completed. Results: {'Arrived_in_last_36_hours.xml': True, 'Departed_in_last_36_hours.xml': True, 'Expected_arrivals.xml': True, 'Expected_departures.xml': True}
2025-10-13 20:49:13,119 - vessel_data_pipeline - INFO - Fetch operation completed. Results: {'Arrived_in_last_36_hours.xml': True, 'Departed_in_last_36_hours.xml': True, 'Expected_arrivals.xml': True, 'Expected_departures.xml': True}
2025-10-13 20:49:45,744 - vessel_data_pipeline - INFO - Starting vessel data fetch operation
2025-10-13 20:49:45,745 - vessel_data_pipeline - INFO - Discovering XML files from Hong Kong Marine Department portal
2025-10-13 20:49:45,799 - vessel_data_pipeline - INFO - Starting vessel data fetch operation
2025-10-13 20:49:45,799 - vessel_data_pipeline - INFO - Discovering XML files from Hong Kong Marine Department portal
2025-10-13 20:49:45,805 - vessel_data_pipeline - INFO - Starting vessel data fetch operation
2025-10-13 20:49:45,805 - vessel_data_pipeline - INFO - Starting vessel data fetch operation
2025-10-13 20:49:45,805 - vessel_data_pipeline - INFO - Discovering XML files from Hong Kong Marine Department portal
2025-10-13 20:49:45,805 - vessel_data_pipeline - INFO - Discovering XML files from Hong Kong Marine Department portal
2025-10-13 20:49:46,058 - vessel_data_pipeline - INFO - Verified access to Arrived_in_last_36_hours.xml
2025-10-13 20:49:46,058 - vessel_data_pipeline - INFO - Verified access to Arrived_in_last_36_hours.xml
2025-10-13 20:49:46,058 - vessel_data_pipeline - INFO - Verified access to Arrived_in_last_36_hours.xml
2025-10-13 20:49:46,059 - vessel_data_pipeline - INFO - Verified access to Arrived_in_last_36_hours.xml
2025-10-13 20:49:46,162 - vessel_data_pipeline - INFO - Verified access to Departed_in_last_36_hours.xml
2025-10-13 20:49:46,164 - vessel_data_pipeline - INFO - Verified access to Departed_in_last_36_hours.xml
2025-10-13 20:49:46,168 - vessel_data_pipeline - INFO - Verified access to Departed_in_last_36_hours.xml
2025-10-13 20:49:46,182 - vessel_data_pipeline - INFO - Verified access to Departed_in_last_36_hours.xml
2025-10-13 20:49:46,267 - vessel_data_pipeline - INFO - Verified access to Expected_arrivals.xml
2025-10-13 20:49:46,267 - vessel_data_pipeline - INFO - Verified access to Expected_arrivals.xml
2025-10-13 20:49:46,269 - vessel_data_pipeline - INFO - Verified access to Expected_arrivals.xml
2025-10-13 20:49:46,270 - vessel_data_pipeline - INFO - Verified access to Expected_arrivals.xml
2025-10-13 20:49:46,391 - vessel_data_pipeline - INFO - Verified access to Expected_departures.xml
2025-10-13 20:49:46,391 - vessel_data_pipeline - INFO - Verified access to Expected_departures.xml
2025-10-13 20:49:46,391 - vessel_data_pipeline - INFO - Discovered 4 XML files for download
2025-10-13 20:49:46,391 - vessel_data_pipeline - INFO - Discovered 4 XML files for download
2025-10-13 20:49:46,391 - vessel_data_pipeline - INFO - Downloading Arrived_in_last_36_hours.xml (attempt 1/3)
2025-10-13 20:49:46,391 - vessel_data_pipeline - INFO - Downloading Arrived_in_last_36_hours.xml (attempt 1/3)
2025-10-13 20:49:46,396 - vessel_data_pipeline - INFO - Verified access to Expected_departures.xml
2025-10-13 20:49:46,396 - vessel_data_pipeline - INFO - Discovered 4 XML files for download
2025-10-13 20:49:46,396 - vessel_data_pipeline - INFO - Downloading Arrived_in_last_36_hours.xml (attempt 1/3)
2025-10-13 20:49:46,398 - vessel_data_pipeline - INFO - Verified access to Expected_departures.xml
2025-10-13 20:49:46,398 - vessel_data_pipeline - INFO - Discovered 4 XML files for download
2025-10-13 20:49:46,398 - vessel_data_pipeline - INFO - Downloading Arrived_in_last_36_hours.xml (attempt 1/3)
2025-10-13 20:49:47,678 - vessel_data_pipeline - INFO - File temp_Arrived_in_last_36_hours.xml passed validation checks
2025-10-13 20:49:47,679 - vessel_data_pipeline - INFO - File temp_Arrived_in_last_36_hours.xml passed validation checks
2025-10-13 20:49:47,680 - vessel_data_pipeline - INFO - File temp_Arrived_in_last_36_hours.xml passed validation checks
2025-10-13 20:49:47,681 - vessel_data_pipeline - INFO - Created backup: Arrived_in_last_36_hours_20251013_204947.xml
2025-10-13 20:49:47,681 - vessel_data_pipeline - INFO - Created backup: Arrived_in_last_36_hours_20251013_204947.xml
2025-10-13 20:49:47,681 - vessel_data_pipeline - INFO - Created backup: Arrived_in_last_36_hours_20251013_204947.xml
2025-10-13 20:49:47,681 - vessel_data_pipeline - ERROR - Unexpected error downloading Arrived_in_last_36_hours.xml (attempt 1): [Errno 2] No such file or directory: '/Users/Bhavesh/Documents/GitHub/ports_digital_twin/raw_data/vessel_data/temp/temp_Arrived_in_last_36_hours.xml'
2025-10-13 20:49:47,681 - vessel_data_pipeline - INFO - Waiting 5 seconds before retry...
2025-10-13 20:49:47,681 - vessel_data_pipeline - ERROR - Unexpected error downloading Arrived_in_last_36_hours.xml (attempt 1): [Errno 2] No such file or directory: '/Users/Bhavesh/Documents/GitHub/ports_digital_twin/raw_data/vessel_data/temp/temp_Arrived_in_last_36_hours.xml'
2025-10-13 20:49:47,681 - vessel_data_pipeline - INFO - Waiting 5 seconds before retry...
2025-10-13 20:49:47,681 - vessel_data_pipeline - INFO - Updated metadata for Arrived_in_last_36_hours.xml
2025-10-13 20:49:47,681 - vessel_data_pipeline - INFO - Successfully downloaded and validated Arrived_in_last_36_hours.xml
2025-10-13 20:49:47,715 - vessel_data_pipeline - INFO - File temp_Arrived_in_last_36_hours.xml passed validation checks
2025-10-13 20:49:47,716 - vessel_data_pipeline - INFO - Created backup: Arrived_in_last_36_hours_20251013_204947.xml
2025-10-13 20:49:47,716 - vessel_data_pipeline - INFO - Updated metadata for Arrived_in_last_36_hours.xml
2025-10-13 20:49:47,716 - vessel_data_pipeline - INFO - Successfully downloaded and validated Arrived_in_last_36_hours.xml
2025-10-13 20:49:49,686 - vessel_data_pipeline - INFO - Downloading Departed_in_last_36_hours.xml (attempt 1/3)
2025-10-13 20:49:49,720 - vessel_data_pipeline - INFO - Downloading Departed_in_last_36_hours.xml (attempt 1/3)
2025-10-13 20:49:49,851 - vessel_data_pipeline - INFO - File temp_Departed_in_last_36_hours.xml passed validation checks
2025-10-13 20:49:49,851 - vessel_data_pipeline - INFO - Created backup: Departed_in_last_36_hours_20251013_204949.xml
2025-10-13 20:49:49,852 - vessel_data_pipeline - INFO - Updated metadata for Departed_in_last_36_hours.xml
2025-10-13 20:49:49,852 - vessel_data_pipeline - INFO - Successfully downloaded and validated Departed_in_last_36_hours.xml
2025-10-13 20:49:49,861 - vessel_data_pipeline - INFO - File temp_Departed_in_last_36_hours.xml passed validation checks
2025-10-13 20:49:49,862 - vessel_data_pipeline - INFO - Created backup: Departed_in_last_36_hours_20251013_204949.xml
2025-10-13 20:49:49,862 - vessel_data_pipeline - INFO - Updated metadata for Departed_in_last_36_hours.xml
2025-10-13 20:49:49,862 - vessel_data_pipeline - INFO - Successfully downloaded and validated Departed_in_last_36_hours.xml
2025-10-13 20:49:51,852 - vessel_data_pipeline - INFO - Downloading Expected_arrivals.xml (attempt 1/3)
2025-10-13 20:49:51,865 - vessel_data_pipeline - INFO - Downloading Expected_arrivals.xml (attempt 1/3)
2025-10-13 20:49:51,959 - vessel_data_pipeline - INFO - File temp_Expected_arrivals.xml passed validation checks
2025-10-13 20:49:51,960 - vessel_data_pipeline - INFO - File temp_Expected_arrivals.xml passed validation checks
2025-10-13 20:49:51,960 - vessel_data_pipeline - INFO - Created backup: Expected_arrivals_20251013_204951.xml
2025-10-13 20:49:51,960 - vessel_data_pipeline - INFO - Created backup: Expected_arrivals_20251013_204951.xml
2025-10-13 20:49:51,961 - vessel_data_pipeline - INFO - Updated metadata for Expected_arrivals.xml
2025-10-13 20:49:51,961 - vessel_data_pipeline - ERROR - Unexpected error downloading Expected_arrivals.xml (attempt 1): [Errno 2] No such file or directory: '/Users/Bhavesh/Documents/GitHub/ports_digital_twin/raw_data/vessel_data/temp/temp_Expected_arrivals.xml'
2025-10-13 20:49:51,961 - vessel_data_pipeline - INFO - Successfully downloaded and validated Expected_arrivals.xml
2025-10-13 20:49:51,961 - vessel_data_pipeline - INFO - Waiting 5 seconds before retry...
2025-10-13 20:49:52,681 - vessel_data_pipeline - INFO - Downloading Arrived_in_last_36_hours.xml (attempt 2/3)
2025-10-13 20:49:52,681 - vessel_data_pipeline - INFO - Downloading Arrived_in_last_36_hours.xml (attempt 2/3)
2025-10-13 20:49:52,768 - vessel_data_pipeline - INFO - File temp_Arrived_in_last_36_hours.xml passed validation checks
2025-10-13 20:49:52,768 - vessel_data_pipeline - INFO - Created backup: Arrived_in_last_36_hours_20251013_204952.xml
2025-10-13 20:49:52,768 - vessel_data_pipeline - INFO - Updated metadata for Arrived_in_last_36_hours.xml
2025-10-13 20:49:52,768 - vessel_data_pipeline - INFO - Successfully downloaded and validated Arrived_in_last_36_hours.xml
2025-10-13 20:49:52,790 - vessel_data_pipeline - INFO - File temp_Arrived_in_last_36_hours.xml passed validation checks
2025-10-13 20:49:52,790 - vessel_data_pipeline - INFO - Created backup: Arrived_in_last_36_hours_20251013_204952.xml
2025-10-13 20:49:52,791 - vessel_data_pipeline - INFO - Updated metadata for Arrived_in_last_36_hours.xml
2025-10-13 20:49:52,791 - vessel_data_pipeline - INFO - Successfully downloaded and validated Arrived_in_last_36_hours.xml
2025-10-13 20:49:53,966 - vessel_data_pipeline - INFO - Downloading Expected_departures.xml (attempt 1/3)
2025-10-13 20:49:54,056 - vessel_data_pipeline - INFO - File temp_Expected_departures.xml passed validation checks
2025-10-13 20:49:54,057 - vessel_data_pipeline - INFO - Created backup: Expected_departures_20251013_204954.xml
2025-10-13 20:49:54,057 - vessel_data_pipeline - INFO - Updated metadata for Expected_departures.xml
2025-10-13 20:49:54,057 - vessel_data_pipeline - INFO - Successfully downloaded and validated Expected_departures.xml
2025-10-13 20:49:54,772 - vessel_data_pipeline - INFO - Downloading Departed_in_last_36_hours.xml (attempt 1/3)
2025-10-13 20:49:54,795 - vessel_data_pipeline - INFO - Downloading Departed_in_last_36_hours.xml (attempt 1/3)
2025-10-13 20:49:54,853 - vessel_data_pipeline - INFO - File temp_Departed_in_last_36_hours.xml passed validation checks
2025-10-13 20:49:54,853 - vessel_data_pipeline - INFO - Created backup: Departed_in_last_36_hours_20251013_204954.xml
2025-10-13 20:49:54,853 - vessel_data_pipeline - INFO - Updated metadata for Departed_in_last_36_hours.xml
2025-10-13 20:49:54,853 - vessel_data_pipeline - INFO - Successfully downloaded and validated Departed_in_last_36_hours.xml
2025-10-13 20:49:54,977 - vessel_data_pipeline - INFO - File temp_Departed_in_last_36_hours.xml passed validation checks
2025-10-13 20:49:54,978 - vessel_data_pipeline - INFO - Created backup: Departed_in_last_36_hours_20251013_204954.xml
2025-10-13 20:49:54,978 - vessel_data_pipeline - INFO - Updated metadata for Departed_in_last_36_hours.xml
2025-10-13 20:49:54,978 - vessel_data_pipeline - INFO - Successfully downloaded and validated Departed_in_last_36_hours.xml
2025-10-13 20:49:56,059 - vessel_data_pipeline - INFO - Fetch operation completed. Results: {'Arrived_in_last_36_hours.xml': True, 'Departed_in_last_36_hours.xml': True, 'Expected_arrivals.xml': True, 'Expected_departures.xml': True}
2025-10-13 20:49:56,856 - vessel_data_pipeline - INFO - Downloading Expected_arrivals.xml (attempt 1/3)
2025-10-13 20:49:56,925 - vessel_data_pipeline - INFO - File temp_Expected_arrivals.xml passed validation checks
2025-10-13 20:49:56,925 - vessel_data_pipeline - INFO - Created backup: Expected_arrivals_20251013_204956.xml
2025-10-13 20:49:56,926 - vessel_data_pipeline - INFO - Updated metadata for Expected_arrivals.xml
2025-10-13 20:49:56,926 - vessel_data_pipeline - INFO - Successfully downloaded and validated Expected_arrivals.xml
2025-10-13 20:49:56,963 - vessel_data_pipeline - INFO - Downloading Expected_arrivals.xml (attempt 2/3)
2025-10-13 20:49:56,983 - vessel_data_pipeline - INFO - Downloading Expected_arrivals.xml (attempt 1/3)
2025-10-13 20:49:57,079 - vessel_data_pipeline - INFO - File temp_Expected_arrivals.xml passed validation checks
2025-10-13 20:49:57,079 - vessel_data_pipeline - INFO - Created backup: Expected_arrivals_20251013_204957.xml
2025-10-13 20:49:57,079 - vessel_data_pipeline - INFO - Updated metadata for Expected_arrivals.xml
2025-10-13 20:49:57,079 - vessel_data_pipeline - INFO - Successfully downloaded and validated Expected_arrivals.xml
2025-10-13 20:49:57,141 - vessel_data_pipeline - INFO - File temp_Expected_arrivals.xml passed validation checks
2025-10-13 20:49:57,141 - vessel_data_pipeline - INFO - Created backup: Expected_arrivals_20251013_204957.xml
2025-10-13 20:49:57,142 - vessel_data_pipeline - INFO - Updated metadata for Expected_arrivals.xml
2025-10-13 20:49:57,142 - vessel_data_pipeline - INFO - Successfully downloaded and validated Expected_arrivals.xml
2025-10-13 20:49:58,931 - vessel_data_pipeline - INFO - Downloading Expected_departures.xml (attempt 1/3)
2025-10-13 20:49:59,084 - vessel_data_pipeline - INFO - Downloading Expected_departures.xml (attempt 1/3)
2025-10-13 20:49:59,147 - vessel_data_pipeline - INFO - Downloading Expected_departures.xml (attempt 1/3)
2025-10-13 20:49:59,172 - vessel_data_pipeline - INFO - File temp_Expected_departures.xml passed validation checks
2025-10-13 20:49:59,173 - vessel_data_pipeline - INFO - Created backup: Expected_departures_20251013_204959.xml
2025-10-13 20:49:59,173 - vessel_data_pipeline - INFO - Updated metadata for Expected_departures.xml
2025-10-13 20:49:59,173 - vessel_data_pipeline - INFO - Successfully downloaded and validated Expected_departures.xml
2025-10-13 20:49:59,280 - vessel_data_pipeline - INFO - File temp_Expected_departures.xml passed validation checks
2025-10-13 20:49:59,280 - vessel_data_pipeline - INFO - Created backup: Expected_departures_20251013_204959.xml
2025-10-13 20:49:59,280 - vessel_data_pipeline - INFO - Updated metadata for Expected_departures.xml
2025-10-13 20:49:59,280 - vessel_data_pipeline - INFO - Successfully downloaded and validated Expected_departures.xml
2025-10-13 20:49:59,334 - vessel_data_pipeline - INFO - File temp_Expected_departures.xml passed validation checks
2025-10-13 20:49:59,335 - vessel_data_pipeline - INFO - Created backup: Expected_departures_20251013_204959.xml
2025-10-13 20:49:59,335 - vessel_data_pipeline - INFO - Updated metadata for Expected_departures.xml
2025-10-13 20:49:59,335 - vessel_data_pipeline - INFO - Successfully downloaded and validated Expected_departures.xml
2025-10-13 20:50:01,176 - vessel_data_pipeline - INFO - Fetch operation completed. Results: {'Arrived_in_last_36_hours.xml': True, 'Departed_in_last_36_hours.xml': True, 'Expected_arrivals.xml': True, 'Expected_departures.xml': True}
2025-10-13 20:50:01,285 - vessel_data_pipeline - INFO - Fetch operation completed. Results: {'Arrived_in_last_36_hours.xml': True, 'Departed_in_last_36_hours.xml': True, 'Expected_arrivals.xml': True, 'Expected_departures.xml': True}
2025-10-13 20:50:01,339 - vessel_data_pipeline - INFO - Fetch operation completed. Results: {'Arrived_in_last_36_hours.xml': True, 'Departed_in_last_36_hours.xml': True, 'Expected_arrivals.xml': True, 'Expected_departures.xml': True}
