2025-10-26 16:37:25,693 - vessel_data_pipeline - INFO - VesselDataFetcher initialized. Pipeline enabled: True
2025-10-26 16:37:25,694 - vessel_data_pipeline - INFO - Starting vessel data fetch operation
2025-10-26 16:37:25,694 - vessel_data_pipeline - INFO - Discovering XML files from Hong Kong Marine Department portal
2025-10-26 16:37:25,950 - vessel_data_pipeline - INFO - Verified access to Arrived_in_last_36_hours.xml
2025-10-26 16:37:26,178 - vessel_data_pipeline - INFO - Verified access to Departed_in_last_36_hours.xml
2025-10-26 16:37:26,352 - vessel_data_pipeline - INFO - Verified access to Expected_arrivals.xml
2025-10-26 16:37:26,545 - vessel_data_pipeline - INFO - Verified access to Expected_departures.xml
2025-10-26 16:37:26,545 - vessel_data_pipeline - INFO - Discovered 4 XML files for download
2025-10-26 16:37:26,545 - vessel_data_pipeline - INFO - Downloading Arrived_in_last_36_hours.xml (attempt 1/3)
2025-10-26 16:37:26,711 - vessel_data_pipeline - INFO - File temp_Arrived_in_last_36_hours.xml passed validation checks
2025-10-26 16:37:26,711 - vessel_data_pipeline - INFO - Created backup: Arrived_in_last_36_hours_20251026_163726.xml
2025-10-26 16:37:26,711 - vessel_data_pipeline - INFO - Updated metadata for Arrived_in_last_36_hours.xml
2025-10-26 16:37:26,711 - vessel_data_pipeline - INFO - Successfully downloaded and validated Arrived_in_last_36_hours.xml
2025-10-26 16:37:28,712 - vessel_data_pipeline - INFO - Downloading Departed_in_last_36_hours.xml (attempt 1/3)
2025-10-26 16:37:28,987 - vessel_data_pipeline - INFO - File temp_Departed_in_last_36_hours.xml passed validation checks
2025-10-26 16:37:28,988 - vessel_data_pipeline - INFO - Created backup: Departed_in_last_36_hours_20251026_163728.xml
2025-10-26 16:37:28,988 - vessel_data_pipeline - INFO - Updated metadata for Departed_in_last_36_hours.xml
2025-10-26 16:37:28,988 - vessel_data_pipeline - INFO - Successfully downloaded and validated Departed_in_last_36_hours.xml
2025-10-26 16:37:30,993 - vessel_data_pipeline - INFO - Downloading Expected_arrivals.xml (attempt 1/3)
2025-10-26 16:37:31,141 - vessel_data_pipeline - INFO - File temp_Expected_arrivals.xml passed validation checks
2025-10-26 16:37:31,141 - vessel_data_pipeline - INFO - Created backup: Expected_arrivals_20251026_163731.xml
2025-10-26 16:37:31,142 - vessel_data_pipeline - INFO - Updated metadata for Expected_arrivals.xml
2025-10-26 16:37:31,142 - vessel_data_pipeline - INFO - Successfully downloaded and validated Expected_arrivals.xml
2025-10-26 16:37:32,072 - vessel_data_pipeline - INFO - VesselDataFetcher initialized. Pipeline enabled: True
2025-10-26 16:37:32,073 - vessel_data_pipeline - INFO - Starting vessel data fetch operation
2025-10-26 16:37:32,073 - vessel_data_pipeline - INFO - Discovering XML files from Hong Kong Marine Department portal
2025-10-26 16:37:32,250 - vessel_data_pipeline - INFO - Verified access to Arrived_in_last_36_hours.xml
2025-10-26 16:37:32,422 - vessel_data_pipeline - INFO - Verified access to Departed_in_last_36_hours.xml
2025-10-26 16:37:32,546 - vessel_data_pipeline - INFO - Verified access to Expected_arrivals.xml
2025-10-26 16:37:32,687 - vessel_data_pipeline - INFO - Verified access to Expected_departures.xml
2025-10-26 16:37:32,687 - vessel_data_pipeline - INFO - Discovered 4 XML files for download
2025-10-26 16:37:32,687 - vessel_data_pipeline - INFO - Downloading Arrived_in_last_36_hours.xml (attempt 1/3)
2025-10-26 16:37:33,035 - vessel_data_pipeline - INFO - File temp_Arrived_in_last_36_hours.xml passed validation checks
2025-10-26 16:37:33,036 - vessel_data_pipeline - INFO - Created backup: Arrived_in_last_36_hours_20251026_163733.xml
2025-10-26 16:37:33,036 - vessel_data_pipeline - INFO - Updated metadata for Arrived_in_last_36_hours.xml
2025-10-26 16:37:33,036 - vessel_data_pipeline - INFO - Successfully downloaded and validated Arrived_in_last_36_hours.xml
2025-10-26 16:37:33,147 - vessel_data_pipeline - INFO - Downloading Expected_departures.xml (attempt 1/3)
2025-10-26 16:37:33,293 - vessel_data_pipeline - INFO - File temp_Expected_departures.xml passed validation checks
2025-10-26 16:37:33,293 - vessel_data_pipeline - INFO - Created backup: Expected_departures_20251026_163733.xml
2025-10-26 16:37:33,294 - vessel_data_pipeline - INFO - Updated metadata for Expected_departures.xml
2025-10-26 16:37:33,294 - vessel_data_pipeline - INFO - Successfully downloaded and validated Expected_departures.xml
2025-10-26 16:37:35,041 - vessel_data_pipeline - INFO - Downloading Departed_in_last_36_hours.xml (attempt 1/3)
2025-10-26 16:37:35,245 - vessel_data_pipeline - INFO - File temp_Departed_in_last_36_hours.xml passed validation checks
2025-10-26 16:37:35,246 - vessel_data_pipeline - INFO - Created backup: Departed_in_last_36_hours_20251026_163735.xml
2025-10-26 16:37:35,246 - vessel_data_pipeline - INFO - Updated metadata for Departed_in_last_36_hours.xml
2025-10-26 16:37:35,246 - vessel_data_pipeline - INFO - Successfully downloaded and validated Departed_in_last_36_hours.xml
2025-10-26 16:37:35,296 - vessel_data_pipeline - INFO - Fetch operation completed. Results: {'Arrived_in_last_36_hours.xml': True, 'Departed_in_last_36_hours.xml': True, 'Expected_arrivals.xml': True, 'Expected_departures.xml': True}
2025-10-26 16:37:35,317 - vessel_data_pipeline - INFO - VesselDataFetcher initialized. Pipeline enabled: True
2025-10-26 16:37:35,318 - vessel_data_pipeline - INFO - Starting vessel data fetch operation
2025-10-26 16:37:35,321 - vessel_data_pipeline - INFO - Discovering XML files from Hong Kong Marine Department portal
2025-10-26 16:37:35,519 - vessel_data_pipeline - INFO - Verified access to Arrived_in_last_36_hours.xml
2025-10-26 16:37:35,698 - vessel_data_pipeline - INFO - Verified access to Departed_in_last_36_hours.xml
2025-10-26 16:37:35,857 - vessel_data_pipeline - INFO - Verified access to Expected_arrivals.xml
2025-10-26 16:37:36,029 - vessel_data_pipeline - INFO - Verified access to Expected_departures.xml
2025-10-26 16:37:36,029 - vessel_data_pipeline - INFO - Discovered 4 XML files for download
2025-10-26 16:37:36,029 - vessel_data_pipeline - INFO - Downloading Arrived_in_last_36_hours.xml (attempt 1/3)
2025-10-26 16:37:36,229 - vessel_data_pipeline - INFO - File temp_Arrived_in_last_36_hours.xml passed validation checks
2025-10-26 16:37:36,229 - vessel_data_pipeline - INFO - Created backup: Arrived_in_last_36_hours_20251026_163736.xml
2025-10-26 16:37:36,229 - vessel_data_pipeline - INFO - Updated metadata for Arrived_in_last_36_hours.xml
2025-10-26 16:37:36,229 - vessel_data_pipeline - INFO - Successfully downloaded and validated Arrived_in_last_36_hours.xml
2025-10-26 16:37:37,251 - vessel_data_pipeline - INFO - Downloading Expected_arrivals.xml (attempt 1/3)
2025-10-26 16:37:37,406 - vessel_data_pipeline - INFO - File temp_Expected_arrivals.xml passed validation checks
2025-10-26 16:37:37,407 - vessel_data_pipeline - INFO - Created backup: Expected_arrivals_20251026_163737.xml
2025-10-26 16:37:37,407 - vessel_data_pipeline - INFO - Updated metadata for Expected_arrivals.xml
2025-10-26 16:37:37,407 - vessel_data_pipeline - INFO - Successfully downloaded and validated Expected_arrivals.xml
2025-10-26 16:37:38,233 - vessel_data_pipeline - INFO - Downloading Departed_in_last_36_hours.xml (attempt 1/3)
2025-10-26 16:37:38,438 - vessel_data_pipeline - INFO - File temp_Departed_in_last_36_hours.xml passed validation checks
2025-10-26 16:37:38,439 - vessel_data_pipeline - INFO - Created backup: Departed_in_last_36_hours_20251026_163738.xml
2025-10-26 16:37:38,439 - vessel_data_pipeline - INFO - Updated metadata for Departed_in_last_36_hours.xml
2025-10-26 16:37:38,439 - vessel_data_pipeline - INFO - Successfully downloaded and validated Departed_in_last_36_hours.xml
2025-10-26 16:37:39,411 - vessel_data_pipeline - INFO - Downloading Expected_departures.xml (attempt 1/3)
2025-10-26 16:37:39,563 - vessel_data_pipeline - INFO - File temp_Expected_departures.xml passed validation checks
2025-10-26 16:37:39,563 - vessel_data_pipeline - INFO - Created backup: Expected_departures_20251026_163739.xml
2025-10-26 16:37:39,563 - vessel_data_pipeline - INFO - Updated metadata for Expected_departures.xml
2025-10-26 16:37:39,563 - vessel_data_pipeline - INFO - Successfully downloaded and validated Expected_departures.xml
2025-10-26 16:37:40,445 - vessel_data_pipeline - INFO - Downloading Expected_arrivals.xml (attempt 1/3)
2025-10-26 16:37:40,608 - vessel_data_pipeline - INFO - File temp_Expected_arrivals.xml passed validation checks
2025-10-26 16:37:40,610 - vessel_data_pipeline - INFO - Created backup: Expected_arrivals_20251026_163740.xml
2025-10-26 16:37:40,611 - vessel_data_pipeline - INFO - Updated metadata for Expected_arrivals.xml
2025-10-26 16:37:40,611 - vessel_data_pipeline - INFO - Successfully downloaded and validated Expected_arrivals.xml
2025-10-26 16:37:41,569 - vessel_data_pipeline - INFO - Fetch operation completed. Results: {'Arrived_in_last_36_hours.xml': True, 'Departed_in_last_36_hours.xml': True, 'Expected_arrivals.xml': True, 'Expected_departures.xml': True}
2025-10-26 16:37:41,594 - vessel_data_pipeline - INFO - VesselDataFetcher initialized. Pipeline enabled: True
2025-10-26 16:37:41,598 - vessel_data_pipeline - INFO - Starting vessel data fetch operation
2025-10-26 16:37:41,598 - vessel_data_pipeline - INFO - Discovering XML files from Hong Kong Marine Department portal
2025-10-26 16:37:41,805 - vessel_data_pipeline - INFO - Verified access to Arrived_in_last_36_hours.xml
2025-10-26 16:37:41,982 - vessel_data_pipeline - INFO - Verified access to Departed_in_last_36_hours.xml
2025-10-26 16:37:42,129 - vessel_data_pipeline - INFO - Verified access to Expected_arrivals.xml
2025-10-26 16:37:42,269 - vessel_data_pipeline - INFO - Verified access to Expected_departures.xml
2025-10-26 16:37:42,269 - vessel_data_pipeline - INFO - Discovered 4 XML files for download
2025-10-26 16:37:42,269 - vessel_data_pipeline - INFO - Downloading Arrived_in_last_36_hours.xml (attempt 1/3)
2025-10-26 16:37:42,414 - vessel_data_pipeline - INFO - File temp_Arrived_in_last_36_hours.xml passed validation checks
2025-10-26 16:37:42,415 - vessel_data_pipeline - INFO - Created backup: Arrived_in_last_36_hours_20251026_163742.xml
2025-10-26 16:37:42,415 - vessel_data_pipeline - INFO - Updated metadata for Arrived_in_last_36_hours.xml
2025-10-26 16:37:42,415 - vessel_data_pipeline - INFO - Successfully downloaded and validated Arrived_in_last_36_hours.xml
2025-10-26 16:37:42,613 - vessel_data_pipeline - INFO - Downloading Expected_departures.xml (attempt 1/3)
2025-10-26 16:37:42,768 - vessel_data_pipeline - INFO - File temp_Expected_departures.xml passed validation checks
2025-10-26 16:37:42,768 - vessel_data_pipeline - INFO - Created backup: Expected_departures_20251026_163742.xml
2025-10-26 16:37:42,769 - vessel_data_pipeline - INFO - Updated metadata for Expected_departures.xml
2025-10-26 16:37:42,769 - vessel_data_pipeline - INFO - Successfully downloaded and validated Expected_departures.xml
2025-10-26 16:37:44,416 - vessel_data_pipeline - INFO - Downloading Departed_in_last_36_hours.xml (attempt 1/3)
2025-10-26 16:37:44,625 - vessel_data_pipeline - INFO - File temp_Departed_in_last_36_hours.xml passed validation checks
2025-10-26 16:37:44,626 - vessel_data_pipeline - INFO - Created backup: Departed_in_last_36_hours_20251026_163744.xml
2025-10-26 16:37:44,626 - vessel_data_pipeline - INFO - Updated metadata for Departed_in_last_36_hours.xml
2025-10-26 16:37:44,626 - vessel_data_pipeline - INFO - Successfully downloaded and validated Departed_in_last_36_hours.xml
2025-10-26 16:37:44,774 - vessel_data_pipeline - INFO - Fetch operation completed. Results: {'Arrived_in_last_36_hours.xml': True, 'Departed_in_last_36_hours.xml': True, 'Expected_arrivals.xml': True, 'Expected_departures.xml': True}
2025-10-26 16:37:46,629 - vessel_data_pipeline - INFO - Downloading Expected_arrivals.xml (attempt 1/3)
2025-10-26 16:37:46,791 - vessel_data_pipeline - INFO - File temp_Expected_arrivals.xml passed validation checks
2025-10-26 16:37:46,800 - vessel_data_pipeline - INFO - Created backup: Expected_arrivals_20251026_163746.xml
2025-10-26 16:37:46,806 - vessel_data_pipeline - INFO - Updated metadata for Expected_arrivals.xml
2025-10-26 16:37:46,806 - vessel_data_pipeline - INFO - Successfully downloaded and validated Expected_arrivals.xml
2025-10-26 16:37:48,812 - vessel_data_pipeline - INFO - Downloading Expected_departures.xml (attempt 1/3)
2025-10-26 16:37:48,989 - vessel_data_pipeline - INFO - File temp_Expected_departures.xml passed validation checks
2025-10-26 16:37:48,995 - vessel_data_pipeline - INFO - Created backup: Expected_departures_20251026_163748.xml
2025-10-26 16:37:49,001 - vessel_data_pipeline - INFO - Updated metadata for Expected_departures.xml
2025-10-26 16:37:49,006 - vessel_data_pipeline - INFO - Successfully downloaded and validated Expected_departures.xml
2025-10-26 16:37:51,010 - vessel_data_pipeline - INFO - Fetch operation completed. Results: {'Arrived_in_last_36_hours.xml': True, 'Departed_in_last_36_hours.xml': True, 'Expected_arrivals.xml': True, 'Expected_departures.xml': True}
2025-10-26 17:34:57,815 - vessel_data_pipeline - INFO - VesselDataFetcher initialized. Pipeline enabled: True
2025-10-26 17:34:57,816 - vessel_data_pipeline - INFO - VesselDataFetcher initialized. Pipeline enabled: True
2025-10-26 17:34:57,817 - vessel_data_pipeline - INFO - Starting vessel data fetch operation
2025-10-26 17:34:57,817 - vessel_data_pipeline - INFO - Discovering XML files from Hong Kong Marine Department portal
2025-10-26 17:34:57,968 - vessel_data_pipeline - INFO - Verified access to Arrived_in_last_36_hours.xml
2025-10-26 17:34:58,031 - vessel_data_pipeline - INFO - Verified access to Departed_in_last_36_hours.xml
2025-10-26 17:34:58,066 - vessel_data_pipeline - INFO - Verified access to Expected_arrivals.xml
2025-10-26 17:34:58,135 - vessel_data_pipeline - INFO - Verified access to Expected_departures.xml
2025-10-26 17:34:58,135 - vessel_data_pipeline - INFO - Discovered 4 XML files for download
2025-10-26 17:34:58,136 - vessel_data_pipeline - INFO - Downloading Arrived_in_last_36_hours.xml (attempt 1/3)
2025-10-26 17:34:58,196 - vessel_data_pipeline - INFO - File temp_Arrived_in_last_36_hours.xml passed validation checks
2025-10-26 17:34:58,197 - vessel_data_pipeline - INFO - Created backup: Arrived_in_last_36_hours_20251026_173458.xml
2025-10-26 17:34:58,198 - vessel_data_pipeline - INFO - Updated metadata for Arrived_in_last_36_hours.xml
2025-10-26 17:34:58,198 - vessel_data_pipeline - INFO - Successfully downloaded and validated Arrived_in_last_36_hours.xml
2025-10-26 17:35:00,201 - vessel_data_pipeline - INFO - Downloading Departed_in_last_36_hours.xml (attempt 1/3)
2025-10-26 17:35:00,268 - vessel_data_pipeline - INFO - File temp_Departed_in_last_36_hours.xml passed validation checks
2025-10-26 17:35:00,269 - vessel_data_pipeline - INFO - Created backup: Departed_in_last_36_hours_20251026_173500.xml
2025-10-26 17:35:00,269 - vessel_data_pipeline - INFO - Updated metadata for Departed_in_last_36_hours.xml
2025-10-26 17:35:00,269 - vessel_data_pipeline - INFO - Successfully downloaded and validated Departed_in_last_36_hours.xml
2025-10-26 17:35:02,273 - vessel_data_pipeline - INFO - Downloading Expected_arrivals.xml (attempt 1/3)
2025-10-26 17:35:02,331 - vessel_data_pipeline - INFO - File temp_Expected_arrivals.xml passed validation checks
2025-10-26 17:35:02,331 - vessel_data_pipeline - INFO - Created backup: Expected_arrivals_20251026_173502.xml
2025-10-26 17:35:02,331 - vessel_data_pipeline - INFO - Updated metadata for Expected_arrivals.xml
2025-10-26 17:35:02,331 - vessel_data_pipeline - INFO - Successfully downloaded and validated Expected_arrivals.xml
2025-10-26 17:35:04,334 - vessel_data_pipeline - INFO - Downloading Expected_departures.xml (attempt 1/3)
2025-10-26 17:35:04,415 - vessel_data_pipeline - INFO - File temp_Expected_departures.xml passed validation checks
2025-10-26 17:35:04,415 - vessel_data_pipeline - INFO - Created backup: Expected_departures_20251026_173504.xml
2025-10-26 17:35:04,415 - vessel_data_pipeline - INFO - Updated metadata for Expected_departures.xml
2025-10-26 17:35:04,415 - vessel_data_pipeline - INFO - Successfully downloaded and validated Expected_departures.xml
2025-10-26 17:35:06,420 - vessel_data_pipeline - INFO - Fetch operation completed. Results: {'Arrived_in_last_36_hours.xml': True, 'Departed_in_last_36_hours.xml': True, 'Expected_arrivals.xml': True, 'Expected_departures.xml': True}
2025-10-26 17:35:11,169 - vessel_data_pipeline - INFO - VesselDataFetcher initialized. Pipeline enabled: True
2025-10-26 17:35:11,170 - vessel_data_pipeline - INFO - Starting vessel data fetch operation
2025-10-26 17:35:11,170 - vessel_data_pipeline - INFO - Discovering XML files from Hong Kong Marine Department portal
2025-10-26 17:35:11,230 - vessel_data_pipeline - INFO - Verified access to Arrived_in_last_36_hours.xml
2025-10-26 17:35:11,279 - vessel_data_pipeline - INFO - Verified access to Departed_in_last_36_hours.xml
2025-10-26 17:35:11,311 - vessel_data_pipeline - INFO - Verified access to Expected_arrivals.xml
2025-10-26 17:35:11,358 - vessel_data_pipeline - INFO - Verified access to Expected_departures.xml
2025-10-26 17:35:11,358 - vessel_data_pipeline - INFO - Discovered 4 XML files for download
2025-10-26 17:35:11,359 - vessel_data_pipeline - INFO - Downloading Arrived_in_last_36_hours.xml (attempt 1/3)
2025-10-26 17:35:11,417 - vessel_data_pipeline - INFO - File temp_Arrived_in_last_36_hours.xml passed validation checks
2025-10-26 17:35:11,420 - vessel_data_pipeline - INFO - Created backup: Arrived_in_last_36_hours_20251026_173511.xml
2025-10-26 17:35:11,421 - vessel_data_pipeline - INFO - Updated metadata for Arrived_in_last_36_hours.xml
2025-10-26 17:35:11,421 - vessel_data_pipeline - INFO - Successfully downloaded and validated Arrived_in_last_36_hours.xml
2025-10-26 17:35:13,426 - vessel_data_pipeline - INFO - Downloading Departed_in_last_36_hours.xml (attempt 1/3)
2025-10-26 17:35:13,493 - vessel_data_pipeline - INFO - File temp_Departed_in_last_36_hours.xml passed validation checks
2025-10-26 17:35:13,494 - vessel_data_pipeline - INFO - Created backup: Departed_in_last_36_hours_20251026_173513.xml
2025-10-26 17:35:13,494 - vessel_data_pipeline - INFO - Updated metadata for Departed_in_last_36_hours.xml
2025-10-26 17:35:13,494 - vessel_data_pipeline - INFO - Successfully downloaded and validated Departed_in_last_36_hours.xml
2025-10-26 17:35:15,499 - vessel_data_pipeline - INFO - Downloading Expected_arrivals.xml (attempt 1/3)
2025-10-26 17:35:15,581 - vessel_data_pipeline - INFO - File temp_Expected_arrivals.xml passed validation checks
2025-10-26 17:35:15,581 - vessel_data_pipeline - INFO - Created backup: Expected_arrivals_20251026_173515.xml
2025-10-26 17:35:15,582 - vessel_data_pipeline - INFO - Updated metadata for Expected_arrivals.xml
2025-10-26 17:35:15,582 - vessel_data_pipeline - INFO - Successfully downloaded and validated Expected_arrivals.xml
2025-10-26 17:35:17,587 - vessel_data_pipeline - INFO - Downloading Expected_departures.xml (attempt 1/3)
2025-10-26 17:35:17,635 - vessel_data_pipeline - INFO - File temp_Expected_departures.xml passed validation checks
2025-10-26 17:35:17,636 - vessel_data_pipeline - INFO - Created backup: Expected_departures_20251026_173517.xml
2025-10-26 17:35:17,636 - vessel_data_pipeline - INFO - Updated metadata for Expected_departures.xml
2025-10-26 17:35:17,636 - vessel_data_pipeline - INFO - Successfully downloaded and validated Expected_departures.xml
2025-10-26 17:35:19,638 - vessel_data_pipeline - INFO - Fetch operation completed. Results: {'Arrived_in_last_36_hours.xml': True, 'Departed_in_last_36_hours.xml': True, 'Expected_arrivals.xml': True, 'Expected_departures.xml': True}
2025-10-26 17:35:19,653 - vessel_data_pipeline - INFO - VesselDataFetcher initialized. Pipeline enabled: True
2025-10-26 17:35:19,654 - vessel_data_pipeline - INFO - Starting vessel data fetch operation
2025-10-26 17:35:19,654 - vessel_data_pipeline - INFO - Discovering XML files from Hong Kong Marine Department portal
2025-10-26 17:35:19,714 - vessel_data_pipeline - INFO - Verified access to Arrived_in_last_36_hours.xml
2025-10-26 17:35:19,749 - vessel_data_pipeline - INFO - Verified access to Departed_in_last_36_hours.xml
2025-10-26 17:35:19,808 - vessel_data_pipeline - INFO - Verified access to Expected_arrivals.xml
2025-10-26 17:35:19,840 - vessel_data_pipeline - INFO - Verified access to Expected_departures.xml
2025-10-26 17:35:19,840 - vessel_data_pipeline - INFO - Discovered 4 XML files for download
2025-10-26 17:35:19,840 - vessel_data_pipeline - INFO - Downloading Arrived_in_last_36_hours.xml (attempt 1/3)
2025-10-26 17:35:19,882 - vessel_data_pipeline - INFO - File temp_Arrived_in_last_36_hours.xml passed validation checks
2025-10-26 17:35:19,883 - vessel_data_pipeline - INFO - Created backup: Arrived_in_last_36_hours_20251026_173519.xml
2025-10-26 17:35:19,883 - vessel_data_pipeline - INFO - Updated metadata for Arrived_in_last_36_hours.xml
2025-10-26 17:35:19,883 - vessel_data_pipeline - INFO - Successfully downloaded and validated Arrived_in_last_36_hours.xml
2025-10-26 17:35:21,884 - vessel_data_pipeline - INFO - Downloading Departed_in_last_36_hours.xml (attempt 1/3)
2025-10-26 17:35:21,940 - vessel_data_pipeline - INFO - File temp_Departed_in_last_36_hours.xml passed validation checks
2025-10-26 17:35:21,940 - vessel_data_pipeline - INFO - Created backup: Departed_in_last_36_hours_20251026_173521.xml
2025-10-26 17:35:21,941 - vessel_data_pipeline - INFO - Updated metadata for Departed_in_last_36_hours.xml
2025-10-26 17:35:21,941 - vessel_data_pipeline - INFO - Successfully downloaded and validated Departed_in_last_36_hours.xml
2025-10-26 17:35:23,946 - vessel_data_pipeline - INFO - Downloading Expected_arrivals.xml (attempt 1/3)
2025-10-26 17:35:24,030 - vessel_data_pipeline - INFO - File temp_Expected_arrivals.xml passed validation checks
2025-10-26 17:35:24,031 - vessel_data_pipeline - INFO - Created backup: Expected_arrivals_20251026_173524.xml
2025-10-26 17:35:24,031 - vessel_data_pipeline - INFO - Updated metadata for Expected_arrivals.xml
2025-10-26 17:35:24,031 - vessel_data_pipeline - INFO - Successfully downloaded and validated Expected_arrivals.xml
2025-10-26 17:35:26,032 - vessel_data_pipeline - INFO - Downloading Expected_departures.xml (attempt 1/3)
2025-10-26 17:35:26,078 - vessel_data_pipeline - INFO - File temp_Expected_departures.xml passed validation checks
2025-10-26 17:35:26,079 - vessel_data_pipeline - INFO - Created backup: Expected_departures_20251026_173526.xml
2025-10-26 17:35:26,079 - vessel_data_pipeline - INFO - Updated metadata for Expected_departures.xml
2025-10-26 17:35:26,079 - vessel_data_pipeline - INFO - Successfully downloaded and validated Expected_departures.xml
2025-10-26 17:35:28,080 - vessel_data_pipeline - INFO - Fetch operation completed. Results: {'Arrived_in_last_36_hours.xml': True, 'Departed_in_last_36_hours.xml': True, 'Expected_arrivals.xml': True, 'Expected_departures.xml': True}
2025-10-26 17:35:28,101 - vessel_data_pipeline - INFO - VesselDataFetcher initialized. Pipeline enabled: True
2025-10-26 17:35:28,101 - vessel_data_pipeline - INFO - Starting vessel data fetch operation
2025-10-26 17:35:28,101 - vessel_data_pipeline - INFO - Discovering XML files from Hong Kong Marine Department portal
2025-10-26 17:35:28,340 - vessel_data_pipeline - INFO - Verified access to Arrived_in_last_36_hours.xml
2025-10-26 17:35:28,509 - vessel_data_pipeline - INFO - Verified access to Departed_in_last_36_hours.xml
2025-10-26 17:35:28,745 - vessel_data_pipeline - INFO - Verified access to Expected_arrivals.xml
2025-10-26 17:35:28,914 - vessel_data_pipeline - INFO - Verified access to Expected_departures.xml
2025-10-26 17:35:28,914 - vessel_data_pipeline - INFO - Discovered 4 XML files for download
2025-10-26 17:35:28,915 - vessel_data_pipeline - INFO - Downloading Arrived_in_last_36_hours.xml (attempt 1/3)
2025-10-26 17:35:28,965 - vessel_data_pipeline - INFO - File temp_Arrived_in_last_36_hours.xml passed validation checks
2025-10-26 17:35:28,966 - vessel_data_pipeline - INFO - Created backup: Arrived_in_last_36_hours_20251026_173528.xml
2025-10-26 17:35:28,966 - vessel_data_pipeline - INFO - Updated metadata for Arrived_in_last_36_hours.xml
2025-10-26 17:35:28,966 - vessel_data_pipeline - INFO - Successfully downloaded and validated Arrived_in_last_36_hours.xml
2025-10-26 17:35:30,967 - vessel_data_pipeline - INFO - Downloading Departed_in_last_36_hours.xml (attempt 1/3)
2025-10-26 17:35:31,032 - vessel_data_pipeline - INFO - File temp_Departed_in_last_36_hours.xml passed validation checks
2025-10-26 17:35:31,033 - vessel_data_pipeline - INFO - Created backup: Departed_in_last_36_hours_20251026_173531.xml
2025-10-26 17:35:31,033 - vessel_data_pipeline - INFO - Updated metadata for Departed_in_last_36_hours.xml
2025-10-26 17:35:31,033 - vessel_data_pipeline - INFO - Successfully downloaded and validated Departed_in_last_36_hours.xml
2025-10-26 17:35:33,036 - vessel_data_pipeline - INFO - Downloading Expected_arrivals.xml (attempt 1/3)
2025-10-26 17:35:33,084 - vessel_data_pipeline - INFO - File temp_Expected_arrivals.xml passed validation checks
2025-10-26 17:35:33,085 - vessel_data_pipeline - INFO - Created backup: Expected_arrivals_20251026_173533.xml
2025-10-26 17:35:33,085 - vessel_data_pipeline - INFO - Updated metadata for Expected_arrivals.xml
2025-10-26 17:35:33,085 - vessel_data_pipeline - INFO - Successfully downloaded and validated Expected_arrivals.xml
2025-10-26 17:35:35,090 - vessel_data_pipeline - INFO - Downloading Expected_departures.xml (attempt 1/3)
2025-10-26 17:35:35,143 - vessel_data_pipeline - INFO - File temp_Expected_departures.xml passed validation checks
2025-10-26 17:35:35,143 - vessel_data_pipeline - INFO - Created backup: Expected_departures_20251026_173535.xml
2025-10-26 17:35:35,143 - vessel_data_pipeline - INFO - Updated metadata for Expected_departures.xml
2025-10-26 17:35:35,143 - vessel_data_pipeline - INFO - Successfully downloaded and validated Expected_departures.xml
2025-10-26 17:35:37,145 - vessel_data_pipeline - INFO - Fetch operation completed. Results: {'Arrived_in_last_36_hours.xml': True, 'Departed_in_last_36_hours.xml': True, 'Expected_arrivals.xml': True, 'Expected_departures.xml': True}
2025-10-26 17:35:37,156 - vessel_data_pipeline - INFO - VesselDataFetcher initialized. Pipeline enabled: True
2025-10-26 17:35:37,157 - vessel_data_pipeline - INFO - Starting vessel data fetch operation
2025-10-26 17:35:37,157 - vessel_data_pipeline - INFO - Discovering XML files from Hong Kong Marine Department portal
2025-10-26 17:35:37,236 - vessel_data_pipeline - INFO - Verified access to Arrived_in_last_36_hours.xml
2025-10-26 17:35:37,271 - vessel_data_pipeline - INFO - Verified access to Departed_in_last_36_hours.xml
2025-10-26 17:35:37,310 - vessel_data_pipeline - INFO - Verified access to Expected_arrivals.xml
2025-10-26 17:35:37,361 - vessel_data_pipeline - INFO - Verified access to Expected_departures.xml
2025-10-26 17:35:37,361 - vessel_data_pipeline - INFO - Discovered 4 XML files for download
2025-10-26 17:35:37,361 - vessel_data_pipeline - INFO - Downloading Arrived_in_last_36_hours.xml (attempt 1/3)
2025-10-26 17:35:37,410 - vessel_data_pipeline - INFO - File temp_Arrived_in_last_36_hours.xml passed validation checks
2025-10-26 17:35:37,410 - vessel_data_pipeline - INFO - Created backup: Arrived_in_last_36_hours_20251026_173537.xml
2025-10-26 17:35:37,411 - vessel_data_pipeline - INFO - Updated metadata for Arrived_in_last_36_hours.xml
2025-10-26 17:35:37,411 - vessel_data_pipeline - INFO - Successfully downloaded and validated Arrived_in_last_36_hours.xml
2025-10-26 17:35:39,416 - vessel_data_pipeline - INFO - Downloading Departed_in_last_36_hours.xml (attempt 1/3)
2025-10-26 17:35:39,482 - vessel_data_pipeline - INFO - File temp_Departed_in_last_36_hours.xml passed validation checks
2025-10-26 17:35:39,483 - vessel_data_pipeline - INFO - Created backup: Departed_in_last_36_hours_20251026_173539.xml
2025-10-26 17:35:39,483 - vessel_data_pipeline - INFO - Updated metadata for Departed_in_last_36_hours.xml
2025-10-26 17:35:39,483 - vessel_data_pipeline - INFO - Successfully downloaded and validated Departed_in_last_36_hours.xml
2025-10-26 17:35:41,488 - vessel_data_pipeline - INFO - Downloading Expected_arrivals.xml (attempt 1/3)
2025-10-26 17:35:41,565 - vessel_data_pipeline - INFO - File temp_Expected_arrivals.xml passed validation checks
2025-10-26 17:35:41,565 - vessel_data_pipeline - INFO - Created backup: Expected_arrivals_20251026_173541.xml
2025-10-26 17:35:41,566 - vessel_data_pipeline - INFO - Updated metadata for Expected_arrivals.xml
2025-10-26 17:35:41,566 - vessel_data_pipeline - INFO - Successfully downloaded and validated Expected_arrivals.xml
2025-10-26 17:35:43,570 - vessel_data_pipeline - INFO - Downloading Expected_departures.xml (attempt 1/3)
2025-10-26 17:35:43,678 - vessel_data_pipeline - INFO - File temp_Expected_departures.xml passed validation checks
2025-10-26 17:35:43,679 - vessel_data_pipeline - INFO - Created backup: Expected_departures_20251026_173543.xml
2025-10-26 17:35:43,679 - vessel_data_pipeline - INFO - Updated metadata for Expected_departures.xml
2025-10-26 17:35:43,679 - vessel_data_pipeline - INFO - Successfully downloaded and validated Expected_departures.xml
2025-10-26 17:35:45,684 - vessel_data_pipeline - INFO - Fetch operation completed. Results: {'Arrived_in_last_36_hours.xml': True, 'Departed_in_last_36_hours.xml': True, 'Expected_arrivals.xml': True, 'Expected_departures.xml': True}
2025-10-26 17:35:58,778 - vessel_data_pipeline - INFO - VesselDataFetcher initialized. Pipeline enabled: True
2025-10-26 17:35:58,779 - vessel_data_pipeline - INFO - VesselDataFetcher initialized. Pipeline enabled: True
2025-10-26 17:35:58,779 - vessel_data_pipeline - INFO - Starting vessel data fetch operation
2025-10-26 17:35:58,779 - vessel_data_pipeline - INFO - Discovering XML files from Hong Kong Marine Department portal
2025-10-26 17:35:58,871 - vessel_data_pipeline - INFO - Verified access to Arrived_in_last_36_hours.xml
2025-10-26 17:35:58,914 - vessel_data_pipeline - INFO - Verified access to Departed_in_last_36_hours.xml
2025-10-26 17:35:58,946 - vessel_data_pipeline - INFO - Verified access to Expected_arrivals.xml
2025-10-26 17:35:58,996 - vessel_data_pipeline - INFO - Verified access to Expected_departures.xml
2025-10-26 17:35:58,996 - vessel_data_pipeline - INFO - Discovered 4 XML files for download
2025-10-26 17:35:58,996 - vessel_data_pipeline - INFO - Downloading Arrived_in_last_36_hours.xml (attempt 1/3)
2025-10-26 17:35:59,045 - vessel_data_pipeline - INFO - File temp_Arrived_in_last_36_hours.xml passed validation checks
2025-10-26 17:35:59,045 - vessel_data_pipeline - INFO - Created backup: Arrived_in_last_36_hours_20251026_173559.xml
2025-10-26 17:35:59,045 - vessel_data_pipeline - INFO - Updated metadata for Arrived_in_last_36_hours.xml
2025-10-26 17:35:59,045 - vessel_data_pipeline - INFO - Successfully downloaded and validated Arrived_in_last_36_hours.xml
2025-10-26 17:36:01,051 - vessel_data_pipeline - INFO - Downloading Departed_in_last_36_hours.xml (attempt 1/3)
2025-10-26 17:36:01,150 - vessel_data_pipeline - INFO - File temp_Departed_in_last_36_hours.xml passed validation checks
2025-10-26 17:36:01,150 - vessel_data_pipeline - INFO - Created backup: Departed_in_last_36_hours_20251026_173601.xml
2025-10-26 17:36:01,150 - vessel_data_pipeline - INFO - Updated metadata for Departed_in_last_36_hours.xml
2025-10-26 17:36:01,151 - vessel_data_pipeline - INFO - Successfully downloaded and validated Departed_in_last_36_hours.xml
2025-10-26 17:36:03,156 - vessel_data_pipeline - INFO - Downloading Expected_arrivals.xml (attempt 1/3)
2025-10-26 17:36:03,220 - vessel_data_pipeline - INFO - File temp_Expected_arrivals.xml passed validation checks
2025-10-26 17:36:03,220 - vessel_data_pipeline - INFO - Created backup: Expected_arrivals_20251026_173603.xml
2025-10-26 17:36:03,221 - vessel_data_pipeline - INFO - Updated metadata for Expected_arrivals.xml
2025-10-26 17:36:03,221 - vessel_data_pipeline - INFO - Successfully downloaded and validated Expected_arrivals.xml
2025-10-26 17:36:05,226 - vessel_data_pipeline - INFO - Downloading Expected_departures.xml (attempt 1/3)
2025-10-26 17:36:05,292 - vessel_data_pipeline - INFO - File temp_Expected_departures.xml passed validation checks
2025-10-26 17:36:05,293 - vessel_data_pipeline - INFO - Created backup: Expected_departures_20251026_173605.xml
2025-10-26 17:36:05,293 - vessel_data_pipeline - INFO - Updated metadata for Expected_departures.xml
2025-10-26 17:36:05,293 - vessel_data_pipeline - INFO - Successfully downloaded and validated Expected_departures.xml
2025-10-26 17:36:07,295 - vessel_data_pipeline - INFO - Fetch operation completed. Results: {'Arrived_in_last_36_hours.xml': True, 'Departed_in_last_36_hours.xml': True, 'Expected_arrivals.xml': True, 'Expected_departures.xml': True}
2025-10-26 17:36:10,111 - vessel_data_pipeline - INFO - VesselDataFetcher initialized. Pipeline enabled: True
2025-10-26 17:36:10,112 - vessel_data_pipeline - INFO - Starting vessel data fetch operation
2025-10-26 17:36:10,112 - vessel_data_pipeline - INFO - Discovering XML files from Hong Kong Marine Department portal
2025-10-26 17:36:10,174 - vessel_data_pipeline - INFO - Verified access to Arrived_in_last_36_hours.xml
2025-10-26 17:36:10,210 - vessel_data_pipeline - INFO - Verified access to Departed_in_last_36_hours.xml
2025-10-26 17:36:10,270 - vessel_data_pipeline - INFO - Verified access to Expected_arrivals.xml
2025-10-26 17:36:10,307 - vessel_data_pipeline - INFO - Verified access to Expected_departures.xml
2025-10-26 17:36:10,307 - vessel_data_pipeline - INFO - Discovered 4 XML files for download
2025-10-26 17:36:10,307 - vessel_data_pipeline - INFO - Downloading Arrived_in_last_36_hours.xml (attempt 1/3)
2025-10-26 17:36:10,363 - vessel_data_pipeline - INFO - File temp_Arrived_in_last_36_hours.xml passed validation checks
2025-10-26 17:36:10,363 - vessel_data_pipeline - INFO - Created backup: Arrived_in_last_36_hours_20251026_173610.xml
2025-10-26 17:36:10,364 - vessel_data_pipeline - INFO - Updated metadata for Arrived_in_last_36_hours.xml
2025-10-26 17:36:10,364 - vessel_data_pipeline - INFO - Successfully downloaded and validated Arrived_in_last_36_hours.xml
2025-10-26 17:36:12,369 - vessel_data_pipeline - INFO - Downloading Departed_in_last_36_hours.xml (attempt 1/3)
2025-10-26 17:36:12,461 - vessel_data_pipeline - INFO - File temp_Departed_in_last_36_hours.xml passed validation checks
2025-10-26 17:36:12,461 - vessel_data_pipeline - INFO - Created backup: Departed_in_last_36_hours_20251026_173612.xml
2025-10-26 17:36:12,461 - vessel_data_pipeline - INFO - Updated metadata for Departed_in_last_36_hours.xml
2025-10-26 17:36:12,461 - vessel_data_pipeline - INFO - Successfully downloaded and validated Departed_in_last_36_hours.xml
2025-10-26 17:36:14,463 - vessel_data_pipeline - INFO - Downloading Expected_arrivals.xml (attempt 1/3)
2025-10-26 17:36:14,508 - vessel_data_pipeline - INFO - File temp_Expected_arrivals.xml passed validation checks
2025-10-26 17:36:14,509 - vessel_data_pipeline - INFO - Created backup: Expected_arrivals_20251026_173614.xml
2025-10-26 17:36:14,509 - vessel_data_pipeline - INFO - Updated metadata for Expected_arrivals.xml
2025-10-26 17:36:14,509 - vessel_data_pipeline - INFO - Successfully downloaded and validated Expected_arrivals.xml
2025-10-26 17:36:16,514 - vessel_data_pipeline - INFO - Downloading Expected_departures.xml (attempt 1/3)
2025-10-26 17:36:16,569 - vessel_data_pipeline - INFO - File temp_Expected_departures.xml passed validation checks
2025-10-26 17:36:16,569 - vessel_data_pipeline - INFO - Created backup: Expected_departures_20251026_173616.xml
2025-10-26 17:36:16,570 - vessel_data_pipeline - INFO - Updated metadata for Expected_departures.xml
2025-10-26 17:36:16,570 - vessel_data_pipeline - INFO - Successfully downloaded and validated Expected_departures.xml
2025-10-26 17:36:18,571 - vessel_data_pipeline - INFO - Fetch operation completed. Results: {'Arrived_in_last_36_hours.xml': True, 'Departed_in_last_36_hours.xml': True, 'Expected_arrivals.xml': True, 'Expected_departures.xml': True}
2025-10-26 17:36:18,578 - vessel_data_pipeline - INFO - VesselDataFetcher initialized. Pipeline enabled: True
2025-10-26 17:36:18,579 - vessel_data_pipeline - INFO - Starting vessel data fetch operation
2025-10-26 17:36:18,579 - vessel_data_pipeline - INFO - Discovering XML files from Hong Kong Marine Department portal
2025-10-26 17:36:18,636 - vessel_data_pipeline - INFO - Verified access to Arrived_in_last_36_hours.xml
2025-10-26 17:36:18,679 - vessel_data_pipeline - INFO - Verified access to Departed_in_last_36_hours.xml
2025-10-26 17:36:18,714 - vessel_data_pipeline - INFO - Verified access to Expected_arrivals.xml
2025-10-26 17:36:18,746 - vessel_data_pipeline - INFO - Verified access to Expected_departures.xml
2025-10-26 17:36:18,746 - vessel_data_pipeline - INFO - Discovered 4 XML files for download
2025-10-26 17:36:18,746 - vessel_data_pipeline - INFO - Downloading Arrived_in_last_36_hours.xml (attempt 1/3)
2025-10-26 17:36:18,918 - vessel_data_pipeline - INFO - File temp_Arrived_in_last_36_hours.xml passed validation checks
2025-10-26 17:36:18,918 - vessel_data_pipeline - INFO - Created backup: Arrived_in_last_36_hours_20251026_173618.xml
2025-10-26 17:36:18,918 - vessel_data_pipeline - INFO - Updated metadata for Arrived_in_last_36_hours.xml
2025-10-26 17:36:18,918 - vessel_data_pipeline - INFO - Successfully downloaded and validated Arrived_in_last_36_hours.xml
2025-10-26 17:36:20,923 - vessel_data_pipeline - INFO - Downloading Departed_in_last_36_hours.xml (attempt 1/3)
2025-10-26 17:36:20,987 - vessel_data_pipeline - INFO - File temp_Departed_in_last_36_hours.xml passed validation checks
2025-10-26 17:36:20,988 - vessel_data_pipeline - INFO - Created backup: Departed_in_last_36_hours_20251026_173620.xml
2025-10-26 17:36:20,988 - vessel_data_pipeline - INFO - Updated metadata for Departed_in_last_36_hours.xml
2025-10-26 17:36:20,988 - vessel_data_pipeline - INFO - Successfully downloaded and validated Departed_in_last_36_hours.xml
2025-10-26 17:36:22,990 - vessel_data_pipeline - INFO - Downloading Expected_arrivals.xml (attempt 1/3)
2025-10-26 17:36:23,049 - vessel_data_pipeline - INFO - File temp_Expected_arrivals.xml passed validation checks
2025-10-26 17:36:23,049 - vessel_data_pipeline - INFO - Created backup: Expected_arrivals_20251026_173623.xml
2025-10-26 17:36:23,049 - vessel_data_pipeline - INFO - Updated metadata for Expected_arrivals.xml
2025-10-26 17:36:23,049 - vessel_data_pipeline - INFO - Successfully downloaded and validated Expected_arrivals.xml
2025-10-26 17:36:25,055 - vessel_data_pipeline - INFO - Downloading Expected_departures.xml (attempt 1/3)
2025-10-26 17:36:25,098 - vessel_data_pipeline - INFO - File temp_Expected_departures.xml passed validation checks
2025-10-26 17:36:25,098 - vessel_data_pipeline - INFO - Created backup: Expected_departures_20251026_173625.xml
2025-10-26 17:36:25,098 - vessel_data_pipeline - INFO - Updated metadata for Expected_departures.xml
2025-10-26 17:36:25,099 - vessel_data_pipeline - INFO - Successfully downloaded and validated Expected_departures.xml
2025-10-26 17:36:27,104 - vessel_data_pipeline - INFO - Fetch operation completed. Results: {'Arrived_in_last_36_hours.xml': True, 'Departed_in_last_36_hours.xml': True, 'Expected_arrivals.xml': True, 'Expected_departures.xml': True}
2025-10-26 17:36:27,132 - vessel_data_pipeline - INFO - VesselDataFetcher initialized. Pipeline enabled: True
2025-10-26 17:36:27,133 - vessel_data_pipeline - INFO - Starting vessel data fetch operation
2025-10-26 17:36:27,133 - vessel_data_pipeline - INFO - Discovering XML files from Hong Kong Marine Department portal
2025-10-26 17:36:27,219 - vessel_data_pipeline - INFO - Verified access to Arrived_in_last_36_hours.xml
2025-10-26 17:36:27,253 - vessel_data_pipeline - INFO - Verified access to Departed_in_last_36_hours.xml
2025-10-26 17:36:27,292 - vessel_data_pipeline - INFO - Verified access to Expected_arrivals.xml
2025-10-26 17:36:27,352 - vessel_data_pipeline - INFO - Verified access to Expected_departures.xml
2025-10-26 17:36:27,352 - vessel_data_pipeline - INFO - Discovered 4 XML files for download
2025-10-26 17:36:27,352 - vessel_data_pipeline - INFO - Downloading Arrived_in_last_36_hours.xml (attempt 1/3)
2025-10-26 17:36:27,400 - vessel_data_pipeline - INFO - File temp_Arrived_in_last_36_hours.xml passed validation checks
2025-10-26 17:36:27,401 - vessel_data_pipeline - INFO - Created backup: Arrived_in_last_36_hours_20251026_173627.xml
2025-10-26 17:36:27,401 - vessel_data_pipeline - INFO - Updated metadata for Arrived_in_last_36_hours.xml
2025-10-26 17:36:27,401 - vessel_data_pipeline - INFO - Successfully downloaded and validated Arrived_in_last_36_hours.xml
2025-10-26 17:36:29,406 - vessel_data_pipeline - INFO - Downloading Departed_in_last_36_hours.xml (attempt 1/3)
2025-10-26 17:36:29,491 - vessel_data_pipeline - INFO - File temp_Departed_in_last_36_hours.xml passed validation checks
2025-10-26 17:36:29,492 - vessel_data_pipeline - INFO - Created backup: Departed_in_last_36_hours_20251026_173629.xml
2025-10-26 17:36:29,492 - vessel_data_pipeline - INFO - Updated metadata for Departed_in_last_36_hours.xml
2025-10-26 17:36:29,492 - vessel_data_pipeline - INFO - Successfully downloaded and validated Departed_in_last_36_hours.xml
2025-10-26 17:36:31,493 - vessel_data_pipeline - INFO - Downloading Expected_arrivals.xml (attempt 1/3)
2025-10-26 17:36:31,542 - vessel_data_pipeline - INFO - File temp_Expected_arrivals.xml passed validation checks
2025-10-26 17:36:31,543 - vessel_data_pipeline - INFO - Created backup: Expected_arrivals_20251026_173631.xml
2025-10-26 17:36:31,543 - vessel_data_pipeline - INFO - Updated metadata for Expected_arrivals.xml
2025-10-26 17:36:31,543 - vessel_data_pipeline - INFO - Successfully downloaded and validated Expected_arrivals.xml
2025-10-26 17:36:33,548 - vessel_data_pipeline - INFO - Downloading Expected_departures.xml (attempt 1/3)
2025-10-26 17:36:33,626 - vessel_data_pipeline - INFO - File temp_Expected_departures.xml passed validation checks
2025-10-26 17:36:33,627 - vessel_data_pipeline - INFO - Created backup: Expected_departures_20251026_173633.xml
2025-10-26 17:36:33,627 - vessel_data_pipeline - INFO - Updated metadata for Expected_departures.xml
2025-10-26 17:36:33,627 - vessel_data_pipeline - INFO - Successfully downloaded and validated Expected_departures.xml
2025-10-26 17:36:35,629 - vessel_data_pipeline - INFO - Fetch operation completed. Results: {'Arrived_in_last_36_hours.xml': True, 'Departed_in_last_36_hours.xml': True, 'Expected_arrivals.xml': True, 'Expected_departures.xml': True}
2025-10-26 17:36:35,633 - vessel_data_pipeline - INFO - VesselDataFetcher initialized. Pipeline enabled: True
2025-10-26 17:36:35,634 - vessel_data_pipeline - INFO - Starting vessel data fetch operation
2025-10-26 17:36:35,634 - vessel_data_pipeline - INFO - Discovering XML files from Hong Kong Marine Department portal
2025-10-26 17:36:35,708 - vessel_data_pipeline - INFO - Verified access to Arrived_in_last_36_hours.xml
2025-10-26 17:36:35,738 - vessel_data_pipeline - INFO - Verified access to Departed_in_last_36_hours.xml
2025-10-26 17:36:35,795 - vessel_data_pipeline - INFO - Verified access to Expected_arrivals.xml
2025-10-26 17:36:35,875 - vessel_data_pipeline - INFO - Verified access to Expected_departures.xml
2025-10-26 17:36:35,875 - vessel_data_pipeline - INFO - Discovered 4 XML files for download
2025-10-26 17:36:35,875 - vessel_data_pipeline - INFO - Downloading Arrived_in_last_36_hours.xml (attempt 1/3)
2025-10-26 17:36:35,924 - vessel_data_pipeline - INFO - File temp_Arrived_in_last_36_hours.xml passed validation checks
2025-10-26 17:36:35,924 - vessel_data_pipeline - INFO - Created backup: Arrived_in_last_36_hours_20251026_173635.xml
2025-10-26 17:36:35,925 - vessel_data_pipeline - INFO - Updated metadata for Arrived_in_last_36_hours.xml
2025-10-26 17:36:35,925 - vessel_data_pipeline - INFO - Successfully downloaded and validated Arrived_in_last_36_hours.xml
2025-10-26 17:36:37,930 - vessel_data_pipeline - INFO - Downloading Departed_in_last_36_hours.xml (attempt 1/3)
2025-10-26 17:36:38,015 - vessel_data_pipeline - INFO - File temp_Departed_in_last_36_hours.xml passed validation checks
2025-10-26 17:36:38,015 - vessel_data_pipeline - INFO - Created backup: Departed_in_last_36_hours_20251026_173638.xml
2025-10-26 17:36:38,015 - vessel_data_pipeline - INFO - Updated metadata for Departed_in_last_36_hours.xml
2025-10-26 17:36:38,015 - vessel_data_pipeline - INFO - Successfully downloaded and validated Departed_in_last_36_hours.xml
2025-10-26 17:36:40,017 - vessel_data_pipeline - INFO - Downloading Expected_arrivals.xml (attempt 1/3)
2025-10-26 17:36:40,068 - vessel_data_pipeline - INFO - File temp_Expected_arrivals.xml passed validation checks
2025-10-26 17:36:40,068 - vessel_data_pipeline - INFO - Created backup: Expected_arrivals_20251026_173640.xml
2025-10-26 17:36:40,069 - vessel_data_pipeline - INFO - Updated metadata for Expected_arrivals.xml
2025-10-26 17:36:40,069 - vessel_data_pipeline - INFO - Successfully downloaded and validated Expected_arrivals.xml
2025-10-26 17:36:42,071 - vessel_data_pipeline - INFO - Downloading Expected_departures.xml (attempt 1/3)
2025-10-26 17:36:42,120 - vessel_data_pipeline - INFO - File temp_Expected_departures.xml passed validation checks
2025-10-26 17:36:42,121 - vessel_data_pipeline - INFO - Created backup: Expected_departures_20251026_173642.xml
2025-10-26 17:36:42,121 - vessel_data_pipeline - INFO - Updated metadata for Expected_departures.xml
2025-10-26 17:36:42,121 - vessel_data_pipeline - INFO - Successfully downloaded and validated Expected_departures.xml
2025-10-26 17:36:44,126 - vessel_data_pipeline - INFO - Fetch operation completed. Results: {'Arrived_in_last_36_hours.xml': True, 'Departed_in_last_36_hours.xml': True, 'Expected_arrivals.xml': True, 'Expected_departures.xml': True}
2025-10-26 17:38:02,036 - vessel_data_pipeline - INFO - VesselDataFetcher initialized. Pipeline enabled: True
2025-10-26 17:38:02,038 - vessel_data_pipeline - INFO - VesselDataFetcher initialized. Pipeline enabled: True
2025-10-26 17:38:02,038 - vessel_data_pipeline - INFO - Starting vessel data fetch operation
2025-10-26 17:38:02,038 - vessel_data_pipeline - INFO - Discovering XML files from Hong Kong Marine Department portal
2025-10-26 17:38:02,108 - vessel_data_pipeline - INFO - Verified access to Arrived_in_last_36_hours.xml
2025-10-26 17:38:02,177 - vessel_data_pipeline - INFO - Verified access to Departed_in_last_36_hours.xml
2025-10-26 17:38:02,219 - vessel_data_pipeline - INFO - Verified access to Expected_arrivals.xml
2025-10-26 17:38:02,258 - vessel_data_pipeline - INFO - Verified access to Expected_departures.xml
2025-10-26 17:38:02,259 - vessel_data_pipeline - INFO - Discovered 4 XML files for download
2025-10-26 17:38:02,259 - vessel_data_pipeline - INFO - Downloading Arrived_in_last_36_hours.xml (attempt 1/3)
2025-10-26 17:38:02,336 - vessel_data_pipeline - INFO - File temp_Arrived_in_last_36_hours.xml passed validation checks
2025-10-26 17:38:02,338 - vessel_data_pipeline - INFO - Created backup: Arrived_in_last_36_hours_20251026_173802.xml
2025-10-26 17:38:02,339 - vessel_data_pipeline - INFO - Updated metadata for Arrived_in_last_36_hours.xml
2025-10-26 17:38:02,339 - vessel_data_pipeline - INFO - Successfully downloaded and validated Arrived_in_last_36_hours.xml
2025-10-26 17:38:04,344 - vessel_data_pipeline - INFO - Downloading Departed_in_last_36_hours.xml (attempt 1/3)
2025-10-26 17:38:04,407 - vessel_data_pipeline - INFO - File temp_Departed_in_last_36_hours.xml passed validation checks
2025-10-26 17:38:04,407 - vessel_data_pipeline - INFO - Created backup: Departed_in_last_36_hours_20251026_173804.xml
2025-10-26 17:38:04,407 - vessel_data_pipeline - INFO - Updated metadata for Departed_in_last_36_hours.xml
2025-10-26 17:38:04,407 - vessel_data_pipeline - INFO - Successfully downloaded and validated Departed_in_last_36_hours.xml
2025-10-26 17:38:06,413 - vessel_data_pipeline - INFO - Downloading Expected_arrivals.xml (attempt 1/3)
2025-10-26 17:38:06,459 - vessel_data_pipeline - INFO - File temp_Expected_arrivals.xml passed validation checks
2025-10-26 17:38:06,459 - vessel_data_pipeline - INFO - Created backup: Expected_arrivals_20251026_173806.xml
2025-10-26 17:38:06,459 - vessel_data_pipeline - INFO - Updated metadata for Expected_arrivals.xml
2025-10-26 17:38:06,459 - vessel_data_pipeline - INFO - Successfully downloaded and validated Expected_arrivals.xml
2025-10-26 17:38:08,460 - vessel_data_pipeline - INFO - Downloading Expected_departures.xml (attempt 1/3)
2025-10-26 17:38:08,523 - vessel_data_pipeline - INFO - File temp_Expected_departures.xml passed validation checks
2025-10-26 17:38:08,524 - vessel_data_pipeline - INFO - Created backup: Expected_departures_20251026_173808.xml
2025-10-26 17:38:08,524 - vessel_data_pipeline - INFO - Updated metadata for Expected_departures.xml
2025-10-26 17:38:08,524 - vessel_data_pipeline - INFO - Successfully downloaded and validated Expected_departures.xml
2025-10-26 17:38:10,529 - vessel_data_pipeline - INFO - Fetch operation completed. Results: {'Arrived_in_last_36_hours.xml': True, 'Departed_in_last_36_hours.xml': True, 'Expected_arrivals.xml': True, 'Expected_departures.xml': True}
2025-10-26 17:38:13,379 - vessel_data_pipeline - INFO - VesselDataFetcher initialized. Pipeline enabled: True
2025-10-26 17:38:13,379 - vessel_data_pipeline - INFO - Starting vessel data fetch operation
2025-10-26 17:38:13,379 - vessel_data_pipeline - INFO - Discovering XML files from Hong Kong Marine Department portal
2025-10-26 17:38:13,435 - vessel_data_pipeline - INFO - Verified access to Arrived_in_last_36_hours.xml
2025-10-26 17:38:13,465 - vessel_data_pipeline - INFO - Verified access to Departed_in_last_36_hours.xml
2025-10-26 17:38:13,524 - vessel_data_pipeline - INFO - Verified access to Expected_arrivals.xml
2025-10-26 17:38:13,561 - vessel_data_pipeline - INFO - Verified access to Expected_departures.xml
2025-10-26 17:38:13,561 - vessel_data_pipeline - INFO - Discovered 4 XML files for download
2025-10-26 17:38:13,561 - vessel_data_pipeline - INFO - Downloading Arrived_in_last_36_hours.xml (attempt 1/3)
2025-10-26 17:38:13,615 - vessel_data_pipeline - INFO - File temp_Arrived_in_last_36_hours.xml passed validation checks
2025-10-26 17:38:13,616 - vessel_data_pipeline - INFO - Created backup: Arrived_in_last_36_hours_20251026_173813.xml
2025-10-26 17:38:13,617 - vessel_data_pipeline - INFO - Updated metadata for Arrived_in_last_36_hours.xml
2025-10-26 17:38:13,618 - vessel_data_pipeline - INFO - Successfully downloaded and validated Arrived_in_last_36_hours.xml
2025-10-26 17:38:15,623 - vessel_data_pipeline - INFO - Downloading Departed_in_last_36_hours.xml (attempt 1/3)
2025-10-26 17:38:15,683 - vessel_data_pipeline - INFO - File temp_Departed_in_last_36_hours.xml passed validation checks
2025-10-26 17:38:15,684 - vessel_data_pipeline - INFO - Created backup: Departed_in_last_36_hours_20251026_173815.xml
2025-10-26 17:38:15,684 - vessel_data_pipeline - INFO - Updated metadata for Departed_in_last_36_hours.xml
2025-10-26 17:38:15,684 - vessel_data_pipeline - INFO - Successfully downloaded and validated Departed_in_last_36_hours.xml
2025-10-26 17:38:17,689 - vessel_data_pipeline - INFO - Downloading Expected_arrivals.xml (attempt 1/3)
2025-10-26 17:38:17,762 - vessel_data_pipeline - INFO - File temp_Expected_arrivals.xml passed validation checks
2025-10-26 17:38:17,763 - vessel_data_pipeline - INFO - Created backup: Expected_arrivals_20251026_173817.xml
2025-10-26 17:38:17,763 - vessel_data_pipeline - INFO - Updated metadata for Expected_arrivals.xml
2025-10-26 17:38:17,763 - vessel_data_pipeline - INFO - Successfully downloaded and validated Expected_arrivals.xml
2025-10-26 17:38:19,764 - vessel_data_pipeline - INFO - Downloading Expected_departures.xml (attempt 1/3)
2025-10-26 17:38:19,835 - vessel_data_pipeline - INFO - File temp_Expected_departures.xml passed validation checks
2025-10-26 17:38:19,835 - vessel_data_pipeline - INFO - Created backup: Expected_departures_20251026_173819.xml
2025-10-26 17:38:19,836 - vessel_data_pipeline - INFO - Updated metadata for Expected_departures.xml
2025-10-26 17:38:19,836 - vessel_data_pipeline - INFO - Successfully downloaded and validated Expected_departures.xml
2025-10-26 17:38:21,841 - vessel_data_pipeline - INFO - Fetch operation completed. Results: {'Arrived_in_last_36_hours.xml': True, 'Departed_in_last_36_hours.xml': True, 'Expected_arrivals.xml': True, 'Expected_departures.xml': True}
2025-10-26 17:38:21,844 - vessel_data_pipeline - INFO - VesselDataFetcher initialized. Pipeline enabled: True
2025-10-26 17:38:21,845 - vessel_data_pipeline - INFO - Starting vessel data fetch operation
2025-10-26 17:38:21,845 - vessel_data_pipeline - INFO - Discovering XML files from Hong Kong Marine Department portal
2025-10-26 17:38:21,912 - vessel_data_pipeline - INFO - Verified access to Arrived_in_last_36_hours.xml
2025-10-26 17:38:21,969 - vessel_data_pipeline - INFO - Verified access to Departed_in_last_36_hours.xml
2025-10-26 17:38:22,030 - vessel_data_pipeline - INFO - Verified access to Expected_arrivals.xml
2025-10-26 17:38:22,063 - vessel_data_pipeline - INFO - Verified access to Expected_departures.xml
2025-10-26 17:38:22,063 - vessel_data_pipeline - INFO - Discovered 4 XML files for download
2025-10-26 17:38:22,063 - vessel_data_pipeline - INFO - Downloading Arrived_in_last_36_hours.xml (attempt 1/3)
2025-10-26 17:38:22,106 - vessel_data_pipeline - INFO - File temp_Arrived_in_last_36_hours.xml passed validation checks
2025-10-26 17:38:22,106 - vessel_data_pipeline - INFO - Created backup: Arrived_in_last_36_hours_20251026_173822.xml
2025-10-26 17:38:22,107 - vessel_data_pipeline - INFO - Updated metadata for Arrived_in_last_36_hours.xml
2025-10-26 17:38:22,107 - vessel_data_pipeline - INFO - Successfully downloaded and validated Arrived_in_last_36_hours.xml
2025-10-26 17:38:24,108 - vessel_data_pipeline - INFO - Downloading Departed_in_last_36_hours.xml (attempt 1/3)
2025-10-26 17:38:24,192 - vessel_data_pipeline - INFO - File temp_Departed_in_last_36_hours.xml passed validation checks
2025-10-26 17:38:24,192 - vessel_data_pipeline - INFO - Created backup: Departed_in_last_36_hours_20251026_173824.xml
2025-10-26 17:38:24,193 - vessel_data_pipeline - INFO - Updated metadata for Departed_in_last_36_hours.xml
2025-10-26 17:38:24,193 - vessel_data_pipeline - INFO - Successfully downloaded and validated Departed_in_last_36_hours.xml
2025-10-26 17:38:26,195 - vessel_data_pipeline - INFO - Downloading Expected_arrivals.xml (attempt 1/3)
2025-10-26 17:38:26,246 - vessel_data_pipeline - INFO - File temp_Expected_arrivals.xml passed validation checks
2025-10-26 17:38:26,246 - vessel_data_pipeline - INFO - Created backup: Expected_arrivals_20251026_173826.xml
2025-10-26 17:38:26,246 - vessel_data_pipeline - INFO - Updated metadata for Expected_arrivals.xml
2025-10-26 17:38:26,246 - vessel_data_pipeline - INFO - Successfully downloaded and validated Expected_arrivals.xml
2025-10-26 17:38:28,251 - vessel_data_pipeline - INFO - Downloading Expected_departures.xml (attempt 1/3)
2025-10-26 17:38:28,309 - vessel_data_pipeline - INFO - File temp_Expected_departures.xml passed validation checks
2025-10-26 17:38:28,310 - vessel_data_pipeline - INFO - Created backup: Expected_departures_20251026_173828.xml
2025-10-26 17:38:28,310 - vessel_data_pipeline - INFO - Updated metadata for Expected_departures.xml
2025-10-26 17:38:28,310 - vessel_data_pipeline - INFO - Successfully downloaded and validated Expected_departures.xml
2025-10-26 17:38:30,312 - vessel_data_pipeline - INFO - Fetch operation completed. Results: {'Arrived_in_last_36_hours.xml': True, 'Departed_in_last_36_hours.xml': True, 'Expected_arrivals.xml': True, 'Expected_departures.xml': True}
2025-10-26 17:38:30,331 - vessel_data_pipeline - INFO - VesselDataFetcher initialized. Pipeline enabled: True
2025-10-26 17:38:30,332 - vessel_data_pipeline - INFO - Starting vessel data fetch operation
2025-10-26 17:38:30,332 - vessel_data_pipeline - INFO - Discovering XML files from Hong Kong Marine Department portal
2025-10-26 17:38:30,461 - vessel_data_pipeline - INFO - Verified access to Arrived_in_last_36_hours.xml
2025-10-26 17:38:30,522 - vessel_data_pipeline - INFO - Verified access to Departed_in_last_36_hours.xml
2025-10-26 17:38:30,558 - vessel_data_pipeline - INFO - Verified access to Expected_arrivals.xml
2025-10-26 17:38:30,591 - vessel_data_pipeline - INFO - Verified access to Expected_departures.xml
2025-10-26 17:38:30,592 - vessel_data_pipeline - INFO - Discovered 4 XML files for download
2025-10-26 17:38:30,592 - vessel_data_pipeline - INFO - Downloading Arrived_in_last_36_hours.xml (attempt 1/3)
2025-10-26 17:38:30,670 - vessel_data_pipeline - INFO - File temp_Arrived_in_last_36_hours.xml passed validation checks
2025-10-26 17:38:30,673 - vessel_data_pipeline - INFO - Created backup: Arrived_in_last_36_hours_20251026_173830.xml
2025-10-26 17:38:30,673 - vessel_data_pipeline - INFO - Updated metadata for Arrived_in_last_36_hours.xml
2025-10-26 17:38:30,674 - vessel_data_pipeline - INFO - Successfully downloaded and validated Arrived_in_last_36_hours.xml
2025-10-26 17:38:32,674 - vessel_data_pipeline - INFO - Downloading Departed_in_last_36_hours.xml (attempt 1/3)
2025-10-26 17:38:32,733 - vessel_data_pipeline - INFO - File temp_Departed_in_last_36_hours.xml passed validation checks
2025-10-26 17:38:32,734 - vessel_data_pipeline - INFO - Created backup: Departed_in_last_36_hours_20251026_173832.xml
2025-10-26 17:38:32,734 - vessel_data_pipeline - INFO - Updated metadata for Departed_in_last_36_hours.xml
2025-10-26 17:38:32,734 - vessel_data_pipeline - INFO - Successfully downloaded and validated Departed_in_last_36_hours.xml
2025-10-26 17:38:34,735 - vessel_data_pipeline - INFO - Downloading Expected_arrivals.xml (attempt 1/3)
2025-10-26 17:38:34,796 - vessel_data_pipeline - INFO - File temp_Expected_arrivals.xml passed validation checks
2025-10-26 17:38:34,797 - vessel_data_pipeline - INFO - Created backup: Expected_arrivals_20251026_173834.xml
2025-10-26 17:38:34,797 - vessel_data_pipeline - INFO - Updated metadata for Expected_arrivals.xml
2025-10-26 17:38:34,797 - vessel_data_pipeline - INFO - Successfully downloaded and validated Expected_arrivals.xml
2025-10-26 17:38:36,799 - vessel_data_pipeline - INFO - Downloading Expected_departures.xml (attempt 1/3)
2025-10-26 17:38:36,848 - vessel_data_pipeline - INFO - File temp_Expected_departures.xml passed validation checks
2025-10-26 17:38:36,848 - vessel_data_pipeline - INFO - Created backup: Expected_departures_20251026_173836.xml
2025-10-26 17:38:36,848 - vessel_data_pipeline - INFO - Updated metadata for Expected_departures.xml
2025-10-26 17:38:36,848 - vessel_data_pipeline - INFO - Successfully downloaded and validated Expected_departures.xml
2025-10-26 17:38:38,852 - vessel_data_pipeline - INFO - Fetch operation completed. Results: {'Arrived_in_last_36_hours.xml': True, 'Departed_in_last_36_hours.xml': True, 'Expected_arrivals.xml': True, 'Expected_departures.xml': True}
2025-10-26 17:38:38,856 - vessel_data_pipeline - INFO - VesselDataFetcher initialized. Pipeline enabled: True
2025-10-26 17:38:38,856 - vessel_data_pipeline - INFO - Starting vessel data fetch operation
2025-10-26 17:38:38,856 - vessel_data_pipeline - INFO - Discovering XML files from Hong Kong Marine Department portal
2025-10-26 17:38:38,937 - vessel_data_pipeline - INFO - Verified access to Arrived_in_last_36_hours.xml
2025-10-26 17:38:38,970 - vessel_data_pipeline - INFO - Verified access to Departed_in_last_36_hours.xml
2025-10-26 17:38:38,999 - vessel_data_pipeline - INFO - Verified access to Expected_arrivals.xml
2025-10-26 17:38:39,054 - vessel_data_pipeline - INFO - Verified access to Expected_departures.xml
2025-10-26 17:38:39,054 - vessel_data_pipeline - INFO - Discovered 4 XML files for download
2025-10-26 17:38:39,054 - vessel_data_pipeline - INFO - Downloading Arrived_in_last_36_hours.xml (attempt 1/3)
2025-10-26 17:38:39,098 - vessel_data_pipeline - INFO - File temp_Arrived_in_last_36_hours.xml passed validation checks
2025-10-26 17:38:39,099 - vessel_data_pipeline - INFO - Created backup: Arrived_in_last_36_hours_20251026_173839.xml
2025-10-26 17:38:39,099 - vessel_data_pipeline - INFO - Updated metadata for Arrived_in_last_36_hours.xml
2025-10-26 17:38:39,099 - vessel_data_pipeline - INFO - Successfully downloaded and validated Arrived_in_last_36_hours.xml
2025-10-26 17:38:41,100 - vessel_data_pipeline - INFO - Downloading Departed_in_last_36_hours.xml (attempt 1/3)
2025-10-26 17:38:41,156 - vessel_data_pipeline - INFO - File temp_Departed_in_last_36_hours.xml passed validation checks
2025-10-26 17:38:41,157 - vessel_data_pipeline - INFO - Created backup: Departed_in_last_36_hours_20251026_173841.xml
2025-10-26 17:38:41,157 - vessel_data_pipeline - INFO - Updated metadata for Departed_in_last_36_hours.xml
2025-10-26 17:38:41,157 - vessel_data_pipeline - INFO - Successfully downloaded and validated Departed_in_last_36_hours.xml
2025-10-26 17:38:43,162 - vessel_data_pipeline - INFO - Downloading Expected_arrivals.xml (attempt 1/3)
2025-10-26 17:38:43,228 - vessel_data_pipeline - INFO - File temp_Expected_arrivals.xml passed validation checks
2025-10-26 17:38:43,229 - vessel_data_pipeline - INFO - Created backup: Expected_arrivals_20251026_173843.xml
2025-10-26 17:38:43,229 - vessel_data_pipeline - INFO - Updated metadata for Expected_arrivals.xml
2025-10-26 17:38:43,229 - vessel_data_pipeline - INFO - Successfully downloaded and validated Expected_arrivals.xml
2025-10-26 17:38:45,234 - vessel_data_pipeline - INFO - Downloading Expected_departures.xml (attempt 1/3)
2025-10-26 17:38:45,285 - vessel_data_pipeline - INFO - File temp_Expected_departures.xml passed validation checks
2025-10-26 17:38:45,286 - vessel_data_pipeline - INFO - Created backup: Expected_departures_20251026_173845.xml
2025-10-26 17:38:45,286 - vessel_data_pipeline - INFO - Updated metadata for Expected_departures.xml
2025-10-26 17:38:45,286 - vessel_data_pipeline - INFO - Successfully downloaded and validated Expected_departures.xml
2025-10-26 17:38:47,291 - vessel_data_pipeline - INFO - Fetch operation completed. Results: {'Arrived_in_last_36_hours.xml': True, 'Departed_in_last_36_hours.xml': True, 'Expected_arrivals.xml': True, 'Expected_departures.xml': True}
2025-10-26 17:38:56,329 - vessel_data_pipeline - INFO - VesselDataFetcher initialized. Pipeline enabled: True
2025-10-26 17:38:56,331 - vessel_data_pipeline - INFO - VesselDataFetcher initialized. Pipeline enabled: True
2025-10-26 17:38:56,331 - vessel_data_pipeline - INFO - Starting vessel data fetch operation
2025-10-26 17:38:56,331 - vessel_data_pipeline - INFO - Discovering XML files from Hong Kong Marine Department portal
2025-10-26 17:38:56,434 - vessel_data_pipeline - INFO - Verified access to Arrived_in_last_36_hours.xml
2025-10-26 17:38:56,494 - vessel_data_pipeline - INFO - Verified access to Departed_in_last_36_hours.xml
2025-10-26 17:38:56,539 - vessel_data_pipeline - INFO - Verified access to Expected_arrivals.xml
2025-10-26 17:38:56,607 - vessel_data_pipeline - INFO - Verified access to Expected_departures.xml
2025-10-26 17:38:56,607 - vessel_data_pipeline - INFO - Discovered 4 XML files for download
2025-10-26 17:38:56,607 - vessel_data_pipeline - INFO - Downloading Arrived_in_last_36_hours.xml (attempt 1/3)
2025-10-26 17:38:56,655 - vessel_data_pipeline - INFO - File temp_Arrived_in_last_36_hours.xml passed validation checks
2025-10-26 17:38:56,656 - vessel_data_pipeline - INFO - Created backup: Arrived_in_last_36_hours_20251026_173856.xml
2025-10-26 17:38:56,656 - vessel_data_pipeline - INFO - Updated metadata for Arrived_in_last_36_hours.xml
2025-10-26 17:38:56,656 - vessel_data_pipeline - INFO - Successfully downloaded and validated Arrived_in_last_36_hours.xml
2025-10-26 17:38:58,659 - vessel_data_pipeline - INFO - Downloading Departed_in_last_36_hours.xml (attempt 1/3)
2025-10-26 17:38:58,715 - vessel_data_pipeline - INFO - File temp_Departed_in_last_36_hours.xml passed validation checks
2025-10-26 17:38:58,715 - vessel_data_pipeline - INFO - Created backup: Departed_in_last_36_hours_20251026_173858.xml
2025-10-26 17:38:58,716 - vessel_data_pipeline - INFO - Updated metadata for Departed_in_last_36_hours.xml
2025-10-26 17:38:58,716 - vessel_data_pipeline - INFO - Successfully downloaded and validated Departed_in_last_36_hours.xml
2025-10-26 17:39:00,716 - vessel_data_pipeline - INFO - Downloading Expected_arrivals.xml (attempt 1/3)
2025-10-26 17:39:00,778 - vessel_data_pipeline - INFO - File temp_Expected_arrivals.xml passed validation checks
2025-10-26 17:39:00,778 - vessel_data_pipeline - INFO - Created backup: Expected_arrivals_20251026_173900.xml
2025-10-26 17:39:00,778 - vessel_data_pipeline - INFO - Updated metadata for Expected_arrivals.xml
2025-10-26 17:39:00,778 - vessel_data_pipeline - INFO - Successfully downloaded and validated Expected_arrivals.xml
2025-10-26 17:39:02,784 - vessel_data_pipeline - INFO - Downloading Expected_departures.xml (attempt 1/3)
2025-10-26 17:39:02,855 - vessel_data_pipeline - INFO - File temp_Expected_departures.xml passed validation checks
2025-10-26 17:39:02,856 - vessel_data_pipeline - INFO - Created backup: Expected_departures_20251026_173902.xml
2025-10-26 17:39:02,856 - vessel_data_pipeline - INFO - Updated metadata for Expected_departures.xml
2025-10-26 17:39:02,856 - vessel_data_pipeline - INFO - Successfully downloaded and validated Expected_departures.xml
2025-10-26 17:39:04,861 - vessel_data_pipeline - INFO - Fetch operation completed. Results: {'Arrived_in_last_36_hours.xml': True, 'Departed_in_last_36_hours.xml': True, 'Expected_arrivals.xml': True, 'Expected_departures.xml': True}
2025-10-26 17:39:07,714 - vessel_data_pipeline - INFO - VesselDataFetcher initialized. Pipeline enabled: True
2025-10-26 17:39:07,714 - vessel_data_pipeline - INFO - Starting vessel data fetch operation
2025-10-26 17:39:07,714 - vessel_data_pipeline - INFO - Discovering XML files from Hong Kong Marine Department portal
2025-10-26 17:39:07,769 - vessel_data_pipeline - INFO - Verified access to Arrived_in_last_36_hours.xml
2025-10-26 17:39:07,809 - vessel_data_pipeline - INFO - Verified access to Departed_in_last_36_hours.xml
2025-10-26 17:39:07,847 - vessel_data_pipeline - INFO - Verified access to Expected_arrivals.xml
2025-10-26 17:39:07,904 - vessel_data_pipeline - INFO - Verified access to Expected_departures.xml
2025-10-26 17:39:07,904 - vessel_data_pipeline - INFO - Discovered 4 XML files for download
2025-10-26 17:39:07,904 - vessel_data_pipeline - INFO - Downloading Arrived_in_last_36_hours.xml (attempt 1/3)
2025-10-26 17:39:07,975 - vessel_data_pipeline - INFO - File temp_Arrived_in_last_36_hours.xml passed validation checks
2025-10-26 17:39:07,976 - vessel_data_pipeline - INFO - Created backup: Arrived_in_last_36_hours_20251026_173907.xml
2025-10-26 17:39:07,977 - vessel_data_pipeline - INFO - Updated metadata for Arrived_in_last_36_hours.xml
2025-10-26 17:39:07,977 - vessel_data_pipeline - INFO - Successfully downloaded and validated Arrived_in_last_36_hours.xml
2025-10-26 17:39:09,980 - vessel_data_pipeline - INFO - Downloading Departed_in_last_36_hours.xml (attempt 1/3)
2025-10-26 17:39:10,047 - vessel_data_pipeline - INFO - File temp_Departed_in_last_36_hours.xml passed validation checks
2025-10-26 17:39:10,047 - vessel_data_pipeline - INFO - Created backup: Departed_in_last_36_hours_20251026_173910.xml
2025-10-26 17:39:10,048 - vessel_data_pipeline - INFO - Updated metadata for Departed_in_last_36_hours.xml
2025-10-26 17:39:10,048 - vessel_data_pipeline - INFO - Successfully downloaded and validated Departed_in_last_36_hours.xml
2025-10-26 17:39:12,050 - vessel_data_pipeline - INFO - Downloading Expected_arrivals.xml (attempt 1/3)
2025-10-26 17:39:12,104 - vessel_data_pipeline - INFO - File temp_Expected_arrivals.xml passed validation checks
2025-10-26 17:39:12,104 - vessel_data_pipeline - INFO - Created backup: Expected_arrivals_20251026_173912.xml
2025-10-26 17:39:12,105 - vessel_data_pipeline - INFO - Updated metadata for Expected_arrivals.xml
2025-10-26 17:39:12,105 - vessel_data_pipeline - INFO - Successfully downloaded and validated Expected_arrivals.xml
2025-10-26 17:39:14,110 - vessel_data_pipeline - INFO - Downloading Expected_departures.xml (attempt 1/3)
2025-10-26 17:39:14,174 - vessel_data_pipeline - INFO - File temp_Expected_departures.xml passed validation checks
2025-10-26 17:39:14,174 - vessel_data_pipeline - INFO - Created backup: Expected_departures_20251026_173914.xml
2025-10-26 17:39:14,174 - vessel_data_pipeline - INFO - Updated metadata for Expected_departures.xml
2025-10-26 17:39:14,175 - vessel_data_pipeline - INFO - Successfully downloaded and validated Expected_departures.xml
2025-10-26 17:39:16,180 - vessel_data_pipeline - INFO - Fetch operation completed. Results: {'Arrived_in_last_36_hours.xml': True, 'Departed_in_last_36_hours.xml': True, 'Expected_arrivals.xml': True, 'Expected_departures.xml': True}
2025-10-26 17:39:16,185 - vessel_data_pipeline - INFO - VesselDataFetcher initialized. Pipeline enabled: True
2025-10-26 17:39:16,185 - vessel_data_pipeline - INFO - Starting vessel data fetch operation
2025-10-26 17:39:16,185 - vessel_data_pipeline - INFO - Discovering XML files from Hong Kong Marine Department portal
2025-10-26 17:39:16,286 - vessel_data_pipeline - INFO - Verified access to Arrived_in_last_36_hours.xml
2025-10-26 17:39:16,330 - vessel_data_pipeline - INFO - Verified access to Departed_in_last_36_hours.xml
2025-10-26 17:39:16,374 - vessel_data_pipeline - INFO - Verified access to Expected_arrivals.xml
2025-10-26 17:39:16,408 - vessel_data_pipeline - INFO - Verified access to Expected_departures.xml
2025-10-26 17:39:16,408 - vessel_data_pipeline - INFO - Discovered 4 XML files for download
2025-10-26 17:39:16,408 - vessel_data_pipeline - INFO - Downloading Arrived_in_last_36_hours.xml (attempt 1/3)
2025-10-26 17:39:16,464 - vessel_data_pipeline - INFO - File temp_Arrived_in_last_36_hours.xml passed validation checks
2025-10-26 17:39:16,465 - vessel_data_pipeline - INFO - Created backup: Arrived_in_last_36_hours_20251026_173916.xml
2025-10-26 17:39:16,465 - vessel_data_pipeline - INFO - Updated metadata for Arrived_in_last_36_hours.xml
2025-10-26 17:39:16,465 - vessel_data_pipeline - INFO - Successfully downloaded and validated Arrived_in_last_36_hours.xml
2025-10-26 17:39:18,470 - vessel_data_pipeline - INFO - Downloading Departed_in_last_36_hours.xml (attempt 1/3)
2025-10-26 17:39:18,563 - vessel_data_pipeline - INFO - File temp_Departed_in_last_36_hours.xml passed validation checks
2025-10-26 17:39:18,563 - vessel_data_pipeline - INFO - Created backup: Departed_in_last_36_hours_20251026_173918.xml
2025-10-26 17:39:18,563 - vessel_data_pipeline - INFO - Updated metadata for Departed_in_last_36_hours.xml
2025-10-26 17:39:18,563 - vessel_data_pipeline - INFO - Successfully downloaded and validated Departed_in_last_36_hours.xml
2025-10-26 17:39:20,569 - vessel_data_pipeline - INFO - Downloading Expected_arrivals.xml (attempt 1/3)
2025-10-26 17:39:20,642 - vessel_data_pipeline - INFO - File temp_Expected_arrivals.xml passed validation checks
2025-10-26 17:39:20,642 - vessel_data_pipeline - INFO - Created backup: Expected_arrivals_20251026_173920.xml
2025-10-26 17:39:20,642 - vessel_data_pipeline - INFO - Updated metadata for Expected_arrivals.xml
2025-10-26 17:39:20,642 - vessel_data_pipeline - INFO - Successfully downloaded and validated Expected_arrivals.xml
2025-10-26 17:39:22,646 - vessel_data_pipeline - INFO - Downloading Expected_departures.xml (attempt 1/3)
2025-10-26 17:39:22,702 - vessel_data_pipeline - INFO - File temp_Expected_departures.xml passed validation checks
2025-10-26 17:39:22,702 - vessel_data_pipeline - INFO - Created backup: Expected_departures_20251026_173922.xml
2025-10-26 17:39:22,702 - vessel_data_pipeline - INFO - Updated metadata for Expected_departures.xml
2025-10-26 17:39:22,702 - vessel_data_pipeline - INFO - Successfully downloaded and validated Expected_departures.xml
2025-10-26 17:39:24,707 - vessel_data_pipeline - INFO - Fetch operation completed. Results: {'Arrived_in_last_36_hours.xml': True, 'Departed_in_last_36_hours.xml': True, 'Expected_arrivals.xml': True, 'Expected_departures.xml': True}
2025-10-26 17:39:24,740 - vessel_data_pipeline - INFO - VesselDataFetcher initialized. Pipeline enabled: True
2025-10-26 17:39:24,740 - vessel_data_pipeline - INFO - Starting vessel data fetch operation
2025-10-26 17:39:24,740 - vessel_data_pipeline - INFO - Discovering XML files from Hong Kong Marine Department portal
2025-10-26 17:39:24,792 - vessel_data_pipeline - INFO - Verified access to Arrived_in_last_36_hours.xml
2025-10-26 17:39:24,963 - vessel_data_pipeline - INFO - Verified access to Departed_in_last_36_hours.xml
2025-10-26 17:39:24,997 - vessel_data_pipeline - INFO - Verified access to Expected_arrivals.xml
2025-10-26 17:39:25,029 - vessel_data_pipeline - INFO - Verified access to Expected_departures.xml
2025-10-26 17:39:25,029 - vessel_data_pipeline - INFO - Discovered 4 XML files for download
2025-10-26 17:39:25,029 - vessel_data_pipeline - INFO - Downloading Arrived_in_last_36_hours.xml (attempt 1/3)
2025-10-26 17:39:25,114 - vessel_data_pipeline - INFO - File temp_Arrived_in_last_36_hours.xml passed validation checks
2025-10-26 17:39:25,114 - vessel_data_pipeline - INFO - Created backup: Arrived_in_last_36_hours_20251026_173925.xml
2025-10-26 17:39:25,114 - vessel_data_pipeline - INFO - Updated metadata for Arrived_in_last_36_hours.xml
2025-10-26 17:39:25,114 - vessel_data_pipeline - INFO - Successfully downloaded and validated Arrived_in_last_36_hours.xml
2025-10-26 17:39:27,116 - vessel_data_pipeline - INFO - Downloading Departed_in_last_36_hours.xml (attempt 1/3)
2025-10-26 17:39:27,169 - vessel_data_pipeline - INFO - File temp_Departed_in_last_36_hours.xml passed validation checks
2025-10-26 17:39:27,169 - vessel_data_pipeline - INFO - Created backup: Departed_in_last_36_hours_20251026_173927.xml
2025-10-26 17:39:27,170 - vessel_data_pipeline - INFO - Updated metadata for Departed_in_last_36_hours.xml
2025-10-26 17:39:27,170 - vessel_data_pipeline - INFO - Successfully downloaded and validated Departed_in_last_36_hours.xml
2025-10-26 17:39:29,173 - vessel_data_pipeline - INFO - Downloading Expected_arrivals.xml (attempt 1/3)
2025-10-26 17:39:29,226 - vessel_data_pipeline - INFO - File temp_Expected_arrivals.xml passed validation checks
2025-10-26 17:39:29,226 - vessel_data_pipeline - INFO - Created backup: Expected_arrivals_20251026_173929.xml
2025-10-26 17:39:29,227 - vessel_data_pipeline - INFO - Updated metadata for Expected_arrivals.xml
2025-10-26 17:39:29,227 - vessel_data_pipeline - INFO - Successfully downloaded and validated Expected_arrivals.xml
2025-10-26 17:39:31,232 - vessel_data_pipeline - INFO - Downloading Expected_departures.xml (attempt 1/3)
2025-10-26 17:39:31,277 - vessel_data_pipeline - INFO - File temp_Expected_departures.xml passed validation checks
2025-10-26 17:39:31,277 - vessel_data_pipeline - INFO - Created backup: Expected_departures_20251026_173931.xml
2025-10-26 17:39:31,278 - vessel_data_pipeline - INFO - Updated metadata for Expected_departures.xml
2025-10-26 17:39:31,278 - vessel_data_pipeline - INFO - Successfully downloaded and validated Expected_departures.xml
2025-10-26 17:39:33,283 - vessel_data_pipeline - INFO - Fetch operation completed. Results: {'Arrived_in_last_36_hours.xml': True, 'Departed_in_last_36_hours.xml': True, 'Expected_arrivals.xml': True, 'Expected_departures.xml': True}
2025-10-26 17:39:33,286 - vessel_data_pipeline - INFO - VesselDataFetcher initialized. Pipeline enabled: True
2025-10-26 17:39:33,287 - vessel_data_pipeline - INFO - Starting vessel data fetch operation
2025-10-26 17:39:33,287 - vessel_data_pipeline - INFO - Discovering XML files from Hong Kong Marine Department portal
2025-10-26 17:39:33,361 - vessel_data_pipeline - INFO - Verified access to Arrived_in_last_36_hours.xml
2025-10-26 17:39:33,394 - vessel_data_pipeline - INFO - Verified access to Departed_in_last_36_hours.xml
2025-10-26 17:39:33,430 - vessel_data_pipeline - INFO - Verified access to Expected_arrivals.xml
2025-10-26 17:39:33,467 - vessel_data_pipeline - INFO - Verified access to Expected_departures.xml
2025-10-26 17:39:33,467 - vessel_data_pipeline - INFO - Discovered 4 XML files for download
2025-10-26 17:39:33,467 - vessel_data_pipeline - INFO - Downloading Arrived_in_last_36_hours.xml (attempt 1/3)
2025-10-26 17:39:33,676 - vessel_data_pipeline - INFO - File temp_Arrived_in_last_36_hours.xml passed validation checks
2025-10-26 17:39:33,676 - vessel_data_pipeline - INFO - Created backup: Arrived_in_last_36_hours_20251026_173933.xml
2025-10-26 17:39:33,676 - vessel_data_pipeline - INFO - Updated metadata for Arrived_in_last_36_hours.xml
2025-10-26 17:39:33,676 - vessel_data_pipeline - INFO - Successfully downloaded and validated Arrived_in_last_36_hours.xml
2025-10-26 17:39:35,682 - vessel_data_pipeline - INFO - Downloading Departed_in_last_36_hours.xml (attempt 1/3)
2025-10-26 17:39:35,772 - vessel_data_pipeline - INFO - File temp_Departed_in_last_36_hours.xml passed validation checks
2025-10-26 17:39:35,772 - vessel_data_pipeline - INFO - Created backup: Departed_in_last_36_hours_20251026_173935.xml
2025-10-26 17:39:35,772 - vessel_data_pipeline - INFO - Updated metadata for Departed_in_last_36_hours.xml
2025-10-26 17:39:35,772 - vessel_data_pipeline - INFO - Successfully downloaded and validated Departed_in_last_36_hours.xml
2025-10-26 17:39:37,778 - vessel_data_pipeline - INFO - Downloading Expected_arrivals.xml (attempt 1/3)
2025-10-26 17:39:37,821 - vessel_data_pipeline - INFO - File temp_Expected_arrivals.xml passed validation checks
2025-10-26 17:39:37,822 - vessel_data_pipeline - INFO - Created backup: Expected_arrivals_20251026_173937.xml
2025-10-26 17:39:37,822 - vessel_data_pipeline - INFO - Updated metadata for Expected_arrivals.xml
2025-10-26 17:39:37,822 - vessel_data_pipeline - INFO - Successfully downloaded and validated Expected_arrivals.xml
2025-10-26 17:39:39,827 - vessel_data_pipeline - INFO - Downloading Expected_departures.xml (attempt 1/3)
2025-10-26 17:39:39,905 - vessel_data_pipeline - INFO - File temp_Expected_departures.xml passed validation checks
2025-10-26 17:39:39,905 - vessel_data_pipeline - INFO - Created backup: Expected_departures_20251026_173939.xml
2025-10-26 17:39:39,905 - vessel_data_pipeline - INFO - Updated metadata for Expected_departures.xml
2025-10-26 17:39:39,905 - vessel_data_pipeline - INFO - Successfully downloaded and validated Expected_departures.xml
2025-10-26 17:39:41,910 - vessel_data_pipeline - INFO - Fetch operation completed. Results: {'Arrived_in_last_36_hours.xml': True, 'Departed_in_last_36_hours.xml': True, 'Expected_arrivals.xml': True, 'Expected_departures.xml': True}
2025-10-26 17:40:12,121 - vessel_data_pipeline - INFO - VesselDataFetcher initialized. Pipeline enabled: True
2025-10-26 17:40:12,123 - vessel_data_pipeline - INFO - VesselDataFetcher initialized. Pipeline enabled: True
2025-10-26 17:40:12,124 - vessel_data_pipeline - INFO - Starting vessel data fetch operation
2025-10-26 17:40:12,124 - vessel_data_pipeline - INFO - Discovering XML files from Hong Kong Marine Department portal
2025-10-26 17:40:12,211 - vessel_data_pipeline - INFO - Verified access to Arrived_in_last_36_hours.xml
2025-10-26 17:40:12,257 - vessel_data_pipeline - INFO - Verified access to Departed_in_last_36_hours.xml
2025-10-26 17:40:12,308 - vessel_data_pipeline - INFO - Verified access to Expected_arrivals.xml
2025-10-26 17:40:12,341 - vessel_data_pipeline - INFO - Verified access to Expected_departures.xml
2025-10-26 17:40:12,341 - vessel_data_pipeline - INFO - Discovered 4 XML files for download
2025-10-26 17:40:12,341 - vessel_data_pipeline - INFO - Downloading Arrived_in_last_36_hours.xml (attempt 1/3)
2025-10-26 17:40:12,389 - vessel_data_pipeline - INFO - File temp_Arrived_in_last_36_hours.xml passed validation checks
2025-10-26 17:40:12,390 - vessel_data_pipeline - INFO - Created backup: Arrived_in_last_36_hours_20251026_174012.xml
2025-10-26 17:40:12,391 - vessel_data_pipeline - INFO - Updated metadata for Arrived_in_last_36_hours.xml
2025-10-26 17:40:12,391 - vessel_data_pipeline - INFO - Successfully downloaded and validated Arrived_in_last_36_hours.xml
2025-10-26 17:40:14,395 - vessel_data_pipeline - INFO - Downloading Departed_in_last_36_hours.xml (attempt 1/3)
2025-10-26 17:40:14,474 - vessel_data_pipeline - INFO - File temp_Departed_in_last_36_hours.xml passed validation checks
2025-10-26 17:40:14,475 - vessel_data_pipeline - INFO - Created backup: Departed_in_last_36_hours_20251026_174014.xml
2025-10-26 17:40:14,475 - vessel_data_pipeline - INFO - Updated metadata for Departed_in_last_36_hours.xml
2025-10-26 17:40:14,475 - vessel_data_pipeline - INFO - Successfully downloaded and validated Departed_in_last_36_hours.xml
2025-10-26 17:40:16,480 - vessel_data_pipeline - INFO - Downloading Expected_arrivals.xml (attempt 1/3)
2025-10-26 17:40:16,611 - vessel_data_pipeline - INFO - File temp_Expected_arrivals.xml passed validation checks
2025-10-26 17:40:16,611 - vessel_data_pipeline - INFO - Created backup: Expected_arrivals_20251026_174016.xml
2025-10-26 17:40:16,612 - vessel_data_pipeline - INFO - Updated metadata for Expected_arrivals.xml
2025-10-26 17:40:16,612 - vessel_data_pipeline - INFO - Successfully downloaded and validated Expected_arrivals.xml
2025-10-26 17:40:18,613 - vessel_data_pipeline - INFO - Downloading Expected_departures.xml (attempt 1/3)
2025-10-26 17:40:18,662 - vessel_data_pipeline - INFO - File temp_Expected_departures.xml passed validation checks
2025-10-26 17:40:18,663 - vessel_data_pipeline - INFO - Created backup: Expected_departures_20251026_174018.xml
2025-10-26 17:40:18,663 - vessel_data_pipeline - INFO - Updated metadata for Expected_departures.xml
2025-10-26 17:40:18,663 - vessel_data_pipeline - INFO - Successfully downloaded and validated Expected_departures.xml
2025-10-26 17:40:20,664 - vessel_data_pipeline - INFO - Fetch operation completed. Results: {'Arrived_in_last_36_hours.xml': True, 'Departed_in_last_36_hours.xml': True, 'Expected_arrivals.xml': True, 'Expected_departures.xml': True}
2025-10-26 17:40:23,601 - vessel_data_pipeline - INFO - VesselDataFetcher initialized. Pipeline enabled: True
2025-10-26 17:40:23,602 - vessel_data_pipeline - INFO - Starting vessel data fetch operation
2025-10-26 17:40:23,602 - vessel_data_pipeline - INFO - Discovering XML files from Hong Kong Marine Department portal
2025-10-26 17:40:23,670 - vessel_data_pipeline - INFO - Verified access to Arrived_in_last_36_hours.xml
2025-10-26 17:40:23,707 - vessel_data_pipeline - INFO - Verified access to Departed_in_last_36_hours.xml
2025-10-26 17:40:23,744 - vessel_data_pipeline - INFO - Verified access to Expected_arrivals.xml
2025-10-26 17:40:23,802 - vessel_data_pipeline - INFO - Verified access to Expected_departures.xml
2025-10-26 17:40:23,802 - vessel_data_pipeline - INFO - Discovered 4 XML files for download
2025-10-26 17:40:23,802 - vessel_data_pipeline - INFO - Downloading Arrived_in_last_36_hours.xml (attempt 1/3)
2025-10-26 17:40:23,848 - vessel_data_pipeline - INFO - File temp_Arrived_in_last_36_hours.xml passed validation checks
2025-10-26 17:40:23,848 - vessel_data_pipeline - INFO - Created backup: Arrived_in_last_36_hours_20251026_174023.xml
2025-10-26 17:40:23,849 - vessel_data_pipeline - INFO - Updated metadata for Arrived_in_last_36_hours.xml
2025-10-26 17:40:23,849 - vessel_data_pipeline - INFO - Successfully downloaded and validated Arrived_in_last_36_hours.xml
2025-10-26 17:40:25,854 - vessel_data_pipeline - INFO - Downloading Departed_in_last_36_hours.xml (attempt 1/3)
2025-10-26 17:40:25,915 - vessel_data_pipeline - INFO - File temp_Departed_in_last_36_hours.xml passed validation checks
2025-10-26 17:40:25,916 - vessel_data_pipeline - INFO - Created backup: Departed_in_last_36_hours_20251026_174025.xml
2025-10-26 17:40:25,916 - vessel_data_pipeline - INFO - Updated metadata for Departed_in_last_36_hours.xml
2025-10-26 17:40:25,916 - vessel_data_pipeline - INFO - Successfully downloaded and validated Departed_in_last_36_hours.xml
2025-10-26 17:40:27,921 - vessel_data_pipeline - INFO - Downloading Expected_arrivals.xml (attempt 1/3)
2025-10-26 17:40:27,990 - vessel_data_pipeline - INFO - File temp_Expected_arrivals.xml passed validation checks
2025-10-26 17:40:27,991 - vessel_data_pipeline - INFO - Created backup: Expected_arrivals_20251026_174027.xml
2025-10-26 17:40:27,991 - vessel_data_pipeline - INFO - Updated metadata for Expected_arrivals.xml
2025-10-26 17:40:27,991 - vessel_data_pipeline - INFO - Successfully downloaded and validated Expected_arrivals.xml
2025-10-26 17:40:29,992 - vessel_data_pipeline - INFO - Downloading Expected_departures.xml (attempt 1/3)
2025-10-26 17:40:30,301 - vessel_data_pipeline - INFO - File temp_Expected_departures.xml passed validation checks
2025-10-26 17:40:30,301 - vessel_data_pipeline - INFO - Created backup: Expected_departures_20251026_174030.xml
2025-10-26 17:40:30,301 - vessel_data_pipeline - INFO - Updated metadata for Expected_departures.xml
2025-10-26 17:40:30,301 - vessel_data_pipeline - INFO - Successfully downloaded and validated Expected_departures.xml
2025-10-26 17:40:32,302 - vessel_data_pipeline - INFO - Fetch operation completed. Results: {'Arrived_in_last_36_hours.xml': True, 'Departed_in_last_36_hours.xml': True, 'Expected_arrivals.xml': True, 'Expected_departures.xml': True}
2025-10-26 17:40:32,307 - vessel_data_pipeline - INFO - VesselDataFetcher initialized. Pipeline enabled: True
2025-10-26 17:40:32,307 - vessel_data_pipeline - INFO - Starting vessel data fetch operation
2025-10-26 17:40:32,308 - vessel_data_pipeline - INFO - Discovering XML files from Hong Kong Marine Department portal
2025-10-26 17:40:32,548 - vessel_data_pipeline - INFO - Verified access to Arrived_in_last_36_hours.xml
2025-10-26 17:40:32,803 - vessel_data_pipeline - INFO - Verified access to Departed_in_last_36_hours.xml
2025-10-26 17:40:36,275 - vessel_data_pipeline - INFO - Verified access to Expected_arrivals.xml
2025-10-26 17:40:36,311 - vessel_data_pipeline - INFO - Verified access to Expected_departures.xml
2025-10-26 17:40:36,311 - vessel_data_pipeline - INFO - Discovered 4 XML files for download
2025-10-26 17:40:36,311 - vessel_data_pipeline - INFO - Downloading Arrived_in_last_36_hours.xml (attempt 1/3)
2025-10-26 17:40:36,371 - vessel_data_pipeline - INFO - File temp_Arrived_in_last_36_hours.xml passed validation checks
2025-10-26 17:40:36,372 - vessel_data_pipeline - INFO - Created backup: Arrived_in_last_36_hours_20251026_174036.xml
2025-10-26 17:40:36,373 - vessel_data_pipeline - INFO - Updated metadata for Arrived_in_last_36_hours.xml
2025-10-26 17:40:36,373 - vessel_data_pipeline - INFO - Successfully downloaded and validated Arrived_in_last_36_hours.xml
2025-10-26 17:40:38,378 - vessel_data_pipeline - INFO - Downloading Departed_in_last_36_hours.xml (attempt 1/3)
2025-10-26 17:40:38,438 - vessel_data_pipeline - INFO - File temp_Departed_in_last_36_hours.xml passed validation checks
2025-10-26 17:40:38,439 - vessel_data_pipeline - INFO - Created backup: Departed_in_last_36_hours_20251026_174038.xml
2025-10-26 17:40:38,439 - vessel_data_pipeline - INFO - Updated metadata for Departed_in_last_36_hours.xml
2025-10-26 17:40:38,439 - vessel_data_pipeline - INFO - Successfully downloaded and validated Departed_in_last_36_hours.xml
2025-10-26 17:40:40,441 - vessel_data_pipeline - INFO - Downloading Expected_arrivals.xml (attempt 1/3)
2025-10-26 17:40:40,499 - vessel_data_pipeline - INFO - File temp_Expected_arrivals.xml passed validation checks
2025-10-26 17:40:40,499 - vessel_data_pipeline - INFO - Created backup: Expected_arrivals_20251026_174040.xml
2025-10-26 17:40:40,500 - vessel_data_pipeline - INFO - Updated metadata for Expected_arrivals.xml
2025-10-26 17:40:40,500 - vessel_data_pipeline - INFO - Successfully downloaded and validated Expected_arrivals.xml
2025-10-26 17:40:42,505 - vessel_data_pipeline - INFO - Downloading Expected_departures.xml (attempt 1/3)
2025-10-26 17:40:42,609 - vessel_data_pipeline - INFO - File temp_Expected_departures.xml passed validation checks
2025-10-26 17:40:42,609 - vessel_data_pipeline - INFO - Created backup: Expected_departures_20251026_174042.xml
2025-10-26 17:40:42,609 - vessel_data_pipeline - INFO - Updated metadata for Expected_departures.xml
2025-10-26 17:40:42,609 - vessel_data_pipeline - INFO - Successfully downloaded and validated Expected_departures.xml
2025-10-26 17:40:44,615 - vessel_data_pipeline - INFO - Fetch operation completed. Results: {'Arrived_in_last_36_hours.xml': True, 'Departed_in_last_36_hours.xml': True, 'Expected_arrivals.xml': True, 'Expected_departures.xml': True}
2025-10-26 17:40:44,633 - vessel_data_pipeline - INFO - VesselDataFetcher initialized. Pipeline enabled: True
2025-10-26 17:40:44,634 - vessel_data_pipeline - INFO - Starting vessel data fetch operation
2025-10-26 17:40:44,634 - vessel_data_pipeline - INFO - Discovering XML files from Hong Kong Marine Department portal
2025-10-26 17:40:44,694 - vessel_data_pipeline - INFO - Verified access to Arrived_in_last_36_hours.xml
2025-10-26 17:40:44,741 - vessel_data_pipeline - INFO - Verified access to Departed_in_last_36_hours.xml
2025-10-26 17:40:44,775 - vessel_data_pipeline - INFO - Verified access to Expected_arrivals.xml
2025-10-26 17:40:44,806 - vessel_data_pipeline - INFO - Verified access to Expected_departures.xml
2025-10-26 17:40:44,806 - vessel_data_pipeline - INFO - Discovered 4 XML files for download
2025-10-26 17:40:44,806 - vessel_data_pipeline - INFO - Downloading Arrived_in_last_36_hours.xml (attempt 1/3)
2025-10-26 17:40:44,899 - vessel_data_pipeline - INFO - File temp_Arrived_in_last_36_hours.xml passed validation checks
2025-10-26 17:40:44,899 - vessel_data_pipeline - INFO - Created backup: Arrived_in_last_36_hours_20251026_174044.xml
2025-10-26 17:40:44,900 - vessel_data_pipeline - INFO - Updated metadata for Arrived_in_last_36_hours.xml
2025-10-26 17:40:44,900 - vessel_data_pipeline - INFO - Successfully downloaded and validated Arrived_in_last_36_hours.xml
2025-10-26 17:40:46,905 - vessel_data_pipeline - INFO - Downloading Departed_in_last_36_hours.xml (attempt 1/3)
2025-10-26 17:40:46,976 - vessel_data_pipeline - INFO - File temp_Departed_in_last_36_hours.xml passed validation checks
2025-10-26 17:40:46,976 - vessel_data_pipeline - INFO - Created backup: Departed_in_last_36_hours_20251026_174046.xml
2025-10-26 17:40:46,977 - vessel_data_pipeline - INFO - Updated metadata for Departed_in_last_36_hours.xml
2025-10-26 17:40:46,977 - vessel_data_pipeline - INFO - Successfully downloaded and validated Departed_in_last_36_hours.xml
2025-10-26 17:40:48,982 - vessel_data_pipeline - INFO - Downloading Expected_arrivals.xml (attempt 1/3)
2025-10-26 17:40:49,030 - vessel_data_pipeline - INFO - File temp_Expected_arrivals.xml passed validation checks
2025-10-26 17:40:49,030 - vessel_data_pipeline - INFO - Created backup: Expected_arrivals_20251026_174049.xml
2025-10-26 17:40:49,031 - vessel_data_pipeline - INFO - Updated metadata for Expected_arrivals.xml
2025-10-26 17:40:49,031 - vessel_data_pipeline - INFO - Successfully downloaded and validated Expected_arrivals.xml
2025-10-26 17:40:51,033 - vessel_data_pipeline - INFO - Downloading Expected_departures.xml (attempt 1/3)
2025-10-26 17:40:51,108 - vessel_data_pipeline - INFO - File temp_Expected_departures.xml passed validation checks
2025-10-26 17:40:51,109 - vessel_data_pipeline - INFO - Created backup: Expected_departures_20251026_174051.xml
2025-10-26 17:40:51,109 - vessel_data_pipeline - INFO - Updated metadata for Expected_departures.xml
2025-10-26 17:40:51,109 - vessel_data_pipeline - INFO - Successfully downloaded and validated Expected_departures.xml
2025-10-26 17:40:53,110 - vessel_data_pipeline - INFO - Fetch operation completed. Results: {'Arrived_in_last_36_hours.xml': True, 'Departed_in_last_36_hours.xml': True, 'Expected_arrivals.xml': True, 'Expected_departures.xml': True}
2025-10-26 17:40:53,119 - vessel_data_pipeline - INFO - VesselDataFetcher initialized. Pipeline enabled: True
2025-10-26 17:40:53,120 - vessel_data_pipeline - INFO - Starting vessel data fetch operation
2025-10-26 17:40:53,120 - vessel_data_pipeline - INFO - Discovering XML files from Hong Kong Marine Department portal
2025-10-26 17:40:53,173 - vessel_data_pipeline - INFO - Verified access to Arrived_in_last_36_hours.xml
2025-10-26 17:40:53,206 - vessel_data_pipeline - INFO - Verified access to Departed_in_last_36_hours.xml
2025-10-26 17:40:53,261 - vessel_data_pipeline - INFO - Verified access to Expected_arrivals.xml
2025-10-26 17:40:53,293 - vessel_data_pipeline - INFO - Verified access to Expected_departures.xml
2025-10-26 17:40:53,293 - vessel_data_pipeline - INFO - Discovered 4 XML files for download
2025-10-26 17:40:53,293 - vessel_data_pipeline - INFO - Downloading Arrived_in_last_36_hours.xml (attempt 1/3)
2025-10-26 17:40:53,339 - vessel_data_pipeline - INFO - File temp_Arrived_in_last_36_hours.xml passed validation checks
2025-10-26 17:40:53,340 - vessel_data_pipeline - INFO - Created backup: Arrived_in_last_36_hours_20251026_174053.xml
2025-10-26 17:40:53,340 - vessel_data_pipeline - INFO - Updated metadata for Arrived_in_last_36_hours.xml
2025-10-26 17:40:53,340 - vessel_data_pipeline - INFO - Successfully downloaded and validated Arrived_in_last_36_hours.xml
2025-10-26 17:40:55,345 - vessel_data_pipeline - INFO - Downloading Departed_in_last_36_hours.xml (attempt 1/3)
2025-10-26 17:40:55,435 - vessel_data_pipeline - INFO - File temp_Departed_in_last_36_hours.xml passed validation checks
2025-10-26 17:40:55,436 - vessel_data_pipeline - INFO - Created backup: Departed_in_last_36_hours_20251026_174055.xml
2025-10-26 17:40:55,436 - vessel_data_pipeline - INFO - Updated metadata for Departed_in_last_36_hours.xml
2025-10-26 17:40:55,436 - vessel_data_pipeline - INFO - Successfully downloaded and validated Departed_in_last_36_hours.xml
2025-10-26 17:40:57,440 - vessel_data_pipeline - INFO - Downloading Expected_arrivals.xml (attempt 1/3)
2025-10-26 17:40:57,483 - vessel_data_pipeline - INFO - File temp_Expected_arrivals.xml passed validation checks
2025-10-26 17:40:57,483 - vessel_data_pipeline - INFO - Created backup: Expected_arrivals_20251026_174057.xml
2025-10-26 17:40:57,484 - vessel_data_pipeline - INFO - Updated metadata for Expected_arrivals.xml
2025-10-26 17:40:57,484 - vessel_data_pipeline - INFO - Successfully downloaded and validated Expected_arrivals.xml
2025-10-26 17:40:59,489 - vessel_data_pipeline - INFO - Downloading Expected_departures.xml (attempt 1/3)
2025-10-26 17:40:59,546 - vessel_data_pipeline - INFO - File temp_Expected_departures.xml passed validation checks
2025-10-26 17:40:59,546 - vessel_data_pipeline - INFO - Created backup: Expected_departures_20251026_174059.xml
2025-10-26 17:40:59,547 - vessel_data_pipeline - INFO - Updated metadata for Expected_departures.xml
2025-10-26 17:40:59,547 - vessel_data_pipeline - INFO - Successfully downloaded and validated Expected_departures.xml
2025-10-26 17:41:01,552 - vessel_data_pipeline - INFO - Fetch operation completed. Results: {'Arrived_in_last_36_hours.xml': True, 'Departed_in_last_36_hours.xml': True, 'Expected_arrivals.xml': True, 'Expected_departures.xml': True}
2025-10-26 17:41:10,592 - vessel_data_pipeline - INFO - VesselDataFetcher initialized. Pipeline enabled: True
2025-10-26 17:41:10,593 - vessel_data_pipeline - INFO - VesselDataFetcher initialized. Pipeline enabled: True
2025-10-26 17:41:10,594 - vessel_data_pipeline - INFO - Starting vessel data fetch operation
2025-10-26 17:41:10,594 - vessel_data_pipeline - INFO - Discovering XML files from Hong Kong Marine Department portal
2025-10-26 17:41:10,673 - vessel_data_pipeline - INFO - Verified access to Arrived_in_last_36_hours.xml
2025-10-26 17:41:10,734 - vessel_data_pipeline - INFO - Verified access to Departed_in_last_36_hours.xml
2025-10-26 17:41:10,771 - vessel_data_pipeline - INFO - Verified access to Expected_arrivals.xml
2025-10-26 17:41:10,815 - vessel_data_pipeline - INFO - Verified access to Expected_departures.xml
2025-10-26 17:41:10,815 - vessel_data_pipeline - INFO - Discovered 4 XML files for download
2025-10-26 17:41:10,815 - vessel_data_pipeline - INFO - Downloading Arrived_in_last_36_hours.xml (attempt 1/3)
2025-10-26 17:41:10,867 - vessel_data_pipeline - INFO - File temp_Arrived_in_last_36_hours.xml passed validation checks
2025-10-26 17:41:10,868 - vessel_data_pipeline - INFO - Created backup: Arrived_in_last_36_hours_20251026_174110.xml
2025-10-26 17:41:10,869 - vessel_data_pipeline - INFO - Updated metadata for Arrived_in_last_36_hours.xml
2025-10-26 17:41:10,869 - vessel_data_pipeline - INFO - Successfully downloaded and validated Arrived_in_last_36_hours.xml
2025-10-26 17:41:12,870 - vessel_data_pipeline - INFO - Downloading Departed_in_last_36_hours.xml (attempt 1/3)
2025-10-26 17:41:12,945 - vessel_data_pipeline - INFO - File temp_Departed_in_last_36_hours.xml passed validation checks
2025-10-26 17:41:12,945 - vessel_data_pipeline - INFO - Created backup: Departed_in_last_36_hours_20251026_174112.xml
2025-10-26 17:41:12,946 - vessel_data_pipeline - INFO - Updated metadata for Departed_in_last_36_hours.xml
2025-10-26 17:41:12,946 - vessel_data_pipeline - INFO - Successfully downloaded and validated Departed_in_last_36_hours.xml
2025-10-26 17:41:14,951 - vessel_data_pipeline - INFO - Downloading Expected_arrivals.xml (attempt 1/3)
2025-10-26 17:41:15,020 - vessel_data_pipeline - INFO - File temp_Expected_arrivals.xml passed validation checks
2025-10-26 17:41:15,020 - vessel_data_pipeline - INFO - Created backup: Expected_arrivals_20251026_174115.xml
2025-10-26 17:41:15,020 - vessel_data_pipeline - INFO - Updated metadata for Expected_arrivals.xml
2025-10-26 17:41:15,020 - vessel_data_pipeline - INFO - Successfully downloaded and validated Expected_arrivals.xml
2025-10-26 17:41:17,022 - vessel_data_pipeline - INFO - Downloading Expected_departures.xml (attempt 1/3)
2025-10-26 17:41:17,069 - vessel_data_pipeline - INFO - File temp_Expected_departures.xml passed validation checks
2025-10-26 17:41:17,070 - vessel_data_pipeline - INFO - Created backup: Expected_departures_20251026_174117.xml
2025-10-26 17:41:17,070 - vessel_data_pipeline - INFO - Updated metadata for Expected_departures.xml
2025-10-26 17:41:17,070 - vessel_data_pipeline - INFO - Successfully downloaded and validated Expected_departures.xml
2025-10-26 17:41:19,075 - vessel_data_pipeline - INFO - Fetch operation completed. Results: {'Arrived_in_last_36_hours.xml': True, 'Departed_in_last_36_hours.xml': True, 'Expected_arrivals.xml': True, 'Expected_departures.xml': True}
2025-10-26 17:41:22,040 - vessel_data_pipeline - INFO - VesselDataFetcher initialized. Pipeline enabled: True
2025-10-26 17:41:22,041 - vessel_data_pipeline - INFO - Starting vessel data fetch operation
2025-10-26 17:41:22,041 - vessel_data_pipeline - INFO - Discovering XML files from Hong Kong Marine Department portal
2025-10-26 17:41:22,129 - vessel_data_pipeline - INFO - Verified access to Arrived_in_last_36_hours.xml
2025-10-26 17:41:22,167 - vessel_data_pipeline - INFO - Verified access to Departed_in_last_36_hours.xml
2025-10-26 17:41:22,204 - vessel_data_pipeline - INFO - Verified access to Expected_arrivals.xml
2025-10-26 17:41:22,271 - vessel_data_pipeline - INFO - Verified access to Expected_departures.xml
2025-10-26 17:41:22,272 - vessel_data_pipeline - INFO - Discovered 4 XML files for download
2025-10-26 17:41:22,272 - vessel_data_pipeline - INFO - Downloading Arrived_in_last_36_hours.xml (attempt 1/3)
2025-10-26 17:41:22,332 - vessel_data_pipeline - INFO - File temp_Arrived_in_last_36_hours.xml passed validation checks
2025-10-26 17:41:22,334 - vessel_data_pipeline - INFO - Created backup: Arrived_in_last_36_hours_20251026_174122.xml
2025-10-26 17:41:22,335 - vessel_data_pipeline - INFO - Updated metadata for Arrived_in_last_36_hours.xml
2025-10-26 17:41:22,335 - vessel_data_pipeline - INFO - Successfully downloaded and validated Arrived_in_last_36_hours.xml
2025-10-26 17:41:24,340 - vessel_data_pipeline - INFO - Downloading Departed_in_last_36_hours.xml (attempt 1/3)
2025-10-26 17:41:24,412 - vessel_data_pipeline - INFO - File temp_Departed_in_last_36_hours.xml passed validation checks
2025-10-26 17:41:24,413 - vessel_data_pipeline - INFO - Created backup: Departed_in_last_36_hours_20251026_174124.xml
2025-10-26 17:41:24,413 - vessel_data_pipeline - INFO - Updated metadata for Departed_in_last_36_hours.xml
2025-10-26 17:41:24,413 - vessel_data_pipeline - INFO - Successfully downloaded and validated Departed_in_last_36_hours.xml
2025-10-26 17:41:26,418 - vessel_data_pipeline - INFO - Downloading Expected_arrivals.xml (attempt 1/3)
2025-10-26 17:41:26,467 - vessel_data_pipeline - INFO - File temp_Expected_arrivals.xml passed validation checks
2025-10-26 17:41:26,468 - vessel_data_pipeline - INFO - Created backup: Expected_arrivals_20251026_174126.xml
2025-10-26 17:41:26,468 - vessel_data_pipeline - INFO - Updated metadata for Expected_arrivals.xml
2025-10-26 17:41:26,468 - vessel_data_pipeline - INFO - Successfully downloaded and validated Expected_arrivals.xml
2025-10-26 17:41:28,471 - vessel_data_pipeline - INFO - Downloading Expected_departures.xml (attempt 1/3)
2025-10-26 17:41:28,528 - vessel_data_pipeline - INFO - File temp_Expected_departures.xml passed validation checks
2025-10-26 17:41:28,529 - vessel_data_pipeline - INFO - Created backup: Expected_departures_20251026_174128.xml
2025-10-26 17:41:28,529 - vessel_data_pipeline - INFO - Updated metadata for Expected_departures.xml
2025-10-26 17:41:28,529 - vessel_data_pipeline - INFO - Successfully downloaded and validated Expected_departures.xml
2025-10-26 17:41:30,534 - vessel_data_pipeline - INFO - Fetch operation completed. Results: {'Arrived_in_last_36_hours.xml': True, 'Departed_in_last_36_hours.xml': True, 'Expected_arrivals.xml': True, 'Expected_departures.xml': True}
2025-10-26 17:41:30,540 - vessel_data_pipeline - INFO - VesselDataFetcher initialized. Pipeline enabled: True
2025-10-26 17:41:30,540 - vessel_data_pipeline - INFO - Starting vessel data fetch operation
2025-10-26 17:41:30,540 - vessel_data_pipeline - INFO - Discovering XML files from Hong Kong Marine Department portal
2025-10-26 17:41:30,599 - vessel_data_pipeline - INFO - Verified access to Arrived_in_last_36_hours.xml
2025-10-26 17:41:30,631 - vessel_data_pipeline - INFO - Verified access to Departed_in_last_36_hours.xml
2025-10-26 17:41:30,673 - vessel_data_pipeline - INFO - Verified access to Expected_arrivals.xml
2025-10-26 17:41:30,710 - vessel_data_pipeline - INFO - Verified access to Expected_departures.xml
2025-10-26 17:41:30,710 - vessel_data_pipeline - INFO - Discovered 4 XML files for download
2025-10-26 17:41:30,710 - vessel_data_pipeline - INFO - Downloading Arrived_in_last_36_hours.xml (attempt 1/3)
2025-10-26 17:41:30,755 - vessel_data_pipeline - INFO - File temp_Arrived_in_last_36_hours.xml passed validation checks
2025-10-26 17:41:30,756 - vessel_data_pipeline - INFO - Created backup: Arrived_in_last_36_hours_20251026_174130.xml
2025-10-26 17:41:30,756 - vessel_data_pipeline - INFO - Updated metadata for Arrived_in_last_36_hours.xml
2025-10-26 17:41:30,756 - vessel_data_pipeline - INFO - Successfully downloaded and validated Arrived_in_last_36_hours.xml
2025-10-26 17:41:32,756 - vessel_data_pipeline - INFO - Downloading Departed_in_last_36_hours.xml (attempt 1/3)
2025-10-26 17:41:32,838 - vessel_data_pipeline - INFO - File temp_Departed_in_last_36_hours.xml passed validation checks
2025-10-26 17:41:32,839 - vessel_data_pipeline - INFO - Created backup: Departed_in_last_36_hours_20251026_174132.xml
2025-10-26 17:41:32,839 - vessel_data_pipeline - INFO - Updated metadata for Departed_in_last_36_hours.xml
2025-10-26 17:41:32,839 - vessel_data_pipeline - INFO - Successfully downloaded and validated Departed_in_last_36_hours.xml
2025-10-26 17:41:34,841 - vessel_data_pipeline - INFO - Downloading Expected_arrivals.xml (attempt 1/3)
2025-10-26 17:41:34,894 - vessel_data_pipeline - INFO - File temp_Expected_arrivals.xml passed validation checks
2025-10-26 17:41:34,894 - vessel_data_pipeline - INFO - Created backup: Expected_arrivals_20251026_174134.xml
2025-10-26 17:41:34,895 - vessel_data_pipeline - INFO - Updated metadata for Expected_arrivals.xml
2025-10-26 17:41:34,895 - vessel_data_pipeline - INFO - Successfully downloaded and validated Expected_arrivals.xml
2025-10-26 17:41:36,900 - vessel_data_pipeline - INFO - Downloading Expected_departures.xml (attempt 1/3)
2025-10-26 17:41:36,952 - vessel_data_pipeline - INFO - File temp_Expected_departures.xml passed validation checks
2025-10-26 17:41:36,953 - vessel_data_pipeline - INFO - Created backup: Expected_departures_20251026_174136.xml
2025-10-26 17:41:36,953 - vessel_data_pipeline - INFO - Updated metadata for Expected_departures.xml
2025-10-26 17:41:36,953 - vessel_data_pipeline - INFO - Successfully downloaded and validated Expected_departures.xml
2025-10-26 17:41:38,957 - vessel_data_pipeline - INFO - Fetch operation completed. Results: {'Arrived_in_last_36_hours.xml': True, 'Departed_in_last_36_hours.xml': True, 'Expected_arrivals.xml': True, 'Expected_departures.xml': True}
2025-10-26 17:41:38,988 - vessel_data_pipeline - INFO - VesselDataFetcher initialized. Pipeline enabled: True
2025-10-26 17:41:38,989 - vessel_data_pipeline - INFO - Starting vessel data fetch operation
2025-10-26 17:41:38,989 - vessel_data_pipeline - INFO - Discovering XML files from Hong Kong Marine Department portal
2025-10-26 17:41:39,063 - vessel_data_pipeline - INFO - Verified access to Arrived_in_last_36_hours.xml
2025-10-26 17:41:39,096 - vessel_data_pipeline - INFO - Verified access to Departed_in_last_36_hours.xml
2025-10-26 17:41:39,128 - vessel_data_pipeline - INFO - Verified access to Expected_arrivals.xml
2025-10-26 17:41:39,177 - vessel_data_pipeline - INFO - Verified access to Expected_departures.xml
2025-10-26 17:41:39,177 - vessel_data_pipeline - INFO - Discovered 4 XML files for download
2025-10-26 17:41:39,177 - vessel_data_pipeline - INFO - Downloading Arrived_in_last_36_hours.xml (attempt 1/3)
2025-10-26 17:41:39,224 - vessel_data_pipeline - INFO - File temp_Arrived_in_last_36_hours.xml passed validation checks
2025-10-26 17:41:39,224 - vessel_data_pipeline - INFO - Created backup: Arrived_in_last_36_hours_20251026_174139.xml
2025-10-26 17:41:39,224 - vessel_data_pipeline - INFO - Updated metadata for Arrived_in_last_36_hours.xml
2025-10-26 17:41:39,224 - vessel_data_pipeline - INFO - Successfully downloaded and validated Arrived_in_last_36_hours.xml
2025-10-26 17:41:41,229 - vessel_data_pipeline - INFO - Downloading Departed_in_last_36_hours.xml (attempt 1/3)
2025-10-26 17:41:41,306 - vessel_data_pipeline - INFO - File temp_Departed_in_last_36_hours.xml passed validation checks
2025-10-26 17:41:41,306 - vessel_data_pipeline - INFO - Created backup: Departed_in_last_36_hours_20251026_174141.xml
2025-10-26 17:41:41,306 - vessel_data_pipeline - INFO - Updated metadata for Departed_in_last_36_hours.xml
2025-10-26 17:41:41,306 - vessel_data_pipeline - INFO - Successfully downloaded and validated Departed_in_last_36_hours.xml
2025-10-26 17:41:43,312 - vessel_data_pipeline - INFO - Downloading Expected_arrivals.xml (attempt 1/3)
2025-10-26 17:41:43,355 - vessel_data_pipeline - INFO - File temp_Expected_arrivals.xml passed validation checks
2025-10-26 17:41:43,356 - vessel_data_pipeline - INFO - Created backup: Expected_arrivals_20251026_174143.xml
2025-10-26 17:41:43,356 - vessel_data_pipeline - INFO - Updated metadata for Expected_arrivals.xml
2025-10-26 17:41:43,356 - vessel_data_pipeline - INFO - Successfully downloaded and validated Expected_arrivals.xml
2025-10-26 17:41:45,362 - vessel_data_pipeline - INFO - Downloading Expected_departures.xml (attempt 1/3)
2025-10-26 17:41:45,451 - vessel_data_pipeline - INFO - File temp_Expected_departures.xml passed validation checks
2025-10-26 17:41:45,451 - vessel_data_pipeline - INFO - Created backup: Expected_departures_20251026_174145.xml
2025-10-26 17:41:45,451 - vessel_data_pipeline - INFO - Updated metadata for Expected_departures.xml
2025-10-26 17:41:45,451 - vessel_data_pipeline - INFO - Successfully downloaded and validated Expected_departures.xml
2025-10-26 17:41:47,453 - vessel_data_pipeline - INFO - Fetch operation completed. Results: {'Arrived_in_last_36_hours.xml': True, 'Departed_in_last_36_hours.xml': True, 'Expected_arrivals.xml': True, 'Expected_departures.xml': True}
2025-10-26 17:41:47,458 - vessel_data_pipeline - INFO - VesselDataFetcher initialized. Pipeline enabled: True
2025-10-26 17:41:47,459 - vessel_data_pipeline - INFO - Starting vessel data fetch operation
2025-10-26 17:41:47,459 - vessel_data_pipeline - INFO - Discovering XML files from Hong Kong Marine Department portal
2025-10-26 17:41:47,515 - vessel_data_pipeline - INFO - Verified access to Arrived_in_last_36_hours.xml
2025-10-26 17:41:47,571 - vessel_data_pipeline - INFO - Verified access to Departed_in_last_36_hours.xml
2025-10-26 17:41:47,600 - vessel_data_pipeline - INFO - Verified access to Expected_arrivals.xml
2025-10-26 17:41:47,631 - vessel_data_pipeline - INFO - Verified access to Expected_departures.xml
2025-10-26 17:41:47,631 - vessel_data_pipeline - INFO - Discovered 4 XML files for download
2025-10-26 17:41:47,631 - vessel_data_pipeline - INFO - Downloading Arrived_in_last_36_hours.xml (attempt 1/3)
2025-10-26 17:41:47,699 - vessel_data_pipeline - INFO - File temp_Arrived_in_last_36_hours.xml passed validation checks
2025-10-26 17:41:47,699 - vessel_data_pipeline - INFO - Created backup: Arrived_in_last_36_hours_20251026_174147.xml
2025-10-26 17:41:47,699 - vessel_data_pipeline - INFO - Updated metadata for Arrived_in_last_36_hours.xml
2025-10-26 17:41:47,699 - vessel_data_pipeline - INFO - Successfully downloaded and validated Arrived_in_last_36_hours.xml
2025-10-26 17:41:49,702 - vessel_data_pipeline - INFO - Downloading Departed_in_last_36_hours.xml (attempt 1/3)
2025-10-26 17:41:49,757 - vessel_data_pipeline - INFO - File temp_Departed_in_last_36_hours.xml passed validation checks
2025-10-26 17:41:49,758 - vessel_data_pipeline - INFO - Created backup: Departed_in_last_36_hours_20251026_174149.xml
2025-10-26 17:41:49,758 - vessel_data_pipeline - INFO - Updated metadata for Departed_in_last_36_hours.xml
2025-10-26 17:41:49,758 - vessel_data_pipeline - INFO - Successfully downloaded and validated Departed_in_last_36_hours.xml
2025-10-26 17:41:51,764 - vessel_data_pipeline - INFO - Downloading Expected_arrivals.xml (attempt 1/3)
2025-10-26 17:41:51,833 - vessel_data_pipeline - INFO - File temp_Expected_arrivals.xml passed validation checks
2025-10-26 17:41:51,834 - vessel_data_pipeline - INFO - Created backup: Expected_arrivals_20251026_174151.xml
2025-10-26 17:41:51,834 - vessel_data_pipeline - INFO - Updated metadata for Expected_arrivals.xml
2025-10-26 17:41:51,834 - vessel_data_pipeline - INFO - Successfully downloaded and validated Expected_arrivals.xml
2025-10-26 17:41:53,839 - vessel_data_pipeline - INFO - Downloading Expected_departures.xml (attempt 1/3)
2025-10-26 17:41:53,889 - vessel_data_pipeline - INFO - File temp_Expected_departures.xml passed validation checks
2025-10-26 17:41:53,889 - vessel_data_pipeline - INFO - Created backup: Expected_departures_20251026_174153.xml
2025-10-26 17:41:53,889 - vessel_data_pipeline - INFO - Updated metadata for Expected_departures.xml
2025-10-26 17:41:53,889 - vessel_data_pipeline - INFO - Successfully downloaded and validated Expected_departures.xml
2025-10-26 17:41:55,890 - vessel_data_pipeline - INFO - Fetch operation completed. Results: {'Arrived_in_last_36_hours.xml': True, 'Departed_in_last_36_hours.xml': True, 'Expected_arrivals.xml': True, 'Expected_departures.xml': True}
2025-10-26 17:42:21,430 - vessel_data_pipeline - INFO - VesselDataFetcher initialized. Pipeline enabled: True
2025-10-26 17:42:21,432 - vessel_data_pipeline - INFO - VesselDataFetcher initialized. Pipeline enabled: True
2025-10-26 17:42:21,432 - vessel_data_pipeline - INFO - Starting vessel data fetch operation
2025-10-26 17:42:21,432 - vessel_data_pipeline - INFO - Discovering XML files from Hong Kong Marine Department portal
2025-10-26 17:42:21,508 - vessel_data_pipeline - INFO - Verified access to Arrived_in_last_36_hours.xml
2025-10-26 17:42:21,546 - vessel_data_pipeline - INFO - Verified access to Departed_in_last_36_hours.xml
2025-10-26 17:42:21,603 - vessel_data_pipeline - INFO - Verified access to Expected_arrivals.xml
2025-10-26 17:42:21,639 - vessel_data_pipeline - INFO - Verified access to Expected_departures.xml
2025-10-26 17:42:21,639 - vessel_data_pipeline - INFO - Discovered 4 XML files for download
2025-10-26 17:42:21,639 - vessel_data_pipeline - INFO - Downloading Arrived_in_last_36_hours.xml (attempt 1/3)
2025-10-26 17:42:21,696 - vessel_data_pipeline - INFO - File temp_Arrived_in_last_36_hours.xml passed validation checks
2025-10-26 17:42:21,697 - vessel_data_pipeline - INFO - Created backup: Arrived_in_last_36_hours_20251026_174221.xml
2025-10-26 17:42:21,697 - vessel_data_pipeline - INFO - Updated metadata for Arrived_in_last_36_hours.xml
2025-10-26 17:42:21,697 - vessel_data_pipeline - INFO - Successfully downloaded and validated Arrived_in_last_36_hours.xml
2025-10-26 17:42:23,698 - vessel_data_pipeline - INFO - Downloading Departed_in_last_36_hours.xml (attempt 1/3)
2025-10-26 17:42:23,784 - vessel_data_pipeline - INFO - File temp_Departed_in_last_36_hours.xml passed validation checks
2025-10-26 17:42:23,785 - vessel_data_pipeline - INFO - Created backup: Departed_in_last_36_hours_20251026_174223.xml
2025-10-26 17:42:23,785 - vessel_data_pipeline - INFO - Updated metadata for Departed_in_last_36_hours.xml
2025-10-26 17:42:23,785 - vessel_data_pipeline - INFO - Successfully downloaded and validated Departed_in_last_36_hours.xml
2025-10-26 17:42:25,788 - vessel_data_pipeline - INFO - Downloading Expected_arrivals.xml (attempt 1/3)
2025-10-26 17:42:25,943 - vessel_data_pipeline - INFO - File temp_Expected_arrivals.xml passed validation checks
2025-10-26 17:42:25,944 - vessel_data_pipeline - INFO - Created backup: Expected_arrivals_20251026_174225.xml
2025-10-26 17:42:25,944 - vessel_data_pipeline - INFO - Updated metadata for Expected_arrivals.xml
2025-10-26 17:42:25,944 - vessel_data_pipeline - INFO - Successfully downloaded and validated Expected_arrivals.xml
2025-10-26 17:42:27,949 - vessel_data_pipeline - INFO - Downloading Expected_departures.xml (attempt 1/3)
2025-10-26 17:42:28,020 - vessel_data_pipeline - INFO - File temp_Expected_departures.xml passed validation checks
2025-10-26 17:42:28,020 - vessel_data_pipeline - INFO - Created backup: Expected_departures_20251026_174228.xml
2025-10-26 17:42:28,020 - vessel_data_pipeline - INFO - Updated metadata for Expected_departures.xml
2025-10-26 17:42:28,020 - vessel_data_pipeline - INFO - Successfully downloaded and validated Expected_departures.xml
2025-10-26 17:42:30,024 - vessel_data_pipeline - INFO - Fetch operation completed. Results: {'Arrived_in_last_36_hours.xml': True, 'Departed_in_last_36_hours.xml': True, 'Expected_arrivals.xml': True, 'Expected_departures.xml': True}
2025-10-26 17:42:32,992 - vessel_data_pipeline - INFO - VesselDataFetcher initialized. Pipeline enabled: True
2025-10-26 17:42:32,993 - vessel_data_pipeline - INFO - Starting vessel data fetch operation
2025-10-26 17:42:32,993 - vessel_data_pipeline - INFO - Discovering XML files from Hong Kong Marine Department portal
2025-10-26 17:42:33,169 - vessel_data_pipeline - INFO - Verified access to Arrived_in_last_36_hours.xml
2025-10-26 17:42:33,205 - vessel_data_pipeline - INFO - Verified access to Departed_in_last_36_hours.xml
2025-10-26 17:42:33,240 - vessel_data_pipeline - INFO - Verified access to Expected_arrivals.xml
2025-10-26 17:42:33,298 - vessel_data_pipeline - INFO - Verified access to Expected_departures.xml
2025-10-26 17:42:33,298 - vessel_data_pipeline - INFO - Discovered 4 XML files for download
2025-10-26 17:42:33,298 - vessel_data_pipeline - INFO - Downloading Arrived_in_last_36_hours.xml (attempt 1/3)
2025-10-26 17:42:33,345 - vessel_data_pipeline - INFO - File temp_Arrived_in_last_36_hours.xml passed validation checks
2025-10-26 17:42:33,346 - vessel_data_pipeline - INFO - Created backup: Arrived_in_last_36_hours_20251026_174233.xml
2025-10-26 17:42:33,346 - vessel_data_pipeline - INFO - Updated metadata for Arrived_in_last_36_hours.xml
2025-10-26 17:42:33,346 - vessel_data_pipeline - INFO - Successfully downloaded and validated Arrived_in_last_36_hours.xml
2025-10-26 17:42:35,346 - vessel_data_pipeline - INFO - Downloading Departed_in_last_36_hours.xml (attempt 1/3)
2025-10-26 17:42:35,423 - vessel_data_pipeline - INFO - File temp_Departed_in_last_36_hours.xml passed validation checks
2025-10-26 17:42:35,424 - vessel_data_pipeline - INFO - Created backup: Departed_in_last_36_hours_20251026_174235.xml
2025-10-26 17:42:35,424 - vessel_data_pipeline - INFO - Updated metadata for Departed_in_last_36_hours.xml
2025-10-26 17:42:35,424 - vessel_data_pipeline - INFO - Successfully downloaded and validated Departed_in_last_36_hours.xml
2025-10-26 17:42:37,430 - vessel_data_pipeline - INFO - Downloading Expected_arrivals.xml (attempt 1/3)
2025-10-26 17:42:37,482 - vessel_data_pipeline - INFO - File temp_Expected_arrivals.xml passed validation checks
2025-10-26 17:42:37,482 - vessel_data_pipeline - INFO - Created backup: Expected_arrivals_20251026_174237.xml
2025-10-26 17:42:37,482 - vessel_data_pipeline - INFO - Updated metadata for Expected_arrivals.xml
2025-10-26 17:42:37,482 - vessel_data_pipeline - INFO - Successfully downloaded and validated Expected_arrivals.xml
2025-10-26 17:42:39,484 - vessel_data_pipeline - INFO - Downloading Expected_departures.xml (attempt 1/3)
2025-10-26 17:42:39,537 - vessel_data_pipeline - INFO - File temp_Expected_departures.xml passed validation checks
2025-10-26 17:42:39,537 - vessel_data_pipeline - INFO - Created backup: Expected_departures_20251026_174239.xml
2025-10-26 17:42:39,538 - vessel_data_pipeline - INFO - Updated metadata for Expected_departures.xml
2025-10-26 17:42:39,538 - vessel_data_pipeline - INFO - Successfully downloaded and validated Expected_departures.xml
2025-10-26 17:42:41,543 - vessel_data_pipeline - INFO - Fetch operation completed. Results: {'Arrived_in_last_36_hours.xml': True, 'Departed_in_last_36_hours.xml': True, 'Expected_arrivals.xml': True, 'Expected_departures.xml': True}
2025-10-26 17:42:41,549 - vessel_data_pipeline - INFO - VesselDataFetcher initialized. Pipeline enabled: True
2025-10-26 17:42:41,550 - vessel_data_pipeline - INFO - Starting vessel data fetch operation
2025-10-26 17:42:41,550 - vessel_data_pipeline - INFO - Discovering XML files from Hong Kong Marine Department portal
2025-10-26 17:42:41,609 - vessel_data_pipeline - INFO - Verified access to Arrived_in_last_36_hours.xml
2025-10-26 17:42:41,651 - vessel_data_pipeline - INFO - Verified access to Departed_in_last_36_hours.xml
2025-10-26 17:42:41,683 - vessel_data_pipeline - INFO - Verified access to Expected_arrivals.xml
2025-10-26 17:42:41,712 - vessel_data_pipeline - INFO - Verified access to Expected_departures.xml
2025-10-26 17:42:41,712 - vessel_data_pipeline - INFO - Discovered 4 XML files for download
2025-10-26 17:42:41,712 - vessel_data_pipeline - INFO - Downloading Arrived_in_last_36_hours.xml (attempt 1/3)
2025-10-26 17:42:41,783 - vessel_data_pipeline - INFO - File temp_Arrived_in_last_36_hours.xml passed validation checks
2025-10-26 17:42:41,784 - vessel_data_pipeline - INFO - Created backup: Arrived_in_last_36_hours_20251026_174241.xml
2025-10-26 17:42:41,784 - vessel_data_pipeline - INFO - Updated metadata for Arrived_in_last_36_hours.xml
2025-10-26 17:42:41,784 - vessel_data_pipeline - INFO - Successfully downloaded and validated Arrived_in_last_36_hours.xml
2025-10-26 17:42:43,787 - vessel_data_pipeline - INFO - Downloading Departed_in_last_36_hours.xml (attempt 1/3)
2025-10-26 17:42:43,844 - vessel_data_pipeline - INFO - File temp_Departed_in_last_36_hours.xml passed validation checks
2025-10-26 17:42:43,845 - vessel_data_pipeline - INFO - Created backup: Departed_in_last_36_hours_20251026_174243.xml
2025-10-26 17:42:43,845 - vessel_data_pipeline - INFO - Updated metadata for Departed_in_last_36_hours.xml
2025-10-26 17:42:43,845 - vessel_data_pipeline - INFO - Successfully downloaded and validated Departed_in_last_36_hours.xml
2025-10-26 17:42:45,850 - vessel_data_pipeline - INFO - Downloading Expected_arrivals.xml (attempt 1/3)
2025-10-26 17:42:45,913 - vessel_data_pipeline - INFO - File temp_Expected_arrivals.xml passed validation checks
2025-10-26 17:42:45,914 - vessel_data_pipeline - INFO - Created backup: Expected_arrivals_20251026_174245.xml
2025-10-26 17:42:45,914 - vessel_data_pipeline - INFO - Updated metadata for Expected_arrivals.xml
2025-10-26 17:42:45,914 - vessel_data_pipeline - INFO - Successfully downloaded and validated Expected_arrivals.xml
2025-10-26 17:42:47,914 - vessel_data_pipeline - INFO - Downloading Expected_departures.xml (attempt 1/3)
2025-10-26 17:42:47,968 - vessel_data_pipeline - INFO - File temp_Expected_departures.xml passed validation checks
2025-10-26 17:42:47,968 - vessel_data_pipeline - INFO - Created backup: Expected_departures_20251026_174247.xml
2025-10-26 17:42:47,968 - vessel_data_pipeline - INFO - Updated metadata for Expected_departures.xml
2025-10-26 17:42:47,968 - vessel_data_pipeline - INFO - Successfully downloaded and validated Expected_departures.xml
2025-10-26 17:42:49,974 - vessel_data_pipeline - INFO - Fetch operation completed. Results: {'Arrived_in_last_36_hours.xml': True, 'Departed_in_last_36_hours.xml': True, 'Expected_arrivals.xml': True, 'Expected_departures.xml': True}
2025-10-26 17:42:50,011 - vessel_data_pipeline - INFO - VesselDataFetcher initialized. Pipeline enabled: True
2025-10-26 17:42:50,012 - vessel_data_pipeline - INFO - Starting vessel data fetch operation
2025-10-26 17:42:50,012 - vessel_data_pipeline - INFO - Discovering XML files from Hong Kong Marine Department portal
2025-10-26 17:42:50,079 - vessel_data_pipeline - INFO - Verified access to Arrived_in_last_36_hours.xml
2025-10-26 17:42:50,122 - vessel_data_pipeline - INFO - Verified access to Departed_in_last_36_hours.xml
2025-10-26 17:42:50,155 - vessel_data_pipeline - INFO - Verified access to Expected_arrivals.xml
2025-10-26 17:42:50,216 - vessel_data_pipeline - INFO - Verified access to Expected_departures.xml
2025-10-26 17:42:50,216 - vessel_data_pipeline - INFO - Discovered 4 XML files for download
2025-10-26 17:42:50,216 - vessel_data_pipeline - INFO - Downloading Arrived_in_last_36_hours.xml (attempt 1/3)
2025-10-26 17:42:50,272 - vessel_data_pipeline - INFO - File temp_Arrived_in_last_36_hours.xml passed validation checks
2025-10-26 17:42:50,272 - vessel_data_pipeline - INFO - Created backup: Arrived_in_last_36_hours_20251026_174250.xml
2025-10-26 17:42:50,273 - vessel_data_pipeline - INFO - Updated metadata for Arrived_in_last_36_hours.xml
2025-10-26 17:42:50,273 - vessel_data_pipeline - INFO - Successfully downloaded and validated Arrived_in_last_36_hours.xml
2025-10-26 17:42:52,278 - vessel_data_pipeline - INFO - Downloading Departed_in_last_36_hours.xml (attempt 1/3)
2025-10-26 17:42:52,341 - vessel_data_pipeline - INFO - File temp_Departed_in_last_36_hours.xml passed validation checks
2025-10-26 17:42:52,341 - vessel_data_pipeline - INFO - Created backup: Departed_in_last_36_hours_20251026_174252.xml
2025-10-26 17:42:52,342 - vessel_data_pipeline - INFO - Updated metadata for Departed_in_last_36_hours.xml
2025-10-26 17:42:52,342 - vessel_data_pipeline - INFO - Successfully downloaded and validated Departed_in_last_36_hours.xml
2025-10-26 17:42:54,344 - vessel_data_pipeline - INFO - Downloading Expected_arrivals.xml (attempt 1/3)
2025-10-26 17:42:54,411 - vessel_data_pipeline - INFO - File temp_Expected_arrivals.xml passed validation checks
2025-10-26 17:42:54,411 - vessel_data_pipeline - INFO - Created backup: Expected_arrivals_20251026_174254.xml
2025-10-26 17:42:54,411 - vessel_data_pipeline - INFO - Updated metadata for Expected_arrivals.xml
2025-10-26 17:42:54,411 - vessel_data_pipeline - INFO - Successfully downloaded and validated Expected_arrivals.xml
2025-10-26 17:42:56,417 - vessel_data_pipeline - INFO - Downloading Expected_departures.xml (attempt 1/3)
2025-10-26 17:42:56,464 - vessel_data_pipeline - INFO - File temp_Expected_departures.xml passed validation checks
2025-10-26 17:42:56,464 - vessel_data_pipeline - INFO - Created backup: Expected_departures_20251026_174256.xml
2025-10-26 17:42:56,465 - vessel_data_pipeline - INFO - Updated metadata for Expected_departures.xml
2025-10-26 17:42:56,465 - vessel_data_pipeline - INFO - Successfully downloaded and validated Expected_departures.xml
2025-10-26 17:42:58,465 - vessel_data_pipeline - INFO - Fetch operation completed. Results: {'Arrived_in_last_36_hours.xml': True, 'Departed_in_last_36_hours.xml': True, 'Expected_arrivals.xml': True, 'Expected_departures.xml': True}
2025-10-26 17:42:58,469 - vessel_data_pipeline - INFO - VesselDataFetcher initialized. Pipeline enabled: True
2025-10-26 17:42:58,469 - vessel_data_pipeline - INFO - Starting vessel data fetch operation
2025-10-26 17:42:58,469 - vessel_data_pipeline - INFO - Discovering XML files from Hong Kong Marine Department portal
2025-10-26 17:42:58,534 - vessel_data_pipeline - INFO - Verified access to Arrived_in_last_36_hours.xml
2025-10-26 17:42:58,566 - vessel_data_pipeline - INFO - Verified access to Departed_in_last_36_hours.xml
2025-10-26 17:42:58,597 - vessel_data_pipeline - INFO - Verified access to Expected_arrivals.xml
2025-10-26 17:42:58,650 - vessel_data_pipeline - INFO - Verified access to Expected_departures.xml
2025-10-26 17:42:58,650 - vessel_data_pipeline - INFO - Discovered 4 XML files for download
2025-10-26 17:42:58,651 - vessel_data_pipeline - INFO - Downloading Arrived_in_last_36_hours.xml (attempt 1/3)
2025-10-26 17:42:58,693 - vessel_data_pipeline - INFO - File temp_Arrived_in_last_36_hours.xml passed validation checks
2025-10-26 17:42:58,693 - vessel_data_pipeline - INFO - Created backup: Arrived_in_last_36_hours_20251026_174258.xml
2025-10-26 17:42:58,694 - vessel_data_pipeline - INFO - Updated metadata for Arrived_in_last_36_hours.xml
2025-10-26 17:42:58,694 - vessel_data_pipeline - INFO - Successfully downloaded and validated Arrived_in_last_36_hours.xml
2025-10-26 17:43:00,699 - vessel_data_pipeline - INFO - Downloading Departed_in_last_36_hours.xml (attempt 1/3)
2025-10-26 17:43:00,755 - vessel_data_pipeline - INFO - File temp_Departed_in_last_36_hours.xml passed validation checks
2025-10-26 17:43:00,756 - vessel_data_pipeline - INFO - Created backup: Departed_in_last_36_hours_20251026_174300.xml
2025-10-26 17:43:00,756 - vessel_data_pipeline - INFO - Updated metadata for Departed_in_last_36_hours.xml
2025-10-26 17:43:00,756 - vessel_data_pipeline - INFO - Successfully downloaded and validated Departed_in_last_36_hours.xml
2025-10-26 17:43:02,760 - vessel_data_pipeline - INFO - Downloading Expected_arrivals.xml (attempt 1/3)
2025-10-26 17:43:02,808 - vessel_data_pipeline - INFO - File temp_Expected_arrivals.xml passed validation checks
2025-10-26 17:43:02,808 - vessel_data_pipeline - INFO - Created backup: Expected_arrivals_20251026_174302.xml
2025-10-26 17:43:02,808 - vessel_data_pipeline - INFO - Updated metadata for Expected_arrivals.xml
2025-10-26 17:43:02,808 - vessel_data_pipeline - INFO - Successfully downloaded and validated Expected_arrivals.xml
2025-10-26 17:43:04,814 - vessel_data_pipeline - INFO - Downloading Expected_departures.xml (attempt 1/3)
2025-10-26 17:43:04,869 - vessel_data_pipeline - INFO - File temp_Expected_departures.xml passed validation checks
2025-10-26 17:43:04,869 - vessel_data_pipeline - INFO - Created backup: Expected_departures_20251026_174304.xml
2025-10-26 17:43:04,870 - vessel_data_pipeline - INFO - Updated metadata for Expected_departures.xml
2025-10-26 17:43:04,870 - vessel_data_pipeline - INFO - Successfully downloaded and validated Expected_departures.xml
2025-10-26 17:43:06,872 - vessel_data_pipeline - INFO - Fetch operation completed. Results: {'Arrived_in_last_36_hours.xml': True, 'Departed_in_last_36_hours.xml': True, 'Expected_arrivals.xml': True, 'Expected_departures.xml': True}
2025-10-26 17:43:16,050 - vessel_data_pipeline - INFO - VesselDataFetcher initialized. Pipeline enabled: True
2025-10-26 17:43:16,051 - vessel_data_pipeline - INFO - VesselDataFetcher initialized. Pipeline enabled: True
2025-10-26 17:43:16,052 - vessel_data_pipeline - INFO - Starting vessel data fetch operation
2025-10-26 17:43:16,052 - vessel_data_pipeline - INFO - Discovering XML files from Hong Kong Marine Department portal
2025-10-26 17:43:16,138 - vessel_data_pipeline - INFO - Verified access to Arrived_in_last_36_hours.xml
2025-10-26 17:43:16,175 - vessel_data_pipeline - INFO - Verified access to Departed_in_last_36_hours.xml
2025-10-26 17:43:16,209 - vessel_data_pipeline - INFO - Verified access to Expected_arrivals.xml
2025-10-26 17:43:16,261 - vessel_data_pipeline - INFO - Verified access to Expected_departures.xml
2025-10-26 17:43:16,261 - vessel_data_pipeline - INFO - Discovered 4 XML files for download
2025-10-26 17:43:16,261 - vessel_data_pipeline - INFO - Downloading Arrived_in_last_36_hours.xml (attempt 1/3)
2025-10-26 17:43:16,318 - vessel_data_pipeline - INFO - File temp_Arrived_in_last_36_hours.xml passed validation checks
2025-10-26 17:43:16,320 - vessel_data_pipeline - INFO - Created backup: Arrived_in_last_36_hours_20251026_174316.xml
2025-10-26 17:43:16,321 - vessel_data_pipeline - INFO - Updated metadata for Arrived_in_last_36_hours.xml
2025-10-26 17:43:16,322 - vessel_data_pipeline - INFO - Successfully downloaded and validated Arrived_in_last_36_hours.xml
2025-10-26 17:43:18,325 - vessel_data_pipeline - INFO - Downloading Departed_in_last_36_hours.xml (attempt 1/3)
2025-10-26 17:43:18,385 - vessel_data_pipeline - INFO - File temp_Departed_in_last_36_hours.xml passed validation checks
2025-10-26 17:43:18,385 - vessel_data_pipeline - INFO - Created backup: Departed_in_last_36_hours_20251026_174318.xml
2025-10-26 17:43:18,385 - vessel_data_pipeline - INFO - Updated metadata for Departed_in_last_36_hours.xml
2025-10-26 17:43:18,385 - vessel_data_pipeline - INFO - Successfully downloaded and validated Departed_in_last_36_hours.xml
2025-10-26 17:43:20,389 - vessel_data_pipeline - INFO - Downloading Expected_arrivals.xml (attempt 1/3)
2025-10-26 17:43:20,435 - vessel_data_pipeline - INFO - File temp_Expected_arrivals.xml passed validation checks
2025-10-26 17:43:20,435 - vessel_data_pipeline - INFO - Created backup: Expected_arrivals_20251026_174320.xml
2025-10-26 17:43:20,435 - vessel_data_pipeline - INFO - Updated metadata for Expected_arrivals.xml
2025-10-26 17:43:20,435 - vessel_data_pipeline - INFO - Successfully downloaded and validated Expected_arrivals.xml
2025-10-26 17:43:22,438 - vessel_data_pipeline - INFO - Downloading Expected_departures.xml (attempt 1/3)
2025-10-26 17:43:22,540 - vessel_data_pipeline - INFO - File temp_Expected_departures.xml passed validation checks
2025-10-26 17:43:22,541 - vessel_data_pipeline - INFO - Created backup: Expected_departures_20251026_174322.xml
2025-10-26 17:43:22,541 - vessel_data_pipeline - INFO - Updated metadata for Expected_departures.xml
2025-10-26 17:43:22,542 - vessel_data_pipeline - INFO - Successfully downloaded and validated Expected_departures.xml
2025-10-26 17:43:24,545 - vessel_data_pipeline - INFO - Fetch operation completed. Results: {'Arrived_in_last_36_hours.xml': True, 'Departed_in_last_36_hours.xml': True, 'Expected_arrivals.xml': True, 'Expected_departures.xml': True}
2025-10-26 17:43:27,497 - vessel_data_pipeline - INFO - VesselDataFetcher initialized. Pipeline enabled: True
2025-10-26 17:43:27,497 - vessel_data_pipeline - INFO - Starting vessel data fetch operation
2025-10-26 17:43:27,497 - vessel_data_pipeline - INFO - Discovering XML files from Hong Kong Marine Department portal
2025-10-26 17:43:27,557 - vessel_data_pipeline - INFO - Verified access to Arrived_in_last_36_hours.xml
2025-10-26 17:43:27,597 - vessel_data_pipeline - INFO - Verified access to Departed_in_last_36_hours.xml
2025-10-26 17:43:27,654 - vessel_data_pipeline - INFO - Verified access to Expected_arrivals.xml
2025-10-26 17:43:27,701 - vessel_data_pipeline - INFO - Verified access to Expected_departures.xml
2025-10-26 17:43:27,702 - vessel_data_pipeline - INFO - Discovered 4 XML files for download
2025-10-26 17:43:27,702 - vessel_data_pipeline - INFO - Downloading Arrived_in_last_36_hours.xml (attempt 1/3)
2025-10-26 17:43:27,756 - vessel_data_pipeline - INFO - File temp_Arrived_in_last_36_hours.xml passed validation checks
2025-10-26 17:43:27,757 - vessel_data_pipeline - INFO - Created backup: Arrived_in_last_36_hours_20251026_174327.xml
2025-10-26 17:43:27,758 - vessel_data_pipeline - INFO - Updated metadata for Arrived_in_last_36_hours.xml
2025-10-26 17:43:27,758 - vessel_data_pipeline - INFO - Successfully downloaded and validated Arrived_in_last_36_hours.xml
2025-10-26 17:43:29,760 - vessel_data_pipeline - INFO - Downloading Departed_in_last_36_hours.xml (attempt 1/3)
2025-10-26 17:43:29,813 - vessel_data_pipeline - INFO - File temp_Departed_in_last_36_hours.xml passed validation checks
2025-10-26 17:43:29,814 - vessel_data_pipeline - INFO - Created backup: Departed_in_last_36_hours_20251026_174329.xml
2025-10-26 17:43:29,814 - vessel_data_pipeline - INFO - Updated metadata for Departed_in_last_36_hours.xml
2025-10-26 17:43:29,814 - vessel_data_pipeline - INFO - Successfully downloaded and validated Departed_in_last_36_hours.xml
2025-10-26 17:43:31,816 - vessel_data_pipeline - INFO - Downloading Expected_arrivals.xml (attempt 1/3)
2025-10-26 17:43:31,867 - vessel_data_pipeline - INFO - File temp_Expected_arrivals.xml passed validation checks
2025-10-26 17:43:31,867 - vessel_data_pipeline - INFO - Created backup: Expected_arrivals_20251026_174331.xml
2025-10-26 17:43:31,868 - vessel_data_pipeline - INFO - Updated metadata for Expected_arrivals.xml
2025-10-26 17:43:31,868 - vessel_data_pipeline - INFO - Successfully downloaded and validated Expected_arrivals.xml
2025-10-26 17:43:33,872 - vessel_data_pipeline - INFO - Downloading Expected_departures.xml (attempt 1/3)
2025-10-26 17:43:33,943 - vessel_data_pipeline - INFO - File temp_Expected_departures.xml passed validation checks
2025-10-26 17:43:33,944 - vessel_data_pipeline - INFO - Created backup: Expected_departures_20251026_174333.xml
2025-10-26 17:43:33,944 - vessel_data_pipeline - INFO - Updated metadata for Expected_departures.xml
2025-10-26 17:43:33,944 - vessel_data_pipeline - INFO - Successfully downloaded and validated Expected_departures.xml
2025-10-26 17:43:35,949 - vessel_data_pipeline - INFO - Fetch operation completed. Results: {'Arrived_in_last_36_hours.xml': True, 'Departed_in_last_36_hours.xml': True, 'Expected_arrivals.xml': True, 'Expected_departures.xml': True}
2025-10-26 17:43:35,953 - vessel_data_pipeline - INFO - VesselDataFetcher initialized. Pipeline enabled: True
2025-10-26 17:43:35,953 - vessel_data_pipeline - INFO - Starting vessel data fetch operation
2025-10-26 17:43:35,953 - vessel_data_pipeline - INFO - Discovering XML files from Hong Kong Marine Department portal
2025-10-26 17:43:36,012 - vessel_data_pipeline - INFO - Verified access to Arrived_in_last_36_hours.xml
2025-10-26 17:43:36,048 - vessel_data_pipeline - INFO - Verified access to Departed_in_last_36_hours.xml
2025-10-26 17:43:36,086 - vessel_data_pipeline - INFO - Verified access to Expected_arrivals.xml
2025-10-26 17:43:36,113 - vessel_data_pipeline - INFO - Verified access to Expected_departures.xml
2025-10-26 17:43:36,113 - vessel_data_pipeline - INFO - Discovered 4 XML files for download
2025-10-26 17:43:36,113 - vessel_data_pipeline - INFO - Downloading Arrived_in_last_36_hours.xml (attempt 1/3)
2025-10-26 17:43:36,182 - vessel_data_pipeline - INFO - File temp_Arrived_in_last_36_hours.xml passed validation checks
2025-10-26 17:43:36,182 - vessel_data_pipeline - INFO - Created backup: Arrived_in_last_36_hours_20251026_174336.xml
2025-10-26 17:43:36,183 - vessel_data_pipeline - INFO - Updated metadata for Arrived_in_last_36_hours.xml
2025-10-26 17:43:36,183 - vessel_data_pipeline - INFO - Successfully downloaded and validated Arrived_in_last_36_hours.xml
2025-10-26 17:43:38,188 - vessel_data_pipeline - INFO - Downloading Departed_in_last_36_hours.xml (attempt 1/3)
2025-10-26 17:43:38,246 - vessel_data_pipeline - INFO - File temp_Departed_in_last_36_hours.xml passed validation checks
2025-10-26 17:43:38,246 - vessel_data_pipeline - INFO - Created backup: Departed_in_last_36_hours_20251026_174338.xml
2025-10-26 17:43:38,246 - vessel_data_pipeline - INFO - Updated metadata for Departed_in_last_36_hours.xml
2025-10-26 17:43:38,247 - vessel_data_pipeline - INFO - Successfully downloaded and validated Departed_in_last_36_hours.xml
2025-10-26 17:43:40,252 - vessel_data_pipeline - INFO - Downloading Expected_arrivals.xml (attempt 1/3)
2025-10-26 17:43:40,309 - vessel_data_pipeline - INFO - File temp_Expected_arrivals.xml passed validation checks
2025-10-26 17:43:40,310 - vessel_data_pipeline - INFO - Created backup: Expected_arrivals_20251026_174340.xml
2025-10-26 17:43:40,310 - vessel_data_pipeline - INFO - Updated metadata for Expected_arrivals.xml
2025-10-26 17:43:40,310 - vessel_data_pipeline - INFO - Successfully downloaded and validated Expected_arrivals.xml
2025-10-26 17:43:42,312 - vessel_data_pipeline - INFO - Downloading Expected_departures.xml (attempt 1/3)
2025-10-26 17:43:42,359 - vessel_data_pipeline - INFO - File temp_Expected_departures.xml passed validation checks
2025-10-26 17:43:42,360 - vessel_data_pipeline - INFO - Created backup: Expected_departures_20251026_174342.xml
2025-10-26 17:43:42,360 - vessel_data_pipeline - INFO - Updated metadata for Expected_departures.xml
2025-10-26 17:43:42,360 - vessel_data_pipeline - INFO - Successfully downloaded and validated Expected_departures.xml
2025-10-26 17:43:44,363 - vessel_data_pipeline - INFO - Fetch operation completed. Results: {'Arrived_in_last_36_hours.xml': True, 'Departed_in_last_36_hours.xml': True, 'Expected_arrivals.xml': True, 'Expected_departures.xml': True}
2025-10-26 17:43:44,386 - vessel_data_pipeline - INFO - VesselDataFetcher initialized. Pipeline enabled: True
2025-10-26 17:43:44,387 - vessel_data_pipeline - INFO - Starting vessel data fetch operation
2025-10-26 17:43:44,387 - vessel_data_pipeline - INFO - Discovering XML files from Hong Kong Marine Department portal
2025-10-26 17:43:44,446 - vessel_data_pipeline - INFO - Verified access to Arrived_in_last_36_hours.xml
2025-10-26 17:43:44,482 - vessel_data_pipeline - INFO - Verified access to Departed_in_last_36_hours.xml
2025-10-26 17:43:44,528 - vessel_data_pipeline - INFO - Verified access to Expected_arrivals.xml
2025-10-26 17:43:44,560 - vessel_data_pipeline - INFO - Verified access to Expected_departures.xml
2025-10-26 17:43:44,560 - vessel_data_pipeline - INFO - Discovered 4 XML files for download
2025-10-26 17:43:44,560 - vessel_data_pipeline - INFO - Downloading Arrived_in_last_36_hours.xml (attempt 1/3)
2025-10-26 17:43:44,615 - vessel_data_pipeline - INFO - File temp_Arrived_in_last_36_hours.xml passed validation checks
2025-10-26 17:43:44,615 - vessel_data_pipeline - INFO - Created backup: Arrived_in_last_36_hours_20251026_174344.xml
2025-10-26 17:43:44,615 - vessel_data_pipeline - INFO - Updated metadata for Arrived_in_last_36_hours.xml
2025-10-26 17:43:44,615 - vessel_data_pipeline - INFO - Successfully downloaded and validated Arrived_in_last_36_hours.xml
2025-10-26 17:43:46,616 - vessel_data_pipeline - INFO - Downloading Departed_in_last_36_hours.xml (attempt 1/3)
2025-10-26 17:43:46,781 - vessel_data_pipeline - INFO - File temp_Departed_in_last_36_hours.xml passed validation checks
2025-10-26 17:43:46,781 - vessel_data_pipeline - INFO - Created backup: Departed_in_last_36_hours_20251026_174346.xml
2025-10-26 17:43:46,781 - vessel_data_pipeline - INFO - Updated metadata for Departed_in_last_36_hours.xml
2025-10-26 17:43:46,781 - vessel_data_pipeline - INFO - Successfully downloaded and validated Departed_in_last_36_hours.xml
2025-10-26 17:43:48,785 - vessel_data_pipeline - INFO - Downloading Expected_arrivals.xml (attempt 1/3)
2025-10-26 17:43:48,836 - vessel_data_pipeline - INFO - File temp_Expected_arrivals.xml passed validation checks
2025-10-26 17:43:48,837 - vessel_data_pipeline - INFO - Created backup: Expected_arrivals_20251026_174348.xml
2025-10-26 17:43:48,837 - vessel_data_pipeline - INFO - Updated metadata for Expected_arrivals.xml
2025-10-26 17:43:48,837 - vessel_data_pipeline - INFO - Successfully downloaded and validated Expected_arrivals.xml
2025-10-26 17:43:50,841 - vessel_data_pipeline - INFO - Downloading Expected_departures.xml (attempt 1/3)
2025-10-26 17:43:50,894 - vessel_data_pipeline - INFO - File temp_Expected_departures.xml passed validation checks
2025-10-26 17:43:50,895 - vessel_data_pipeline - INFO - Created backup: Expected_departures_20251026_174350.xml
2025-10-26 17:43:50,895 - vessel_data_pipeline - INFO - Updated metadata for Expected_departures.xml
2025-10-26 17:43:50,895 - vessel_data_pipeline - INFO - Successfully downloaded and validated Expected_departures.xml
2025-10-26 17:43:52,897 - vessel_data_pipeline - INFO - Fetch operation completed. Results: {'Arrived_in_last_36_hours.xml': True, 'Departed_in_last_36_hours.xml': True, 'Expected_arrivals.xml': True, 'Expected_departures.xml': True}
2025-10-26 17:43:52,909 - vessel_data_pipeline - INFO - VesselDataFetcher initialized. Pipeline enabled: True
2025-10-26 17:43:52,910 - vessel_data_pipeline - INFO - Starting vessel data fetch operation
2025-10-26 17:43:52,910 - vessel_data_pipeline - INFO - Discovering XML files from Hong Kong Marine Department portal
2025-10-26 17:43:52,965 - vessel_data_pipeline - INFO - Verified access to Arrived_in_last_36_hours.xml
2025-10-26 17:43:53,004 - vessel_data_pipeline - INFO - Verified access to Departed_in_last_36_hours.xml
2025-10-26 17:43:53,036 - vessel_data_pipeline - INFO - Verified access to Expected_arrivals.xml
2025-10-26 17:43:53,137 - vessel_data_pipeline - INFO - Verified access to Expected_departures.xml
2025-10-26 17:43:53,137 - vessel_data_pipeline - INFO - Discovered 4 XML files for download
2025-10-26 17:43:53,138 - vessel_data_pipeline - INFO - Downloading Arrived_in_last_36_hours.xml (attempt 1/3)
2025-10-26 17:43:53,188 - vessel_data_pipeline - INFO - File temp_Arrived_in_last_36_hours.xml passed validation checks
2025-10-26 17:43:53,189 - vessel_data_pipeline - INFO - Created backup: Arrived_in_last_36_hours_20251026_174353.xml
2025-10-26 17:43:53,189 - vessel_data_pipeline - INFO - Updated metadata for Arrived_in_last_36_hours.xml
2025-10-26 17:43:53,189 - vessel_data_pipeline - INFO - Successfully downloaded and validated Arrived_in_last_36_hours.xml
2025-10-26 17:43:55,194 - vessel_data_pipeline - INFO - Downloading Departed_in_last_36_hours.xml (attempt 1/3)
2025-10-26 17:43:55,253 - vessel_data_pipeline - INFO - File temp_Departed_in_last_36_hours.xml passed validation checks
2025-10-26 17:43:55,254 - vessel_data_pipeline - INFO - Created backup: Departed_in_last_36_hours_20251026_174355.xml
2025-10-26 17:43:55,254 - vessel_data_pipeline - INFO - Updated metadata for Departed_in_last_36_hours.xml
2025-10-26 17:43:55,254 - vessel_data_pipeline - INFO - Successfully downloaded and validated Departed_in_last_36_hours.xml
2025-10-26 17:43:57,259 - vessel_data_pipeline - INFO - Downloading Expected_arrivals.xml (attempt 1/3)
2025-10-26 17:43:57,304 - vessel_data_pipeline - INFO - File temp_Expected_arrivals.xml passed validation checks
2025-10-26 17:43:57,305 - vessel_data_pipeline - INFO - Created backup: Expected_arrivals_20251026_174357.xml
2025-10-26 17:43:57,305 - vessel_data_pipeline - INFO - Updated metadata for Expected_arrivals.xml
2025-10-26 17:43:57,305 - vessel_data_pipeline - INFO - Successfully downloaded and validated Expected_arrivals.xml
2025-10-26 17:43:59,307 - vessel_data_pipeline - INFO - Downloading Expected_departures.xml (attempt 1/3)
2025-10-26 17:43:59,475 - vessel_data_pipeline - INFO - File temp_Expected_departures.xml passed validation checks
2025-10-26 17:43:59,475 - vessel_data_pipeline - INFO - Created backup: Expected_departures_20251026_174359.xml
2025-10-26 17:43:59,476 - vessel_data_pipeline - INFO - Updated metadata for Expected_departures.xml
2025-10-26 17:43:59,476 - vessel_data_pipeline - INFO - Successfully downloaded and validated Expected_departures.xml
2025-10-26 17:44:01,478 - vessel_data_pipeline - INFO - Fetch operation completed. Results: {'Arrived_in_last_36_hours.xml': True, 'Departed_in_last_36_hours.xml': True, 'Expected_arrivals.xml': True, 'Expected_departures.xml': True}
2025-10-26 17:45:18,663 - vessel_data_pipeline - INFO - VesselDataFetcher initialized. Pipeline enabled: True
2025-10-26 17:45:18,665 - vessel_data_pipeline - INFO - VesselDataFetcher initialized. Pipeline enabled: True
2025-10-26 17:45:18,665 - vessel_data_pipeline - INFO - Starting vessel data fetch operation
2025-10-26 17:45:18,665 - vessel_data_pipeline - INFO - Discovering XML files from Hong Kong Marine Department portal
2025-10-26 17:45:18,769 - vessel_data_pipeline - INFO - Verified access to Arrived_in_last_36_hours.xml
2025-10-26 17:45:18,817 - vessel_data_pipeline - INFO - Verified access to Departed_in_last_36_hours.xml
2025-10-26 17:45:18,848 - vessel_data_pipeline - INFO - Verified access to Expected_arrivals.xml
2025-10-26 17:45:18,909 - vessel_data_pipeline - INFO - Verified access to Expected_departures.xml
2025-10-26 17:45:18,909 - vessel_data_pipeline - INFO - Discovered 4 XML files for download
2025-10-26 17:45:18,909 - vessel_data_pipeline - INFO - Downloading Arrived_in_last_36_hours.xml (attempt 1/3)
2025-10-26 17:45:18,954 - vessel_data_pipeline - INFO - File temp_Arrived_in_last_36_hours.xml passed validation checks
2025-10-26 17:45:18,955 - vessel_data_pipeline - INFO - Created backup: Arrived_in_last_36_hours_20251026_174518.xml
2025-10-26 17:45:18,956 - vessel_data_pipeline - INFO - Updated metadata for Arrived_in_last_36_hours.xml
2025-10-26 17:45:18,956 - vessel_data_pipeline - INFO - Successfully downloaded and validated Arrived_in_last_36_hours.xml
2025-10-26 17:45:20,961 - vessel_data_pipeline - INFO - Downloading Departed_in_last_36_hours.xml (attempt 1/3)
2025-10-26 17:45:21,116 - vessel_data_pipeline - INFO - File temp_Departed_in_last_36_hours.xml passed validation checks
2025-10-26 17:45:21,117 - vessel_data_pipeline - INFO - Created backup: Departed_in_last_36_hours_20251026_174521.xml
2025-10-26 17:45:21,117 - vessel_data_pipeline - INFO - Updated metadata for Departed_in_last_36_hours.xml
2025-10-26 17:45:21,117 - vessel_data_pipeline - INFO - Successfully downloaded and validated Departed_in_last_36_hours.xml
2025-10-26 17:45:23,119 - vessel_data_pipeline - INFO - Downloading Expected_arrivals.xml (attempt 1/3)
2025-10-26 17:45:23,195 - vessel_data_pipeline - INFO - File temp_Expected_arrivals.xml passed validation checks
2025-10-26 17:45:23,195 - vessel_data_pipeline - INFO - Created backup: Expected_arrivals_20251026_174523.xml
2025-10-26 17:45:23,195 - vessel_data_pipeline - INFO - Updated metadata for Expected_arrivals.xml
2025-10-26 17:45:23,195 - vessel_data_pipeline - INFO - Successfully downloaded and validated Expected_arrivals.xml
2025-10-26 17:45:25,199 - vessel_data_pipeline - INFO - Downloading Expected_departures.xml (attempt 1/3)
2025-10-26 17:45:25,298 - vessel_data_pipeline - INFO - File temp_Expected_departures.xml passed validation checks
2025-10-26 17:45:25,298 - vessel_data_pipeline - INFO - Created backup: Expected_departures_20251026_174525.xml
2025-10-26 17:45:25,298 - vessel_data_pipeline - INFO - Updated metadata for Expected_departures.xml
2025-10-26 17:45:25,298 - vessel_data_pipeline - INFO - Successfully downloaded and validated Expected_departures.xml
2025-10-26 17:45:27,301 - vessel_data_pipeline - INFO - Fetch operation completed. Results: {'Arrived_in_last_36_hours.xml': True, 'Departed_in_last_36_hours.xml': True, 'Expected_arrivals.xml': True, 'Expected_departures.xml': True}
2025-10-26 17:45:30,244 - vessel_data_pipeline - INFO - VesselDataFetcher initialized. Pipeline enabled: True
2025-10-26 17:45:30,244 - vessel_data_pipeline - INFO - Starting vessel data fetch operation
2025-10-26 17:45:30,244 - vessel_data_pipeline - INFO - Discovering XML files from Hong Kong Marine Department portal
2025-10-26 17:45:30,300 - vessel_data_pipeline - INFO - Verified access to Arrived_in_last_36_hours.xml
2025-10-26 17:45:30,336 - vessel_data_pipeline - INFO - Verified access to Departed_in_last_36_hours.xml
2025-10-26 17:45:30,376 - vessel_data_pipeline - INFO - Verified access to Expected_arrivals.xml
2025-10-26 17:45:30,577 - vessel_data_pipeline - INFO - Verified access to Expected_departures.xml
2025-10-26 17:45:30,578 - vessel_data_pipeline - INFO - Discovered 4 XML files for download
2025-10-26 17:45:30,579 - vessel_data_pipeline - INFO - Downloading Arrived_in_last_36_hours.xml (attempt 1/3)
2025-10-26 17:45:30,672 - vessel_data_pipeline - INFO - File temp_Arrived_in_last_36_hours.xml passed validation checks
2025-10-26 17:45:30,674 - vessel_data_pipeline - INFO - Created backup: Arrived_in_last_36_hours_20251026_174530.xml
2025-10-26 17:45:30,674 - vessel_data_pipeline - INFO - Updated metadata for Arrived_in_last_36_hours.xml
2025-10-26 17:45:30,674 - vessel_data_pipeline - INFO - Successfully downloaded and validated Arrived_in_last_36_hours.xml
2025-10-26 17:45:32,680 - vessel_data_pipeline - INFO - Downloading Departed_in_last_36_hours.xml (attempt 1/3)
2025-10-26 17:45:32,884 - vessel_data_pipeline - INFO - File temp_Departed_in_last_36_hours.xml passed validation checks
2025-10-26 17:45:32,885 - vessel_data_pipeline - INFO - Created backup: Departed_in_last_36_hours_20251026_174532.xml
2025-10-26 17:45:32,885 - vessel_data_pipeline - INFO - Updated metadata for Departed_in_last_36_hours.xml
2025-10-26 17:45:32,885 - vessel_data_pipeline - INFO - Successfully downloaded and validated Departed_in_last_36_hours.xml
2025-10-26 17:45:34,888 - vessel_data_pipeline - INFO - Downloading Expected_arrivals.xml (attempt 1/3)
2025-10-26 17:45:34,929 - vessel_data_pipeline - INFO - File temp_Expected_arrivals.xml passed validation checks
2025-10-26 17:45:34,930 - vessel_data_pipeline - INFO - Created backup: Expected_arrivals_20251026_174534.xml
2025-10-26 17:45:34,930 - vessel_data_pipeline - INFO - Updated metadata for Expected_arrivals.xml
2025-10-26 17:45:34,930 - vessel_data_pipeline - INFO - Successfully downloaded and validated Expected_arrivals.xml
2025-10-26 17:45:36,935 - vessel_data_pipeline - INFO - Downloading Expected_departures.xml (attempt 1/3)
2025-10-26 17:45:36,994 - vessel_data_pipeline - INFO - File temp_Expected_departures.xml passed validation checks
2025-10-26 17:45:36,994 - vessel_data_pipeline - INFO - Created backup: Expected_departures_20251026_174536.xml
2025-10-26 17:45:36,994 - vessel_data_pipeline - INFO - Updated metadata for Expected_departures.xml
2025-10-26 17:45:36,994 - vessel_data_pipeline - INFO - Successfully downloaded and validated Expected_departures.xml
2025-10-26 17:45:38,998 - vessel_data_pipeline - INFO - Fetch operation completed. Results: {'Arrived_in_last_36_hours.xml': True, 'Departed_in_last_36_hours.xml': True, 'Expected_arrivals.xml': True, 'Expected_departures.xml': True}
2025-10-26 17:45:39,003 - vessel_data_pipeline - INFO - VesselDataFetcher initialized. Pipeline enabled: True
2025-10-26 17:45:39,003 - vessel_data_pipeline - INFO - Starting vessel data fetch operation
2025-10-26 17:45:39,003 - vessel_data_pipeline - INFO - Discovering XML files from Hong Kong Marine Department portal
2025-10-26 17:45:39,324 - vessel_data_pipeline - INFO - Verified access to Arrived_in_last_36_hours.xml
2025-10-26 17:45:39,353 - vessel_data_pipeline - INFO - Verified access to Departed_in_last_36_hours.xml
2025-10-26 17:45:39,548 - vessel_data_pipeline - INFO - Verified access to Expected_arrivals.xml
2025-10-26 17:45:39,579 - vessel_data_pipeline - INFO - Verified access to Expected_departures.xml
2025-10-26 17:45:39,579 - vessel_data_pipeline - INFO - Discovered 4 XML files for download
2025-10-26 17:45:39,579 - vessel_data_pipeline - INFO - Downloading Arrived_in_last_36_hours.xml (attempt 1/3)
2025-10-26 17:45:39,620 - vessel_data_pipeline - INFO - File temp_Arrived_in_last_36_hours.xml passed validation checks
2025-10-26 17:45:39,621 - vessel_data_pipeline - INFO - Created backup: Arrived_in_last_36_hours_20251026_174539.xml
2025-10-26 17:45:39,621 - vessel_data_pipeline - INFO - Updated metadata for Arrived_in_last_36_hours.xml
2025-10-26 17:45:39,621 - vessel_data_pipeline - INFO - Successfully downloaded and validated Arrived_in_last_36_hours.xml
2025-10-26 17:45:41,624 - vessel_data_pipeline - INFO - Downloading Departed_in_last_36_hours.xml (attempt 1/3)
2025-10-26 17:45:41,696 - vessel_data_pipeline - INFO - File temp_Departed_in_last_36_hours.xml passed validation checks
2025-10-26 17:45:41,696 - vessel_data_pipeline - INFO - Created backup: Departed_in_last_36_hours_20251026_174541.xml
2025-10-26 17:45:41,696 - vessel_data_pipeline - INFO - Updated metadata for Departed_in_last_36_hours.xml
2025-10-26 17:45:41,696 - vessel_data_pipeline - INFO - Successfully downloaded and validated Departed_in_last_36_hours.xml
2025-10-26 17:45:43,701 - vessel_data_pipeline - INFO - Downloading Expected_arrivals.xml (attempt 1/3)
2025-10-26 17:45:43,765 - vessel_data_pipeline - INFO - File temp_Expected_arrivals.xml passed validation checks
2025-10-26 17:45:43,766 - vessel_data_pipeline - INFO - Created backup: Expected_arrivals_20251026_174543.xml
2025-10-26 17:45:43,766 - vessel_data_pipeline - INFO - Updated metadata for Expected_arrivals.xml
2025-10-26 17:45:43,766 - vessel_data_pipeline - INFO - Successfully downloaded and validated Expected_arrivals.xml
2025-10-26 17:45:45,771 - vessel_data_pipeline - INFO - Downloading Expected_departures.xml (attempt 1/3)
2025-10-26 17:45:45,903 - vessel_data_pipeline - INFO - File temp_Expected_departures.xml passed validation checks
2025-10-26 17:45:45,903 - vessel_data_pipeline - INFO - Created backup: Expected_departures_20251026_174545.xml
2025-10-26 17:45:45,903 - vessel_data_pipeline - INFO - Updated metadata for Expected_departures.xml
2025-10-26 17:45:45,903 - vessel_data_pipeline - INFO - Successfully downloaded and validated Expected_departures.xml
2025-10-26 17:45:47,904 - vessel_data_pipeline - INFO - Fetch operation completed. Results: {'Arrived_in_last_36_hours.xml': True, 'Departed_in_last_36_hours.xml': True, 'Expected_arrivals.xml': True, 'Expected_departures.xml': True}
2025-10-26 17:45:47,928 - vessel_data_pipeline - INFO - VesselDataFetcher initialized. Pipeline enabled: True
2025-10-26 17:45:47,929 - vessel_data_pipeline - INFO - Starting vessel data fetch operation
2025-10-26 17:45:47,929 - vessel_data_pipeline - INFO - Discovering XML files from Hong Kong Marine Department portal
2025-10-26 17:45:48,048 - vessel_data_pipeline - INFO - Verified access to Arrived_in_last_36_hours.xml
2025-10-26 17:45:48,092 - vessel_data_pipeline - INFO - Verified access to Departed_in_last_36_hours.xml
2025-10-26 17:45:48,140 - vessel_data_pipeline - INFO - Verified access to Expected_arrivals.xml
2025-10-26 17:45:48,226 - vessel_data_pipeline - INFO - Verified access to Expected_departures.xml
2025-10-26 17:45:48,226 - vessel_data_pipeline - INFO - Discovered 4 XML files for download
2025-10-26 17:45:48,226 - vessel_data_pipeline - INFO - Downloading Arrived_in_last_36_hours.xml (attempt 1/3)
2025-10-26 17:45:48,288 - vessel_data_pipeline - INFO - File temp_Arrived_in_last_36_hours.xml passed validation checks
2025-10-26 17:45:48,289 - vessel_data_pipeline - INFO - Created backup: Arrived_in_last_36_hours_20251026_174548.xml
2025-10-26 17:45:48,289 - vessel_data_pipeline - INFO - Updated metadata for Arrived_in_last_36_hours.xml
2025-10-26 17:45:48,289 - vessel_data_pipeline - INFO - Successfully downloaded and validated Arrived_in_last_36_hours.xml
2025-10-26 17:45:50,291 - vessel_data_pipeline - INFO - Downloading Departed_in_last_36_hours.xml (attempt 1/3)
2025-10-26 17:45:50,355 - vessel_data_pipeline - INFO - File temp_Departed_in_last_36_hours.xml passed validation checks
2025-10-26 17:45:50,355 - vessel_data_pipeline - INFO - Created backup: Departed_in_last_36_hours_20251026_174550.xml
2025-10-26 17:45:50,355 - vessel_data_pipeline - INFO - Updated metadata for Departed_in_last_36_hours.xml
2025-10-26 17:45:50,355 - vessel_data_pipeline - INFO - Successfully downloaded and validated Departed_in_last_36_hours.xml
2025-10-26 17:45:52,360 - vessel_data_pipeline - INFO - Downloading Expected_arrivals.xml (attempt 1/3)
2025-10-26 17:45:52,418 - vessel_data_pipeline - INFO - File temp_Expected_arrivals.xml passed validation checks
2025-10-26 17:45:52,418 - vessel_data_pipeline - INFO - Created backup: Expected_arrivals_20251026_174552.xml
2025-10-26 17:45:52,419 - vessel_data_pipeline - INFO - Updated metadata for Expected_arrivals.xml
2025-10-26 17:45:52,419 - vessel_data_pipeline - INFO - Successfully downloaded and validated Expected_arrivals.xml
2025-10-26 17:45:54,421 - vessel_data_pipeline - INFO - Downloading Expected_departures.xml (attempt 1/3)
2025-10-26 17:45:54,466 - vessel_data_pipeline - INFO - File temp_Expected_departures.xml passed validation checks
2025-10-26 17:45:54,467 - vessel_data_pipeline - INFO - Created backup: Expected_departures_20251026_174554.xml
2025-10-26 17:45:54,467 - vessel_data_pipeline - INFO - Updated metadata for Expected_departures.xml
2025-10-26 17:45:54,467 - vessel_data_pipeline - INFO - Successfully downloaded and validated Expected_departures.xml
2025-10-26 17:45:56,472 - vessel_data_pipeline - INFO - Fetch operation completed. Results: {'Arrived_in_last_36_hours.xml': True, 'Departed_in_last_36_hours.xml': True, 'Expected_arrivals.xml': True, 'Expected_departures.xml': True}
2025-10-26 17:45:56,475 - vessel_data_pipeline - INFO - VesselDataFetcher initialized. Pipeline enabled: True
2025-10-26 17:45:56,476 - vessel_data_pipeline - INFO - Starting vessel data fetch operation
2025-10-26 17:45:56,476 - vessel_data_pipeline - INFO - Discovering XML files from Hong Kong Marine Department portal
2025-10-26 17:45:56,534 - vessel_data_pipeline - INFO - Verified access to Arrived_in_last_36_hours.xml
2025-10-26 17:45:56,567 - vessel_data_pipeline - INFO - Verified access to Departed_in_last_36_hours.xml
2025-10-26 17:45:56,722 - vessel_data_pipeline - INFO - Verified access to Expected_arrivals.xml
2025-10-26 17:45:56,755 - vessel_data_pipeline - INFO - Verified access to Expected_departures.xml
2025-10-26 17:45:56,755 - vessel_data_pipeline - INFO - Discovered 4 XML files for download
2025-10-26 17:45:56,755 - vessel_data_pipeline - INFO - Downloading Arrived_in_last_36_hours.xml (attempt 1/3)
2025-10-26 17:45:56,879 - vessel_data_pipeline - INFO - File temp_Arrived_in_last_36_hours.xml passed validation checks
2025-10-26 17:45:56,881 - vessel_data_pipeline - INFO - Created backup: Arrived_in_last_36_hours_20251026_174556.xml
2025-10-26 17:45:56,881 - vessel_data_pipeline - INFO - Updated metadata for Arrived_in_last_36_hours.xml
2025-10-26 17:45:56,881 - vessel_data_pipeline - INFO - Successfully downloaded and validated Arrived_in_last_36_hours.xml
2025-10-26 17:45:58,883 - vessel_data_pipeline - INFO - Downloading Departed_in_last_36_hours.xml (attempt 1/3)
2025-10-26 17:45:58,940 - vessel_data_pipeline - INFO - File temp_Departed_in_last_36_hours.xml passed validation checks
2025-10-26 17:45:58,941 - vessel_data_pipeline - INFO - Created backup: Departed_in_last_36_hours_20251026_174558.xml
2025-10-26 17:45:58,941 - vessel_data_pipeline - INFO - Updated metadata for Departed_in_last_36_hours.xml
2025-10-26 17:45:58,941 - vessel_data_pipeline - INFO - Successfully downloaded and validated Departed_in_last_36_hours.xml
2025-10-26 17:46:00,941 - vessel_data_pipeline - INFO - Downloading Expected_arrivals.xml (attempt 1/3)
2025-10-26 17:46:01,084 - vessel_data_pipeline - INFO - File temp_Expected_arrivals.xml passed validation checks
2025-10-26 17:46:01,084 - vessel_data_pipeline - INFO - Created backup: Expected_arrivals_20251026_174601.xml
2025-10-26 17:46:01,084 - vessel_data_pipeline - INFO - Updated metadata for Expected_arrivals.xml
2025-10-26 17:46:01,084 - vessel_data_pipeline - INFO - Successfully downloaded and validated Expected_arrivals.xml
2025-10-26 17:46:03,085 - vessel_data_pipeline - INFO - Downloading Expected_departures.xml (attempt 1/3)
2025-10-26 17:46:03,138 - vessel_data_pipeline - INFO - File temp_Expected_departures.xml passed validation checks
2025-10-26 17:46:03,138 - vessel_data_pipeline - INFO - Created backup: Expected_departures_20251026_174603.xml
2025-10-26 17:46:03,138 - vessel_data_pipeline - INFO - Updated metadata for Expected_departures.xml
2025-10-26 17:46:03,138 - vessel_data_pipeline - INFO - Successfully downloaded and validated Expected_departures.xml
2025-10-26 17:46:05,143 - vessel_data_pipeline - INFO - Fetch operation completed. Results: {'Arrived_in_last_36_hours.xml': True, 'Departed_in_last_36_hours.xml': True, 'Expected_arrivals.xml': True, 'Expected_departures.xml': True}
2025-10-26 17:48:03,864 - vessel_data_pipeline - INFO - VesselDataFetcher initialized. Pipeline enabled: True
2025-10-26 17:48:03,867 - vessel_data_pipeline - INFO - VesselDataFetcher initialized. Pipeline enabled: True
2025-10-26 17:48:03,868 - vessel_data_pipeline - INFO - Starting vessel data fetch operation
2025-10-26 17:48:03,868 - vessel_data_pipeline - INFO - Discovering XML files from Hong Kong Marine Department portal
2025-10-26 17:48:03,991 - vessel_data_pipeline - INFO - Verified access to Arrived_in_last_36_hours.xml
2025-10-26 17:48:04,028 - vessel_data_pipeline - INFO - Verified access to Departed_in_last_36_hours.xml
2025-10-26 17:48:04,077 - vessel_data_pipeline - INFO - Verified access to Expected_arrivals.xml
2025-10-26 17:48:04,112 - vessel_data_pipeline - INFO - Verified access to Expected_departures.xml
2025-10-26 17:48:04,112 - vessel_data_pipeline - INFO - Discovered 4 XML files for download
2025-10-26 17:48:04,112 - vessel_data_pipeline - INFO - Downloading Arrived_in_last_36_hours.xml (attempt 1/3)
2025-10-26 17:48:04,162 - vessel_data_pipeline - INFO - File temp_Arrived_in_last_36_hours.xml passed validation checks
2025-10-26 17:48:04,162 - vessel_data_pipeline - INFO - Created backup: Arrived_in_last_36_hours_20251026_174804.xml
2025-10-26 17:48:04,163 - vessel_data_pipeline - INFO - Updated metadata for Arrived_in_last_36_hours.xml
2025-10-26 17:48:04,163 - vessel_data_pipeline - INFO - Successfully downloaded and validated Arrived_in_last_36_hours.xml
2025-10-26 17:48:06,168 - vessel_data_pipeline - INFO - Downloading Departed_in_last_36_hours.xml (attempt 1/3)
2025-10-26 17:48:06,247 - vessel_data_pipeline - INFO - File temp_Departed_in_last_36_hours.xml passed validation checks
2025-10-26 17:48:06,247 - vessel_data_pipeline - INFO - Created backup: Departed_in_last_36_hours_20251026_174806.xml
2025-10-26 17:48:06,248 - vessel_data_pipeline - INFO - Updated metadata for Departed_in_last_36_hours.xml
2025-10-26 17:48:06,248 - vessel_data_pipeline - INFO - Successfully downloaded and validated Departed_in_last_36_hours.xml
2025-10-26 17:48:08,250 - vessel_data_pipeline - INFO - Downloading Expected_arrivals.xml (attempt 1/3)
2025-10-26 17:48:08,293 - vessel_data_pipeline - INFO - File temp_Expected_arrivals.xml passed validation checks
2025-10-26 17:48:08,294 - vessel_data_pipeline - INFO - Created backup: Expected_arrivals_20251026_174808.xml
2025-10-26 17:48:08,294 - vessel_data_pipeline - INFO - Updated metadata for Expected_arrivals.xml
2025-10-26 17:48:08,294 - vessel_data_pipeline - INFO - Successfully downloaded and validated Expected_arrivals.xml
2025-10-26 17:48:10,295 - vessel_data_pipeline - INFO - Downloading Expected_departures.xml (attempt 1/3)
2025-10-26 17:48:10,346 - vessel_data_pipeline - INFO - File temp_Expected_departures.xml passed validation checks
2025-10-26 17:48:10,347 - vessel_data_pipeline - INFO - Created backup: Expected_departures_20251026_174810.xml
2025-10-26 17:48:10,347 - vessel_data_pipeline - INFO - Updated metadata for Expected_departures.xml
2025-10-26 17:48:10,347 - vessel_data_pipeline - INFO - Successfully downloaded and validated Expected_departures.xml
2025-10-26 17:48:12,348 - vessel_data_pipeline - INFO - Fetch operation completed. Results: {'Arrived_in_last_36_hours.xml': True, 'Departed_in_last_36_hours.xml': True, 'Expected_arrivals.xml': True, 'Expected_departures.xml': True}
2025-10-26 17:48:15,303 - vessel_data_pipeline - INFO - VesselDataFetcher initialized. Pipeline enabled: True
2025-10-26 17:48:15,304 - vessel_data_pipeline - INFO - Starting vessel data fetch operation
2025-10-26 17:48:15,304 - vessel_data_pipeline - INFO - Discovering XML files from Hong Kong Marine Department portal
2025-10-26 17:48:15,365 - vessel_data_pipeline - INFO - Verified access to Arrived_in_last_36_hours.xml
2025-10-26 17:48:15,398 - vessel_data_pipeline - INFO - Verified access to Departed_in_last_36_hours.xml
2025-10-26 17:48:15,448 - vessel_data_pipeline - INFO - Verified access to Expected_arrivals.xml
2025-10-26 17:48:15,484 - vessel_data_pipeline - INFO - Verified access to Expected_departures.xml
2025-10-26 17:48:15,485 - vessel_data_pipeline - INFO - Discovered 4 XML files for download
2025-10-26 17:48:15,485 - vessel_data_pipeline - INFO - Downloading Arrived_in_last_36_hours.xml (attempt 1/3)
2025-10-26 17:48:15,551 - vessel_data_pipeline - INFO - File temp_Arrived_in_last_36_hours.xml passed validation checks
2025-10-26 17:48:15,553 - vessel_data_pipeline - INFO - Created backup: Arrived_in_last_36_hours_20251026_174815.xml
2025-10-26 17:48:15,553 - vessel_data_pipeline - INFO - Updated metadata for Arrived_in_last_36_hours.xml
2025-10-26 17:48:15,553 - vessel_data_pipeline - INFO - Successfully downloaded and validated Arrived_in_last_36_hours.xml
2025-10-26 17:48:17,554 - vessel_data_pipeline - INFO - Downloading Departed_in_last_36_hours.xml (attempt 1/3)
2025-10-26 17:48:17,614 - vessel_data_pipeline - INFO - File temp_Departed_in_last_36_hours.xml passed validation checks
2025-10-26 17:48:17,615 - vessel_data_pipeline - INFO - Created backup: Departed_in_last_36_hours_20251026_174817.xml
2025-10-26 17:48:17,615 - vessel_data_pipeline - INFO - Updated metadata for Departed_in_last_36_hours.xml
2025-10-26 17:48:17,615 - vessel_data_pipeline - INFO - Successfully downloaded and validated Departed_in_last_36_hours.xml
2025-10-26 17:48:19,620 - vessel_data_pipeline - INFO - Downloading Expected_arrivals.xml (attempt 1/3)
2025-10-26 17:48:19,700 - vessel_data_pipeline - INFO - File temp_Expected_arrivals.xml passed validation checks
2025-10-26 17:48:19,701 - vessel_data_pipeline - INFO - Created backup: Expected_arrivals_20251026_174819.xml
2025-10-26 17:48:19,701 - vessel_data_pipeline - INFO - Updated metadata for Expected_arrivals.xml
2025-10-26 17:48:19,701 - vessel_data_pipeline - INFO - Successfully downloaded and validated Expected_arrivals.xml
2025-10-26 17:48:21,706 - vessel_data_pipeline - INFO - Downloading Expected_departures.xml (attempt 1/3)
2025-10-26 17:48:21,753 - vessel_data_pipeline - INFO - File temp_Expected_departures.xml passed validation checks
2025-10-26 17:48:21,753 - vessel_data_pipeline - INFO - Created backup: Expected_departures_20251026_174821.xml
2025-10-26 17:48:21,754 - vessel_data_pipeline - INFO - Updated metadata for Expected_departures.xml
2025-10-26 17:48:21,754 - vessel_data_pipeline - INFO - Successfully downloaded and validated Expected_departures.xml
2025-10-26 17:48:23,754 - vessel_data_pipeline - INFO - Fetch operation completed. Results: {'Arrived_in_last_36_hours.xml': True, 'Departed_in_last_36_hours.xml': True, 'Expected_arrivals.xml': True, 'Expected_departures.xml': True}
2025-10-26 17:48:23,761 - vessel_data_pipeline - INFO - VesselDataFetcher initialized. Pipeline enabled: True
2025-10-26 17:48:23,761 - vessel_data_pipeline - INFO - Starting vessel data fetch operation
2025-10-26 17:48:23,761 - vessel_data_pipeline - INFO - Discovering XML files from Hong Kong Marine Department portal
2025-10-26 17:48:23,818 - vessel_data_pipeline - INFO - Verified access to Arrived_in_last_36_hours.xml
2025-10-26 17:48:23,853 - vessel_data_pipeline - INFO - Verified access to Departed_in_last_36_hours.xml
2025-10-26 17:48:23,913 - vessel_data_pipeline - INFO - Verified access to Expected_arrivals.xml
2025-10-26 17:48:23,948 - vessel_data_pipeline - INFO - Verified access to Expected_departures.xml
2025-10-26 17:48:23,948 - vessel_data_pipeline - INFO - Discovered 4 XML files for download
2025-10-26 17:48:23,948 - vessel_data_pipeline - INFO - Downloading Arrived_in_last_36_hours.xml (attempt 1/3)
2025-10-26 17:48:24,008 - vessel_data_pipeline - INFO - File temp_Arrived_in_last_36_hours.xml passed validation checks
2025-10-26 17:48:24,008 - vessel_data_pipeline - INFO - Created backup: Arrived_in_last_36_hours_20251026_174824.xml
2025-10-26 17:48:24,009 - vessel_data_pipeline - INFO - Updated metadata for Arrived_in_last_36_hours.xml
2025-10-26 17:48:24,009 - vessel_data_pipeline - INFO - Successfully downloaded and validated Arrived_in_last_36_hours.xml
2025-10-26 17:48:26,010 - vessel_data_pipeline - INFO - Downloading Departed_in_last_36_hours.xml (attempt 1/3)
2025-10-26 17:48:26,105 - vessel_data_pipeline - INFO - File temp_Departed_in_last_36_hours.xml passed validation checks
2025-10-26 17:48:26,105 - vessel_data_pipeline - INFO - Created backup: Departed_in_last_36_hours_20251026_174826.xml
2025-10-26 17:48:26,106 - vessel_data_pipeline - INFO - Updated metadata for Departed_in_last_36_hours.xml
2025-10-26 17:48:26,106 - vessel_data_pipeline - INFO - Successfully downloaded and validated Departed_in_last_36_hours.xml
2025-10-26 17:48:28,111 - vessel_data_pipeline - INFO - Downloading Expected_arrivals.xml (attempt 1/3)
2025-10-26 17:48:28,162 - vessel_data_pipeline - INFO - File temp_Expected_arrivals.xml passed validation checks
2025-10-26 17:48:28,162 - vessel_data_pipeline - INFO - Created backup: Expected_arrivals_20251026_174828.xml
2025-10-26 17:48:28,162 - vessel_data_pipeline - INFO - Updated metadata for Expected_arrivals.xml
2025-10-26 17:48:28,162 - vessel_data_pipeline - INFO - Successfully downloaded and validated Expected_arrivals.xml
2025-10-26 17:48:30,166 - vessel_data_pipeline - INFO - Downloading Expected_departures.xml (attempt 1/3)
2025-10-26 17:48:30,216 - vessel_data_pipeline - INFO - File temp_Expected_departures.xml passed validation checks
2025-10-26 17:48:30,217 - vessel_data_pipeline - INFO - Created backup: Expected_departures_20251026_174830.xml
2025-10-26 17:48:30,217 - vessel_data_pipeline - INFO - Updated metadata for Expected_departures.xml
2025-10-26 17:48:30,218 - vessel_data_pipeline - INFO - Successfully downloaded and validated Expected_departures.xml
2025-10-26 17:48:32,220 - vessel_data_pipeline - INFO - Fetch operation completed. Results: {'Arrived_in_last_36_hours.xml': True, 'Departed_in_last_36_hours.xml': True, 'Expected_arrivals.xml': True, 'Expected_departures.xml': True}
2025-10-26 17:48:32,244 - vessel_data_pipeline - INFO - VesselDataFetcher initialized. Pipeline enabled: True
2025-10-26 17:48:32,244 - vessel_data_pipeline - INFO - Starting vessel data fetch operation
2025-10-26 17:48:32,244 - vessel_data_pipeline - INFO - Discovering XML files from Hong Kong Marine Department portal
2025-10-26 17:48:32,297 - vessel_data_pipeline - INFO - Verified access to Arrived_in_last_36_hours.xml
2025-10-26 17:48:32,358 - vessel_data_pipeline - INFO - Verified access to Departed_in_last_36_hours.xml
2025-10-26 17:48:32,391 - vessel_data_pipeline - INFO - Verified access to Expected_arrivals.xml
2025-10-26 17:48:32,421 - vessel_data_pipeline - INFO - Verified access to Expected_departures.xml
2025-10-26 17:48:32,421 - vessel_data_pipeline - INFO - Discovered 4 XML files for download
2025-10-26 17:48:32,421 - vessel_data_pipeline - INFO - Downloading Arrived_in_last_36_hours.xml (attempt 1/3)
2025-10-26 17:48:32,476 - vessel_data_pipeline - INFO - File temp_Arrived_in_last_36_hours.xml passed validation checks
2025-10-26 17:48:32,476 - vessel_data_pipeline - INFO - Created backup: Arrived_in_last_36_hours_20251026_174832.xml
2025-10-26 17:48:32,476 - vessel_data_pipeline - INFO - Updated metadata for Arrived_in_last_36_hours.xml
2025-10-26 17:48:32,476 - vessel_data_pipeline - INFO - Successfully downloaded and validated Arrived_in_last_36_hours.xml
2025-10-26 17:48:34,481 - vessel_data_pipeline - INFO - Downloading Departed_in_last_36_hours.xml (attempt 1/3)
2025-10-26 17:48:34,577 - vessel_data_pipeline - INFO - File temp_Departed_in_last_36_hours.xml passed validation checks
2025-10-26 17:48:34,578 - vessel_data_pipeline - INFO - Created backup: Departed_in_last_36_hours_20251026_174834.xml
2025-10-26 17:48:34,578 - vessel_data_pipeline - INFO - Updated metadata for Departed_in_last_36_hours.xml
2025-10-26 17:48:34,578 - vessel_data_pipeline - INFO - Successfully downloaded and validated Departed_in_last_36_hours.xml
2025-10-26 17:48:36,583 - vessel_data_pipeline - INFO - Downloading Expected_arrivals.xml (attempt 1/3)
2025-10-26 17:48:36,643 - vessel_data_pipeline - INFO - File temp_Expected_arrivals.xml passed validation checks
2025-10-26 17:48:36,644 - vessel_data_pipeline - INFO - Created backup: Expected_arrivals_20251026_174836.xml
2025-10-26 17:48:36,644 - vessel_data_pipeline - INFO - Updated metadata for Expected_arrivals.xml
2025-10-26 17:48:36,644 - vessel_data_pipeline - INFO - Successfully downloaded and validated Expected_arrivals.xml
2025-10-26 17:48:38,646 - vessel_data_pipeline - INFO - Downloading Expected_departures.xml (attempt 1/3)
2025-10-26 17:48:38,693 - vessel_data_pipeline - INFO - File temp_Expected_departures.xml passed validation checks
2025-10-26 17:48:38,694 - vessel_data_pipeline - INFO - Created backup: Expected_departures_20251026_174838.xml
2025-10-26 17:48:38,694 - vessel_data_pipeline - INFO - Updated metadata for Expected_departures.xml
2025-10-26 17:48:38,694 - vessel_data_pipeline - INFO - Successfully downloaded and validated Expected_departures.xml
2025-10-26 17:48:40,696 - vessel_data_pipeline - INFO - Fetch operation completed. Results: {'Arrived_in_last_36_hours.xml': True, 'Departed_in_last_36_hours.xml': True, 'Expected_arrivals.xml': True, 'Expected_departures.xml': True}
2025-10-26 17:48:40,700 - vessel_data_pipeline - INFO - VesselDataFetcher initialized. Pipeline enabled: True
2025-10-26 17:48:40,701 - vessel_data_pipeline - INFO - Starting vessel data fetch operation
2025-10-26 17:48:40,701 - vessel_data_pipeline - INFO - Discovering XML files from Hong Kong Marine Department portal
2025-10-26 17:48:40,756 - vessel_data_pipeline - INFO - Verified access to Arrived_in_last_36_hours.xml
2025-10-26 17:48:40,809 - vessel_data_pipeline - INFO - Verified access to Departed_in_last_36_hours.xml
2025-10-26 17:48:40,841 - vessel_data_pipeline - INFO - Verified access to Expected_arrivals.xml
2025-10-26 17:48:40,884 - vessel_data_pipeline - INFO - Verified access to Expected_departures.xml
2025-10-26 17:48:40,885 - vessel_data_pipeline - INFO - Discovered 4 XML files for download
2025-10-26 17:48:40,885 - vessel_data_pipeline - INFO - Downloading Arrived_in_last_36_hours.xml (attempt 1/3)
2025-10-26 17:48:40,947 - vessel_data_pipeline - INFO - File temp_Arrived_in_last_36_hours.xml passed validation checks
2025-10-26 17:48:40,948 - vessel_data_pipeline - INFO - Created backup: Arrived_in_last_36_hours_20251026_174840.xml
2025-10-26 17:48:40,948 - vessel_data_pipeline - INFO - Updated metadata for Arrived_in_last_36_hours.xml
2025-10-26 17:48:40,948 - vessel_data_pipeline - INFO - Successfully downloaded and validated Arrived_in_last_36_hours.xml
2025-10-26 17:48:42,953 - vessel_data_pipeline - INFO - Downloading Departed_in_last_36_hours.xml (attempt 1/3)
2025-10-26 17:48:43,033 - vessel_data_pipeline - INFO - File temp_Departed_in_last_36_hours.xml passed validation checks
2025-10-26 17:48:43,034 - vessel_data_pipeline - INFO - Created backup: Departed_in_last_36_hours_20251026_174843.xml
2025-10-26 17:48:43,034 - vessel_data_pipeline - INFO - Updated metadata for Departed_in_last_36_hours.xml
2025-10-26 17:48:43,034 - vessel_data_pipeline - INFO - Successfully downloaded and validated Departed_in_last_36_hours.xml
2025-10-26 17:48:45,039 - vessel_data_pipeline - INFO - Downloading Expected_arrivals.xml (attempt 1/3)
2025-10-26 17:48:45,095 - vessel_data_pipeline - INFO - File temp_Expected_arrivals.xml passed validation checks
2025-10-26 17:48:45,096 - vessel_data_pipeline - INFO - Created backup: Expected_arrivals_20251026_174845.xml
2025-10-26 17:48:45,096 - vessel_data_pipeline - INFO - Updated metadata for Expected_arrivals.xml
2025-10-26 17:48:45,096 - vessel_data_pipeline - INFO - Successfully downloaded and validated Expected_arrivals.xml
2025-10-26 17:48:47,097 - vessel_data_pipeline - INFO - Downloading Expected_departures.xml (attempt 1/3)
2025-10-26 17:48:47,147 - vessel_data_pipeline - INFO - File temp_Expected_departures.xml passed validation checks
2025-10-26 17:48:47,147 - vessel_data_pipeline - INFO - Created backup: Expected_departures_20251026_174847.xml
2025-10-26 17:48:47,147 - vessel_data_pipeline - INFO - Updated metadata for Expected_departures.xml
2025-10-26 17:48:47,147 - vessel_data_pipeline - INFO - Successfully downloaded and validated Expected_departures.xml
2025-10-26 17:48:49,153 - vessel_data_pipeline - INFO - Fetch operation completed. Results: {'Arrived_in_last_36_hours.xml': True, 'Departed_in_last_36_hours.xml': True, 'Expected_arrivals.xml': True, 'Expected_departures.xml': True}
2025-10-26 17:50:59,652 - vessel_data_pipeline - INFO - VesselDataFetcher initialized. Pipeline enabled: True
2025-10-26 17:50:59,654 - vessel_data_pipeline - INFO - VesselDataFetcher initialized. Pipeline enabled: True
2025-10-26 17:50:59,654 - vessel_data_pipeline - INFO - Starting vessel data fetch operation
2025-10-26 17:50:59,654 - vessel_data_pipeline - INFO - Discovering XML files from Hong Kong Marine Department portal
2025-10-26 17:50:59,961 - vessel_data_pipeline - INFO - Verified access to Arrived_in_last_36_hours.xml
2025-10-26 17:51:00,227 - vessel_data_pipeline - INFO - Verified access to Departed_in_last_36_hours.xml
2025-10-26 17:51:00,457 - vessel_data_pipeline - INFO - Verified access to Expected_arrivals.xml
2025-10-26 17:51:00,664 - vessel_data_pipeline - INFO - Verified access to Expected_departures.xml
2025-10-26 17:51:00,664 - vessel_data_pipeline - INFO - Discovered 4 XML files for download
2025-10-26 17:51:00,664 - vessel_data_pipeline - INFO - Downloading Arrived_in_last_36_hours.xml (attempt 1/3)
2025-10-26 17:51:00,711 - vessel_data_pipeline - INFO - File temp_Arrived_in_last_36_hours.xml passed validation checks
2025-10-26 17:51:00,711 - vessel_data_pipeline - INFO - Created backup: Arrived_in_last_36_hours_20251026_175100.xml
2025-10-26 17:51:00,712 - vessel_data_pipeline - INFO - Updated metadata for Arrived_in_last_36_hours.xml
2025-10-26 17:51:00,712 - vessel_data_pipeline - INFO - Successfully downloaded and validated Arrived_in_last_36_hours.xml
2025-10-26 17:51:02,715 - vessel_data_pipeline - INFO - Downloading Departed_in_last_36_hours.xml (attempt 1/3)
2025-10-26 17:51:02,800 - vessel_data_pipeline - INFO - File temp_Departed_in_last_36_hours.xml passed validation checks
2025-10-26 17:51:02,801 - vessel_data_pipeline - INFO - Created backup: Departed_in_last_36_hours_20251026_175102.xml
2025-10-26 17:51:02,801 - vessel_data_pipeline - INFO - Updated metadata for Departed_in_last_36_hours.xml
2025-10-26 17:51:02,801 - vessel_data_pipeline - INFO - Successfully downloaded and validated Departed_in_last_36_hours.xml
2025-10-26 17:51:04,806 - vessel_data_pipeline - INFO - Downloading Expected_arrivals.xml (attempt 1/3)
2025-10-26 17:51:04,854 - vessel_data_pipeline - INFO - File temp_Expected_arrivals.xml passed validation checks
2025-10-26 17:51:04,854 - vessel_data_pipeline - INFO - Created backup: Expected_arrivals_20251026_175104.xml
2025-10-26 17:51:04,854 - vessel_data_pipeline - INFO - Updated metadata for Expected_arrivals.xml
2025-10-26 17:51:04,855 - vessel_data_pipeline - INFO - Successfully downloaded and validated Expected_arrivals.xml
2025-10-26 17:51:06,857 - vessel_data_pipeline - INFO - Downloading Expected_departures.xml (attempt 1/3)
2025-10-26 17:51:06,906 - vessel_data_pipeline - INFO - File temp_Expected_departures.xml passed validation checks
2025-10-26 17:51:06,906 - vessel_data_pipeline - INFO - Created backup: Expected_departures_20251026_175106.xml
2025-10-26 17:51:06,906 - vessel_data_pipeline - INFO - Updated metadata for Expected_departures.xml
2025-10-26 17:51:06,907 - vessel_data_pipeline - INFO - Successfully downloaded and validated Expected_departures.xml
2025-10-26 17:51:08,910 - vessel_data_pipeline - INFO - Fetch operation completed. Results: {'Arrived_in_last_36_hours.xml': True, 'Departed_in_last_36_hours.xml': True, 'Expected_arrivals.xml': True, 'Expected_departures.xml': True}
2025-10-26 17:51:11,874 - vessel_data_pipeline - INFO - VesselDataFetcher initialized. Pipeline enabled: True
2025-10-26 17:51:11,875 - vessel_data_pipeline - INFO - Starting vessel data fetch operation
2025-10-26 17:51:11,875 - vessel_data_pipeline - INFO - Discovering XML files from Hong Kong Marine Department portal
2025-10-26 17:51:11,940 - vessel_data_pipeline - INFO - Verified access to Arrived_in_last_36_hours.xml
2025-10-26 17:51:12,005 - vessel_data_pipeline - INFO - Verified access to Departed_in_last_36_hours.xml
2025-10-26 17:51:12,037 - vessel_data_pipeline - INFO - Verified access to Expected_arrivals.xml
2025-10-26 17:51:12,076 - vessel_data_pipeline - INFO - Verified access to Expected_departures.xml
2025-10-26 17:51:12,076 - vessel_data_pipeline - INFO - Discovered 4 XML files for download
2025-10-26 17:51:12,076 - vessel_data_pipeline - INFO - Downloading Arrived_in_last_36_hours.xml (attempt 1/3)
2025-10-26 17:51:12,152 - vessel_data_pipeline - INFO - File temp_Arrived_in_last_36_hours.xml passed validation checks
2025-10-26 17:51:12,153 - vessel_data_pipeline - INFO - Created backup: Arrived_in_last_36_hours_20251026_175112.xml
2025-10-26 17:51:12,153 - vessel_data_pipeline - INFO - Updated metadata for Arrived_in_last_36_hours.xml
2025-10-26 17:51:12,153 - vessel_data_pipeline - INFO - Successfully downloaded and validated Arrived_in_last_36_hours.xml
2025-10-26 17:51:14,158 - vessel_data_pipeline - INFO - Downloading Departed_in_last_36_hours.xml (attempt 1/3)
2025-10-26 17:51:14,223 - vessel_data_pipeline - INFO - File temp_Departed_in_last_36_hours.xml passed validation checks
2025-10-26 17:51:14,224 - vessel_data_pipeline - INFO - Created backup: Departed_in_last_36_hours_20251026_175114.xml
2025-10-26 17:51:14,224 - vessel_data_pipeline - INFO - Updated metadata for Departed_in_last_36_hours.xml
2025-10-26 17:51:14,224 - vessel_data_pipeline - INFO - Successfully downloaded and validated Departed_in_last_36_hours.xml
2025-10-26 17:51:16,224 - vessel_data_pipeline - INFO - Downloading Expected_arrivals.xml (attempt 1/3)
2025-10-26 17:51:16,286 - vessel_data_pipeline - INFO - File temp_Expected_arrivals.xml passed validation checks
2025-10-26 17:51:16,287 - vessel_data_pipeline - INFO - Created backup: Expected_arrivals_20251026_175116.xml
2025-10-26 17:51:16,287 - vessel_data_pipeline - INFO - Updated metadata for Expected_arrivals.xml
2025-10-26 17:51:16,287 - vessel_data_pipeline - INFO - Successfully downloaded and validated Expected_arrivals.xml
2025-10-26 17:51:18,290 - vessel_data_pipeline - INFO - Downloading Expected_departures.xml (attempt 1/3)
2025-10-26 17:51:18,347 - vessel_data_pipeline - INFO - File temp_Expected_departures.xml passed validation checks
2025-10-26 17:51:18,347 - vessel_data_pipeline - INFO - Created backup: Expected_departures_20251026_175118.xml
2025-10-26 17:51:18,347 - vessel_data_pipeline - INFO - Updated metadata for Expected_departures.xml
2025-10-26 17:51:18,347 - vessel_data_pipeline - INFO - Successfully downloaded and validated Expected_departures.xml
2025-10-26 17:51:20,352 - vessel_data_pipeline - INFO - Fetch operation completed. Results: {'Arrived_in_last_36_hours.xml': True, 'Departed_in_last_36_hours.xml': True, 'Expected_arrivals.xml': True, 'Expected_departures.xml': True}
2025-10-26 17:51:20,357 - vessel_data_pipeline - INFO - VesselDataFetcher initialized. Pipeline enabled: True
2025-10-26 17:51:20,357 - vessel_data_pipeline - INFO - Starting vessel data fetch operation
2025-10-26 17:51:20,357 - vessel_data_pipeline - INFO - Discovering XML files from Hong Kong Marine Department portal
2025-10-26 17:51:20,416 - vessel_data_pipeline - INFO - Verified access to Arrived_in_last_36_hours.xml
2025-10-26 17:51:20,448 - vessel_data_pipeline - INFO - Verified access to Departed_in_last_36_hours.xml
2025-10-26 17:51:20,508 - vessel_data_pipeline - INFO - Verified access to Expected_arrivals.xml
2025-10-26 17:51:20,541 - vessel_data_pipeline - INFO - Verified access to Expected_departures.xml
2025-10-26 17:51:20,541 - vessel_data_pipeline - INFO - Discovered 4 XML files for download
2025-10-26 17:51:20,541 - vessel_data_pipeline - INFO - Downloading Arrived_in_last_36_hours.xml (attempt 1/3)
2025-10-26 17:51:20,583 - vessel_data_pipeline - INFO - File temp_Arrived_in_last_36_hours.xml passed validation checks
2025-10-26 17:51:20,584 - vessel_data_pipeline - INFO - Created backup: Arrived_in_last_36_hours_20251026_175120.xml
2025-10-26 17:51:20,584 - vessel_data_pipeline - INFO - Updated metadata for Arrived_in_last_36_hours.xml
2025-10-26 17:51:20,584 - vessel_data_pipeline - INFO - Successfully downloaded and validated Arrived_in_last_36_hours.xml
2025-10-26 17:51:22,589 - vessel_data_pipeline - INFO - Downloading Departed_in_last_36_hours.xml (attempt 1/3)
2025-10-26 17:51:22,660 - vessel_data_pipeline - INFO - File temp_Departed_in_last_36_hours.xml passed validation checks
2025-10-26 17:51:22,661 - vessel_data_pipeline - INFO - Created backup: Departed_in_last_36_hours_20251026_175122.xml
2025-10-26 17:51:22,661 - vessel_data_pipeline - INFO - Updated metadata for Departed_in_last_36_hours.xml
2025-10-26 17:51:22,661 - vessel_data_pipeline - INFO - Successfully downloaded and validated Departed_in_last_36_hours.xml
2025-10-26 17:51:24,666 - vessel_data_pipeline - INFO - Downloading Expected_arrivals.xml (attempt 1/3)
2025-10-26 17:51:24,713 - vessel_data_pipeline - INFO - File temp_Expected_arrivals.xml passed validation checks
2025-10-26 17:51:24,713 - vessel_data_pipeline - INFO - Created backup: Expected_arrivals_20251026_175124.xml
2025-10-26 17:51:24,714 - vessel_data_pipeline - INFO - Updated metadata for Expected_arrivals.xml
2025-10-26 17:51:24,714 - vessel_data_pipeline - INFO - Successfully downloaded and validated Expected_arrivals.xml
2025-10-26 17:51:26,714 - vessel_data_pipeline - INFO - Downloading Expected_departures.xml (attempt 1/3)
2025-10-26 17:51:26,780 - vessel_data_pipeline - INFO - File temp_Expected_departures.xml passed validation checks
2025-10-26 17:51:26,780 - vessel_data_pipeline - INFO - Created backup: Expected_departures_20251026_175126.xml
2025-10-26 17:51:26,780 - vessel_data_pipeline - INFO - Updated metadata for Expected_departures.xml
2025-10-26 17:51:26,780 - vessel_data_pipeline - INFO - Successfully downloaded and validated Expected_departures.xml
2025-10-26 17:51:28,785 - vessel_data_pipeline - INFO - Fetch operation completed. Results: {'Arrived_in_last_36_hours.xml': True, 'Departed_in_last_36_hours.xml': True, 'Expected_arrivals.xml': True, 'Expected_departures.xml': True}
2025-10-26 17:51:28,815 - vessel_data_pipeline - INFO - VesselDataFetcher initialized. Pipeline enabled: True
2025-10-26 17:51:28,816 - vessel_data_pipeline - INFO - Starting vessel data fetch operation
2025-10-26 17:51:28,816 - vessel_data_pipeline - INFO - Discovering XML files from Hong Kong Marine Department portal
2025-10-26 17:51:28,869 - vessel_data_pipeline - INFO - Verified access to Arrived_in_last_36_hours.xml
2025-10-26 17:51:28,930 - vessel_data_pipeline - INFO - Verified access to Departed_in_last_36_hours.xml
2025-10-26 17:51:28,961 - vessel_data_pipeline - INFO - Verified access to Expected_arrivals.xml
2025-10-26 17:51:28,992 - vessel_data_pipeline - INFO - Verified access to Expected_departures.xml
2025-10-26 17:51:28,992 - vessel_data_pipeline - INFO - Discovered 4 XML files for download
2025-10-26 17:51:28,992 - vessel_data_pipeline - INFO - Downloading Arrived_in_last_36_hours.xml (attempt 1/3)
2025-10-26 17:51:29,067 - vessel_data_pipeline - INFO - File temp_Arrived_in_last_36_hours.xml passed validation checks
2025-10-26 17:51:29,067 - vessel_data_pipeline - INFO - Created backup: Arrived_in_last_36_hours_20251026_175129.xml
2025-10-26 17:51:29,067 - vessel_data_pipeline - INFO - Updated metadata for Arrived_in_last_36_hours.xml
2025-10-26 17:51:29,067 - vessel_data_pipeline - INFO - Successfully downloaded and validated Arrived_in_last_36_hours.xml
2025-10-26 17:51:31,073 - vessel_data_pipeline - INFO - Downloading Departed_in_last_36_hours.xml (attempt 1/3)
2025-10-26 17:51:31,145 - vessel_data_pipeline - INFO - File temp_Departed_in_last_36_hours.xml passed validation checks
2025-10-26 17:51:31,146 - vessel_data_pipeline - INFO - Created backup: Departed_in_last_36_hours_20251026_175131.xml
2025-10-26 17:51:31,146 - vessel_data_pipeline - INFO - Updated metadata for Departed_in_last_36_hours.xml
2025-10-26 17:51:31,146 - vessel_data_pipeline - INFO - Successfully downloaded and validated Departed_in_last_36_hours.xml
2025-10-26 17:51:33,150 - vessel_data_pipeline - INFO - Downloading Expected_arrivals.xml (attempt 1/3)
2025-10-26 17:51:33,196 - vessel_data_pipeline - INFO - File temp_Expected_arrivals.xml passed validation checks
2025-10-26 17:51:33,196 - vessel_data_pipeline - INFO - Created backup: Expected_arrivals_20251026_175133.xml
2025-10-26 17:51:33,197 - vessel_data_pipeline - INFO - Updated metadata for Expected_arrivals.xml
2025-10-26 17:51:33,197 - vessel_data_pipeline - INFO - Successfully downloaded and validated Expected_arrivals.xml
2025-10-26 17:51:35,197 - vessel_data_pipeline - INFO - Downloading Expected_departures.xml (attempt 1/3)
2025-10-26 17:51:35,252 - vessel_data_pipeline - INFO - File temp_Expected_departures.xml passed validation checks
2025-10-26 17:51:35,253 - vessel_data_pipeline - INFO - Created backup: Expected_departures_20251026_175135.xml
2025-10-26 17:51:35,253 - vessel_data_pipeline - INFO - Updated metadata for Expected_departures.xml
2025-10-26 17:51:35,253 - vessel_data_pipeline - INFO - Successfully downloaded and validated Expected_departures.xml
2025-10-26 17:51:37,256 - vessel_data_pipeline - INFO - Fetch operation completed. Results: {'Arrived_in_last_36_hours.xml': True, 'Departed_in_last_36_hours.xml': True, 'Expected_arrivals.xml': True, 'Expected_departures.xml': True}
2025-10-26 17:51:37,260 - vessel_data_pipeline - INFO - VesselDataFetcher initialized. Pipeline enabled: True
2025-10-26 17:51:37,260 - vessel_data_pipeline - INFO - Starting vessel data fetch operation
2025-10-26 17:51:37,260 - vessel_data_pipeline - INFO - Discovering XML files from Hong Kong Marine Department portal
2025-10-26 17:51:37,328 - vessel_data_pipeline - INFO - Verified access to Arrived_in_last_36_hours.xml
2025-10-26 17:51:37,372 - vessel_data_pipeline - INFO - Verified access to Departed_in_last_36_hours.xml
2025-10-26 17:51:37,401 - vessel_data_pipeline - INFO - Verified access to Expected_arrivals.xml
2025-10-26 17:51:37,437 - vessel_data_pipeline - INFO - Verified access to Expected_departures.xml
2025-10-26 17:51:37,437 - vessel_data_pipeline - INFO - Discovered 4 XML files for download
2025-10-26 17:51:37,437 - vessel_data_pipeline - INFO - Downloading Arrived_in_last_36_hours.xml (attempt 1/3)
2025-10-26 17:51:37,486 - vessel_data_pipeline - INFO - File temp_Arrived_in_last_36_hours.xml passed validation checks
2025-10-26 17:51:37,487 - vessel_data_pipeline - INFO - Created backup: Arrived_in_last_36_hours_20251026_175137.xml
2025-10-26 17:51:37,487 - vessel_data_pipeline - INFO - Updated metadata for Arrived_in_last_36_hours.xml
2025-10-26 17:51:37,487 - vessel_data_pipeline - INFO - Successfully downloaded and validated Arrived_in_last_36_hours.xml
2025-10-26 17:51:39,487 - vessel_data_pipeline - INFO - Downloading Departed_in_last_36_hours.xml (attempt 1/3)
2025-10-26 17:51:39,558 - vessel_data_pipeline - INFO - File temp_Departed_in_last_36_hours.xml passed validation checks
2025-10-26 17:51:39,559 - vessel_data_pipeline - INFO - Created backup: Departed_in_last_36_hours_20251026_175139.xml
2025-10-26 17:51:39,559 - vessel_data_pipeline - INFO - Updated metadata for Departed_in_last_36_hours.xml
2025-10-26 17:51:39,559 - vessel_data_pipeline - INFO - Successfully downloaded and validated Departed_in_last_36_hours.xml
2025-10-26 17:51:41,563 - vessel_data_pipeline - INFO - Downloading Expected_arrivals.xml (attempt 1/3)
2025-10-26 17:51:41,617 - vessel_data_pipeline - INFO - File temp_Expected_arrivals.xml passed validation checks
2025-10-26 17:51:41,618 - vessel_data_pipeline - INFO - Created backup: Expected_arrivals_20251026_175141.xml
2025-10-26 17:51:41,618 - vessel_data_pipeline - INFO - Updated metadata for Expected_arrivals.xml
2025-10-26 17:51:41,618 - vessel_data_pipeline - INFO - Successfully downloaded and validated Expected_arrivals.xml
2025-10-26 17:51:43,623 - vessel_data_pipeline - INFO - Downloading Expected_departures.xml (attempt 1/3)
2025-10-26 17:51:43,672 - vessel_data_pipeline - INFO - File temp_Expected_departures.xml passed validation checks
2025-10-26 17:51:43,672 - vessel_data_pipeline - INFO - Created backup: Expected_departures_20251026_175143.xml
2025-10-26 17:51:43,672 - vessel_data_pipeline - INFO - Updated metadata for Expected_departures.xml
2025-10-26 17:51:43,672 - vessel_data_pipeline - INFO - Successfully downloaded and validated Expected_departures.xml
2025-10-26 17:51:45,674 - vessel_data_pipeline - INFO - Fetch operation completed. Results: {'Arrived_in_last_36_hours.xml': True, 'Departed_in_last_36_hours.xml': True, 'Expected_arrivals.xml': True, 'Expected_departures.xml': True}
2025-10-26 17:52:17,315 - vessel_data_pipeline - INFO - VesselDataFetcher initialized. Pipeline enabled: True
2025-10-26 17:52:17,317 - vessel_data_pipeline - INFO - VesselDataFetcher initialized. Pipeline enabled: True
2025-10-26 17:52:17,317 - vessel_data_pipeline - INFO - Starting vessel data fetch operation
2025-10-26 17:52:17,317 - vessel_data_pipeline - INFO - Discovering XML files from Hong Kong Marine Department portal
2025-10-26 17:52:17,399 - vessel_data_pipeline - INFO - Verified access to Arrived_in_last_36_hours.xml
2025-10-26 17:52:17,447 - vessel_data_pipeline - INFO - Verified access to Departed_in_last_36_hours.xml
2025-10-26 17:52:17,480 - vessel_data_pipeline - INFO - Verified access to Expected_arrivals.xml
2025-10-26 17:52:17,512 - vessel_data_pipeline - INFO - Verified access to Expected_departures.xml
2025-10-26 17:52:17,512 - vessel_data_pipeline - INFO - Discovered 4 XML files for download
2025-10-26 17:52:17,512 - vessel_data_pipeline - INFO - Downloading Arrived_in_last_36_hours.xml (attempt 1/3)
2025-10-26 17:52:17,579 - vessel_data_pipeline - INFO - File temp_Arrived_in_last_36_hours.xml passed validation checks
2025-10-26 17:52:17,580 - vessel_data_pipeline - INFO - Created backup: Arrived_in_last_36_hours_20251026_175217.xml
2025-10-26 17:52:17,581 - vessel_data_pipeline - INFO - Updated metadata for Arrived_in_last_36_hours.xml
2025-10-26 17:52:17,581 - vessel_data_pipeline - INFO - Successfully downloaded and validated Arrived_in_last_36_hours.xml
2025-10-26 17:52:19,585 - vessel_data_pipeline - INFO - Downloading Departed_in_last_36_hours.xml (attempt 1/3)
2025-10-26 17:52:19,642 - vessel_data_pipeline - INFO - File temp_Departed_in_last_36_hours.xml passed validation checks
2025-10-26 17:52:19,643 - vessel_data_pipeline - INFO - Created backup: Departed_in_last_36_hours_20251026_175219.xml
2025-10-26 17:52:19,643 - vessel_data_pipeline - INFO - Updated metadata for Departed_in_last_36_hours.xml
2025-10-26 17:52:19,643 - vessel_data_pipeline - INFO - Successfully downloaded and validated Departed_in_last_36_hours.xml
2025-10-26 17:52:21,648 - vessel_data_pipeline - INFO - Downloading Expected_arrivals.xml (attempt 1/3)
2025-10-26 17:52:21,709 - vessel_data_pipeline - INFO - File temp_Expected_arrivals.xml passed validation checks
2025-10-26 17:52:21,709 - vessel_data_pipeline - INFO - Created backup: Expected_arrivals_20251026_175221.xml
2025-10-26 17:52:21,710 - vessel_data_pipeline - INFO - Updated metadata for Expected_arrivals.xml
2025-10-26 17:52:21,710 - vessel_data_pipeline - INFO - Successfully downloaded and validated Expected_arrivals.xml
2025-10-26 17:52:23,715 - vessel_data_pipeline - INFO - Downloading Expected_departures.xml (attempt 1/3)
2025-10-26 17:52:23,779 - vessel_data_pipeline - INFO - File temp_Expected_departures.xml passed validation checks
2025-10-26 17:52:23,780 - vessel_data_pipeline - INFO - Created backup: Expected_departures_20251026_175223.xml
2025-10-26 17:52:23,780 - vessel_data_pipeline - INFO - Updated metadata for Expected_departures.xml
2025-10-26 17:52:23,780 - vessel_data_pipeline - INFO - Successfully downloaded and validated Expected_departures.xml
2025-10-26 17:52:25,783 - vessel_data_pipeline - INFO - Fetch operation completed. Results: {'Arrived_in_last_36_hours.xml': True, 'Departed_in_last_36_hours.xml': True, 'Expected_arrivals.xml': True, 'Expected_departures.xml': True}
2025-10-26 17:52:28,703 - vessel_data_pipeline - INFO - VesselDataFetcher initialized. Pipeline enabled: True
2025-10-26 17:52:28,703 - vessel_data_pipeline - INFO - Starting vessel data fetch operation
2025-10-26 17:52:28,703 - vessel_data_pipeline - INFO - Discovering XML files from Hong Kong Marine Department portal
2025-10-26 17:52:28,760 - vessel_data_pipeline - INFO - Verified access to Arrived_in_last_36_hours.xml
2025-10-26 17:52:28,792 - vessel_data_pipeline - INFO - Verified access to Departed_in_last_36_hours.xml
2025-10-26 17:52:28,852 - vessel_data_pipeline - INFO - Verified access to Expected_arrivals.xml
2025-10-26 17:52:28,893 - vessel_data_pipeline - INFO - Verified access to Expected_departures.xml
2025-10-26 17:52:28,894 - vessel_data_pipeline - INFO - Discovered 4 XML files for download
2025-10-26 17:52:28,895 - vessel_data_pipeline - INFO - Downloading Arrived_in_last_36_hours.xml (attempt 1/3)
2025-10-26 17:52:28,950 - vessel_data_pipeline - INFO - File temp_Arrived_in_last_36_hours.xml passed validation checks
2025-10-26 17:52:28,950 - vessel_data_pipeline - INFO - Created backup: Arrived_in_last_36_hours_20251026_175228.xml
2025-10-26 17:52:28,951 - vessel_data_pipeline - INFO - Updated metadata for Arrived_in_last_36_hours.xml
2025-10-26 17:52:28,951 - vessel_data_pipeline - INFO - Successfully downloaded and validated Arrived_in_last_36_hours.xml
2025-10-26 17:52:30,953 - vessel_data_pipeline - INFO - Downloading Departed_in_last_36_hours.xml (attempt 1/3)
2025-10-26 17:52:31,100 - vessel_data_pipeline - INFO - File temp_Departed_in_last_36_hours.xml passed validation checks
2025-10-26 17:52:31,101 - vessel_data_pipeline - INFO - Created backup: Departed_in_last_36_hours_20251026_175231.xml
2025-10-26 17:52:31,101 - vessel_data_pipeline - INFO - Updated metadata for Departed_in_last_36_hours.xml
2025-10-26 17:52:31,101 - vessel_data_pipeline - INFO - Successfully downloaded and validated Departed_in_last_36_hours.xml
2025-10-26 17:52:33,102 - vessel_data_pipeline - INFO - Downloading Expected_arrivals.xml (attempt 1/3)
2025-10-26 17:52:33,158 - vessel_data_pipeline - INFO - File temp_Expected_arrivals.xml passed validation checks
2025-10-26 17:52:33,158 - vessel_data_pipeline - INFO - Created backup: Expected_arrivals_20251026_175233.xml
2025-10-26 17:52:33,158 - vessel_data_pipeline - INFO - Updated metadata for Expected_arrivals.xml
2025-10-26 17:52:33,158 - vessel_data_pipeline - INFO - Successfully downloaded and validated Expected_arrivals.xml
2025-10-26 17:52:35,161 - vessel_data_pipeline - INFO - Downloading Expected_departures.xml (attempt 1/3)
2025-10-26 17:52:35,208 - vessel_data_pipeline - INFO - File temp_Expected_departures.xml passed validation checks
2025-10-26 17:52:35,209 - vessel_data_pipeline - INFO - Created backup: Expected_departures_20251026_175235.xml
2025-10-26 17:52:35,209 - vessel_data_pipeline - INFO - Updated metadata for Expected_departures.xml
2025-10-26 17:52:35,209 - vessel_data_pipeline - INFO - Successfully downloaded and validated Expected_departures.xml
2025-10-26 17:52:37,213 - vessel_data_pipeline - INFO - Fetch operation completed. Results: {'Arrived_in_last_36_hours.xml': True, 'Departed_in_last_36_hours.xml': True, 'Expected_arrivals.xml': True, 'Expected_departures.xml': True}
2025-10-26 17:52:37,217 - vessel_data_pipeline - INFO - VesselDataFetcher initialized. Pipeline enabled: True
2025-10-26 17:52:37,218 - vessel_data_pipeline - INFO - Starting vessel data fetch operation
2025-10-26 17:52:37,218 - vessel_data_pipeline - INFO - Discovering XML files from Hong Kong Marine Department portal
2025-10-26 17:52:37,272 - vessel_data_pipeline - INFO - Verified access to Arrived_in_last_36_hours.xml
2025-10-26 17:52:37,324 - vessel_data_pipeline - INFO - Verified access to Departed_in_last_36_hours.xml
2025-10-26 17:52:37,353 - vessel_data_pipeline - INFO - Verified access to Expected_arrivals.xml
2025-10-26 17:52:37,386 - vessel_data_pipeline - INFO - Verified access to Expected_departures.xml
2025-10-26 17:52:37,386 - vessel_data_pipeline - INFO - Discovered 4 XML files for download
2025-10-26 17:52:37,386 - vessel_data_pipeline - INFO - Downloading Arrived_in_last_36_hours.xml (attempt 1/3)
2025-10-26 17:52:37,460 - vessel_data_pipeline - INFO - File temp_Arrived_in_last_36_hours.xml passed validation checks
2025-10-26 17:52:37,460 - vessel_data_pipeline - INFO - Created backup: Arrived_in_last_36_hours_20251026_175237.xml
2025-10-26 17:52:37,461 - vessel_data_pipeline - INFO - Updated metadata for Arrived_in_last_36_hours.xml
2025-10-26 17:52:37,461 - vessel_data_pipeline - INFO - Successfully downloaded and validated Arrived_in_last_36_hours.xml
2025-10-26 17:52:39,466 - vessel_data_pipeline - INFO - Downloading Departed_in_last_36_hours.xml (attempt 1/3)
2025-10-26 17:52:39,525 - vessel_data_pipeline - INFO - File temp_Departed_in_last_36_hours.xml passed validation checks
2025-10-26 17:52:39,525 - vessel_data_pipeline - INFO - Created backup: Departed_in_last_36_hours_20251026_175239.xml
2025-10-26 17:52:39,525 - vessel_data_pipeline - INFO - Updated metadata for Departed_in_last_36_hours.xml
2025-10-26 17:52:39,525 - vessel_data_pipeline - INFO - Successfully downloaded and validated Departed_in_last_36_hours.xml
2025-10-26 17:52:41,526 - vessel_data_pipeline - INFO - Downloading Expected_arrivals.xml (attempt 1/3)
2025-10-26 17:52:41,575 - vessel_data_pipeline - INFO - File temp_Expected_arrivals.xml passed validation checks
2025-10-26 17:52:41,575 - vessel_data_pipeline - INFO - Created backup: Expected_arrivals_20251026_175241.xml
2025-10-26 17:52:41,575 - vessel_data_pipeline - INFO - Updated metadata for Expected_arrivals.xml
2025-10-26 17:52:41,575 - vessel_data_pipeline - INFO - Successfully downloaded and validated Expected_arrivals.xml
2025-10-26 17:52:43,580 - vessel_data_pipeline - INFO - Downloading Expected_departures.xml (attempt 1/3)
2025-10-26 17:52:43,648 - vessel_data_pipeline - INFO - File temp_Expected_departures.xml passed validation checks
2025-10-26 17:52:43,648 - vessel_data_pipeline - INFO - Created backup: Expected_departures_20251026_175243.xml
2025-10-26 17:52:43,673 - vessel_data_pipeline - INFO - Updated metadata for Expected_departures.xml
2025-10-26 17:52:43,673 - vessel_data_pipeline - INFO - Successfully downloaded and validated Expected_departures.xml
2025-10-26 17:52:45,676 - vessel_data_pipeline - INFO - Fetch operation completed. Results: {'Arrived_in_last_36_hours.xml': True, 'Departed_in_last_36_hours.xml': True, 'Expected_arrivals.xml': True, 'Expected_departures.xml': True}
2025-10-26 17:52:45,702 - vessel_data_pipeline - INFO - VesselDataFetcher initialized. Pipeline enabled: True
2025-10-26 17:52:45,702 - vessel_data_pipeline - INFO - Starting vessel data fetch operation
2025-10-26 17:52:45,703 - vessel_data_pipeline - INFO - Discovering XML files from Hong Kong Marine Department portal
2025-10-26 17:52:45,762 - vessel_data_pipeline - INFO - Verified access to Arrived_in_last_36_hours.xml
2025-10-26 17:52:45,798 - vessel_data_pipeline - INFO - Verified access to Departed_in_last_36_hours.xml
2025-10-26 17:52:45,856 - vessel_data_pipeline - INFO - Verified access to Expected_arrivals.xml
2025-10-26 17:52:45,891 - vessel_data_pipeline - INFO - Verified access to Expected_departures.xml
2025-10-26 17:52:45,891 - vessel_data_pipeline - INFO - Discovered 4 XML files for download
2025-10-26 17:52:45,891 - vessel_data_pipeline - INFO - Downloading Arrived_in_last_36_hours.xml (attempt 1/3)
2025-10-26 17:52:45,938 - vessel_data_pipeline - INFO - File temp_Arrived_in_last_36_hours.xml passed validation checks
2025-10-26 17:52:45,938 - vessel_data_pipeline - INFO - Created backup: Arrived_in_last_36_hours_20251026_175245.xml
2025-10-26 17:52:45,938 - vessel_data_pipeline - INFO - Updated metadata for Arrived_in_last_36_hours.xml
2025-10-26 17:52:45,938 - vessel_data_pipeline - INFO - Successfully downloaded and validated Arrived_in_last_36_hours.xml
2025-10-26 17:52:47,943 - vessel_data_pipeline - INFO - Downloading Departed_in_last_36_hours.xml (attempt 1/3)
2025-10-26 17:52:47,998 - vessel_data_pipeline - INFO - File temp_Departed_in_last_36_hours.xml passed validation checks
2025-10-26 17:52:47,998 - vessel_data_pipeline - INFO - Created backup: Departed_in_last_36_hours_20251026_175247.xml
2025-10-26 17:52:47,998 - vessel_data_pipeline - INFO - Updated metadata for Departed_in_last_36_hours.xml
2025-10-26 17:52:47,998 - vessel_data_pipeline - INFO - Successfully downloaded and validated Departed_in_last_36_hours.xml
2025-10-26 17:52:50,003 - vessel_data_pipeline - INFO - Downloading Expected_arrivals.xml (attempt 1/3)
2025-10-26 17:52:50,078 - vessel_data_pipeline - INFO - File temp_Expected_arrivals.xml passed validation checks
2025-10-26 17:52:50,079 - vessel_data_pipeline - INFO - Created backup: Expected_arrivals_20251026_175250.xml
2025-10-26 17:52:50,079 - vessel_data_pipeline - INFO - Updated metadata for Expected_arrivals.xml
2025-10-26 17:52:50,079 - vessel_data_pipeline - INFO - Successfully downloaded and validated Expected_arrivals.xml
2025-10-26 17:52:52,081 - vessel_data_pipeline - INFO - Downloading Expected_departures.xml (attempt 1/3)
2025-10-26 17:52:52,133 - vessel_data_pipeline - INFO - File temp_Expected_departures.xml passed validation checks
2025-10-26 17:52:52,133 - vessel_data_pipeline - INFO - Created backup: Expected_departures_20251026_175252.xml
2025-10-26 17:52:52,133 - vessel_data_pipeline - INFO - Updated metadata for Expected_departures.xml
2025-10-26 17:52:52,134 - vessel_data_pipeline - INFO - Successfully downloaded and validated Expected_departures.xml
2025-10-26 17:52:54,134 - vessel_data_pipeline - INFO - Fetch operation completed. Results: {'Arrived_in_last_36_hours.xml': True, 'Departed_in_last_36_hours.xml': True, 'Expected_arrivals.xml': True, 'Expected_departures.xml': True}
2025-10-26 17:52:54,139 - vessel_data_pipeline - INFO - VesselDataFetcher initialized. Pipeline enabled: True
2025-10-26 17:52:54,139 - vessel_data_pipeline - INFO - Starting vessel data fetch operation
2025-10-26 17:52:54,139 - vessel_data_pipeline - INFO - Discovering XML files from Hong Kong Marine Department portal
2025-10-26 17:52:54,195 - vessel_data_pipeline - INFO - Verified access to Arrived_in_last_36_hours.xml
2025-10-26 17:52:54,229 - vessel_data_pipeline - INFO - Verified access to Departed_in_last_36_hours.xml
2025-10-26 17:52:54,283 - vessel_data_pipeline - INFO - Verified access to Expected_arrivals.xml
2025-10-26 17:52:54,312 - vessel_data_pipeline - INFO - Verified access to Expected_departures.xml
2025-10-26 17:52:54,312 - vessel_data_pipeline - INFO - Discovered 4 XML files for download
2025-10-26 17:52:54,313 - vessel_data_pipeline - INFO - Downloading Arrived_in_last_36_hours.xml (attempt 1/3)
2025-10-26 17:52:54,361 - vessel_data_pipeline - INFO - File temp_Arrived_in_last_36_hours.xml passed validation checks
2025-10-26 17:52:54,361 - vessel_data_pipeline - INFO - Created backup: Arrived_in_last_36_hours_20251026_175254.xml
2025-10-26 17:52:54,362 - vessel_data_pipeline - INFO - Updated metadata for Arrived_in_last_36_hours.xml
2025-10-26 17:52:54,362 - vessel_data_pipeline - INFO - Successfully downloaded and validated Arrived_in_last_36_hours.xml
2025-10-26 17:52:56,362 - vessel_data_pipeline - INFO - Downloading Departed_in_last_36_hours.xml (attempt 1/3)
2025-10-26 17:52:56,459 - vessel_data_pipeline - INFO - File temp_Departed_in_last_36_hours.xml passed validation checks
2025-10-26 17:52:56,460 - vessel_data_pipeline - INFO - Created backup: Departed_in_last_36_hours_20251026_175256.xml
2025-10-26 17:52:56,460 - vessel_data_pipeline - INFO - Updated metadata for Departed_in_last_36_hours.xml
2025-10-26 17:52:56,460 - vessel_data_pipeline - INFO - Successfully downloaded and validated Departed_in_last_36_hours.xml
2025-10-26 17:52:58,461 - vessel_data_pipeline - INFO - Downloading Expected_arrivals.xml (attempt 1/3)
2025-10-26 17:52:58,520 - vessel_data_pipeline - INFO - File temp_Expected_arrivals.xml passed validation checks
2025-10-26 17:52:58,520 - vessel_data_pipeline - INFO - Created backup: Expected_arrivals_20251026_175258.xml
2025-10-26 17:52:58,521 - vessel_data_pipeline - INFO - Updated metadata for Expected_arrivals.xml
2025-10-26 17:52:58,521 - vessel_data_pipeline - INFO - Successfully downloaded and validated Expected_arrivals.xml
2025-10-26 17:53:00,526 - vessel_data_pipeline - INFO - Downloading Expected_departures.xml (attempt 1/3)
2025-10-26 17:53:00,571 - vessel_data_pipeline - INFO - File temp_Expected_departures.xml passed validation checks
2025-10-26 17:53:00,572 - vessel_data_pipeline - INFO - Created backup: Expected_departures_20251026_175300.xml
2025-10-26 17:53:00,572 - vessel_data_pipeline - INFO - Updated metadata for Expected_departures.xml
2025-10-26 17:53:00,572 - vessel_data_pipeline - INFO - Successfully downloaded and validated Expected_departures.xml
2025-10-26 17:53:02,577 - vessel_data_pipeline - INFO - Fetch operation completed. Results: {'Arrived_in_last_36_hours.xml': True, 'Departed_in_last_36_hours.xml': True, 'Expected_arrivals.xml': True, 'Expected_departures.xml': True}
2025-10-26 17:53:29,152 - vessel_data_pipeline - INFO - VesselDataFetcher initialized. Pipeline enabled: True
2025-10-26 17:53:29,154 - vessel_data_pipeline - INFO - VesselDataFetcher initialized. Pipeline enabled: True
2025-10-26 17:53:29,154 - vessel_data_pipeline - INFO - Starting vessel data fetch operation
2025-10-26 17:53:29,154 - vessel_data_pipeline - INFO - Discovering XML files from Hong Kong Marine Department portal
2025-10-26 17:53:29,271 - vessel_data_pipeline - INFO - Verified access to Arrived_in_last_36_hours.xml
2025-10-26 17:53:29,363 - vessel_data_pipeline - INFO - Verified access to Departed_in_last_36_hours.xml
2025-10-26 17:53:29,473 - vessel_data_pipeline - INFO - Verified access to Expected_arrivals.xml
2025-10-26 17:53:29,546 - vessel_data_pipeline - INFO - Verified access to Expected_departures.xml
2025-10-26 17:53:29,546 - vessel_data_pipeline - INFO - Discovered 4 XML files for download
2025-10-26 17:53:29,546 - vessel_data_pipeline - INFO - Downloading Arrived_in_last_36_hours.xml (attempt 1/3)
2025-10-26 17:53:29,630 - vessel_data_pipeline - INFO - File temp_Arrived_in_last_36_hours.xml passed validation checks
2025-10-26 17:53:29,632 - vessel_data_pipeline - INFO - Created backup: Arrived_in_last_36_hours_20251026_175329.xml
2025-10-26 17:53:29,633 - vessel_data_pipeline - INFO - Updated metadata for Arrived_in_last_36_hours.xml
2025-10-26 17:53:29,633 - vessel_data_pipeline - INFO - Successfully downloaded and validated Arrived_in_last_36_hours.xml
2025-10-26 17:53:31,638 - vessel_data_pipeline - INFO - Downloading Departed_in_last_36_hours.xml (attempt 1/3)
2025-10-26 17:53:31,737 - vessel_data_pipeline - INFO - File temp_Departed_in_last_36_hours.xml passed validation checks
2025-10-26 17:53:31,737 - vessel_data_pipeline - INFO - Created backup: Departed_in_last_36_hours_20251026_175331.xml
2025-10-26 17:53:31,738 - vessel_data_pipeline - INFO - Updated metadata for Departed_in_last_36_hours.xml
2025-10-26 17:53:31,738 - vessel_data_pipeline - INFO - Successfully downloaded and validated Departed_in_last_36_hours.xml
2025-10-26 17:53:33,740 - vessel_data_pipeline - INFO - Downloading Expected_arrivals.xml (attempt 1/3)
2025-10-26 17:53:33,784 - vessel_data_pipeline - INFO - File temp_Expected_arrivals.xml passed validation checks
2025-10-26 17:53:33,784 - vessel_data_pipeline - INFO - Created backup: Expected_arrivals_20251026_175333.xml
2025-10-26 17:53:33,785 - vessel_data_pipeline - INFO - Updated metadata for Expected_arrivals.xml
2025-10-26 17:53:33,785 - vessel_data_pipeline - INFO - Successfully downloaded and validated Expected_arrivals.xml
2025-10-26 17:53:35,790 - vessel_data_pipeline - INFO - Downloading Expected_departures.xml (attempt 1/3)
2025-10-26 17:53:35,839 - vessel_data_pipeline - INFO - File temp_Expected_departures.xml passed validation checks
2025-10-26 17:53:35,839 - vessel_data_pipeline - INFO - Created backup: Expected_departures_20251026_175335.xml
2025-10-26 17:53:35,839 - vessel_data_pipeline - INFO - Updated metadata for Expected_departures.xml
2025-10-26 17:53:35,839 - vessel_data_pipeline - INFO - Successfully downloaded and validated Expected_departures.xml
2025-10-26 17:53:37,842 - vessel_data_pipeline - INFO - Fetch operation completed. Results: {'Arrived_in_last_36_hours.xml': True, 'Departed_in_last_36_hours.xml': True, 'Expected_arrivals.xml': True, 'Expected_departures.xml': True}
2025-10-26 17:53:40,788 - vessel_data_pipeline - INFO - VesselDataFetcher initialized. Pipeline enabled: True
2025-10-26 17:53:40,788 - vessel_data_pipeline - INFO - Starting vessel data fetch operation
2025-10-26 17:53:40,788 - vessel_data_pipeline - INFO - Discovering XML files from Hong Kong Marine Department portal
2025-10-26 17:53:40,853 - vessel_data_pipeline - INFO - Verified access to Arrived_in_last_36_hours.xml
2025-10-26 17:53:40,888 - vessel_data_pipeline - INFO - Verified access to Departed_in_last_36_hours.xml
2025-10-26 17:53:40,967 - vessel_data_pipeline - INFO - Verified access to Expected_arrivals.xml
2025-10-26 17:53:41,025 - vessel_data_pipeline - INFO - Verified access to Expected_departures.xml
2025-10-26 17:53:41,025 - vessel_data_pipeline - INFO - Discovered 4 XML files for download
2025-10-26 17:53:41,026 - vessel_data_pipeline - INFO - Downloading Arrived_in_last_36_hours.xml (attempt 1/3)
2025-10-26 17:53:41,085 - vessel_data_pipeline - INFO - File temp_Arrived_in_last_36_hours.xml passed validation checks
2025-10-26 17:53:41,086 - vessel_data_pipeline - INFO - Created backup: Arrived_in_last_36_hours_20251026_175341.xml
2025-10-26 17:53:41,087 - vessel_data_pipeline - INFO - Updated metadata for Arrived_in_last_36_hours.xml
2025-10-26 17:53:41,088 - vessel_data_pipeline - INFO - Successfully downloaded and validated Arrived_in_last_36_hours.xml
2025-10-26 17:53:43,090 - vessel_data_pipeline - INFO - Downloading Departed_in_last_36_hours.xml (attempt 1/3)
2025-10-26 17:53:43,178 - vessel_data_pipeline - INFO - File temp_Departed_in_last_36_hours.xml passed validation checks
2025-10-26 17:53:43,179 - vessel_data_pipeline - INFO - Created backup: Departed_in_last_36_hours_20251026_175343.xml
2025-10-26 17:53:43,179 - vessel_data_pipeline - INFO - Updated metadata for Departed_in_last_36_hours.xml
2025-10-26 17:53:43,179 - vessel_data_pipeline - INFO - Successfully downloaded and validated Departed_in_last_36_hours.xml
2025-10-26 17:53:45,181 - vessel_data_pipeline - INFO - Downloading Expected_arrivals.xml (attempt 1/3)
2025-10-26 17:53:45,261 - vessel_data_pipeline - INFO - File temp_Expected_arrivals.xml passed validation checks
2025-10-26 17:53:45,262 - vessel_data_pipeline - INFO - Created backup: Expected_arrivals_20251026_175345.xml
2025-10-26 17:53:45,262 - vessel_data_pipeline - INFO - Updated metadata for Expected_arrivals.xml
2025-10-26 17:53:45,262 - vessel_data_pipeline - INFO - Successfully downloaded and validated Expected_arrivals.xml
2025-10-26 17:53:47,267 - vessel_data_pipeline - INFO - Downloading Expected_departures.xml (attempt 1/3)
2025-10-26 17:53:47,319 - vessel_data_pipeline - INFO - File temp_Expected_departures.xml passed validation checks
2025-10-26 17:53:47,319 - vessel_data_pipeline - INFO - Created backup: Expected_departures_20251026_175347.xml
2025-10-26 17:53:47,319 - vessel_data_pipeline - INFO - Updated metadata for Expected_departures.xml
2025-10-26 17:53:47,319 - vessel_data_pipeline - INFO - Successfully downloaded and validated Expected_departures.xml
2025-10-26 17:53:49,325 - vessel_data_pipeline - INFO - Fetch operation completed. Results: {'Arrived_in_last_36_hours.xml': True, 'Departed_in_last_36_hours.xml': True, 'Expected_arrivals.xml': True, 'Expected_departures.xml': True}
2025-10-26 17:53:49,329 - vessel_data_pipeline - INFO - VesselDataFetcher initialized. Pipeline enabled: True
2025-10-26 17:53:49,329 - vessel_data_pipeline - INFO - Starting vessel data fetch operation
2025-10-26 17:53:49,329 - vessel_data_pipeline - INFO - Discovering XML files from Hong Kong Marine Department portal
2025-10-26 17:53:49,394 - vessel_data_pipeline - INFO - Verified access to Arrived_in_last_36_hours.xml
2025-10-26 17:53:49,427 - vessel_data_pipeline - INFO - Verified access to Departed_in_last_36_hours.xml
2025-10-26 17:53:49,497 - vessel_data_pipeline - INFO - Verified access to Expected_arrivals.xml
2025-10-26 17:53:49,533 - vessel_data_pipeline - INFO - Verified access to Expected_departures.xml
2025-10-26 17:53:49,534 - vessel_data_pipeline - INFO - Discovered 4 XML files for download
2025-10-26 17:53:49,534 - vessel_data_pipeline - INFO - Downloading Arrived_in_last_36_hours.xml (attempt 1/3)
2025-10-26 17:53:49,599 - vessel_data_pipeline - INFO - File temp_Arrived_in_last_36_hours.xml passed validation checks
2025-10-26 17:53:49,600 - vessel_data_pipeline - INFO - Created backup: Arrived_in_last_36_hours_20251026_175349.xml
2025-10-26 17:53:49,600 - vessel_data_pipeline - INFO - Updated metadata for Arrived_in_last_36_hours.xml
2025-10-26 17:53:49,600 - vessel_data_pipeline - INFO - Successfully downloaded and validated Arrived_in_last_36_hours.xml
2025-10-26 17:53:51,605 - vessel_data_pipeline - INFO - Downloading Departed_in_last_36_hours.xml (attempt 1/3)
2025-10-26 17:53:51,691 - vessel_data_pipeline - INFO - File temp_Departed_in_last_36_hours.xml passed validation checks
2025-10-26 17:53:51,691 - vessel_data_pipeline - INFO - Created backup: Departed_in_last_36_hours_20251026_175351.xml
2025-10-26 17:53:51,692 - vessel_data_pipeline - INFO - Updated metadata for Departed_in_last_36_hours.xml
2025-10-26 17:53:51,692 - vessel_data_pipeline - INFO - Successfully downloaded and validated Departed_in_last_36_hours.xml
2025-10-26 17:53:53,697 - vessel_data_pipeline - INFO - Downloading Expected_arrivals.xml (attempt 1/3)
2025-10-26 17:53:53,744 - vessel_data_pipeline - INFO - File temp_Expected_arrivals.xml passed validation checks
2025-10-26 17:53:53,744 - vessel_data_pipeline - INFO - Created backup: Expected_arrivals_20251026_175353.xml
2025-10-26 17:53:53,744 - vessel_data_pipeline - INFO - Updated metadata for Expected_arrivals.xml
2025-10-26 17:53:53,744 - vessel_data_pipeline - INFO - Successfully downloaded and validated Expected_arrivals.xml
2025-10-26 17:53:55,750 - vessel_data_pipeline - INFO - Downloading Expected_departures.xml (attempt 1/3)
2025-10-26 17:53:55,794 - vessel_data_pipeline - INFO - File temp_Expected_departures.xml passed validation checks
2025-10-26 17:53:55,794 - vessel_data_pipeline - INFO - Created backup: Expected_departures_20251026_175355.xml
2025-10-26 17:53:55,794 - vessel_data_pipeline - INFO - Updated metadata for Expected_departures.xml
2025-10-26 17:53:55,794 - vessel_data_pipeline - INFO - Successfully downloaded and validated Expected_departures.xml
2025-10-26 17:53:57,800 - vessel_data_pipeline - INFO - Fetch operation completed. Results: {'Arrived_in_last_36_hours.xml': True, 'Departed_in_last_36_hours.xml': True, 'Expected_arrivals.xml': True, 'Expected_departures.xml': True}
2025-10-26 17:53:57,826 - vessel_data_pipeline - INFO - VesselDataFetcher initialized. Pipeline enabled: True
2025-10-26 17:53:57,826 - vessel_data_pipeline - INFO - Starting vessel data fetch operation
2025-10-26 17:53:57,826 - vessel_data_pipeline - INFO - Discovering XML files from Hong Kong Marine Department portal
2025-10-26 17:53:57,882 - vessel_data_pipeline - INFO - Verified access to Arrived_in_last_36_hours.xml
2025-10-26 17:53:57,944 - vessel_data_pipeline - INFO - Verified access to Departed_in_last_36_hours.xml
2025-10-26 17:53:58,036 - vessel_data_pipeline - INFO - Verified access to Expected_arrivals.xml
2025-10-26 17:53:58,072 - vessel_data_pipeline - INFO - Verified access to Expected_departures.xml
2025-10-26 17:53:58,072 - vessel_data_pipeline - INFO - Discovered 4 XML files for download
2025-10-26 17:53:58,072 - vessel_data_pipeline - INFO - Downloading Arrived_in_last_36_hours.xml (attempt 1/3)
2025-10-26 17:53:58,149 - vessel_data_pipeline - INFO - File temp_Arrived_in_last_36_hours.xml passed validation checks
2025-10-26 17:53:58,150 - vessel_data_pipeline - INFO - Created backup: Arrived_in_last_36_hours_20251026_175358.xml
2025-10-26 17:53:58,150 - vessel_data_pipeline - INFO - Updated metadata for Arrived_in_last_36_hours.xml
2025-10-26 17:53:58,150 - vessel_data_pipeline - INFO - Successfully downloaded and validated Arrived_in_last_36_hours.xml
2025-10-26 17:54:00,151 - vessel_data_pipeline - INFO - Downloading Departed_in_last_36_hours.xml (attempt 1/3)
2025-10-26 17:54:00,246 - vessel_data_pipeline - INFO - File temp_Departed_in_last_36_hours.xml passed validation checks
2025-10-26 17:54:00,246 - vessel_data_pipeline - INFO - Created backup: Departed_in_last_36_hours_20251026_175400.xml
2025-10-26 17:54:00,246 - vessel_data_pipeline - INFO - Updated metadata for Departed_in_last_36_hours.xml
2025-10-26 17:54:00,246 - vessel_data_pipeline - INFO - Successfully downloaded and validated Departed_in_last_36_hours.xml
2025-10-26 17:54:02,252 - vessel_data_pipeline - INFO - Downloading Expected_arrivals.xml (attempt 1/3)
2025-10-26 17:54:02,330 - vessel_data_pipeline - INFO - File temp_Expected_arrivals.xml passed validation checks
2025-10-26 17:54:02,330 - vessel_data_pipeline - INFO - Created backup: Expected_arrivals_20251026_175402.xml
2025-10-26 17:54:02,331 - vessel_data_pipeline - INFO - Updated metadata for Expected_arrivals.xml
2025-10-26 17:54:02,331 - vessel_data_pipeline - INFO - Successfully downloaded and validated Expected_arrivals.xml
2025-10-26 17:54:04,333 - vessel_data_pipeline - INFO - Downloading Expected_departures.xml (attempt 1/3)
2025-10-26 17:54:04,429 - vessel_data_pipeline - INFO - File temp_Expected_departures.xml passed validation checks
2025-10-26 17:54:04,429 - vessel_data_pipeline - INFO - Created backup: Expected_departures_20251026_175404.xml
2025-10-26 17:54:04,429 - vessel_data_pipeline - INFO - Updated metadata for Expected_departures.xml
2025-10-26 17:54:04,429 - vessel_data_pipeline - INFO - Successfully downloaded and validated Expected_departures.xml
2025-10-26 17:54:06,434 - vessel_data_pipeline - INFO - Fetch operation completed. Results: {'Arrived_in_last_36_hours.xml': True, 'Departed_in_last_36_hours.xml': True, 'Expected_arrivals.xml': True, 'Expected_departures.xml': True}
2025-10-26 17:54:06,438 - vessel_data_pipeline - INFO - VesselDataFetcher initialized. Pipeline enabled: True
2025-10-26 17:54:06,439 - vessel_data_pipeline - INFO - Starting vessel data fetch operation
2025-10-26 17:54:06,439 - vessel_data_pipeline - INFO - Discovering XML files from Hong Kong Marine Department portal
2025-10-26 17:54:06,536 - vessel_data_pipeline - INFO - Verified access to Arrived_in_last_36_hours.xml
2025-10-26 17:54:06,600 - vessel_data_pipeline - INFO - Verified access to Departed_in_last_36_hours.xml
2025-10-26 17:54:06,643 - vessel_data_pipeline - INFO - Verified access to Expected_arrivals.xml
2025-10-26 17:54:06,706 - vessel_data_pipeline - INFO - Verified access to Expected_departures.xml
2025-10-26 17:54:06,706 - vessel_data_pipeline - INFO - Discovered 4 XML files for download
2025-10-26 17:54:06,706 - vessel_data_pipeline - INFO - Downloading Arrived_in_last_36_hours.xml (attempt 1/3)
2025-10-26 17:54:06,751 - vessel_data_pipeline - INFO - File temp_Arrived_in_last_36_hours.xml passed validation checks
2025-10-26 17:54:06,751 - vessel_data_pipeline - INFO - Created backup: Arrived_in_last_36_hours_20251026_175406.xml
2025-10-26 17:54:06,751 - vessel_data_pipeline - INFO - Updated metadata for Arrived_in_last_36_hours.xml
2025-10-26 17:54:06,751 - vessel_data_pipeline - INFO - Successfully downloaded and validated Arrived_in_last_36_hours.xml
2025-10-26 17:54:08,756 - vessel_data_pipeline - INFO - Downloading Departed_in_last_36_hours.xml (attempt 1/3)
2025-10-26 17:54:08,841 - vessel_data_pipeline - INFO - File temp_Departed_in_last_36_hours.xml passed validation checks
2025-10-26 17:54:08,841 - vessel_data_pipeline - INFO - Created backup: Departed_in_last_36_hours_20251026_175408.xml
2025-10-26 17:54:08,842 - vessel_data_pipeline - INFO - Updated metadata for Departed_in_last_36_hours.xml
2025-10-26 17:54:08,842 - vessel_data_pipeline - INFO - Successfully downloaded and validated Departed_in_last_36_hours.xml
2025-10-26 17:54:10,846 - vessel_data_pipeline - INFO - Downloading Expected_arrivals.xml (attempt 1/3)
2025-10-26 17:54:10,914 - vessel_data_pipeline - INFO - File temp_Expected_arrivals.xml passed validation checks
2025-10-26 17:54:10,915 - vessel_data_pipeline - INFO - Created backup: Expected_arrivals_20251026_175410.xml
2025-10-26 17:54:10,915 - vessel_data_pipeline - INFO - Updated metadata for Expected_arrivals.xml
2025-10-26 17:54:10,915 - vessel_data_pipeline - INFO - Successfully downloaded and validated Expected_arrivals.xml
2025-10-26 17:54:12,920 - vessel_data_pipeline - INFO - Downloading Expected_departures.xml (attempt 1/3)
2025-10-26 17:54:12,979 - vessel_data_pipeline - INFO - File temp_Expected_departures.xml passed validation checks
2025-10-26 17:54:12,979 - vessel_data_pipeline - INFO - Created backup: Expected_departures_20251026_175412.xml
2025-10-26 17:54:12,980 - vessel_data_pipeline - INFO - Updated metadata for Expected_departures.xml
2025-10-26 17:54:12,980 - vessel_data_pipeline - INFO - Successfully downloaded and validated Expected_departures.xml
2025-10-26 17:54:14,985 - vessel_data_pipeline - INFO - Fetch operation completed. Results: {'Arrived_in_last_36_hours.xml': True, 'Departed_in_last_36_hours.xml': True, 'Expected_arrivals.xml': True, 'Expected_departures.xml': True}
2025-10-26 17:54:48,369 - vessel_data_pipeline - INFO - VesselDataFetcher initialized. Pipeline enabled: True
2025-10-26 17:54:48,371 - vessel_data_pipeline - INFO - VesselDataFetcher initialized. Pipeline enabled: True
2025-10-26 17:54:48,372 - vessel_data_pipeline - INFO - Starting vessel data fetch operation
2025-10-26 17:54:48,372 - vessel_data_pipeline - INFO - Discovering XML files from Hong Kong Marine Department portal
2025-10-26 17:54:48,489 - vessel_data_pipeline - INFO - Verified access to Arrived_in_last_36_hours.xml
2025-10-26 17:54:48,521 - vessel_data_pipeline - INFO - Verified access to Departed_in_last_36_hours.xml
2025-10-26 17:54:48,556 - vessel_data_pipeline - INFO - Verified access to Expected_arrivals.xml
2025-10-26 17:54:48,594 - vessel_data_pipeline - INFO - Verified access to Expected_departures.xml
2025-10-26 17:54:48,595 - vessel_data_pipeline - INFO - Discovered 4 XML files for download
2025-10-26 17:54:48,595 - vessel_data_pipeline - INFO - Downloading Arrived_in_last_36_hours.xml (attempt 1/3)
2025-10-26 17:54:48,650 - vessel_data_pipeline - INFO - File temp_Arrived_in_last_36_hours.xml passed validation checks
2025-10-26 17:54:48,651 - vessel_data_pipeline - INFO - Created backup: Arrived_in_last_36_hours_20251026_175448.xml
2025-10-26 17:54:48,652 - vessel_data_pipeline - INFO - Updated metadata for Arrived_in_last_36_hours.xml
2025-10-26 17:54:48,652 - vessel_data_pipeline - INFO - Successfully downloaded and validated Arrived_in_last_36_hours.xml
2025-10-26 17:54:50,654 - vessel_data_pipeline - INFO - Downloading Departed_in_last_36_hours.xml (attempt 1/3)
2025-10-26 17:54:50,745 - vessel_data_pipeline - INFO - File temp_Departed_in_last_36_hours.xml passed validation checks
2025-10-26 17:54:50,746 - vessel_data_pipeline - INFO - Created backup: Departed_in_last_36_hours_20251026_175450.xml
2025-10-26 17:54:50,746 - vessel_data_pipeline - INFO - Updated metadata for Departed_in_last_36_hours.xml
2025-10-26 17:54:50,746 - vessel_data_pipeline - INFO - Successfully downloaded and validated Departed_in_last_36_hours.xml
2025-10-26 17:54:52,747 - vessel_data_pipeline - INFO - Downloading Expected_arrivals.xml (attempt 1/3)
2025-10-26 17:54:52,794 - vessel_data_pipeline - INFO - File temp_Expected_arrivals.xml passed validation checks
2025-10-26 17:54:52,794 - vessel_data_pipeline - INFO - Created backup: Expected_arrivals_20251026_175452.xml
2025-10-26 17:54:52,795 - vessel_data_pipeline - INFO - Updated metadata for Expected_arrivals.xml
2025-10-26 17:54:52,795 - vessel_data_pipeline - INFO - Successfully downloaded and validated Expected_arrivals.xml
2025-10-26 17:54:54,800 - vessel_data_pipeline - INFO - Downloading Expected_departures.xml (attempt 1/3)
2025-10-26 17:54:54,849 - vessel_data_pipeline - INFO - File temp_Expected_departures.xml passed validation checks
2025-10-26 17:54:54,849 - vessel_data_pipeline - INFO - Created backup: Expected_departures_20251026_175454.xml
2025-10-26 17:54:54,849 - vessel_data_pipeline - INFO - Updated metadata for Expected_departures.xml
2025-10-26 17:54:54,849 - vessel_data_pipeline - INFO - Successfully downloaded and validated Expected_departures.xml
2025-10-26 17:54:56,855 - vessel_data_pipeline - INFO - Fetch operation completed. Results: {'Arrived_in_last_36_hours.xml': True, 'Departed_in_last_36_hours.xml': True, 'Expected_arrivals.xml': True, 'Expected_departures.xml': True}
2025-10-26 17:54:59,834 - vessel_data_pipeline - INFO - VesselDataFetcher initialized. Pipeline enabled: True
2025-10-26 17:54:59,834 - vessel_data_pipeline - INFO - Starting vessel data fetch operation
2025-10-26 17:54:59,835 - vessel_data_pipeline - INFO - Discovering XML files from Hong Kong Marine Department portal
2025-10-26 17:54:59,902 - vessel_data_pipeline - INFO - Verified access to Arrived_in_last_36_hours.xml
2025-10-26 17:54:59,933 - vessel_data_pipeline - INFO - Verified access to Departed_in_last_36_hours.xml
2025-10-26 17:54:59,968 - vessel_data_pipeline - INFO - Verified access to Expected_arrivals.xml
2025-10-26 17:55:00,034 - vessel_data_pipeline - INFO - Verified access to Expected_departures.xml
2025-10-26 17:55:00,035 - vessel_data_pipeline - INFO - Discovered 4 XML files for download
2025-10-26 17:55:00,035 - vessel_data_pipeline - INFO - Downloading Arrived_in_last_36_hours.xml (attempt 1/3)
2025-10-26 17:55:00,097 - vessel_data_pipeline - INFO - File temp_Arrived_in_last_36_hours.xml passed validation checks
2025-10-26 17:55:00,098 - vessel_data_pipeline - INFO - Created backup: Arrived_in_last_36_hours_20251026_175500.xml
2025-10-26 17:55:00,099 - vessel_data_pipeline - INFO - Updated metadata for Arrived_in_last_36_hours.xml
2025-10-26 17:55:00,099 - vessel_data_pipeline - INFO - Successfully downloaded and validated Arrived_in_last_36_hours.xml
2025-10-26 17:55:02,104 - vessel_data_pipeline - INFO - Downloading Departed_in_last_36_hours.xml (attempt 1/3)
2025-10-26 17:55:02,198 - vessel_data_pipeline - INFO - File temp_Departed_in_last_36_hours.xml passed validation checks
2025-10-26 17:55:02,199 - vessel_data_pipeline - INFO - Created backup: Departed_in_last_36_hours_20251026_175502.xml
2025-10-26 17:55:02,199 - vessel_data_pipeline - INFO - Updated metadata for Departed_in_last_36_hours.xml
2025-10-26 17:55:02,199 - vessel_data_pipeline - INFO - Successfully downloaded and validated Departed_in_last_36_hours.xml
2025-10-26 17:55:04,203 - vessel_data_pipeline - INFO - Downloading Expected_arrivals.xml (attempt 1/3)
2025-10-26 17:55:04,246 - vessel_data_pipeline - INFO - File temp_Expected_arrivals.xml passed validation checks
2025-10-26 17:55:04,247 - vessel_data_pipeline - INFO - Created backup: Expected_arrivals_20251026_175504.xml
2025-10-26 17:55:04,247 - vessel_data_pipeline - INFO - Updated metadata for Expected_arrivals.xml
2025-10-26 17:55:04,247 - vessel_data_pipeline - INFO - Successfully downloaded and validated Expected_arrivals.xml
2025-10-26 17:55:06,252 - vessel_data_pipeline - INFO - Downloading Expected_departures.xml (attempt 1/3)
2025-10-26 17:55:06,330 - vessel_data_pipeline - INFO - File temp_Expected_departures.xml passed validation checks
2025-10-26 17:55:06,331 - vessel_data_pipeline - INFO - Created backup: Expected_departures_20251026_175506.xml
2025-10-26 17:55:06,331 - vessel_data_pipeline - INFO - Updated metadata for Expected_departures.xml
2025-10-26 17:55:06,331 - vessel_data_pipeline - INFO - Successfully downloaded and validated Expected_departures.xml
2025-10-26 17:55:08,336 - vessel_data_pipeline - INFO - Fetch operation completed. Results: {'Arrived_in_last_36_hours.xml': True, 'Departed_in_last_36_hours.xml': True, 'Expected_arrivals.xml': True, 'Expected_departures.xml': True}
2025-10-26 17:55:08,341 - vessel_data_pipeline - INFO - VesselDataFetcher initialized. Pipeline enabled: True
2025-10-26 17:55:08,341 - vessel_data_pipeline - INFO - Starting vessel data fetch operation
2025-10-26 17:55:08,341 - vessel_data_pipeline - INFO - Discovering XML files from Hong Kong Marine Department portal
2025-10-26 17:55:08,401 - vessel_data_pipeline - INFO - Verified access to Arrived_in_last_36_hours.xml
2025-10-26 17:55:08,432 - vessel_data_pipeline - INFO - Verified access to Departed_in_last_36_hours.xml
2025-10-26 17:55:08,473 - vessel_data_pipeline - INFO - Verified access to Expected_arrivals.xml
2025-10-26 17:55:08,506 - vessel_data_pipeline - INFO - Verified access to Expected_departures.xml
2025-10-26 17:55:08,506 - vessel_data_pipeline - INFO - Discovered 4 XML files for download
2025-10-26 17:55:08,506 - vessel_data_pipeline - INFO - Downloading Arrived_in_last_36_hours.xml (attempt 1/3)
2025-10-26 17:55:08,548 - vessel_data_pipeline - INFO - File temp_Arrived_in_last_36_hours.xml passed validation checks
2025-10-26 17:55:08,548 - vessel_data_pipeline - INFO - Created backup: Arrived_in_last_36_hours_20251026_175508.xml
2025-10-26 17:55:08,549 - vessel_data_pipeline - INFO - Updated metadata for Arrived_in_last_36_hours.xml
2025-10-26 17:55:08,549 - vessel_data_pipeline - INFO - Successfully downloaded and validated Arrived_in_last_36_hours.xml
2025-10-26 17:55:10,554 - vessel_data_pipeline - INFO - Downloading Departed_in_last_36_hours.xml (attempt 1/3)
2025-10-26 17:55:10,754 - vessel_data_pipeline - INFO - File temp_Departed_in_last_36_hours.xml passed validation checks
2025-10-26 17:55:10,755 - vessel_data_pipeline - INFO - Created backup: Departed_in_last_36_hours_20251026_175510.xml
2025-10-26 17:55:10,755 - vessel_data_pipeline - INFO - Updated metadata for Departed_in_last_36_hours.xml
2025-10-26 17:55:10,755 - vessel_data_pipeline - INFO - Successfully downloaded and validated Departed_in_last_36_hours.xml
2025-10-26 17:55:12,758 - vessel_data_pipeline - INFO - Downloading Expected_arrivals.xml (attempt 1/3)
2025-10-26 17:55:12,818 - vessel_data_pipeline - INFO - File temp_Expected_arrivals.xml passed validation checks
2025-10-26 17:55:12,818 - vessel_data_pipeline - INFO - Created backup: Expected_arrivals_20251026_175512.xml
2025-10-26 17:55:12,819 - vessel_data_pipeline - INFO - Updated metadata for Expected_arrivals.xml
2025-10-26 17:55:12,819 - vessel_data_pipeline - INFO - Successfully downloaded and validated Expected_arrivals.xml
2025-10-26 17:55:14,821 - vessel_data_pipeline - INFO - Downloading Expected_departures.xml (attempt 1/3)
2025-10-26 17:55:14,872 - vessel_data_pipeline - INFO - File temp_Expected_departures.xml passed validation checks
2025-10-26 17:55:14,872 - vessel_data_pipeline - INFO - Created backup: Expected_departures_20251026_175514.xml
2025-10-26 17:55:14,873 - vessel_data_pipeline - INFO - Updated metadata for Expected_departures.xml
2025-10-26 17:55:14,873 - vessel_data_pipeline - INFO - Successfully downloaded and validated Expected_departures.xml
2025-10-26 17:55:16,875 - vessel_data_pipeline - INFO - Fetch operation completed. Results: {'Arrived_in_last_36_hours.xml': True, 'Departed_in_last_36_hours.xml': True, 'Expected_arrivals.xml': True, 'Expected_departures.xml': True}
2025-10-26 17:55:16,905 - vessel_data_pipeline - INFO - VesselDataFetcher initialized. Pipeline enabled: True
2025-10-26 17:55:16,905 - vessel_data_pipeline - INFO - Starting vessel data fetch operation
2025-10-26 17:55:16,905 - vessel_data_pipeline - INFO - Discovering XML files from Hong Kong Marine Department portal
2025-10-26 17:55:16,983 - vessel_data_pipeline - INFO - Verified access to Arrived_in_last_36_hours.xml
2025-10-26 17:55:17,016 - vessel_data_pipeline - INFO - Verified access to Departed_in_last_36_hours.xml
2025-10-26 17:55:17,049 - vessel_data_pipeline - INFO - Verified access to Expected_arrivals.xml
2025-10-26 17:55:17,097 - vessel_data_pipeline - INFO - Verified access to Expected_departures.xml
2025-10-26 17:55:17,097 - vessel_data_pipeline - INFO - Discovered 4 XML files for download
2025-10-26 17:55:17,097 - vessel_data_pipeline - INFO - Downloading Arrived_in_last_36_hours.xml (attempt 1/3)
2025-10-26 17:55:17,143 - vessel_data_pipeline - INFO - File temp_Arrived_in_last_36_hours.xml passed validation checks
2025-10-26 17:55:17,144 - vessel_data_pipeline - INFO - Created backup: Arrived_in_last_36_hours_20251026_175517.xml
2025-10-26 17:55:17,144 - vessel_data_pipeline - INFO - Updated metadata for Arrived_in_last_36_hours.xml
2025-10-26 17:55:17,144 - vessel_data_pipeline - INFO - Successfully downloaded and validated Arrived_in_last_36_hours.xml
2025-10-26 17:55:19,148 - vessel_data_pipeline - INFO - Downloading Departed_in_last_36_hours.xml (attempt 1/3)
2025-10-26 17:55:19,208 - vessel_data_pipeline - INFO - File temp_Departed_in_last_36_hours.xml passed validation checks
2025-10-26 17:55:19,208 - vessel_data_pipeline - INFO - Created backup: Departed_in_last_36_hours_20251026_175519.xml
2025-10-26 17:55:19,208 - vessel_data_pipeline - INFO - Updated metadata for Departed_in_last_36_hours.xml
2025-10-26 17:55:19,208 - vessel_data_pipeline - INFO - Successfully downloaded and validated Departed_in_last_36_hours.xml
2025-10-26 17:55:21,212 - vessel_data_pipeline - INFO - Downloading Expected_arrivals.xml (attempt 1/3)
2025-10-26 17:55:21,252 - vessel_data_pipeline - INFO - File temp_Expected_arrivals.xml passed validation checks
2025-10-26 17:55:21,253 - vessel_data_pipeline - INFO - Created backup: Expected_arrivals_20251026_175521.xml
2025-10-26 17:55:21,253 - vessel_data_pipeline - INFO - Updated metadata for Expected_arrivals.xml
2025-10-26 17:55:21,253 - vessel_data_pipeline - INFO - Successfully downloaded and validated Expected_arrivals.xml
2025-10-26 17:55:23,258 - vessel_data_pipeline - INFO - Downloading Expected_departures.xml (attempt 1/3)
2025-10-26 17:55:23,329 - vessel_data_pipeline - INFO - File temp_Expected_departures.xml passed validation checks
2025-10-26 17:55:23,330 - vessel_data_pipeline - INFO - Created backup: Expected_departures_20251026_175523.xml
2025-10-26 17:55:23,330 - vessel_data_pipeline - INFO - Updated metadata for Expected_departures.xml
2025-10-26 17:55:23,330 - vessel_data_pipeline - INFO - Successfully downloaded and validated Expected_departures.xml
2025-10-26 17:55:25,331 - vessel_data_pipeline - INFO - Fetch operation completed. Results: {'Arrived_in_last_36_hours.xml': True, 'Departed_in_last_36_hours.xml': True, 'Expected_arrivals.xml': True, 'Expected_departures.xml': True}
2025-10-26 17:55:25,334 - vessel_data_pipeline - INFO - VesselDataFetcher initialized. Pipeline enabled: True
2025-10-26 17:55:25,334 - vessel_data_pipeline - INFO - Starting vessel data fetch operation
2025-10-26 17:55:25,334 - vessel_data_pipeline - INFO - Discovering XML files from Hong Kong Marine Department portal
2025-10-26 17:55:25,390 - vessel_data_pipeline - INFO - Verified access to Arrived_in_last_36_hours.xml
2025-10-26 17:55:25,429 - vessel_data_pipeline - INFO - Verified access to Departed_in_last_36_hours.xml
2025-10-26 17:55:25,488 - vessel_data_pipeline - INFO - Verified access to Expected_arrivals.xml
2025-10-26 17:55:25,525 - vessel_data_pipeline - INFO - Verified access to Expected_departures.xml
2025-10-26 17:55:25,525 - vessel_data_pipeline - INFO - Discovered 4 XML files for download
2025-10-26 17:55:25,525 - vessel_data_pipeline - INFO - Downloading Arrived_in_last_36_hours.xml (attempt 1/3)
2025-10-26 17:55:25,577 - vessel_data_pipeline - INFO - File temp_Arrived_in_last_36_hours.xml passed validation checks
2025-10-26 17:55:25,577 - vessel_data_pipeline - INFO - Created backup: Arrived_in_last_36_hours_20251026_175525.xml
2025-10-26 17:55:25,578 - vessel_data_pipeline - INFO - Updated metadata for Arrived_in_last_36_hours.xml
2025-10-26 17:55:25,578 - vessel_data_pipeline - INFO - Successfully downloaded and validated Arrived_in_last_36_hours.xml
2025-10-26 17:55:27,583 - vessel_data_pipeline - INFO - Downloading Departed_in_last_36_hours.xml (attempt 1/3)
2025-10-26 17:55:27,685 - vessel_data_pipeline - INFO - File temp_Departed_in_last_36_hours.xml passed validation checks
2025-10-26 17:55:27,686 - vessel_data_pipeline - INFO - Created backup: Departed_in_last_36_hours_20251026_175527.xml
2025-10-26 17:55:27,686 - vessel_data_pipeline - INFO - Updated metadata for Departed_in_last_36_hours.xml
2025-10-26 17:55:27,686 - vessel_data_pipeline - INFO - Successfully downloaded and validated Departed_in_last_36_hours.xml
2025-10-26 17:55:29,691 - vessel_data_pipeline - INFO - Downloading Expected_arrivals.xml (attempt 1/3)
2025-10-26 17:55:29,781 - vessel_data_pipeline - INFO - File temp_Expected_arrivals.xml passed validation checks
2025-10-26 17:55:29,782 - vessel_data_pipeline - INFO - Created backup: Expected_arrivals_20251026_175529.xml
2025-10-26 17:55:29,784 - vessel_data_pipeline - INFO - Updated metadata for Expected_arrivals.xml
2025-10-26 17:55:29,784 - vessel_data_pipeline - INFO - Successfully downloaded and validated Expected_arrivals.xml
2025-10-26 17:55:31,789 - vessel_data_pipeline - INFO - Downloading Expected_departures.xml (attempt 1/3)
2025-10-26 17:55:31,854 - vessel_data_pipeline - INFO - File temp_Expected_departures.xml passed validation checks
2025-10-26 17:55:31,854 - vessel_data_pipeline - INFO - Created backup: Expected_departures_20251026_175531.xml
2025-10-26 17:55:31,855 - vessel_data_pipeline - INFO - Updated metadata for Expected_departures.xml
2025-10-26 17:55:31,855 - vessel_data_pipeline - INFO - Successfully downloaded and validated Expected_departures.xml
2025-10-26 17:55:33,858 - vessel_data_pipeline - INFO - Fetch operation completed. Results: {'Arrived_in_last_36_hours.xml': True, 'Departed_in_last_36_hours.xml': True, 'Expected_arrivals.xml': True, 'Expected_departures.xml': True}
2025-10-26 17:56:57,885 - vessel_data_pipeline - INFO - VesselDataFetcher initialized. Pipeline enabled: True
2025-10-26 17:56:57,888 - vessel_data_pipeline - INFO - VesselDataFetcher initialized. Pipeline enabled: True
2025-10-26 17:56:57,888 - vessel_data_pipeline - INFO - Starting vessel data fetch operation
2025-10-26 17:56:57,888 - vessel_data_pipeline - INFO - Discovering XML files from Hong Kong Marine Department portal
2025-10-26 17:56:58,195 - vessel_data_pipeline - INFO - Verified access to Arrived_in_last_36_hours.xml
2025-10-26 17:56:58,425 - vessel_data_pipeline - INFO - Verified access to Departed_in_last_36_hours.xml
2025-10-26 17:56:58,614 - vessel_data_pipeline - INFO - Verified access to Expected_arrivals.xml
2025-10-26 17:56:58,827 - vessel_data_pipeline - INFO - Verified access to Expected_departures.xml
2025-10-26 17:56:58,827 - vessel_data_pipeline - INFO - Discovered 4 XML files for download
2025-10-26 17:56:58,827 - vessel_data_pipeline - INFO - Downloading Arrived_in_last_36_hours.xml (attempt 1/3)
2025-10-26 17:56:58,869 - vessel_data_pipeline - INFO - File temp_Arrived_in_last_36_hours.xml passed validation checks
2025-10-26 17:56:58,870 - vessel_data_pipeline - INFO - Created backup: Arrived_in_last_36_hours_20251026_175658.xml
2025-10-26 17:56:58,870 - vessel_data_pipeline - INFO - Updated metadata for Arrived_in_last_36_hours.xml
2025-10-26 17:56:58,870 - vessel_data_pipeline - INFO - Successfully downloaded and validated Arrived_in_last_36_hours.xml
2025-10-26 17:57:00,874 - vessel_data_pipeline - INFO - Downloading Departed_in_last_36_hours.xml (attempt 1/3)
2025-10-26 17:57:00,939 - vessel_data_pipeline - INFO - File temp_Departed_in_last_36_hours.xml passed validation checks
2025-10-26 17:57:00,940 - vessel_data_pipeline - INFO - Created backup: Departed_in_last_36_hours_20251026_175700.xml
2025-10-26 17:57:00,940 - vessel_data_pipeline - INFO - Updated metadata for Departed_in_last_36_hours.xml
2025-10-26 17:57:00,940 - vessel_data_pipeline - INFO - Successfully downloaded and validated Departed_in_last_36_hours.xml
2025-10-26 17:57:02,941 - vessel_data_pipeline - INFO - Downloading Expected_arrivals.xml (attempt 1/3)
2025-10-26 17:57:02,989 - vessel_data_pipeline - INFO - File temp_Expected_arrivals.xml passed validation checks
2025-10-26 17:57:02,990 - vessel_data_pipeline - INFO - Created backup: Expected_arrivals_20251026_175702.xml
2025-10-26 17:57:02,990 - vessel_data_pipeline - INFO - Updated metadata for Expected_arrivals.xml
2025-10-26 17:57:02,990 - vessel_data_pipeline - INFO - Successfully downloaded and validated Expected_arrivals.xml
2025-10-26 17:57:04,992 - vessel_data_pipeline - INFO - Downloading Expected_departures.xml (attempt 1/3)
2025-10-26 17:57:05,064 - vessel_data_pipeline - INFO - File temp_Expected_departures.xml passed validation checks
2025-10-26 17:57:05,064 - vessel_data_pipeline - INFO - Created backup: Expected_departures_20251026_175705.xml
2025-10-26 17:57:05,065 - vessel_data_pipeline - INFO - Updated metadata for Expected_departures.xml
2025-10-26 17:57:05,065 - vessel_data_pipeline - INFO - Successfully downloaded and validated Expected_departures.xml
2025-10-26 17:57:07,070 - vessel_data_pipeline - INFO - Fetch operation completed. Results: {'Arrived_in_last_36_hours.xml': True, 'Departed_in_last_36_hours.xml': True, 'Expected_arrivals.xml': True, 'Expected_departures.xml': True}
2025-10-26 17:57:09,994 - vessel_data_pipeline - INFO - VesselDataFetcher initialized. Pipeline enabled: True
2025-10-26 17:57:09,995 - vessel_data_pipeline - INFO - Starting vessel data fetch operation
2025-10-26 17:57:09,995 - vessel_data_pipeline - INFO - Discovering XML files from Hong Kong Marine Department portal
2025-10-26 17:57:10,049 - vessel_data_pipeline - INFO - Verified access to Arrived_in_last_36_hours.xml
2025-10-26 17:57:10,083 - vessel_data_pipeline - INFO - Verified access to Departed_in_last_36_hours.xml
2025-10-26 17:57:10,118 - vessel_data_pipeline - INFO - Verified access to Expected_arrivals.xml
2025-10-26 17:57:10,178 - vessel_data_pipeline - INFO - Verified access to Expected_departures.xml
2025-10-26 17:57:10,178 - vessel_data_pipeline - INFO - Discovered 4 XML files for download
2025-10-26 17:57:10,178 - vessel_data_pipeline - INFO - Downloading Arrived_in_last_36_hours.xml (attempt 1/3)
2025-10-26 17:57:10,227 - vessel_data_pipeline - INFO - File temp_Arrived_in_last_36_hours.xml passed validation checks
2025-10-26 17:57:10,228 - vessel_data_pipeline - INFO - Created backup: Arrived_in_last_36_hours_20251026_175710.xml
2025-10-26 17:57:10,228 - vessel_data_pipeline - INFO - Updated metadata for Arrived_in_last_36_hours.xml
2025-10-26 17:57:10,228 - vessel_data_pipeline - INFO - Successfully downloaded and validated Arrived_in_last_36_hours.xml
2025-10-26 17:57:12,234 - vessel_data_pipeline - INFO - Downloading Departed_in_last_36_hours.xml (attempt 1/3)
2025-10-26 17:57:12,295 - vessel_data_pipeline - INFO - File temp_Departed_in_last_36_hours.xml passed validation checks
2025-10-26 17:57:12,296 - vessel_data_pipeline - INFO - Created backup: Departed_in_last_36_hours_20251026_175712.xml
2025-10-26 17:57:12,296 - vessel_data_pipeline - INFO - Updated metadata for Departed_in_last_36_hours.xml
2025-10-26 17:57:12,296 - vessel_data_pipeline - INFO - Successfully downloaded and validated Departed_in_last_36_hours.xml
2025-10-26 17:57:14,301 - vessel_data_pipeline - INFO - Downloading Expected_arrivals.xml (attempt 1/3)
2025-10-26 17:57:14,345 - vessel_data_pipeline - INFO - File temp_Expected_arrivals.xml passed validation checks
2025-10-26 17:57:14,345 - vessel_data_pipeline - INFO - Created backup: Expected_arrivals_20251026_175714.xml
2025-10-26 17:57:14,345 - vessel_data_pipeline - INFO - Updated metadata for Expected_arrivals.xml
2025-10-26 17:57:14,345 - vessel_data_pipeline - INFO - Successfully downloaded and validated Expected_arrivals.xml
2025-10-26 17:57:16,347 - vessel_data_pipeline - INFO - Downloading Expected_departures.xml (attempt 1/3)
2025-10-26 17:57:16,414 - vessel_data_pipeline - INFO - File temp_Expected_departures.xml passed validation checks
2025-10-26 17:57:16,415 - vessel_data_pipeline - INFO - Created backup: Expected_departures_20251026_175716.xml
2025-10-26 17:57:16,415 - vessel_data_pipeline - INFO - Updated metadata for Expected_departures.xml
2025-10-26 17:57:16,415 - vessel_data_pipeline - INFO - Successfully downloaded and validated Expected_departures.xml
2025-10-26 17:57:18,417 - vessel_data_pipeline - INFO - Fetch operation completed. Results: {'Arrived_in_last_36_hours.xml': True, 'Departed_in_last_36_hours.xml': True, 'Expected_arrivals.xml': True, 'Expected_departures.xml': True}
2025-10-26 17:57:18,422 - vessel_data_pipeline - INFO - VesselDataFetcher initialized. Pipeline enabled: True
2025-10-26 17:57:18,422 - vessel_data_pipeline - INFO - Starting vessel data fetch operation
2025-10-26 17:57:18,422 - vessel_data_pipeline - INFO - Discovering XML files from Hong Kong Marine Department portal
2025-10-26 17:57:18,471 - vessel_data_pipeline - INFO - Verified access to Arrived_in_last_36_hours.xml
2025-10-26 17:57:18,505 - vessel_data_pipeline - INFO - Verified access to Departed_in_last_36_hours.xml
2025-10-26 17:57:18,622 - vessel_data_pipeline - INFO - Verified access to Expected_arrivals.xml
2025-10-26 17:57:18,657 - vessel_data_pipeline - INFO - Verified access to Expected_departures.xml
2025-10-26 17:57:18,657 - vessel_data_pipeline - INFO - Discovered 4 XML files for download
2025-10-26 17:57:18,657 - vessel_data_pipeline - INFO - Downloading Arrived_in_last_36_hours.xml (attempt 1/3)
2025-10-26 17:57:18,703 - vessel_data_pipeline - INFO - File temp_Arrived_in_last_36_hours.xml passed validation checks
2025-10-26 17:57:18,704 - vessel_data_pipeline - INFO - Created backup: Arrived_in_last_36_hours_20251026_175718.xml
2025-10-26 17:57:18,704 - vessel_data_pipeline - INFO - Updated metadata for Arrived_in_last_36_hours.xml
2025-10-26 17:57:18,704 - vessel_data_pipeline - INFO - Successfully downloaded and validated Arrived_in_last_36_hours.xml
2025-10-26 17:57:20,709 - vessel_data_pipeline - INFO - Downloading Departed_in_last_36_hours.xml (attempt 1/3)
2025-10-26 17:57:20,824 - vessel_data_pipeline - INFO - File temp_Departed_in_last_36_hours.xml passed validation checks
2025-10-26 17:57:20,824 - vessel_data_pipeline - INFO - Created backup: Departed_in_last_36_hours_20251026_175720.xml
2025-10-26 17:57:20,824 - vessel_data_pipeline - INFO - Updated metadata for Departed_in_last_36_hours.xml
2025-10-26 17:57:20,824 - vessel_data_pipeline - INFO - Successfully downloaded and validated Departed_in_last_36_hours.xml
2025-10-26 17:57:22,828 - vessel_data_pipeline - INFO - Downloading Expected_arrivals.xml (attempt 1/3)
2025-10-26 17:57:22,875 - vessel_data_pipeline - INFO - File temp_Expected_arrivals.xml passed validation checks
2025-10-26 17:57:22,876 - vessel_data_pipeline - INFO - Created backup: Expected_arrivals_20251026_175722.xml
2025-10-26 17:57:22,876 - vessel_data_pipeline - INFO - Updated metadata for Expected_arrivals.xml
2025-10-26 17:57:22,876 - vessel_data_pipeline - INFO - Successfully downloaded and validated Expected_arrivals.xml
2025-10-26 17:57:24,881 - vessel_data_pipeline - INFO - Downloading Expected_departures.xml (attempt 1/3)
2025-10-26 17:57:24,938 - vessel_data_pipeline - INFO - File temp_Expected_departures.xml passed validation checks
2025-10-26 17:57:24,940 - vessel_data_pipeline - INFO - Created backup: Expected_departures_20251026_175724.xml
2025-10-26 17:57:24,941 - vessel_data_pipeline - INFO - Updated metadata for Expected_departures.xml
2025-10-26 17:57:24,941 - vessel_data_pipeline - INFO - Successfully downloaded and validated Expected_departures.xml
2025-10-26 17:57:26,946 - vessel_data_pipeline - INFO - Fetch operation completed. Results: {'Arrived_in_last_36_hours.xml': True, 'Departed_in_last_36_hours.xml': True, 'Expected_arrivals.xml': True, 'Expected_departures.xml': True}
2025-10-26 17:57:26,966 - vessel_data_pipeline - INFO - VesselDataFetcher initialized. Pipeline enabled: True
2025-10-26 17:57:26,966 - vessel_data_pipeline - INFO - Starting vessel data fetch operation
2025-10-26 17:57:26,966 - vessel_data_pipeline - INFO - Discovering XML files from Hong Kong Marine Department portal
2025-10-26 17:57:27,017 - vessel_data_pipeline - INFO - Verified access to Arrived_in_last_36_hours.xml
2025-10-26 17:57:27,077 - vessel_data_pipeline - INFO - Verified access to Departed_in_last_36_hours.xml
2025-10-26 17:57:27,109 - vessel_data_pipeline - INFO - Verified access to Expected_arrivals.xml
2025-10-26 17:57:27,145 - vessel_data_pipeline - INFO - Verified access to Expected_departures.xml
2025-10-26 17:57:27,145 - vessel_data_pipeline - INFO - Discovered 4 XML files for download
2025-10-26 17:57:27,145 - vessel_data_pipeline - INFO - Downloading Arrived_in_last_36_hours.xml (attempt 1/3)
2025-10-26 17:57:27,214 - vessel_data_pipeline - INFO - File temp_Arrived_in_last_36_hours.xml passed validation checks
2025-10-26 17:57:27,215 - vessel_data_pipeline - INFO - Created backup: Arrived_in_last_36_hours_20251026_175727.xml
2025-10-26 17:57:27,215 - vessel_data_pipeline - INFO - Updated metadata for Arrived_in_last_36_hours.xml
2025-10-26 17:57:27,215 - vessel_data_pipeline - INFO - Successfully downloaded and validated Arrived_in_last_36_hours.xml
2025-10-26 17:57:29,220 - vessel_data_pipeline - INFO - Downloading Departed_in_last_36_hours.xml (attempt 1/3)
2025-10-26 17:57:29,285 - vessel_data_pipeline - INFO - File temp_Departed_in_last_36_hours.xml passed validation checks
2025-10-26 17:57:29,286 - vessel_data_pipeline - INFO - Created backup: Departed_in_last_36_hours_20251026_175729.xml
2025-10-26 17:57:29,286 - vessel_data_pipeline - INFO - Updated metadata for Departed_in_last_36_hours.xml
2025-10-26 17:57:29,286 - vessel_data_pipeline - INFO - Successfully downloaded and validated Departed_in_last_36_hours.xml
2025-10-26 17:57:31,291 - vessel_data_pipeline - INFO - Downloading Expected_arrivals.xml (attempt 1/3)
2025-10-26 17:57:31,340 - vessel_data_pipeline - INFO - File temp_Expected_arrivals.xml passed validation checks
2025-10-26 17:57:31,340 - vessel_data_pipeline - INFO - Created backup: Expected_arrivals_20251026_175731.xml
2025-10-26 17:57:31,340 - vessel_data_pipeline - INFO - Updated metadata for Expected_arrivals.xml
2025-10-26 17:57:31,340 - vessel_data_pipeline - INFO - Successfully downloaded and validated Expected_arrivals.xml
2025-10-26 17:57:33,341 - vessel_data_pipeline - INFO - Downloading Expected_departures.xml (attempt 1/3)
2025-10-26 17:57:33,389 - vessel_data_pipeline - INFO - File temp_Expected_departures.xml passed validation checks
2025-10-26 17:57:33,390 - vessel_data_pipeline - INFO - Created backup: Expected_departures_20251026_175733.xml
2025-10-26 17:57:33,390 - vessel_data_pipeline - INFO - Updated metadata for Expected_departures.xml
2025-10-26 17:57:33,390 - vessel_data_pipeline - INFO - Successfully downloaded and validated Expected_departures.xml
2025-10-26 17:57:35,394 - vessel_data_pipeline - INFO - Fetch operation completed. Results: {'Arrived_in_last_36_hours.xml': True, 'Departed_in_last_36_hours.xml': True, 'Expected_arrivals.xml': True, 'Expected_departures.xml': True}
2025-10-26 17:57:35,397 - vessel_data_pipeline - INFO - VesselDataFetcher initialized. Pipeline enabled: True
2025-10-26 17:57:35,398 - vessel_data_pipeline - INFO - Starting vessel data fetch operation
2025-10-26 17:57:35,398 - vessel_data_pipeline - INFO - Discovering XML files from Hong Kong Marine Department portal
2025-10-26 17:57:35,458 - vessel_data_pipeline - INFO - Verified access to Arrived_in_last_36_hours.xml
2025-10-26 17:57:35,511 - vessel_data_pipeline - INFO - Verified access to Departed_in_last_36_hours.xml
2025-10-26 17:57:35,543 - vessel_data_pipeline - INFO - Verified access to Expected_arrivals.xml
2025-10-26 17:57:35,578 - vessel_data_pipeline - INFO - Verified access to Expected_departures.xml
2025-10-26 17:57:35,578 - vessel_data_pipeline - INFO - Discovered 4 XML files for download
2025-10-26 17:57:35,578 - vessel_data_pipeline - INFO - Downloading Arrived_in_last_36_hours.xml (attempt 1/3)
2025-10-26 17:57:35,653 - vessel_data_pipeline - INFO - File temp_Arrived_in_last_36_hours.xml passed validation checks
2025-10-26 17:57:35,654 - vessel_data_pipeline - INFO - Created backup: Arrived_in_last_36_hours_20251026_175735.xml
2025-10-26 17:57:35,654 - vessel_data_pipeline - INFO - Updated metadata for Arrived_in_last_36_hours.xml
2025-10-26 17:57:35,654 - vessel_data_pipeline - INFO - Successfully downloaded and validated Arrived_in_last_36_hours.xml
2025-10-26 17:57:37,659 - vessel_data_pipeline - INFO - Downloading Departed_in_last_36_hours.xml (attempt 1/3)
2025-10-26 17:57:37,749 - vessel_data_pipeline - INFO - File temp_Departed_in_last_36_hours.xml passed validation checks
2025-10-26 17:57:37,750 - vessel_data_pipeline - INFO - Created backup: Departed_in_last_36_hours_20251026_175737.xml
2025-10-26 17:57:37,750 - vessel_data_pipeline - INFO - Updated metadata for Departed_in_last_36_hours.xml
2025-10-26 17:57:37,750 - vessel_data_pipeline - INFO - Successfully downloaded and validated Departed_in_last_36_hours.xml
2025-10-26 17:57:39,754 - vessel_data_pipeline - INFO - Downloading Expected_arrivals.xml (attempt 1/3)
2025-10-26 17:57:39,806 - vessel_data_pipeline - INFO - File temp_Expected_arrivals.xml passed validation checks
2025-10-26 17:57:39,807 - vessel_data_pipeline - INFO - Created backup: Expected_arrivals_20251026_175739.xml
2025-10-26 17:57:39,807 - vessel_data_pipeline - INFO - Updated metadata for Expected_arrivals.xml
2025-10-26 17:57:39,807 - vessel_data_pipeline - INFO - Successfully downloaded and validated Expected_arrivals.xml
2025-10-26 17:57:41,812 - vessel_data_pipeline - INFO - Downloading Expected_departures.xml (attempt 1/3)
2025-10-26 17:57:41,883 - vessel_data_pipeline - INFO - File temp_Expected_departures.xml passed validation checks
2025-10-26 17:57:41,883 - vessel_data_pipeline - INFO - Created backup: Expected_departures_20251026_175741.xml
2025-10-26 17:57:41,883 - vessel_data_pipeline - INFO - Updated metadata for Expected_departures.xml
2025-10-26 17:57:41,883 - vessel_data_pipeline - INFO - Successfully downloaded and validated Expected_departures.xml
2025-10-26 17:57:43,889 - vessel_data_pipeline - INFO - Fetch operation completed. Results: {'Arrived_in_last_36_hours.xml': True, 'Departed_in_last_36_hours.xml': True, 'Expected_arrivals.xml': True, 'Expected_departures.xml': True}
2025-10-26 17:58:16,130 - vessel_data_pipeline - INFO - VesselDataFetcher initialized. Pipeline enabled: True
2025-10-26 17:58:16,132 - vessel_data_pipeline - INFO - VesselDataFetcher initialized. Pipeline enabled: True
2025-10-26 17:58:16,132 - vessel_data_pipeline - INFO - Starting vessel data fetch operation
2025-10-26 17:58:16,132 - vessel_data_pipeline - INFO - Discovering XML files from Hong Kong Marine Department portal
2025-10-26 17:58:16,199 - vessel_data_pipeline - INFO - Verified access to Arrived_in_last_36_hours.xml
2025-10-26 17:58:16,251 - vessel_data_pipeline - INFO - Verified access to Departed_in_last_36_hours.xml
2025-10-26 17:58:16,290 - vessel_data_pipeline - INFO - Verified access to Expected_arrivals.xml
2025-10-26 17:58:16,320 - vessel_data_pipeline - INFO - Verified access to Expected_departures.xml
2025-10-26 17:58:16,320 - vessel_data_pipeline - INFO - Discovered 4 XML files for download
2025-10-26 17:58:16,320 - vessel_data_pipeline - INFO - Downloading Arrived_in_last_36_hours.xml (attempt 1/3)
2025-10-26 17:58:16,391 - vessel_data_pipeline - INFO - File temp_Arrived_in_last_36_hours.xml passed validation checks
2025-10-26 17:58:16,392 - vessel_data_pipeline - INFO - Created backup: Arrived_in_last_36_hours_20251026_175816.xml
2025-10-26 17:58:16,392 - vessel_data_pipeline - INFO - Updated metadata for Arrived_in_last_36_hours.xml
2025-10-26 17:58:16,392 - vessel_data_pipeline - INFO - Successfully downloaded and validated Arrived_in_last_36_hours.xml
2025-10-26 17:58:18,393 - vessel_data_pipeline - INFO - Downloading Departed_in_last_36_hours.xml (attempt 1/3)
2025-10-26 17:58:18,567 - vessel_data_pipeline - INFO - File temp_Departed_in_last_36_hours.xml passed validation checks
2025-10-26 17:58:18,568 - vessel_data_pipeline - INFO - Created backup: Departed_in_last_36_hours_20251026_175818.xml
2025-10-26 17:58:18,568 - vessel_data_pipeline - INFO - Updated metadata for Departed_in_last_36_hours.xml
2025-10-26 17:58:18,568 - vessel_data_pipeline - INFO - Successfully downloaded and validated Departed_in_last_36_hours.xml
2025-10-26 17:58:20,569 - vessel_data_pipeline - INFO - Downloading Expected_arrivals.xml (attempt 1/3)
2025-10-26 17:58:20,620 - vessel_data_pipeline - INFO - File temp_Expected_arrivals.xml passed validation checks
2025-10-26 17:58:20,621 - vessel_data_pipeline - INFO - Created backup: Expected_arrivals_20251026_175820.xml
2025-10-26 17:58:20,621 - vessel_data_pipeline - INFO - Updated metadata for Expected_arrivals.xml
2025-10-26 17:58:20,621 - vessel_data_pipeline - INFO - Successfully downloaded and validated Expected_arrivals.xml
2025-10-26 17:58:22,625 - vessel_data_pipeline - INFO - Downloading Expected_departures.xml (attempt 1/3)
2025-10-26 17:58:22,673 - vessel_data_pipeline - INFO - File temp_Expected_departures.xml passed validation checks
2025-10-26 17:58:22,674 - vessel_data_pipeline - INFO - Created backup: Expected_departures_20251026_175822.xml
2025-10-26 17:58:22,674 - vessel_data_pipeline - INFO - Updated metadata for Expected_departures.xml
2025-10-26 17:58:22,674 - vessel_data_pipeline - INFO - Successfully downloaded and validated Expected_departures.xml
2025-10-26 17:58:24,678 - vessel_data_pipeline - INFO - Fetch operation completed. Results: {'Arrived_in_last_36_hours.xml': True, 'Departed_in_last_36_hours.xml': True, 'Expected_arrivals.xml': True, 'Expected_departures.xml': True}
2025-10-26 17:58:27,613 - vessel_data_pipeline - INFO - VesselDataFetcher initialized. Pipeline enabled: True
2025-10-26 17:58:27,614 - vessel_data_pipeline - INFO - Starting vessel data fetch operation
2025-10-26 17:58:27,614 - vessel_data_pipeline - INFO - Discovering XML files from Hong Kong Marine Department portal
2025-10-26 17:58:27,690 - vessel_data_pipeline - INFO - Verified access to Arrived_in_last_36_hours.xml
2025-10-26 17:58:27,729 - vessel_data_pipeline - INFO - Verified access to Departed_in_last_36_hours.xml
2025-10-26 17:58:27,794 - vessel_data_pipeline - INFO - Verified access to Expected_arrivals.xml
2025-10-26 17:58:27,845 - vessel_data_pipeline - INFO - Verified access to Expected_departures.xml
2025-10-26 17:58:27,846 - vessel_data_pipeline - INFO - Discovered 4 XML files for download
2025-10-26 17:58:27,846 - vessel_data_pipeline - INFO - Downloading Arrived_in_last_36_hours.xml (attempt 1/3)
2025-10-26 17:58:27,907 - vessel_data_pipeline - INFO - File temp_Arrived_in_last_36_hours.xml passed validation checks
2025-10-26 17:58:27,907 - vessel_data_pipeline - INFO - Created backup: Arrived_in_last_36_hours_20251026_175827.xml
2025-10-26 17:58:27,908 - vessel_data_pipeline - INFO - Updated metadata for Arrived_in_last_36_hours.xml
2025-10-26 17:58:27,908 - vessel_data_pipeline - INFO - Successfully downloaded and validated Arrived_in_last_36_hours.xml
2025-10-26 17:58:29,913 - vessel_data_pipeline - INFO - Downloading Departed_in_last_36_hours.xml (attempt 1/3)
2025-10-26 17:58:30,003 - vessel_data_pipeline - INFO - File temp_Departed_in_last_36_hours.xml passed validation checks
2025-10-26 17:58:30,003 - vessel_data_pipeline - INFO - Created backup: Departed_in_last_36_hours_20251026_175830.xml
2025-10-26 17:58:30,003 - vessel_data_pipeline - INFO - Updated metadata for Departed_in_last_36_hours.xml
2025-10-26 17:58:30,003 - vessel_data_pipeline - INFO - Successfully downloaded and validated Departed_in_last_36_hours.xml
2025-10-26 17:58:32,009 - vessel_data_pipeline - INFO - Downloading Expected_arrivals.xml (attempt 1/3)
2025-10-26 17:58:32,052 - vessel_data_pipeline - INFO - File temp_Expected_arrivals.xml passed validation checks
2025-10-26 17:58:32,053 - vessel_data_pipeline - INFO - Created backup: Expected_arrivals_20251026_175832.xml
2025-10-26 17:58:32,053 - vessel_data_pipeline - INFO - Updated metadata for Expected_arrivals.xml
2025-10-26 17:58:32,053 - vessel_data_pipeline - INFO - Successfully downloaded and validated Expected_arrivals.xml
2025-10-26 17:58:34,054 - vessel_data_pipeline - INFO - Downloading Expected_departures.xml (attempt 1/3)
2025-10-26 17:58:34,106 - vessel_data_pipeline - INFO - File temp_Expected_departures.xml passed validation checks
2025-10-26 17:58:34,107 - vessel_data_pipeline - INFO - Created backup: Expected_departures_20251026_175834.xml
2025-10-26 17:58:34,107 - vessel_data_pipeline - INFO - Updated metadata for Expected_departures.xml
2025-10-26 17:58:34,107 - vessel_data_pipeline - INFO - Successfully downloaded and validated Expected_departures.xml
2025-10-26 17:58:36,111 - vessel_data_pipeline - INFO - Fetch operation completed. Results: {'Arrived_in_last_36_hours.xml': True, 'Departed_in_last_36_hours.xml': True, 'Expected_arrivals.xml': True, 'Expected_departures.xml': True}
2025-10-26 17:58:36,115 - vessel_data_pipeline - INFO - VesselDataFetcher initialized. Pipeline enabled: True
2025-10-26 17:58:36,116 - vessel_data_pipeline - INFO - Starting vessel data fetch operation
2025-10-26 17:58:36,116 - vessel_data_pipeline - INFO - Discovering XML files from Hong Kong Marine Department portal
2025-10-26 17:58:36,177 - vessel_data_pipeline - INFO - Verified access to Arrived_in_last_36_hours.xml
2025-10-26 17:58:36,218 - vessel_data_pipeline - INFO - Verified access to Departed_in_last_36_hours.xml
2025-10-26 17:58:36,252 - vessel_data_pipeline - INFO - Verified access to Expected_arrivals.xml
2025-10-26 17:58:36,317 - vessel_data_pipeline - INFO - Verified access to Expected_departures.xml
2025-10-26 17:58:36,317 - vessel_data_pipeline - INFO - Discovered 4 XML files for download
2025-10-26 17:58:36,317 - vessel_data_pipeline - INFO - Downloading Arrived_in_last_36_hours.xml (attempt 1/3)
2025-10-26 17:58:36,365 - vessel_data_pipeline - INFO - File temp_Arrived_in_last_36_hours.xml passed validation checks
2025-10-26 17:58:36,366 - vessel_data_pipeline - INFO - Created backup: Arrived_in_last_36_hours_20251026_175836.xml
2025-10-26 17:58:36,366 - vessel_data_pipeline - INFO - Updated metadata for Arrived_in_last_36_hours.xml
2025-10-26 17:58:36,366 - vessel_data_pipeline - INFO - Successfully downloaded and validated Arrived_in_last_36_hours.xml
2025-10-26 17:58:38,367 - vessel_data_pipeline - INFO - Downloading Departed_in_last_36_hours.xml (attempt 1/3)
2025-10-26 17:58:38,429 - vessel_data_pipeline - INFO - File temp_Departed_in_last_36_hours.xml passed validation checks
2025-10-26 17:58:38,430 - vessel_data_pipeline - INFO - Created backup: Departed_in_last_36_hours_20251026_175838.xml
2025-10-26 17:58:38,430 - vessel_data_pipeline - INFO - Updated metadata for Departed_in_last_36_hours.xml
2025-10-26 17:58:38,430 - vessel_data_pipeline - INFO - Successfully downloaded and validated Departed_in_last_36_hours.xml
2025-10-26 17:58:40,435 - vessel_data_pipeline - INFO - Downloading Expected_arrivals.xml (attempt 1/3)
2025-10-26 17:58:40,520 - vessel_data_pipeline - INFO - File temp_Expected_arrivals.xml passed validation checks
2025-10-26 17:58:40,521 - vessel_data_pipeline - INFO - Created backup: Expected_arrivals_20251026_175840.xml
2025-10-26 17:58:40,521 - vessel_data_pipeline - INFO - Updated metadata for Expected_arrivals.xml
2025-10-26 17:58:40,521 - vessel_data_pipeline - INFO - Successfully downloaded and validated Expected_arrivals.xml
2025-10-26 17:58:42,523 - vessel_data_pipeline - INFO - Downloading Expected_departures.xml (attempt 1/3)
2025-10-26 17:58:42,569 - vessel_data_pipeline - INFO - File temp_Expected_departures.xml passed validation checks
2025-10-26 17:58:42,569 - vessel_data_pipeline - INFO - Created backup: Expected_departures_20251026_175842.xml
2025-10-26 17:58:42,570 - vessel_data_pipeline - INFO - Updated metadata for Expected_departures.xml
2025-10-26 17:58:42,570 - vessel_data_pipeline - INFO - Successfully downloaded and validated Expected_departures.xml
2025-10-26 17:58:44,572 - vessel_data_pipeline - INFO - Fetch operation completed. Results: {'Arrived_in_last_36_hours.xml': True, 'Departed_in_last_36_hours.xml': True, 'Expected_arrivals.xml': True, 'Expected_departures.xml': True}
2025-10-26 17:58:44,602 - vessel_data_pipeline - INFO - VesselDataFetcher initialized. Pipeline enabled: True
2025-10-26 17:58:44,602 - vessel_data_pipeline - INFO - Starting vessel data fetch operation
2025-10-26 17:58:44,602 - vessel_data_pipeline - INFO - Discovering XML files from Hong Kong Marine Department portal
2025-10-26 17:58:44,660 - vessel_data_pipeline - INFO - Verified access to Arrived_in_last_36_hours.xml
2025-10-26 17:58:44,711 - vessel_data_pipeline - INFO - Verified access to Departed_in_last_36_hours.xml
2025-10-26 17:58:44,753 - vessel_data_pipeline - INFO - Verified access to Expected_arrivals.xml
2025-10-26 17:58:44,783 - vessel_data_pipeline - INFO - Verified access to Expected_departures.xml
2025-10-26 17:58:44,783 - vessel_data_pipeline - INFO - Discovered 4 XML files for download
2025-10-26 17:58:44,783 - vessel_data_pipeline - INFO - Downloading Arrived_in_last_36_hours.xml (attempt 1/3)
2025-10-26 17:58:44,837 - vessel_data_pipeline - INFO - File temp_Arrived_in_last_36_hours.xml passed validation checks
2025-10-26 17:58:44,838 - vessel_data_pipeline - INFO - Created backup: Arrived_in_last_36_hours_20251026_175844.xml
2025-10-26 17:58:44,838 - vessel_data_pipeline - INFO - Updated metadata for Arrived_in_last_36_hours.xml
2025-10-26 17:58:44,838 - vessel_data_pipeline - INFO - Successfully downloaded and validated Arrived_in_last_36_hours.xml
2025-10-26 17:58:46,839 - vessel_data_pipeline - INFO - Downloading Departed_in_last_36_hours.xml (attempt 1/3)
2025-10-26 17:58:46,956 - vessel_data_pipeline - INFO - File temp_Departed_in_last_36_hours.xml passed validation checks
2025-10-26 17:58:46,957 - vessel_data_pipeline - INFO - Created backup: Departed_in_last_36_hours_20251026_175846.xml
2025-10-26 17:58:46,957 - vessel_data_pipeline - INFO - Updated metadata for Departed_in_last_36_hours.xml
2025-10-26 17:58:46,957 - vessel_data_pipeline - INFO - Successfully downloaded and validated Departed_in_last_36_hours.xml
2025-10-26 17:58:48,962 - vessel_data_pipeline - INFO - Downloading Expected_arrivals.xml (attempt 1/3)
2025-10-26 17:58:49,010 - vessel_data_pipeline - INFO - File temp_Expected_arrivals.xml passed validation checks
2025-10-26 17:58:49,011 - vessel_data_pipeline - INFO - Created backup: Expected_arrivals_20251026_175849.xml
2025-10-26 17:58:49,011 - vessel_data_pipeline - INFO - Updated metadata for Expected_arrivals.xml
2025-10-26 17:58:49,011 - vessel_data_pipeline - INFO - Successfully downloaded and validated Expected_arrivals.xml
2025-10-26 17:58:51,016 - vessel_data_pipeline - INFO - Downloading Expected_departures.xml (attempt 1/3)
2025-10-26 17:58:51,067 - vessel_data_pipeline - INFO - File temp_Expected_departures.xml passed validation checks
2025-10-26 17:58:51,068 - vessel_data_pipeline - INFO - Created backup: Expected_departures_20251026_175851.xml
2025-10-26 17:58:51,068 - vessel_data_pipeline - INFO - Updated metadata for Expected_departures.xml
2025-10-26 17:58:51,068 - vessel_data_pipeline - INFO - Successfully downloaded and validated Expected_departures.xml
2025-10-26 17:58:53,073 - vessel_data_pipeline - INFO - Fetch operation completed. Results: {'Arrived_in_last_36_hours.xml': True, 'Departed_in_last_36_hours.xml': True, 'Expected_arrivals.xml': True, 'Expected_departures.xml': True}
2025-10-26 17:58:53,079 - vessel_data_pipeline - INFO - VesselDataFetcher initialized. Pipeline enabled: True
2025-10-26 17:58:53,079 - vessel_data_pipeline - INFO - Starting vessel data fetch operation
2025-10-26 17:58:53,079 - vessel_data_pipeline - INFO - Discovering XML files from Hong Kong Marine Department portal
2025-10-26 17:58:53,184 - vessel_data_pipeline - INFO - Verified access to Arrived_in_last_36_hours.xml
2025-10-26 17:58:53,218 - vessel_data_pipeline - INFO - Verified access to Departed_in_last_36_hours.xml
2025-10-26 17:58:53,253 - vessel_data_pipeline - INFO - Verified access to Expected_arrivals.xml
2025-10-26 17:58:53,307 - vessel_data_pipeline - INFO - Verified access to Expected_departures.xml
2025-10-26 17:58:53,307 - vessel_data_pipeline - INFO - Discovered 4 XML files for download
2025-10-26 17:58:53,307 - vessel_data_pipeline - INFO - Downloading Arrived_in_last_36_hours.xml (attempt 1/3)
2025-10-26 17:58:53,356 - vessel_data_pipeline - INFO - File temp_Arrived_in_last_36_hours.xml passed validation checks
2025-10-26 17:58:53,356 - vessel_data_pipeline - INFO - Created backup: Arrived_in_last_36_hours_20251026_175853.xml
2025-10-26 17:58:53,357 - vessel_data_pipeline - INFO - Updated metadata for Arrived_in_last_36_hours.xml
2025-10-26 17:58:53,357 - vessel_data_pipeline - INFO - Successfully downloaded and validated Arrived_in_last_36_hours.xml
2025-10-26 17:58:55,362 - vessel_data_pipeline - INFO - Downloading Departed_in_last_36_hours.xml (attempt 1/3)
2025-10-26 17:58:55,420 - vessel_data_pipeline - INFO - File temp_Departed_in_last_36_hours.xml passed validation checks
2025-10-26 17:58:55,421 - vessel_data_pipeline - INFO - Created backup: Departed_in_last_36_hours_20251026_175855.xml
2025-10-26 17:58:55,421 - vessel_data_pipeline - INFO - Updated metadata for Departed_in_last_36_hours.xml
2025-10-26 17:58:55,421 - vessel_data_pipeline - INFO - Successfully downloaded and validated Departed_in_last_36_hours.xml
2025-10-26 17:58:57,426 - vessel_data_pipeline - INFO - Downloading Expected_arrivals.xml (attempt 1/3)
2025-10-26 17:58:57,481 - vessel_data_pipeline - INFO - File temp_Expected_arrivals.xml passed validation checks
2025-10-26 17:58:57,481 - vessel_data_pipeline - INFO - Created backup: Expected_arrivals_20251026_175857.xml
2025-10-26 17:58:57,482 - vessel_data_pipeline - INFO - Updated metadata for Expected_arrivals.xml
2025-10-26 17:58:57,482 - vessel_data_pipeline - INFO - Successfully downloaded and validated Expected_arrivals.xml
2025-10-26 17:58:59,487 - vessel_data_pipeline - INFO - Downloading Expected_departures.xml (attempt 1/3)
2025-10-26 17:58:59,540 - vessel_data_pipeline - INFO - File temp_Expected_departures.xml passed validation checks
2025-10-26 17:58:59,541 - vessel_data_pipeline - INFO - Created backup: Expected_departures_20251026_175859.xml
2025-10-26 17:58:59,541 - vessel_data_pipeline - INFO - Updated metadata for Expected_departures.xml
2025-10-26 17:58:59,541 - vessel_data_pipeline - INFO - Successfully downloaded and validated Expected_departures.xml
2025-10-26 17:59:01,546 - vessel_data_pipeline - INFO - Fetch operation completed. Results: {'Arrived_in_last_36_hours.xml': True, 'Departed_in_last_36_hours.xml': True, 'Expected_arrivals.xml': True, 'Expected_departures.xml': True}
2025-10-26 18:06:46,915 - vessel_data_pipeline - INFO - VesselDataFetcher initialized. Pipeline enabled: True
2025-10-26 18:06:46,917 - vessel_data_pipeline - INFO - VesselDataFetcher initialized. Pipeline enabled: True
2025-10-26 18:06:46,917 - vessel_data_pipeline - INFO - Starting vessel data fetch operation
2025-10-26 18:06:46,917 - vessel_data_pipeline - INFO - Discovering XML files from Hong Kong Marine Department portal
2025-10-26 18:06:47,209 - vessel_data_pipeline - INFO - Verified access to Arrived_in_last_36_hours.xml
2025-10-26 18:06:47,529 - vessel_data_pipeline - INFO - Verified access to Departed_in_last_36_hours.xml
2025-10-26 18:06:47,788 - vessel_data_pipeline - INFO - Verified access to Expected_arrivals.xml
2025-10-26 18:06:48,016 - vessel_data_pipeline - INFO - Verified access to Expected_departures.xml
2025-10-26 18:06:48,016 - vessel_data_pipeline - INFO - Discovered 4 XML files for download
2025-10-26 18:06:48,016 - vessel_data_pipeline - INFO - Downloading Arrived_in_last_36_hours.xml (attempt 1/3)
2025-10-26 18:06:48,166 - vessel_data_pipeline - INFO - File temp_Arrived_in_last_36_hours.xml passed validation checks
2025-10-26 18:06:48,167 - vessel_data_pipeline - INFO - Created backup: Arrived_in_last_36_hours_20251026_180648.xml
2025-10-26 18:06:48,168 - vessel_data_pipeline - INFO - Updated metadata for Arrived_in_last_36_hours.xml
2025-10-26 18:06:48,168 - vessel_data_pipeline - INFO - Successfully downloaded and validated Arrived_in_last_36_hours.xml
2025-10-26 18:06:50,174 - vessel_data_pipeline - INFO - Downloading Departed_in_last_36_hours.xml (attempt 1/3)
2025-10-26 18:06:50,245 - vessel_data_pipeline - INFO - File temp_Departed_in_last_36_hours.xml passed validation checks
2025-10-26 18:06:50,245 - vessel_data_pipeline - INFO - Created backup: Departed_in_last_36_hours_20251026_180650.xml
2025-10-26 18:06:50,246 - vessel_data_pipeline - INFO - Updated metadata for Departed_in_last_36_hours.xml
2025-10-26 18:06:50,246 - vessel_data_pipeline - INFO - Successfully downloaded and validated Departed_in_last_36_hours.xml
2025-10-26 18:06:52,249 - vessel_data_pipeline - INFO - Downloading Expected_arrivals.xml (attempt 1/3)
2025-10-26 18:06:52,313 - vessel_data_pipeline - INFO - File temp_Expected_arrivals.xml passed validation checks
2025-10-26 18:06:52,314 - vessel_data_pipeline - INFO - Created backup: Expected_arrivals_20251026_180652.xml
2025-10-26 18:06:52,314 - vessel_data_pipeline - INFO - Updated metadata for Expected_arrivals.xml
2025-10-26 18:06:52,314 - vessel_data_pipeline - INFO - Successfully downloaded and validated Expected_arrivals.xml
2025-10-26 18:06:54,316 - vessel_data_pipeline - INFO - Downloading Expected_departures.xml (attempt 1/3)
2025-10-26 18:06:54,362 - vessel_data_pipeline - INFO - File temp_Expected_departures.xml passed validation checks
2025-10-26 18:06:54,362 - vessel_data_pipeline - INFO - Created backup: Expected_departures_20251026_180654.xml
2025-10-26 18:06:54,363 - vessel_data_pipeline - INFO - Updated metadata for Expected_departures.xml
2025-10-26 18:06:54,363 - vessel_data_pipeline - INFO - Successfully downloaded and validated Expected_departures.xml
2025-10-26 18:06:56,368 - vessel_data_pipeline - INFO - Fetch operation completed. Results: {'Arrived_in_last_36_hours.xml': True, 'Departed_in_last_36_hours.xml': True, 'Expected_arrivals.xml': True, 'Expected_departures.xml': True}
2025-10-26 18:06:59,359 - vessel_data_pipeline - INFO - VesselDataFetcher initialized. Pipeline enabled: True
2025-10-26 18:06:59,359 - vessel_data_pipeline - INFO - Starting vessel data fetch operation
2025-10-26 18:06:59,359 - vessel_data_pipeline - INFO - Discovering XML files from Hong Kong Marine Department portal
2025-10-26 18:06:59,415 - vessel_data_pipeline - INFO - Verified access to Arrived_in_last_36_hours.xml
2025-10-26 18:06:59,476 - vessel_data_pipeline - INFO - Verified access to Departed_in_last_36_hours.xml
2025-10-26 18:06:59,510 - vessel_data_pipeline - INFO - Verified access to Expected_arrivals.xml
2025-10-26 18:06:59,652 - vessel_data_pipeline - INFO - Verified access to Expected_departures.xml
2025-10-26 18:06:59,652 - vessel_data_pipeline - INFO - Discovered 4 XML files for download
2025-10-26 18:06:59,652 - vessel_data_pipeline - INFO - Downloading Arrived_in_last_36_hours.xml (attempt 1/3)
2025-10-26 18:06:59,720 - vessel_data_pipeline - INFO - File temp_Arrived_in_last_36_hours.xml passed validation checks
2025-10-26 18:06:59,720 - vessel_data_pipeline - INFO - Created backup: Arrived_in_last_36_hours_20251026_180659.xml
2025-10-26 18:06:59,720 - vessel_data_pipeline - INFO - Updated metadata for Arrived_in_last_36_hours.xml
2025-10-26 18:06:59,720 - vessel_data_pipeline - INFO - Successfully downloaded and validated Arrived_in_last_36_hours.xml
2025-10-26 18:07:01,726 - vessel_data_pipeline - INFO - Downloading Departed_in_last_36_hours.xml (attempt 1/3)
2025-10-26 18:07:01,943 - vessel_data_pipeline - INFO - File temp_Departed_in_last_36_hours.xml passed validation checks
2025-10-26 18:07:01,944 - vessel_data_pipeline - INFO - Created backup: Departed_in_last_36_hours_20251026_180701.xml
2025-10-26 18:07:01,944 - vessel_data_pipeline - INFO - Updated metadata for Departed_in_last_36_hours.xml
2025-10-26 18:07:01,944 - vessel_data_pipeline - INFO - Successfully downloaded and validated Departed_in_last_36_hours.xml
2025-10-26 18:07:03,949 - vessel_data_pipeline - INFO - Downloading Expected_arrivals.xml (attempt 1/3)
2025-10-26 18:07:04,022 - vessel_data_pipeline - INFO - File temp_Expected_arrivals.xml passed validation checks
2025-10-26 18:07:04,022 - vessel_data_pipeline - INFO - Created backup: Expected_arrivals_20251026_180704.xml
2025-10-26 18:07:04,023 - vessel_data_pipeline - INFO - Updated metadata for Expected_arrivals.xml
2025-10-26 18:07:04,023 - vessel_data_pipeline - INFO - Successfully downloaded and validated Expected_arrivals.xml
2025-10-26 18:07:06,023 - vessel_data_pipeline - INFO - Downloading Expected_departures.xml (attempt 1/3)
2025-10-26 18:07:06,066 - vessel_data_pipeline - INFO - File temp_Expected_departures.xml passed validation checks
2025-10-26 18:07:06,067 - vessel_data_pipeline - INFO - Created backup: Expected_departures_20251026_180706.xml
2025-10-26 18:07:06,067 - vessel_data_pipeline - INFO - Updated metadata for Expected_departures.xml
2025-10-26 18:07:06,067 - vessel_data_pipeline - INFO - Successfully downloaded and validated Expected_departures.xml
2025-10-26 18:07:08,072 - vessel_data_pipeline - INFO - Fetch operation completed. Results: {'Arrived_in_last_36_hours.xml': True, 'Departed_in_last_36_hours.xml': True, 'Expected_arrivals.xml': True, 'Expected_departures.xml': True}
2025-10-26 18:07:08,075 - vessel_data_pipeline - INFO - VesselDataFetcher initialized. Pipeline enabled: True
2025-10-26 18:07:08,076 - vessel_data_pipeline - INFO - Starting vessel data fetch operation
2025-10-26 18:07:08,076 - vessel_data_pipeline - INFO - Discovering XML files from Hong Kong Marine Department portal
2025-10-26 18:07:08,126 - vessel_data_pipeline - INFO - Verified access to Arrived_in_last_36_hours.xml
2025-10-26 18:07:08,195 - vessel_data_pipeline - INFO - Verified access to Departed_in_last_36_hours.xml
2025-10-26 18:07:08,231 - vessel_data_pipeline - INFO - Verified access to Expected_arrivals.xml
2025-10-26 18:07:08,264 - vessel_data_pipeline - INFO - Verified access to Expected_departures.xml
2025-10-26 18:07:08,264 - vessel_data_pipeline - INFO - Discovered 4 XML files for download
2025-10-26 18:07:08,264 - vessel_data_pipeline - INFO - Downloading Arrived_in_last_36_hours.xml (attempt 1/3)
2025-10-26 18:07:08,341 - vessel_data_pipeline - INFO - File temp_Arrived_in_last_36_hours.xml passed validation checks
2025-10-26 18:07:08,342 - vessel_data_pipeline - INFO - Created backup: Arrived_in_last_36_hours_20251026_180708.xml
2025-10-26 18:07:08,342 - vessel_data_pipeline - INFO - Updated metadata for Arrived_in_last_36_hours.xml
2025-10-26 18:07:08,342 - vessel_data_pipeline - INFO - Successfully downloaded and validated Arrived_in_last_36_hours.xml
2025-10-26 18:07:10,343 - vessel_data_pipeline - INFO - Downloading Departed_in_last_36_hours.xml (attempt 1/3)
2025-10-26 18:07:10,402 - vessel_data_pipeline - INFO - File temp_Departed_in_last_36_hours.xml passed validation checks
2025-10-26 18:07:10,402 - vessel_data_pipeline - INFO - Created backup: Departed_in_last_36_hours_20251026_180710.xml
2025-10-26 18:07:10,403 - vessel_data_pipeline - INFO - Updated metadata for Departed_in_last_36_hours.xml
2025-10-26 18:07:10,403 - vessel_data_pipeline - INFO - Successfully downloaded and validated Departed_in_last_36_hours.xml
2025-10-26 18:07:12,405 - vessel_data_pipeline - INFO - Downloading Expected_arrivals.xml (attempt 1/3)
2025-10-26 18:07:12,471 - vessel_data_pipeline - INFO - File temp_Expected_arrivals.xml passed validation checks
2025-10-26 18:07:12,471 - vessel_data_pipeline - INFO - Created backup: Expected_arrivals_20251026_180712.xml
2025-10-26 18:07:12,472 - vessel_data_pipeline - INFO - Updated metadata for Expected_arrivals.xml
2025-10-26 18:07:12,472 - vessel_data_pipeline - INFO - Successfully downloaded and validated Expected_arrivals.xml
2025-10-26 18:07:14,482 - vessel_data_pipeline - INFO - Downloading Expected_departures.xml (attempt 1/3)
2025-10-26 18:07:14,534 - vessel_data_pipeline - INFO - File temp_Expected_departures.xml passed validation checks
2025-10-26 18:07:14,534 - vessel_data_pipeline - INFO - Created backup: Expected_departures_20251026_180714.xml
2025-10-26 18:07:14,534 - vessel_data_pipeline - INFO - Updated metadata for Expected_departures.xml
2025-10-26 18:07:14,534 - vessel_data_pipeline - INFO - Successfully downloaded and validated Expected_departures.xml
2025-10-26 18:07:16,536 - vessel_data_pipeline - INFO - Fetch operation completed. Results: {'Arrived_in_last_36_hours.xml': True, 'Departed_in_last_36_hours.xml': True, 'Expected_arrivals.xml': True, 'Expected_departures.xml': True}
2025-10-26 18:07:16,559 - vessel_data_pipeline - INFO - VesselDataFetcher initialized. Pipeline enabled: True
2025-10-26 18:07:16,559 - vessel_data_pipeline - INFO - Starting vessel data fetch operation
2025-10-26 18:07:16,559 - vessel_data_pipeline - INFO - Discovering XML files from Hong Kong Marine Department portal
2025-10-26 18:07:17,016 - vessel_data_pipeline - INFO - Verified access to Arrived_in_last_36_hours.xml
2025-10-26 18:07:17,054 - vessel_data_pipeline - INFO - Verified access to Departed_in_last_36_hours.xml
2025-10-26 18:07:17,083 - vessel_data_pipeline - INFO - Verified access to Expected_arrivals.xml
2025-10-26 18:07:17,155 - vessel_data_pipeline - INFO - Verified access to Expected_departures.xml
2025-10-26 18:07:17,155 - vessel_data_pipeline - INFO - Discovered 4 XML files for download
2025-10-26 18:07:17,155 - vessel_data_pipeline - INFO - Downloading Arrived_in_last_36_hours.xml (attempt 1/3)
2025-10-26 18:07:17,505 - vessel_data_pipeline - INFO - File temp_Arrived_in_last_36_hours.xml passed validation checks
2025-10-26 18:07:17,505 - vessel_data_pipeline - INFO - Created backup: Arrived_in_last_36_hours_20251026_180717.xml
2025-10-26 18:07:17,505 - vessel_data_pipeline - INFO - Updated metadata for Arrived_in_last_36_hours.xml
2025-10-26 18:07:17,506 - vessel_data_pipeline - INFO - Successfully downloaded and validated Arrived_in_last_36_hours.xml
2025-10-26 18:07:19,515 - vessel_data_pipeline - INFO - Downloading Departed_in_last_36_hours.xml (attempt 1/3)
2025-10-26 18:07:19,575 - vessel_data_pipeline - INFO - File temp_Departed_in_last_36_hours.xml passed validation checks
2025-10-26 18:07:19,576 - vessel_data_pipeline - INFO - Created backup: Departed_in_last_36_hours_20251026_180719.xml
2025-10-26 18:07:19,576 - vessel_data_pipeline - INFO - Updated metadata for Departed_in_last_36_hours.xml
2025-10-26 18:07:19,576 - vessel_data_pipeline - INFO - Successfully downloaded and validated Departed_in_last_36_hours.xml
2025-10-26 18:07:21,577 - vessel_data_pipeline - INFO - Downloading Expected_arrivals.xml (attempt 1/3)
2025-10-26 18:07:21,644 - vessel_data_pipeline - INFO - File temp_Expected_arrivals.xml passed validation checks
2025-10-26 18:07:21,644 - vessel_data_pipeline - INFO - Created backup: Expected_arrivals_20251026_180721.xml
2025-10-26 18:07:21,644 - vessel_data_pipeline - INFO - Updated metadata for Expected_arrivals.xml
2025-10-26 18:07:21,644 - vessel_data_pipeline - INFO - Successfully downloaded and validated Expected_arrivals.xml
2025-10-26 18:07:23,649 - vessel_data_pipeline - INFO - Downloading Expected_departures.xml (attempt 1/3)
2025-10-26 18:07:23,693 - vessel_data_pipeline - INFO - File temp_Expected_departures.xml passed validation checks
2025-10-26 18:07:23,693 - vessel_data_pipeline - INFO - Created backup: Expected_departures_20251026_180723.xml
2025-10-26 18:07:23,694 - vessel_data_pipeline - INFO - Updated metadata for Expected_departures.xml
2025-10-26 18:07:23,694 - vessel_data_pipeline - INFO - Successfully downloaded and validated Expected_departures.xml
2025-10-26 18:07:25,704 - vessel_data_pipeline - INFO - Fetch operation completed. Results: {'Arrived_in_last_36_hours.xml': True, 'Departed_in_last_36_hours.xml': True, 'Expected_arrivals.xml': True, 'Expected_departures.xml': True}
2025-10-26 18:07:25,710 - vessel_data_pipeline - INFO - VesselDataFetcher initialized. Pipeline enabled: True
2025-10-26 18:07:25,711 - vessel_data_pipeline - INFO - Starting vessel data fetch operation
2025-10-26 18:07:25,711 - vessel_data_pipeline - INFO - Discovering XML files from Hong Kong Marine Department portal
2025-10-26 18:07:25,765 - vessel_data_pipeline - INFO - Verified access to Arrived_in_last_36_hours.xml
2025-10-26 18:07:25,828 - vessel_data_pipeline - INFO - Verified access to Departed_in_last_36_hours.xml
2025-10-26 18:07:25,862 - vessel_data_pipeline - INFO - Verified access to Expected_arrivals.xml
2025-10-26 18:07:25,893 - vessel_data_pipeline - INFO - Verified access to Expected_departures.xml
2025-10-26 18:07:25,893 - vessel_data_pipeline - INFO - Discovered 4 XML files for download
2025-10-26 18:07:25,893 - vessel_data_pipeline - INFO - Downloading Arrived_in_last_36_hours.xml (attempt 1/3)
2025-10-26 18:07:26,055 - vessel_data_pipeline - INFO - File temp_Arrived_in_last_36_hours.xml passed validation checks
2025-10-26 18:07:26,055 - vessel_data_pipeline - INFO - Created backup: Arrived_in_last_36_hours_20251026_180726.xml
2025-10-26 18:07:26,056 - vessel_data_pipeline - INFO - Updated metadata for Arrived_in_last_36_hours.xml
2025-10-26 18:07:26,056 - vessel_data_pipeline - INFO - Successfully downloaded and validated Arrived_in_last_36_hours.xml
2025-10-26 18:07:28,058 - vessel_data_pipeline - INFO - Downloading Departed_in_last_36_hours.xml (attempt 1/3)
2025-10-26 18:07:28,113 - vessel_data_pipeline - INFO - File temp_Departed_in_last_36_hours.xml passed validation checks
2025-10-26 18:07:28,114 - vessel_data_pipeline - INFO - Created backup: Departed_in_last_36_hours_20251026_180728.xml
2025-10-26 18:07:28,114 - vessel_data_pipeline - INFO - Updated metadata for Departed_in_last_36_hours.xml
2025-10-26 18:07:28,114 - vessel_data_pipeline - INFO - Successfully downloaded and validated Departed_in_last_36_hours.xml
2025-10-26 18:07:30,124 - vessel_data_pipeline - INFO - Downloading Expected_arrivals.xml (attempt 1/3)
2025-10-26 18:07:30,199 - vessel_data_pipeline - INFO - File temp_Expected_arrivals.xml passed validation checks
2025-10-26 18:07:30,200 - vessel_data_pipeline - INFO - Created backup: Expected_arrivals_20251026_180730.xml
2025-10-26 18:07:30,200 - vessel_data_pipeline - INFO - Updated metadata for Expected_arrivals.xml
2025-10-26 18:07:30,200 - vessel_data_pipeline - INFO - Successfully downloaded and validated Expected_arrivals.xml
2025-10-26 18:07:32,203 - vessel_data_pipeline - INFO - Downloading Expected_departures.xml (attempt 1/3)
2025-10-26 18:07:32,263 - vessel_data_pipeline - INFO - File temp_Expected_departures.xml passed validation checks
2025-10-26 18:07:32,263 - vessel_data_pipeline - INFO - Created backup: Expected_departures_20251026_180732.xml
2025-10-26 18:07:32,264 - vessel_data_pipeline - INFO - Updated metadata for Expected_departures.xml
2025-10-26 18:07:32,264 - vessel_data_pipeline - INFO - Successfully downloaded and validated Expected_departures.xml
2025-10-26 18:07:34,265 - vessel_data_pipeline - INFO - Fetch operation completed. Results: {'Arrived_in_last_36_hours.xml': True, 'Departed_in_last_36_hours.xml': True, 'Expected_arrivals.xml': True, 'Expected_departures.xml': True}
2025-10-26 18:09:29,153 - vessel_data_pipeline - INFO - VesselDataFetcher initialized. Pipeline enabled: True
2025-10-26 18:09:29,155 - vessel_data_pipeline - INFO - VesselDataFetcher initialized. Pipeline enabled: True
2025-10-26 18:09:29,156 - vessel_data_pipeline - INFO - Starting vessel data fetch operation
2025-10-26 18:09:29,156 - vessel_data_pipeline - INFO - Discovering XML files from Hong Kong Marine Department portal
2025-10-26 18:09:29,280 - vessel_data_pipeline - INFO - Verified access to Arrived_in_last_36_hours.xml
2025-10-26 18:09:29,341 - vessel_data_pipeline - INFO - Verified access to Departed_in_last_36_hours.xml
2025-10-26 18:09:29,375 - vessel_data_pipeline - INFO - Verified access to Expected_arrivals.xml
2025-10-26 18:09:29,410 - vessel_data_pipeline - INFO - Verified access to Expected_departures.xml
2025-10-26 18:09:29,411 - vessel_data_pipeline - INFO - Discovered 4 XML files for download
2025-10-26 18:09:29,411 - vessel_data_pipeline - INFO - Downloading Arrived_in_last_36_hours.xml (attempt 1/3)
2025-10-26 18:09:29,491 - vessel_data_pipeline - INFO - File temp_Arrived_in_last_36_hours.xml passed validation checks
2025-10-26 18:09:29,493 - vessel_data_pipeline - INFO - Created backup: Arrived_in_last_36_hours_20251026_180929.xml
2025-10-26 18:09:29,494 - vessel_data_pipeline - INFO - Updated metadata for Arrived_in_last_36_hours.xml
2025-10-26 18:09:29,494 - vessel_data_pipeline - INFO - Successfully downloaded and validated Arrived_in_last_36_hours.xml
2025-10-26 18:09:31,499 - vessel_data_pipeline - INFO - Downloading Departed_in_last_36_hours.xml (attempt 1/3)
2025-10-26 18:09:31,576 - vessel_data_pipeline - INFO - File temp_Departed_in_last_36_hours.xml passed validation checks
2025-10-26 18:09:31,577 - vessel_data_pipeline - INFO - Created backup: Departed_in_last_36_hours_20251026_180931.xml
2025-10-26 18:09:31,577 - vessel_data_pipeline - INFO - Updated metadata for Departed_in_last_36_hours.xml
2025-10-26 18:09:31,577 - vessel_data_pipeline - INFO - Successfully downloaded and validated Departed_in_last_36_hours.xml
2025-10-26 18:09:33,582 - vessel_data_pipeline - INFO - Downloading Expected_arrivals.xml (attempt 1/3)
2025-10-26 18:09:33,637 - vessel_data_pipeline - INFO - File temp_Expected_arrivals.xml passed validation checks
2025-10-26 18:09:33,637 - vessel_data_pipeline - INFO - Created backup: Expected_arrivals_20251026_180933.xml
2025-10-26 18:09:33,638 - vessel_data_pipeline - INFO - Updated metadata for Expected_arrivals.xml
2025-10-26 18:09:33,638 - vessel_data_pipeline - INFO - Successfully downloaded and validated Expected_arrivals.xml
2025-10-26 18:09:35,638 - vessel_data_pipeline - INFO - Downloading Expected_departures.xml (attempt 1/3)
2025-10-26 18:09:35,697 - vessel_data_pipeline - INFO - File temp_Expected_departures.xml passed validation checks
2025-10-26 18:09:35,697 - vessel_data_pipeline - INFO - Created backup: Expected_departures_20251026_180935.xml
2025-10-26 18:09:35,697 - vessel_data_pipeline - INFO - Updated metadata for Expected_departures.xml
2025-10-26 18:09:35,697 - vessel_data_pipeline - INFO - Successfully downloaded and validated Expected_departures.xml
2025-10-26 18:09:37,697 - vessel_data_pipeline - INFO - Fetch operation completed. Results: {'Arrived_in_last_36_hours.xml': True, 'Departed_in_last_36_hours.xml': True, 'Expected_arrivals.xml': True, 'Expected_departures.xml': True}
2025-10-26 18:09:40,707 - vessel_data_pipeline - INFO - VesselDataFetcher initialized. Pipeline enabled: True
2025-10-26 18:09:40,708 - vessel_data_pipeline - INFO - Starting vessel data fetch operation
2025-10-26 18:09:40,708 - vessel_data_pipeline - INFO - Discovering XML files from Hong Kong Marine Department portal
2025-10-26 18:09:40,799 - vessel_data_pipeline - INFO - Verified access to Arrived_in_last_36_hours.xml
2025-10-26 18:09:40,845 - vessel_data_pipeline - INFO - Verified access to Departed_in_last_36_hours.xml
2025-10-26 18:09:40,890 - vessel_data_pipeline - INFO - Verified access to Expected_arrivals.xml
2025-10-26 18:09:40,929 - vessel_data_pipeline - INFO - Verified access to Expected_departures.xml
2025-10-26 18:09:40,930 - vessel_data_pipeline - INFO - Discovered 4 XML files for download
2025-10-26 18:09:40,930 - vessel_data_pipeline - INFO - Downloading Arrived_in_last_36_hours.xml (attempt 1/3)
2025-10-26 18:09:40,980 - vessel_data_pipeline - INFO - File temp_Arrived_in_last_36_hours.xml passed validation checks
2025-10-26 18:09:40,981 - vessel_data_pipeline - INFO - Created backup: Arrived_in_last_36_hours_20251026_180940.xml
2025-10-26 18:09:40,981 - vessel_data_pipeline - INFO - Updated metadata for Arrived_in_last_36_hours.xml
2025-10-26 18:09:40,981 - vessel_data_pipeline - INFO - Successfully downloaded and validated Arrived_in_last_36_hours.xml
2025-10-26 18:09:42,982 - vessel_data_pipeline - INFO - Downloading Departed_in_last_36_hours.xml (attempt 1/3)
2025-10-26 18:09:43,046 - vessel_data_pipeline - INFO - File temp_Departed_in_last_36_hours.xml passed validation checks
2025-10-26 18:09:43,047 - vessel_data_pipeline - INFO - Created backup: Departed_in_last_36_hours_20251026_180943.xml
2025-10-26 18:09:43,047 - vessel_data_pipeline - INFO - Updated metadata for Departed_in_last_36_hours.xml
2025-10-26 18:09:43,047 - vessel_data_pipeline - INFO - Successfully downloaded and validated Departed_in_last_36_hours.xml
2025-10-26 18:09:45,052 - vessel_data_pipeline - INFO - Downloading Expected_arrivals.xml (attempt 1/3)
2025-10-26 18:09:45,120 - vessel_data_pipeline - INFO - File temp_Expected_arrivals.xml passed validation checks
2025-10-26 18:09:45,121 - vessel_data_pipeline - INFO - Created backup: Expected_arrivals_20251026_180945.xml
2025-10-26 18:09:45,121 - vessel_data_pipeline - INFO - Updated metadata for Expected_arrivals.xml
2025-10-26 18:09:45,121 - vessel_data_pipeline - INFO - Successfully downloaded and validated Expected_arrivals.xml
2025-10-26 18:09:47,123 - vessel_data_pipeline - INFO - Downloading Expected_departures.xml (attempt 1/3)
2025-10-26 18:09:47,171 - vessel_data_pipeline - INFO - File temp_Expected_departures.xml passed validation checks
2025-10-26 18:09:47,171 - vessel_data_pipeline - INFO - Created backup: Expected_departures_20251026_180947.xml
2025-10-26 18:09:47,172 - vessel_data_pipeline - INFO - Updated metadata for Expected_departures.xml
2025-10-26 18:09:47,172 - vessel_data_pipeline - INFO - Successfully downloaded and validated Expected_departures.xml
2025-10-26 18:09:49,177 - vessel_data_pipeline - INFO - Fetch operation completed. Results: {'Arrived_in_last_36_hours.xml': True, 'Departed_in_last_36_hours.xml': True, 'Expected_arrivals.xml': True, 'Expected_departures.xml': True}
2025-10-26 18:09:49,181 - vessel_data_pipeline - INFO - VesselDataFetcher initialized. Pipeline enabled: True
2025-10-26 18:09:49,181 - vessel_data_pipeline - INFO - Starting vessel data fetch operation
2025-10-26 18:09:49,181 - vessel_data_pipeline - INFO - Discovering XML files from Hong Kong Marine Department portal
2025-10-26 18:09:49,235 - vessel_data_pipeline - INFO - Verified access to Arrived_in_last_36_hours.xml
2025-10-26 18:09:49,269 - vessel_data_pipeline - INFO - Verified access to Departed_in_last_36_hours.xml
2025-10-26 18:09:49,328 - vessel_data_pipeline - INFO - Verified access to Expected_arrivals.xml
2025-10-26 18:09:49,456 - vessel_data_pipeline - INFO - Verified access to Expected_departures.xml
2025-10-26 18:09:49,456 - vessel_data_pipeline - INFO - Discovered 4 XML files for download
2025-10-26 18:09:49,456 - vessel_data_pipeline - INFO - Downloading Arrived_in_last_36_hours.xml (attempt 1/3)
2025-10-26 18:09:49,588 - vessel_data_pipeline - INFO - File temp_Arrived_in_last_36_hours.xml passed validation checks
2025-10-26 18:09:49,589 - vessel_data_pipeline - INFO - Created backup: Arrived_in_last_36_hours_20251026_180949.xml
2025-10-26 18:09:49,589 - vessel_data_pipeline - INFO - Updated metadata for Arrived_in_last_36_hours.xml
2025-10-26 18:09:49,589 - vessel_data_pipeline - INFO - Successfully downloaded and validated Arrived_in_last_36_hours.xml
2025-10-26 18:09:51,590 - vessel_data_pipeline - INFO - Downloading Departed_in_last_36_hours.xml (attempt 1/3)
2025-10-26 18:09:51,676 - vessel_data_pipeline - INFO - File temp_Departed_in_last_36_hours.xml passed validation checks
2025-10-26 18:09:51,677 - vessel_data_pipeline - INFO - Created backup: Departed_in_last_36_hours_20251026_180951.xml
2025-10-26 18:09:51,677 - vessel_data_pipeline - INFO - Updated metadata for Departed_in_last_36_hours.xml
2025-10-26 18:09:51,677 - vessel_data_pipeline - INFO - Successfully downloaded and validated Departed_in_last_36_hours.xml
2025-10-26 18:09:53,679 - vessel_data_pipeline - INFO - Downloading Expected_arrivals.xml (attempt 1/3)
2025-10-26 18:09:53,738 - vessel_data_pipeline - INFO - File temp_Expected_arrivals.xml passed validation checks
2025-10-26 18:09:53,738 - vessel_data_pipeline - INFO - Created backup: Expected_arrivals_20251026_180953.xml
2025-10-26 18:09:53,739 - vessel_data_pipeline - INFO - Updated metadata for Expected_arrivals.xml
2025-10-26 18:09:53,739 - vessel_data_pipeline - INFO - Successfully downloaded and validated Expected_arrivals.xml
2025-10-26 18:09:55,742 - vessel_data_pipeline - INFO - Downloading Expected_departures.xml (attempt 1/3)
2025-10-26 18:09:55,876 - vessel_data_pipeline - INFO - File temp_Expected_departures.xml passed validation checks
2025-10-26 18:09:55,877 - vessel_data_pipeline - INFO - Created backup: Expected_departures_20251026_180955.xml
2025-10-26 18:09:55,877 - vessel_data_pipeline - INFO - Updated metadata for Expected_departures.xml
2025-10-26 18:09:55,877 - vessel_data_pipeline - INFO - Successfully downloaded and validated Expected_departures.xml
2025-10-26 18:09:57,879 - vessel_data_pipeline - INFO - Fetch operation completed. Results: {'Arrived_in_last_36_hours.xml': True, 'Departed_in_last_36_hours.xml': True, 'Expected_arrivals.xml': True, 'Expected_departures.xml': True}
2025-10-26 18:09:57,908 - vessel_data_pipeline - INFO - VesselDataFetcher initialized. Pipeline enabled: True
2025-10-26 18:09:57,909 - vessel_data_pipeline - INFO - Starting vessel data fetch operation
2025-10-26 18:09:57,909 - vessel_data_pipeline - INFO - Discovering XML files from Hong Kong Marine Department portal
2025-10-26 18:09:58,003 - vessel_data_pipeline - INFO - Verified access to Arrived_in_last_36_hours.xml
2025-10-26 18:09:58,070 - vessel_data_pipeline - INFO - Verified access to Departed_in_last_36_hours.xml
2025-10-26 18:09:58,106 - vessel_data_pipeline - INFO - Verified access to Expected_arrivals.xml
2025-10-26 18:09:58,140 - vessel_data_pipeline - INFO - Verified access to Expected_departures.xml
2025-10-26 18:09:58,140 - vessel_data_pipeline - INFO - Discovered 4 XML files for download
2025-10-26 18:09:58,140 - vessel_data_pipeline - INFO - Downloading Arrived_in_last_36_hours.xml (attempt 1/3)
2025-10-26 18:09:58,193 - vessel_data_pipeline - INFO - File temp_Arrived_in_last_36_hours.xml passed validation checks
2025-10-26 18:09:58,194 - vessel_data_pipeline - INFO - Created backup: Arrived_in_last_36_hours_20251026_180958.xml
2025-10-26 18:09:58,194 - vessel_data_pipeline - INFO - Updated metadata for Arrived_in_last_36_hours.xml
2025-10-26 18:09:58,194 - vessel_data_pipeline - INFO - Successfully downloaded and validated Arrived_in_last_36_hours.xml
2025-10-26 18:10:00,196 - vessel_data_pipeline - INFO - Downloading Departed_in_last_36_hours.xml (attempt 1/3)
2025-10-26 18:10:00,435 - vessel_data_pipeline - INFO - File temp_Departed_in_last_36_hours.xml passed validation checks
2025-10-26 18:10:00,435 - vessel_data_pipeline - INFO - Created backup: Departed_in_last_36_hours_20251026_181000.xml
2025-10-26 18:10:00,436 - vessel_data_pipeline - INFO - Updated metadata for Departed_in_last_36_hours.xml
2025-10-26 18:10:00,436 - vessel_data_pipeline - INFO - Successfully downloaded and validated Departed_in_last_36_hours.xml
2025-10-26 18:10:02,441 - vessel_data_pipeline - INFO - Downloading Expected_arrivals.xml (attempt 1/3)
2025-10-26 18:10:02,495 - vessel_data_pipeline - INFO - File temp_Expected_arrivals.xml passed validation checks
2025-10-26 18:10:02,496 - vessel_data_pipeline - INFO - Created backup: Expected_arrivals_20251026_181002.xml
2025-10-26 18:10:02,496 - vessel_data_pipeline - INFO - Updated metadata for Expected_arrivals.xml
2025-10-26 18:10:02,496 - vessel_data_pipeline - INFO - Successfully downloaded and validated Expected_arrivals.xml
2025-10-26 18:10:04,501 - vessel_data_pipeline - INFO - Downloading Expected_departures.xml (attempt 1/3)
2025-10-26 18:10:04,547 - vessel_data_pipeline - INFO - File temp_Expected_departures.xml passed validation checks
2025-10-26 18:10:04,548 - vessel_data_pipeline - INFO - Created backup: Expected_departures_20251026_181004.xml
2025-10-26 18:10:04,548 - vessel_data_pipeline - INFO - Updated metadata for Expected_departures.xml
2025-10-26 18:10:04,548 - vessel_data_pipeline - INFO - Successfully downloaded and validated Expected_departures.xml
2025-10-26 18:10:06,553 - vessel_data_pipeline - INFO - Fetch operation completed. Results: {'Arrived_in_last_36_hours.xml': True, 'Departed_in_last_36_hours.xml': True, 'Expected_arrivals.xml': True, 'Expected_departures.xml': True}
2025-10-26 18:10:06,558 - vessel_data_pipeline - INFO - VesselDataFetcher initialized. Pipeline enabled: True
2025-10-26 18:10:06,559 - vessel_data_pipeline - INFO - Starting vessel data fetch operation
2025-10-26 18:10:06,559 - vessel_data_pipeline - INFO - Discovering XML files from Hong Kong Marine Department portal
2025-10-26 18:10:06,640 - vessel_data_pipeline - INFO - Verified access to Arrived_in_last_36_hours.xml
2025-10-26 18:10:06,674 - vessel_data_pipeline - INFO - Verified access to Departed_in_last_36_hours.xml
2025-10-26 18:10:06,704 - vessel_data_pipeline - INFO - Verified access to Expected_arrivals.xml
2025-10-26 18:10:06,739 - vessel_data_pipeline - INFO - Verified access to Expected_departures.xml
2025-10-26 18:10:06,739 - vessel_data_pipeline - INFO - Discovered 4 XML files for download
2025-10-26 18:10:06,739 - vessel_data_pipeline - INFO - Downloading Arrived_in_last_36_hours.xml (attempt 1/3)
2025-10-26 18:10:06,816 - vessel_data_pipeline - INFO - File temp_Arrived_in_last_36_hours.xml passed validation checks
2025-10-26 18:10:06,816 - vessel_data_pipeline - INFO - Created backup: Arrived_in_last_36_hours_20251026_181006.xml
2025-10-26 18:10:06,816 - vessel_data_pipeline - INFO - Updated metadata for Arrived_in_last_36_hours.xml
2025-10-26 18:10:06,816 - vessel_data_pipeline - INFO - Successfully downloaded and validated Arrived_in_last_36_hours.xml
2025-10-26 18:10:08,817 - vessel_data_pipeline - INFO - Downloading Departed_in_last_36_hours.xml (attempt 1/3)
2025-10-26 18:10:08,887 - vessel_data_pipeline - INFO - File temp_Departed_in_last_36_hours.xml passed validation checks
2025-10-26 18:10:08,887 - vessel_data_pipeline - INFO - Created backup: Departed_in_last_36_hours_20251026_181008.xml
2025-10-26 18:10:08,888 - vessel_data_pipeline - INFO - Updated metadata for Departed_in_last_36_hours.xml
2025-10-26 18:10:08,888 - vessel_data_pipeline - INFO - Successfully downloaded and validated Departed_in_last_36_hours.xml
2025-10-26 18:10:10,890 - vessel_data_pipeline - INFO - Downloading Expected_arrivals.xml (attempt 1/3)
2025-10-26 18:10:10,953 - vessel_data_pipeline - INFO - File temp_Expected_arrivals.xml passed validation checks
2025-10-26 18:10:10,954 - vessel_data_pipeline - INFO - Created backup: Expected_arrivals_20251026_181010.xml
2025-10-26 18:10:10,954 - vessel_data_pipeline - INFO - Updated metadata for Expected_arrivals.xml
2025-10-26 18:10:10,954 - vessel_data_pipeline - INFO - Successfully downloaded and validated Expected_arrivals.xml
2025-10-26 18:10:12,959 - vessel_data_pipeline - INFO - Downloading Expected_departures.xml (attempt 1/3)
2025-10-26 18:10:13,013 - vessel_data_pipeline - INFO - File temp_Expected_departures.xml passed validation checks
2025-10-26 18:10:13,013 - vessel_data_pipeline - INFO - Created backup: Expected_departures_20251026_181013.xml
2025-10-26 18:10:13,014 - vessel_data_pipeline - INFO - Updated metadata for Expected_departures.xml
2025-10-26 18:10:13,014 - vessel_data_pipeline - INFO - Successfully downloaded and validated Expected_departures.xml
2025-10-26 18:10:15,019 - vessel_data_pipeline - INFO - Fetch operation completed. Results: {'Arrived_in_last_36_hours.xml': True, 'Departed_in_last_36_hours.xml': True, 'Expected_arrivals.xml': True, 'Expected_departures.xml': True}
2025-10-26 18:11:00,935 - vessel_data_pipeline - INFO - VesselDataFetcher initialized. Pipeline enabled: True
2025-10-26 18:11:00,937 - vessel_data_pipeline - INFO - VesselDataFetcher initialized. Pipeline enabled: True
2025-10-26 18:11:00,938 - vessel_data_pipeline - INFO - Starting vessel data fetch operation
2025-10-26 18:11:00,938 - vessel_data_pipeline - INFO - Discovering XML files from Hong Kong Marine Department portal
2025-10-26 18:11:01,033 - vessel_data_pipeline - INFO - Verified access to Arrived_in_last_36_hours.xml
2025-10-26 18:11:01,096 - vessel_data_pipeline - INFO - Verified access to Departed_in_last_36_hours.xml
2025-10-26 18:11:01,133 - vessel_data_pipeline - INFO - Verified access to Expected_arrivals.xml
2025-10-26 18:11:01,210 - vessel_data_pipeline - INFO - Verified access to Expected_departures.xml
2025-10-26 18:11:01,210 - vessel_data_pipeline - INFO - Discovered 4 XML files for download
2025-10-26 18:11:01,210 - vessel_data_pipeline - INFO - Downloading Arrived_in_last_36_hours.xml (attempt 1/3)
2025-10-26 18:11:01,261 - vessel_data_pipeline - INFO - File temp_Arrived_in_last_36_hours.xml passed validation checks
2025-10-26 18:11:01,262 - vessel_data_pipeline - INFO - Created backup: Arrived_in_last_36_hours_20251026_181101.xml
2025-10-26 18:11:01,263 - vessel_data_pipeline - INFO - Updated metadata for Arrived_in_last_36_hours.xml
2025-10-26 18:11:01,263 - vessel_data_pipeline - INFO - Successfully downloaded and validated Arrived_in_last_36_hours.xml
2025-10-26 18:11:03,268 - vessel_data_pipeline - INFO - Downloading Departed_in_last_36_hours.xml (attempt 1/3)
2025-10-26 18:11:03,332 - vessel_data_pipeline - INFO - File temp_Departed_in_last_36_hours.xml passed validation checks
2025-10-26 18:11:03,333 - vessel_data_pipeline - INFO - Created backup: Departed_in_last_36_hours_20251026_181103.xml
2025-10-26 18:11:03,333 - vessel_data_pipeline - INFO - Updated metadata for Departed_in_last_36_hours.xml
2025-10-26 18:11:03,333 - vessel_data_pipeline - INFO - Successfully downloaded and validated Departed_in_last_36_hours.xml
2025-10-26 18:11:05,337 - vessel_data_pipeline - INFO - Downloading Expected_arrivals.xml (attempt 1/3)
2025-10-26 18:11:05,387 - vessel_data_pipeline - INFO - File temp_Expected_arrivals.xml passed validation checks
2025-10-26 18:11:05,387 - vessel_data_pipeline - INFO - Created backup: Expected_arrivals_20251026_181105.xml
2025-10-26 18:11:05,387 - vessel_data_pipeline - INFO - Updated metadata for Expected_arrivals.xml
2025-10-26 18:11:05,387 - vessel_data_pipeline - INFO - Successfully downloaded and validated Expected_arrivals.xml
2025-10-26 18:11:07,392 - vessel_data_pipeline - INFO - Downloading Expected_departures.xml (attempt 1/3)
2025-10-26 18:11:07,467 - vessel_data_pipeline - INFO - File temp_Expected_departures.xml passed validation checks
2025-10-26 18:11:07,468 - vessel_data_pipeline - INFO - Created backup: Expected_departures_20251026_181107.xml
2025-10-26 18:11:07,468 - vessel_data_pipeline - INFO - Updated metadata for Expected_departures.xml
2025-10-26 18:11:07,468 - vessel_data_pipeline - INFO - Successfully downloaded and validated Expected_departures.xml
2025-10-26 18:11:09,471 - vessel_data_pipeline - INFO - Fetch operation completed. Results: {'Arrived_in_last_36_hours.xml': True, 'Departed_in_last_36_hours.xml': True, 'Expected_arrivals.xml': True, 'Expected_departures.xml': True}
2025-10-26 18:11:12,458 - vessel_data_pipeline - INFO - VesselDataFetcher initialized. Pipeline enabled: True
2025-10-26 18:11:12,458 - vessel_data_pipeline - INFO - Starting vessel data fetch operation
2025-10-26 18:11:12,458 - vessel_data_pipeline - INFO - Discovering XML files from Hong Kong Marine Department portal
2025-10-26 18:11:12,519 - vessel_data_pipeline - INFO - Verified access to Arrived_in_last_36_hours.xml
2025-10-26 18:11:12,598 - vessel_data_pipeline - INFO - Verified access to Departed_in_last_36_hours.xml
2025-10-26 18:11:12,649 - vessel_data_pipeline - INFO - Verified access to Expected_arrivals.xml
2025-10-26 18:11:12,685 - vessel_data_pipeline - INFO - Verified access to Expected_departures.xml
2025-10-26 18:11:12,685 - vessel_data_pipeline - INFO - Discovered 4 XML files for download
2025-10-26 18:11:12,686 - vessel_data_pipeline - INFO - Downloading Arrived_in_last_36_hours.xml (attempt 1/3)
2025-10-26 18:11:12,743 - vessel_data_pipeline - INFO - File temp_Arrived_in_last_36_hours.xml passed validation checks
2025-10-26 18:11:12,743 - vessel_data_pipeline - INFO - Created backup: Arrived_in_last_36_hours_20251026_181112.xml
2025-10-26 18:11:12,744 - vessel_data_pipeline - INFO - Updated metadata for Arrived_in_last_36_hours.xml
2025-10-26 18:11:12,744 - vessel_data_pipeline - INFO - Successfully downloaded and validated Arrived_in_last_36_hours.xml
2025-10-26 18:11:14,746 - vessel_data_pipeline - INFO - Downloading Departed_in_last_36_hours.xml (attempt 1/3)
2025-10-26 18:11:14,814 - vessel_data_pipeline - INFO - File temp_Departed_in_last_36_hours.xml passed validation checks
2025-10-26 18:11:14,814 - vessel_data_pipeline - INFO - Created backup: Departed_in_last_36_hours_20251026_181114.xml
2025-10-26 18:11:14,815 - vessel_data_pipeline - INFO - Updated metadata for Departed_in_last_36_hours.xml
2025-10-26 18:11:14,815 - vessel_data_pipeline - INFO - Successfully downloaded and validated Departed_in_last_36_hours.xml
2025-10-26 18:11:16,820 - vessel_data_pipeline - INFO - Downloading Expected_arrivals.xml (attempt 1/3)
2025-10-26 18:11:16,882 - vessel_data_pipeline - INFO - File temp_Expected_arrivals.xml passed validation checks
2025-10-26 18:11:16,883 - vessel_data_pipeline - INFO - Created backup: Expected_arrivals_20251026_181116.xml
2025-10-26 18:11:16,883 - vessel_data_pipeline - INFO - Updated metadata for Expected_arrivals.xml
2025-10-26 18:11:16,883 - vessel_data_pipeline - INFO - Successfully downloaded and validated Expected_arrivals.xml
2025-10-26 18:11:18,888 - vessel_data_pipeline - INFO - Downloading Expected_departures.xml (attempt 1/3)
2025-10-26 18:11:18,935 - vessel_data_pipeline - INFO - File temp_Expected_departures.xml passed validation checks
2025-10-26 18:11:18,936 - vessel_data_pipeline - INFO - Created backup: Expected_departures_20251026_181118.xml
2025-10-26 18:11:18,936 - vessel_data_pipeline - INFO - Updated metadata for Expected_departures.xml
2025-10-26 18:11:18,936 - vessel_data_pipeline - INFO - Successfully downloaded and validated Expected_departures.xml
2025-10-26 18:11:20,941 - vessel_data_pipeline - INFO - Fetch operation completed. Results: {'Arrived_in_last_36_hours.xml': True, 'Departed_in_last_36_hours.xml': True, 'Expected_arrivals.xml': True, 'Expected_departures.xml': True}
2025-10-26 18:11:20,947 - vessel_data_pipeline - INFO - VesselDataFetcher initialized. Pipeline enabled: True
2025-10-26 18:11:20,947 - vessel_data_pipeline - INFO - Starting vessel data fetch operation
2025-10-26 18:11:20,947 - vessel_data_pipeline - INFO - Discovering XML files from Hong Kong Marine Department portal
2025-10-26 18:11:21,031 - vessel_data_pipeline - INFO - Verified access to Arrived_in_last_36_hours.xml
2025-10-26 18:11:21,063 - vessel_data_pipeline - INFO - Verified access to Departed_in_last_36_hours.xml
2025-10-26 18:11:21,124 - vessel_data_pipeline - INFO - Verified access to Expected_arrivals.xml
2025-10-26 18:11:21,160 - vessel_data_pipeline - INFO - Verified access to Expected_departures.xml
2025-10-26 18:11:21,160 - vessel_data_pipeline - INFO - Discovered 4 XML files for download
2025-10-26 18:11:21,160 - vessel_data_pipeline - INFO - Downloading Arrived_in_last_36_hours.xml (attempt 1/3)
2025-10-26 18:11:21,415 - vessel_data_pipeline - INFO - File temp_Arrived_in_last_36_hours.xml passed validation checks
2025-10-26 18:11:21,415 - vessel_data_pipeline - INFO - Created backup: Arrived_in_last_36_hours_20251026_181121.xml
2025-10-26 18:11:21,415 - vessel_data_pipeline - INFO - Updated metadata for Arrived_in_last_36_hours.xml
2025-10-26 18:11:21,415 - vessel_data_pipeline - INFO - Successfully downloaded and validated Arrived_in_last_36_hours.xml
2025-10-26 18:11:23,421 - vessel_data_pipeline - INFO - Downloading Departed_in_last_36_hours.xml (attempt 1/3)
2025-10-26 18:11:23,523 - vessel_data_pipeline - INFO - File temp_Departed_in_last_36_hours.xml passed validation checks
2025-10-26 18:11:23,523 - vessel_data_pipeline - INFO - Created backup: Departed_in_last_36_hours_20251026_181123.xml
2025-10-26 18:11:23,524 - vessel_data_pipeline - INFO - Updated metadata for Departed_in_last_36_hours.xml
2025-10-26 18:11:23,524 - vessel_data_pipeline - INFO - Successfully downloaded and validated Departed_in_last_36_hours.xml
2025-10-26 18:11:25,524 - vessel_data_pipeline - INFO - Downloading Expected_arrivals.xml (attempt 1/3)
2025-10-26 18:11:25,586 - vessel_data_pipeline - INFO - File temp_Expected_arrivals.xml passed validation checks
2025-10-26 18:11:25,586 - vessel_data_pipeline - INFO - Created backup: Expected_arrivals_20251026_181125.xml
2025-10-26 18:11:25,587 - vessel_data_pipeline - INFO - Updated metadata for Expected_arrivals.xml
2025-10-26 18:11:25,587 - vessel_data_pipeline - INFO - Successfully downloaded and validated Expected_arrivals.xml
2025-10-26 18:11:27,592 - vessel_data_pipeline - INFO - Downloading Expected_departures.xml (attempt 1/3)
2025-10-26 18:11:27,726 - vessel_data_pipeline - INFO - File temp_Expected_departures.xml passed validation checks
2025-10-26 18:11:27,726 - vessel_data_pipeline - INFO - Created backup: Expected_departures_20251026_181127.xml
2025-10-26 18:11:27,726 - vessel_data_pipeline - INFO - Updated metadata for Expected_departures.xml
2025-10-26 18:11:27,726 - vessel_data_pipeline - INFO - Successfully downloaded and validated Expected_departures.xml
2025-10-26 18:11:29,727 - vessel_data_pipeline - INFO - Fetch operation completed. Results: {'Arrived_in_last_36_hours.xml': True, 'Departed_in_last_36_hours.xml': True, 'Expected_arrivals.xml': True, 'Expected_departures.xml': True}
2025-10-26 18:11:29,746 - vessel_data_pipeline - INFO - VesselDataFetcher initialized. Pipeline enabled: True
2025-10-26 18:11:29,746 - vessel_data_pipeline - INFO - Starting vessel data fetch operation
2025-10-26 18:11:29,746 - vessel_data_pipeline - INFO - Discovering XML files from Hong Kong Marine Department portal
2025-10-26 18:11:29,804 - vessel_data_pipeline - INFO - Verified access to Arrived_in_last_36_hours.xml
2025-10-26 18:11:29,838 - vessel_data_pipeline - INFO - Verified access to Departed_in_last_36_hours.xml
2025-10-26 18:11:29,975 - vessel_data_pipeline - INFO - Verified access to Expected_arrivals.xml
2025-10-26 18:11:30,185 - vessel_data_pipeline - INFO - Verified access to Expected_departures.xml
2025-10-26 18:11:30,186 - vessel_data_pipeline - INFO - Discovered 4 XML files for download
2025-10-26 18:11:30,187 - vessel_data_pipeline - INFO - Downloading Arrived_in_last_36_hours.xml (attempt 1/3)
2025-10-26 18:11:30,436 - vessel_data_pipeline - INFO - File temp_Arrived_in_last_36_hours.xml passed validation checks
2025-10-26 18:11:30,437 - vessel_data_pipeline - INFO - Created backup: Arrived_in_last_36_hours_20251026_181130.xml
2025-10-26 18:11:30,437 - vessel_data_pipeline - INFO - Updated metadata for Arrived_in_last_36_hours.xml
2025-10-26 18:11:30,437 - vessel_data_pipeline - INFO - Successfully downloaded and validated Arrived_in_last_36_hours.xml
2025-10-26 18:11:32,441 - vessel_data_pipeline - INFO - Downloading Departed_in_last_36_hours.xml (attempt 1/3)
2025-10-26 18:11:32,499 - vessel_data_pipeline - INFO - File temp_Departed_in_last_36_hours.xml passed validation checks
2025-10-26 18:11:32,499 - vessel_data_pipeline - INFO - Created backup: Departed_in_last_36_hours_20251026_181132.xml
2025-10-26 18:11:32,500 - vessel_data_pipeline - INFO - Updated metadata for Departed_in_last_36_hours.xml
2025-10-26 18:11:32,500 - vessel_data_pipeline - INFO - Successfully downloaded and validated Departed_in_last_36_hours.xml
2025-10-26 18:11:34,505 - vessel_data_pipeline - INFO - Downloading Expected_arrivals.xml (attempt 1/3)
2025-10-26 18:11:34,593 - vessel_data_pipeline - INFO - File temp_Expected_arrivals.xml passed validation checks
2025-10-26 18:11:34,594 - vessel_data_pipeline - INFO - Created backup: Expected_arrivals_20251026_181134.xml
2025-10-26 18:11:34,594 - vessel_data_pipeline - INFO - Updated metadata for Expected_arrivals.xml
2025-10-26 18:11:34,594 - vessel_data_pipeline - INFO - Successfully downloaded and validated Expected_arrivals.xml
2025-10-26 18:11:36,595 - vessel_data_pipeline - INFO - Downloading Expected_departures.xml (attempt 1/3)
2025-10-26 18:11:36,727 - vessel_data_pipeline - INFO - File temp_Expected_departures.xml passed validation checks
2025-10-26 18:11:36,728 - vessel_data_pipeline - INFO - Created backup: Expected_departures_20251026_181136.xml
2025-10-26 18:11:36,728 - vessel_data_pipeline - INFO - Updated metadata for Expected_departures.xml
2025-10-26 18:11:36,728 - vessel_data_pipeline - INFO - Successfully downloaded and validated Expected_departures.xml
2025-10-26 18:11:38,729 - vessel_data_pipeline - INFO - Fetch operation completed. Results: {'Arrived_in_last_36_hours.xml': True, 'Departed_in_last_36_hours.xml': True, 'Expected_arrivals.xml': True, 'Expected_departures.xml': True}
2025-10-26 18:11:38,741 - vessel_data_pipeline - INFO - VesselDataFetcher initialized. Pipeline enabled: True
2025-10-26 18:11:38,742 - vessel_data_pipeline - INFO - Starting vessel data fetch operation
2025-10-26 18:11:38,742 - vessel_data_pipeline - INFO - Discovering XML files from Hong Kong Marine Department portal
2025-10-26 18:11:38,888 - vessel_data_pipeline - INFO - Verified access to Arrived_in_last_36_hours.xml
2025-10-26 18:11:38,920 - vessel_data_pipeline - INFO - Verified access to Departed_in_last_36_hours.xml
2025-10-26 18:11:39,013 - vessel_data_pipeline - INFO - Verified access to Expected_arrivals.xml
2025-10-26 18:11:39,059 - vessel_data_pipeline - INFO - Verified access to Expected_departures.xml
2025-10-26 18:11:39,059 - vessel_data_pipeline - INFO - Discovered 4 XML files for download
2025-10-26 18:11:39,059 - vessel_data_pipeline - INFO - Downloading Arrived_in_last_36_hours.xml (attempt 1/3)
2025-10-26 18:11:39,108 - vessel_data_pipeline - INFO - File temp_Arrived_in_last_36_hours.xml passed validation checks
2025-10-26 18:11:39,108 - vessel_data_pipeline - INFO - Created backup: Arrived_in_last_36_hours_20251026_181139.xml
2025-10-26 18:11:39,108 - vessel_data_pipeline - INFO - Updated metadata for Arrived_in_last_36_hours.xml
2025-10-26 18:11:39,108 - vessel_data_pipeline - INFO - Successfully downloaded and validated Arrived_in_last_36_hours.xml
2025-10-26 18:11:41,109 - vessel_data_pipeline - INFO - Downloading Departed_in_last_36_hours.xml (attempt 1/3)
2025-10-26 18:11:41,214 - vessel_data_pipeline - INFO - File temp_Departed_in_last_36_hours.xml passed validation checks
2025-10-26 18:11:41,215 - vessel_data_pipeline - INFO - Created backup: Departed_in_last_36_hours_20251026_181141.xml
2025-10-26 18:11:41,215 - vessel_data_pipeline - INFO - Updated metadata for Departed_in_last_36_hours.xml
2025-10-26 18:11:41,215 - vessel_data_pipeline - INFO - Successfully downloaded and validated Departed_in_last_36_hours.xml
2025-10-26 18:11:43,217 - vessel_data_pipeline - INFO - Downloading Expected_arrivals.xml (attempt 1/3)
2025-10-26 18:11:43,266 - vessel_data_pipeline - INFO - File temp_Expected_arrivals.xml passed validation checks
2025-10-26 18:11:43,267 - vessel_data_pipeline - INFO - Created backup: Expected_arrivals_20251026_181143.xml
2025-10-26 18:11:43,267 - vessel_data_pipeline - INFO - Updated metadata for Expected_arrivals.xml
2025-10-26 18:11:43,267 - vessel_data_pipeline - INFO - Successfully downloaded and validated Expected_arrivals.xml
2025-10-26 18:11:45,272 - vessel_data_pipeline - INFO - Downloading Expected_departures.xml (attempt 1/3)
2025-10-26 18:11:45,321 - vessel_data_pipeline - INFO - File temp_Expected_departures.xml passed validation checks
2025-10-26 18:11:45,321 - vessel_data_pipeline - INFO - Created backup: Expected_departures_20251026_181145.xml
2025-10-26 18:11:45,322 - vessel_data_pipeline - INFO - Updated metadata for Expected_departures.xml
2025-10-26 18:11:45,322 - vessel_data_pipeline - INFO - Successfully downloaded and validated Expected_departures.xml
2025-10-26 18:11:47,322 - vessel_data_pipeline - INFO - Fetch operation completed. Results: {'Arrived_in_last_36_hours.xml': True, 'Departed_in_last_36_hours.xml': True, 'Expected_arrivals.xml': True, 'Expected_departures.xml': True}
2025-10-26 18:12:44,606 - vessel_data_pipeline - INFO - VesselDataFetcher initialized. Pipeline enabled: True
2025-10-26 18:12:44,608 - vessel_data_pipeline - INFO - VesselDataFetcher initialized. Pipeline enabled: True
2025-10-26 18:12:44,608 - vessel_data_pipeline - INFO - Starting vessel data fetch operation
2025-10-26 18:12:44,608 - vessel_data_pipeline - INFO - Discovering XML files from Hong Kong Marine Department portal
2025-10-26 18:12:44,963 - vessel_data_pipeline - INFO - Verified access to Arrived_in_last_36_hours.xml
2025-10-26 18:12:45,336 - vessel_data_pipeline - INFO - Verified access to Departed_in_last_36_hours.xml
2025-10-26 18:12:45,495 - vessel_data_pipeline - INFO - Verified access to Expected_arrivals.xml
2025-10-26 18:12:45,708 - vessel_data_pipeline - INFO - Verified access to Expected_departures.xml
2025-10-26 18:12:45,709 - vessel_data_pipeline - INFO - Discovered 4 XML files for download
2025-10-26 18:12:45,709 - vessel_data_pipeline - INFO - Downloading Arrived_in_last_36_hours.xml (attempt 1/3)
2025-10-26 18:12:45,761 - vessel_data_pipeline - INFO - File temp_Arrived_in_last_36_hours.xml passed validation checks
2025-10-26 18:12:45,761 - vessel_data_pipeline - INFO - Created backup: Arrived_in_last_36_hours_20251026_181245.xml
2025-10-26 18:12:45,762 - vessel_data_pipeline - INFO - Updated metadata for Arrived_in_last_36_hours.xml
2025-10-26 18:12:45,762 - vessel_data_pipeline - INFO - Successfully downloaded and validated Arrived_in_last_36_hours.xml
2025-10-26 18:12:47,767 - vessel_data_pipeline - INFO - Downloading Departed_in_last_36_hours.xml (attempt 1/3)
2025-10-26 18:12:47,859 - vessel_data_pipeline - INFO - File temp_Departed_in_last_36_hours.xml passed validation checks
2025-10-26 18:12:47,859 - vessel_data_pipeline - INFO - Created backup: Departed_in_last_36_hours_20251026_181247.xml
2025-10-26 18:12:47,860 - vessel_data_pipeline - INFO - Updated metadata for Departed_in_last_36_hours.xml
2025-10-26 18:12:47,860 - vessel_data_pipeline - INFO - Successfully downloaded and validated Departed_in_last_36_hours.xml
2025-10-26 18:12:49,862 - vessel_data_pipeline - INFO - Downloading Expected_arrivals.xml (attempt 1/3)
2025-10-26 18:12:49,924 - vessel_data_pipeline - INFO - File temp_Expected_arrivals.xml passed validation checks
2025-10-26 18:12:49,925 - vessel_data_pipeline - INFO - Created backup: Expected_arrivals_20251026_181249.xml
2025-10-26 18:12:49,925 - vessel_data_pipeline - INFO - Updated metadata for Expected_arrivals.xml
2025-10-26 18:12:49,925 - vessel_data_pipeline - INFO - Successfully downloaded and validated Expected_arrivals.xml
2025-10-26 18:12:51,930 - vessel_data_pipeline - INFO - Downloading Expected_departures.xml (attempt 1/3)
2025-10-26 18:12:51,977 - vessel_data_pipeline - INFO - File temp_Expected_departures.xml passed validation checks
2025-10-26 18:12:51,978 - vessel_data_pipeline - INFO - Created backup: Expected_departures_20251026_181251.xml
2025-10-26 18:12:51,978 - vessel_data_pipeline - INFO - Updated metadata for Expected_departures.xml
2025-10-26 18:12:51,978 - vessel_data_pipeline - INFO - Successfully downloaded and validated Expected_departures.xml
2025-10-26 18:12:53,978 - vessel_data_pipeline - INFO - Fetch operation completed. Results: {'Arrived_in_last_36_hours.xml': True, 'Departed_in_last_36_hours.xml': True, 'Expected_arrivals.xml': True, 'Expected_departures.xml': True}
2025-10-26 18:12:57,025 - vessel_data_pipeline - INFO - VesselDataFetcher initialized. Pipeline enabled: True
2025-10-26 18:12:57,026 - vessel_data_pipeline - INFO - Starting vessel data fetch operation
2025-10-26 18:12:57,026 - vessel_data_pipeline - INFO - Discovering XML files from Hong Kong Marine Department portal
2025-10-26 18:12:57,113 - vessel_data_pipeline - INFO - Verified access to Arrived_in_last_36_hours.xml
2025-10-26 18:12:57,150 - vessel_data_pipeline - INFO - Verified access to Departed_in_last_36_hours.xml
2025-10-26 18:12:57,184 - vessel_data_pipeline - INFO - Verified access to Expected_arrivals.xml
2025-10-26 18:12:57,257 - vessel_data_pipeline - INFO - Verified access to Expected_departures.xml
2025-10-26 18:12:57,258 - vessel_data_pipeline - INFO - Discovered 4 XML files for download
2025-10-26 18:12:57,258 - vessel_data_pipeline - INFO - Downloading Arrived_in_last_36_hours.xml (attempt 1/3)
2025-10-26 18:12:57,305 - vessel_data_pipeline - INFO - File temp_Arrived_in_last_36_hours.xml passed validation checks
2025-10-26 18:12:57,306 - vessel_data_pipeline - INFO - Created backup: Arrived_in_last_36_hours_20251026_181257.xml
2025-10-26 18:12:57,307 - vessel_data_pipeline - INFO - Updated metadata for Arrived_in_last_36_hours.xml
2025-10-26 18:12:57,307 - vessel_data_pipeline - INFO - Successfully downloaded and validated Arrived_in_last_36_hours.xml
2025-10-26 18:12:59,308 - vessel_data_pipeline - INFO - Downloading Departed_in_last_36_hours.xml (attempt 1/3)
2025-10-26 18:12:59,371 - vessel_data_pipeline - INFO - File temp_Departed_in_last_36_hours.xml passed validation checks
2025-10-26 18:12:59,372 - vessel_data_pipeline - INFO - Created backup: Departed_in_last_36_hours_20251026_181259.xml
2025-10-26 18:12:59,372 - vessel_data_pipeline - INFO - Updated metadata for Departed_in_last_36_hours.xml
2025-10-26 18:12:59,372 - vessel_data_pipeline - INFO - Successfully downloaded and validated Departed_in_last_36_hours.xml
2025-10-26 18:13:01,375 - vessel_data_pipeline - INFO - Downloading Expected_arrivals.xml (attempt 1/3)
2025-10-26 18:13:01,426 - vessel_data_pipeline - INFO - File temp_Expected_arrivals.xml passed validation checks
2025-10-26 18:13:01,427 - vessel_data_pipeline - INFO - Created backup: Expected_arrivals_20251026_181301.xml
2025-10-26 18:13:01,427 - vessel_data_pipeline - INFO - Updated metadata for Expected_arrivals.xml
2025-10-26 18:13:01,427 - vessel_data_pipeline - INFO - Successfully downloaded and validated Expected_arrivals.xml
2025-10-26 18:13:03,432 - vessel_data_pipeline - INFO - Downloading Expected_departures.xml (attempt 1/3)
2025-10-26 18:13:03,479 - vessel_data_pipeline - INFO - File temp_Expected_departures.xml passed validation checks
2025-10-26 18:13:03,479 - vessel_data_pipeline - INFO - Created backup: Expected_departures_20251026_181303.xml
2025-10-26 18:13:03,480 - vessel_data_pipeline - INFO - Updated metadata for Expected_departures.xml
2025-10-26 18:13:03,480 - vessel_data_pipeline - INFO - Successfully downloaded and validated Expected_departures.xml
2025-10-26 18:13:05,485 - vessel_data_pipeline - INFO - Fetch operation completed. Results: {'Arrived_in_last_36_hours.xml': True, 'Departed_in_last_36_hours.xml': True, 'Expected_arrivals.xml': True, 'Expected_departures.xml': True}
2025-10-26 18:13:05,494 - vessel_data_pipeline - INFO - VesselDataFetcher initialized. Pipeline enabled: True
2025-10-26 18:13:05,495 - vessel_data_pipeline - INFO - Starting vessel data fetch operation
2025-10-26 18:13:05,495 - vessel_data_pipeline - INFO - Discovering XML files from Hong Kong Marine Department portal
2025-10-26 18:13:05,552 - vessel_data_pipeline - INFO - Verified access to Arrived_in_last_36_hours.xml
2025-10-26 18:13:05,602 - vessel_data_pipeline - INFO - Verified access to Departed_in_last_36_hours.xml
2025-10-26 18:13:05,637 - vessel_data_pipeline - INFO - Verified access to Expected_arrivals.xml
2025-10-26 18:13:05,671 - vessel_data_pipeline - INFO - Verified access to Expected_departures.xml
2025-10-26 18:13:05,671 - vessel_data_pipeline - INFO - Discovered 4 XML files for download
2025-10-26 18:13:05,671 - vessel_data_pipeline - INFO - Downloading Arrived_in_last_36_hours.xml (attempt 1/3)
2025-10-26 18:13:05,752 - vessel_data_pipeline - INFO - File temp_Arrived_in_last_36_hours.xml passed validation checks
2025-10-26 18:13:05,752 - vessel_data_pipeline - INFO - Created backup: Arrived_in_last_36_hours_20251026_181305.xml
2025-10-26 18:13:05,752 - vessel_data_pipeline - INFO - Updated metadata for Arrived_in_last_36_hours.xml
2025-10-26 18:13:05,752 - vessel_data_pipeline - INFO - Successfully downloaded and validated Arrived_in_last_36_hours.xml
2025-10-26 18:13:07,757 - vessel_data_pipeline - INFO - Downloading Departed_in_last_36_hours.xml (attempt 1/3)
2025-10-26 18:13:07,816 - vessel_data_pipeline - INFO - File temp_Departed_in_last_36_hours.xml passed validation checks
2025-10-26 18:13:07,816 - vessel_data_pipeline - INFO - Created backup: Departed_in_last_36_hours_20251026_181307.xml
2025-10-26 18:13:07,817 - vessel_data_pipeline - INFO - Updated metadata for Departed_in_last_36_hours.xml
2025-10-26 18:13:07,817 - vessel_data_pipeline - INFO - Successfully downloaded and validated Departed_in_last_36_hours.xml
2025-10-26 18:13:09,817 - vessel_data_pipeline - INFO - Downloading Expected_arrivals.xml (attempt 1/3)
2025-10-26 18:13:09,863 - vessel_data_pipeline - INFO - File temp_Expected_arrivals.xml passed validation checks
2025-10-26 18:13:09,863 - vessel_data_pipeline - INFO - Created backup: Expected_arrivals_20251026_181309.xml
2025-10-26 18:13:09,864 - vessel_data_pipeline - INFO - Updated metadata for Expected_arrivals.xml
2025-10-26 18:13:09,864 - vessel_data_pipeline - INFO - Successfully downloaded and validated Expected_arrivals.xml
2025-10-26 18:13:11,869 - vessel_data_pipeline - INFO - Downloading Expected_departures.xml (attempt 1/3)
2025-10-26 18:13:11,920 - vessel_data_pipeline - INFO - File temp_Expected_departures.xml passed validation checks
2025-10-26 18:13:11,921 - vessel_data_pipeline - INFO - Created backup: Expected_departures_20251026_181311.xml
2025-10-26 18:13:11,921 - vessel_data_pipeline - INFO - Updated metadata for Expected_departures.xml
2025-10-26 18:13:11,921 - vessel_data_pipeline - INFO - Successfully downloaded and validated Expected_departures.xml
2025-10-26 18:13:13,926 - vessel_data_pipeline - INFO - Fetch operation completed. Results: {'Arrived_in_last_36_hours.xml': True, 'Departed_in_last_36_hours.xml': True, 'Expected_arrivals.xml': True, 'Expected_departures.xml': True}
2025-10-26 18:13:13,947 - vessel_data_pipeline - INFO - VesselDataFetcher initialized. Pipeline enabled: True
2025-10-26 18:13:13,947 - vessel_data_pipeline - INFO - Starting vessel data fetch operation
2025-10-26 18:13:13,947 - vessel_data_pipeline - INFO - Discovering XML files from Hong Kong Marine Department portal
2025-10-26 18:13:14,009 - vessel_data_pipeline - INFO - Verified access to Arrived_in_last_36_hours.xml
2025-10-26 18:13:14,043 - vessel_data_pipeline - INFO - Verified access to Departed_in_last_36_hours.xml
2025-10-26 18:13:14,083 - vessel_data_pipeline - INFO - Verified access to Expected_arrivals.xml
2025-10-26 18:13:14,124 - vessel_data_pipeline - INFO - Verified access to Expected_departures.xml
2025-10-26 18:13:14,124 - vessel_data_pipeline - INFO - Discovered 4 XML files for download
2025-10-26 18:13:14,124 - vessel_data_pipeline - INFO - Downloading Arrived_in_last_36_hours.xml (attempt 1/3)
2025-10-26 18:13:14,357 - vessel_data_pipeline - INFO - File temp_Arrived_in_last_36_hours.xml passed validation checks
2025-10-26 18:13:14,358 - vessel_data_pipeline - INFO - Created backup: Arrived_in_last_36_hours_20251026_181314.xml
2025-10-26 18:13:14,358 - vessel_data_pipeline - INFO - Updated metadata for Arrived_in_last_36_hours.xml
2025-10-26 18:13:14,358 - vessel_data_pipeline - INFO - Successfully downloaded and validated Arrived_in_last_36_hours.xml
2025-10-26 18:13:16,362 - vessel_data_pipeline - INFO - Downloading Departed_in_last_36_hours.xml (attempt 1/3)
2025-10-26 18:13:16,430 - vessel_data_pipeline - INFO - File temp_Departed_in_last_36_hours.xml passed validation checks
2025-10-26 18:13:16,430 - vessel_data_pipeline - INFO - Created backup: Departed_in_last_36_hours_20251026_181316.xml
2025-10-26 18:13:16,430 - vessel_data_pipeline - INFO - Updated metadata for Departed_in_last_36_hours.xml
2025-10-26 18:13:16,430 - vessel_data_pipeline - INFO - Successfully downloaded and validated Departed_in_last_36_hours.xml
2025-10-26 18:13:18,436 - vessel_data_pipeline - INFO - Downloading Expected_arrivals.xml (attempt 1/3)
2025-10-26 18:13:18,485 - vessel_data_pipeline - INFO - File temp_Expected_arrivals.xml passed validation checks
2025-10-26 18:13:18,486 - vessel_data_pipeline - INFO - Created backup: Expected_arrivals_20251026_181318.xml
2025-10-26 18:13:18,486 - vessel_data_pipeline - INFO - Updated metadata for Expected_arrivals.xml
2025-10-26 18:13:18,486 - vessel_data_pipeline - INFO - Successfully downloaded and validated Expected_arrivals.xml
2025-10-26 18:13:20,486 - vessel_data_pipeline - INFO - Downloading Expected_departures.xml (attempt 1/3)
2025-10-26 18:13:20,537 - vessel_data_pipeline - INFO - File temp_Expected_departures.xml passed validation checks
2025-10-26 18:13:20,537 - vessel_data_pipeline - INFO - Created backup: Expected_departures_20251026_181320.xml
2025-10-26 18:13:20,537 - vessel_data_pipeline - INFO - Updated metadata for Expected_departures.xml
2025-10-26 18:13:20,537 - vessel_data_pipeline - INFO - Successfully downloaded and validated Expected_departures.xml
2025-10-26 18:13:22,542 - vessel_data_pipeline - INFO - Fetch operation completed. Results: {'Arrived_in_last_36_hours.xml': True, 'Departed_in_last_36_hours.xml': True, 'Expected_arrivals.xml': True, 'Expected_departures.xml': True}
2025-10-26 18:13:22,546 - vessel_data_pipeline - INFO - VesselDataFetcher initialized. Pipeline enabled: True
2025-10-26 18:13:22,546 - vessel_data_pipeline - INFO - Starting vessel data fetch operation
2025-10-26 18:13:22,546 - vessel_data_pipeline - INFO - Discovering XML files from Hong Kong Marine Department portal
2025-10-26 18:13:22,617 - vessel_data_pipeline - INFO - Verified access to Arrived_in_last_36_hours.xml
2025-10-26 18:13:22,667 - vessel_data_pipeline - INFO - Verified access to Departed_in_last_36_hours.xml
2025-10-26 18:13:22,696 - vessel_data_pipeline - INFO - Verified access to Expected_arrivals.xml
2025-10-26 18:13:22,753 - vessel_data_pipeline - INFO - Verified access to Expected_departures.xml
2025-10-26 18:13:22,753 - vessel_data_pipeline - INFO - Discovered 4 XML files for download
2025-10-26 18:13:22,753 - vessel_data_pipeline - INFO - Downloading Arrived_in_last_36_hours.xml (attempt 1/3)
2025-10-26 18:13:22,817 - vessel_data_pipeline - INFO - File temp_Arrived_in_last_36_hours.xml passed validation checks
2025-10-26 18:13:22,818 - vessel_data_pipeline - INFO - Created backup: Arrived_in_last_36_hours_20251026_181322.xml
2025-10-26 18:13:22,818 - vessel_data_pipeline - INFO - Updated metadata for Arrived_in_last_36_hours.xml
2025-10-26 18:13:22,818 - vessel_data_pipeline - INFO - Successfully downloaded and validated Arrived_in_last_36_hours.xml
2025-10-26 18:13:24,823 - vessel_data_pipeline - INFO - Downloading Departed_in_last_36_hours.xml (attempt 1/3)
2025-10-26 18:13:24,890 - vessel_data_pipeline - INFO - File temp_Departed_in_last_36_hours.xml passed validation checks
2025-10-26 18:13:24,890 - vessel_data_pipeline - INFO - Created backup: Departed_in_last_36_hours_20251026_181324.xml
2025-10-26 18:13:24,891 - vessel_data_pipeline - INFO - Updated metadata for Departed_in_last_36_hours.xml
2025-10-26 18:13:24,891 - vessel_data_pipeline - INFO - Successfully downloaded and validated Departed_in_last_36_hours.xml
2025-10-26 18:13:26,894 - vessel_data_pipeline - INFO - Downloading Expected_arrivals.xml (attempt 1/3)
2025-10-26 18:13:26,948 - vessel_data_pipeline - INFO - File temp_Expected_arrivals.xml passed validation checks
2025-10-26 18:13:26,949 - vessel_data_pipeline - INFO - Created backup: Expected_arrivals_20251026_181326.xml
2025-10-26 18:13:26,949 - vessel_data_pipeline - INFO - Updated metadata for Expected_arrivals.xml
2025-10-26 18:13:26,949 - vessel_data_pipeline - INFO - Successfully downloaded and validated Expected_arrivals.xml
2025-10-26 18:13:28,954 - vessel_data_pipeline - INFO - Downloading Expected_departures.xml (attempt 1/3)
2025-10-26 18:13:29,022 - vessel_data_pipeline - INFO - File temp_Expected_departures.xml passed validation checks
2025-10-26 18:13:29,022 - vessel_data_pipeline - INFO - Created backup: Expected_departures_20251026_181329.xml
2025-10-26 18:13:29,022 - vessel_data_pipeline - INFO - Updated metadata for Expected_departures.xml
2025-10-26 18:13:29,022 - vessel_data_pipeline - INFO - Successfully downloaded and validated Expected_departures.xml
2025-10-26 18:13:31,021 - vessel_data_pipeline - INFO - Fetch operation completed. Results: {'Arrived_in_last_36_hours.xml': True, 'Departed_in_last_36_hours.xml': True, 'Expected_arrivals.xml': True, 'Expected_departures.xml': True}
2025-10-26 18:14:11,264 - vessel_data_pipeline - INFO - VesselDataFetcher initialized. Pipeline enabled: True
2025-10-26 18:14:11,266 - vessel_data_pipeline - INFO - VesselDataFetcher initialized. Pipeline enabled: True
2025-10-26 18:14:11,266 - vessel_data_pipeline - INFO - Starting vessel data fetch operation
2025-10-26 18:14:11,266 - vessel_data_pipeline - INFO - Discovering XML files from Hong Kong Marine Department portal
2025-10-26 18:14:11,416 - vessel_data_pipeline - INFO - Verified access to Arrived_in_last_36_hours.xml
2025-10-26 18:14:11,484 - vessel_data_pipeline - INFO - Verified access to Departed_in_last_36_hours.xml
2025-10-26 18:14:11,519 - vessel_data_pipeline - INFO - Verified access to Expected_arrivals.xml
2025-10-26 18:14:11,570 - vessel_data_pipeline - INFO - Verified access to Expected_departures.xml
2025-10-26 18:14:11,570 - vessel_data_pipeline - INFO - Discovered 4 XML files for download
2025-10-26 18:14:11,570 - vessel_data_pipeline - INFO - Downloading Arrived_in_last_36_hours.xml (attempt 1/3)
2025-10-26 18:14:11,633 - vessel_data_pipeline - INFO - File temp_Arrived_in_last_36_hours.xml passed validation checks
2025-10-26 18:14:11,634 - vessel_data_pipeline - INFO - Created backup: Arrived_in_last_36_hours_20251026_181411.xml
2025-10-26 18:14:11,635 - vessel_data_pipeline - INFO - Updated metadata for Arrived_in_last_36_hours.xml
2025-10-26 18:14:11,635 - vessel_data_pipeline - INFO - Successfully downloaded and validated Arrived_in_last_36_hours.xml
2025-10-26 18:14:13,640 - vessel_data_pipeline - INFO - Downloading Departed_in_last_36_hours.xml (attempt 1/3)
2025-10-26 18:14:13,703 - vessel_data_pipeline - INFO - File temp_Departed_in_last_36_hours.xml passed validation checks
2025-10-26 18:14:13,703 - vessel_data_pipeline - INFO - Created backup: Departed_in_last_36_hours_20251026_181413.xml
2025-10-26 18:14:13,703 - vessel_data_pipeline - INFO - Updated metadata for Departed_in_last_36_hours.xml
2025-10-26 18:14:13,703 - vessel_data_pipeline - INFO - Successfully downloaded and validated Departed_in_last_36_hours.xml
2025-10-26 18:14:15,704 - vessel_data_pipeline - INFO - Downloading Expected_arrivals.xml (attempt 1/3)
2025-10-26 18:14:15,754 - vessel_data_pipeline - INFO - File temp_Expected_arrivals.xml passed validation checks
2025-10-26 18:14:15,755 - vessel_data_pipeline - INFO - Created backup: Expected_arrivals_20251026_181415.xml
2025-10-26 18:14:15,755 - vessel_data_pipeline - INFO - Updated metadata for Expected_arrivals.xml
2025-10-26 18:14:15,755 - vessel_data_pipeline - INFO - Successfully downloaded and validated Expected_arrivals.xml
2025-10-26 18:14:17,760 - vessel_data_pipeline - INFO - Downloading Expected_departures.xml (attempt 1/3)
2025-10-26 18:14:17,828 - vessel_data_pipeline - INFO - File temp_Expected_departures.xml passed validation checks
2025-10-26 18:14:17,829 - vessel_data_pipeline - INFO - Created backup: Expected_departures_20251026_181417.xml
2025-10-26 18:14:17,829 - vessel_data_pipeline - INFO - Updated metadata for Expected_departures.xml
2025-10-26 18:14:17,829 - vessel_data_pipeline - INFO - Successfully downloaded and validated Expected_departures.xml
2025-10-26 18:14:19,834 - vessel_data_pipeline - INFO - Fetch operation completed. Results: {'Arrived_in_last_36_hours.xml': True, 'Departed_in_last_36_hours.xml': True, 'Expected_arrivals.xml': True, 'Expected_departures.xml': True}
2025-10-26 18:14:22,841 - vessel_data_pipeline - INFO - VesselDataFetcher initialized. Pipeline enabled: True
2025-10-26 18:14:22,841 - vessel_data_pipeline - INFO - Starting vessel data fetch operation
2025-10-26 18:14:22,841 - vessel_data_pipeline - INFO - Discovering XML files from Hong Kong Marine Department portal
2025-10-26 18:14:22,897 - vessel_data_pipeline - INFO - Verified access to Arrived_in_last_36_hours.xml
2025-10-26 18:14:22,944 - vessel_data_pipeline - INFO - Verified access to Departed_in_last_36_hours.xml
2025-10-26 18:14:22,984 - vessel_data_pipeline - INFO - Verified access to Expected_arrivals.xml
2025-10-26 18:14:23,018 - vessel_data_pipeline - INFO - Verified access to Expected_departures.xml
2025-10-26 18:14:23,019 - vessel_data_pipeline - INFO - Discovered 4 XML files for download
2025-10-26 18:14:23,019 - vessel_data_pipeline - INFO - Downloading Arrived_in_last_36_hours.xml (attempt 1/3)
2025-10-26 18:14:23,106 - vessel_data_pipeline - INFO - File temp_Arrived_in_last_36_hours.xml passed validation checks
2025-10-26 18:14:23,106 - vessel_data_pipeline - INFO - Created backup: Arrived_in_last_36_hours_20251026_181423.xml
2025-10-26 18:14:23,106 - vessel_data_pipeline - INFO - Updated metadata for Arrived_in_last_36_hours.xml
2025-10-26 18:14:23,106 - vessel_data_pipeline - INFO - Successfully downloaded and validated Arrived_in_last_36_hours.xml
2025-10-26 18:14:25,111 - vessel_data_pipeline - INFO - Downloading Departed_in_last_36_hours.xml (attempt 1/3)
2025-10-26 18:14:25,199 - vessel_data_pipeline - INFO - File temp_Departed_in_last_36_hours.xml passed validation checks
2025-10-26 18:14:25,199 - vessel_data_pipeline - INFO - Created backup: Departed_in_last_36_hours_20251026_181425.xml
2025-10-26 18:14:25,200 - vessel_data_pipeline - INFO - Updated metadata for Departed_in_last_36_hours.xml
2025-10-26 18:14:25,200 - vessel_data_pipeline - INFO - Successfully downloaded and validated Departed_in_last_36_hours.xml
2025-10-26 18:14:27,204 - vessel_data_pipeline - INFO - Downloading Expected_arrivals.xml (attempt 1/3)
2025-10-26 18:14:27,254 - vessel_data_pipeline - INFO - File temp_Expected_arrivals.xml passed validation checks
2025-10-26 18:14:27,254 - vessel_data_pipeline - INFO - Created backup: Expected_arrivals_20251026_181427.xml
2025-10-26 18:14:27,254 - vessel_data_pipeline - INFO - Updated metadata for Expected_arrivals.xml
2025-10-26 18:14:27,254 - vessel_data_pipeline - INFO - Successfully downloaded and validated Expected_arrivals.xml
2025-10-26 18:14:29,260 - vessel_data_pipeline - INFO - Downloading Expected_departures.xml (attempt 1/3)
2025-10-26 18:14:29,318 - vessel_data_pipeline - INFO - File temp_Expected_departures.xml passed validation checks
2025-10-26 18:14:29,319 - vessel_data_pipeline - INFO - Created backup: Expected_departures_20251026_181429.xml
2025-10-26 18:14:29,319 - vessel_data_pipeline - INFO - Updated metadata for Expected_departures.xml
2025-10-26 18:14:29,319 - vessel_data_pipeline - INFO - Successfully downloaded and validated Expected_departures.xml
2025-10-26 18:14:31,322 - vessel_data_pipeline - INFO - Fetch operation completed. Results: {'Arrived_in_last_36_hours.xml': True, 'Departed_in_last_36_hours.xml': True, 'Expected_arrivals.xml': True, 'Expected_departures.xml': True}
2025-10-26 18:14:31,325 - vessel_data_pipeline - INFO - VesselDataFetcher initialized. Pipeline enabled: True
2025-10-26 18:14:31,326 - vessel_data_pipeline - INFO - Starting vessel data fetch operation
2025-10-26 18:14:31,326 - vessel_data_pipeline - INFO - Discovering XML files from Hong Kong Marine Department portal
2025-10-26 18:14:31,385 - vessel_data_pipeline - INFO - Verified access to Arrived_in_last_36_hours.xml
2025-10-26 18:14:31,420 - vessel_data_pipeline - INFO - Verified access to Departed_in_last_36_hours.xml
2025-10-26 18:14:31,458 - vessel_data_pipeline - INFO - Verified access to Expected_arrivals.xml
2025-10-26 18:14:31,494 - vessel_data_pipeline - INFO - Verified access to Expected_departures.xml
2025-10-26 18:14:31,494 - vessel_data_pipeline - INFO - Discovered 4 XML files for download
2025-10-26 18:14:31,495 - vessel_data_pipeline - INFO - Downloading Arrived_in_last_36_hours.xml (attempt 1/3)
2025-10-26 18:14:31,591 - vessel_data_pipeline - INFO - File temp_Arrived_in_last_36_hours.xml passed validation checks
2025-10-26 18:14:31,591 - vessel_data_pipeline - INFO - Created backup: Arrived_in_last_36_hours_20251026_181431.xml
2025-10-26 18:14:31,592 - vessel_data_pipeline - INFO - Updated metadata for Arrived_in_last_36_hours.xml
2025-10-26 18:14:31,592 - vessel_data_pipeline - INFO - Successfully downloaded and validated Arrived_in_last_36_hours.xml
2025-10-26 18:14:33,593 - vessel_data_pipeline - INFO - Downloading Departed_in_last_36_hours.xml (attempt 1/3)
2025-10-26 18:14:33,651 - vessel_data_pipeline - INFO - File temp_Departed_in_last_36_hours.xml passed validation checks
2025-10-26 18:14:33,652 - vessel_data_pipeline - INFO - Created backup: Departed_in_last_36_hours_20251026_181433.xml
2025-10-26 18:14:33,652 - vessel_data_pipeline - INFO - Updated metadata for Departed_in_last_36_hours.xml
2025-10-26 18:14:33,652 - vessel_data_pipeline - INFO - Successfully downloaded and validated Departed_in_last_36_hours.xml
2025-10-26 18:14:35,656 - vessel_data_pipeline - INFO - Downloading Expected_arrivals.xml (attempt 1/3)
2025-10-26 18:14:35,713 - vessel_data_pipeline - INFO - File temp_Expected_arrivals.xml passed validation checks
2025-10-26 18:14:35,713 - vessel_data_pipeline - INFO - Created backup: Expected_arrivals_20251026_181435.xml
2025-10-26 18:14:35,713 - vessel_data_pipeline - INFO - Updated metadata for Expected_arrivals.xml
2025-10-26 18:14:35,713 - vessel_data_pipeline - INFO - Successfully downloaded and validated Expected_arrivals.xml
2025-10-26 18:14:37,718 - vessel_data_pipeline - INFO - Downloading Expected_departures.xml (attempt 1/3)
2025-10-26 18:14:37,779 - vessel_data_pipeline - INFO - File temp_Expected_departures.xml passed validation checks
2025-10-26 18:14:37,780 - vessel_data_pipeline - INFO - Created backup: Expected_departures_20251026_181437.xml
2025-10-26 18:14:37,780 - vessel_data_pipeline - INFO - Updated metadata for Expected_departures.xml
2025-10-26 18:14:37,780 - vessel_data_pipeline - INFO - Successfully downloaded and validated Expected_departures.xml
2025-10-26 18:14:39,782 - vessel_data_pipeline - INFO - Fetch operation completed. Results: {'Arrived_in_last_36_hours.xml': True, 'Departed_in_last_36_hours.xml': True, 'Expected_arrivals.xml': True, 'Expected_departures.xml': True}
2025-10-26 18:14:39,806 - vessel_data_pipeline - INFO - VesselDataFetcher initialized. Pipeline enabled: True
2025-10-26 18:14:39,807 - vessel_data_pipeline - INFO - Starting vessel data fetch operation
2025-10-26 18:14:39,807 - vessel_data_pipeline - INFO - Discovering XML files from Hong Kong Marine Department portal
2025-10-26 18:14:39,871 - vessel_data_pipeline - INFO - Verified access to Arrived_in_last_36_hours.xml
2025-10-26 18:14:39,903 - vessel_data_pipeline - INFO - Verified access to Departed_in_last_36_hours.xml
2025-10-26 18:14:39,981 - vessel_data_pipeline - INFO - Verified access to Expected_arrivals.xml
2025-10-26 18:14:40,150 - vessel_data_pipeline - INFO - Verified access to Expected_departures.xml
2025-10-26 18:14:40,150 - vessel_data_pipeline - INFO - Discovered 4 XML files for download
2025-10-26 18:14:40,150 - vessel_data_pipeline - INFO - Downloading Arrived_in_last_36_hours.xml (attempt 1/3)
2025-10-26 18:14:40,385 - vessel_data_pipeline - INFO - File temp_Arrived_in_last_36_hours.xml passed validation checks
2025-10-26 18:14:40,386 - vessel_data_pipeline - INFO - Created backup: Arrived_in_last_36_hours_20251026_181440.xml
2025-10-26 18:14:40,386 - vessel_data_pipeline - INFO - Updated metadata for Arrived_in_last_36_hours.xml
2025-10-26 18:14:40,386 - vessel_data_pipeline - INFO - Successfully downloaded and validated Arrived_in_last_36_hours.xml
2025-10-26 18:14:42,391 - vessel_data_pipeline - INFO - Downloading Departed_in_last_36_hours.xml (attempt 1/3)
2025-10-26 18:14:42,452 - vessel_data_pipeline - INFO - File temp_Departed_in_last_36_hours.xml passed validation checks
2025-10-26 18:14:42,453 - vessel_data_pipeline - INFO - Created backup: Departed_in_last_36_hours_20251026_181442.xml
2025-10-26 18:14:42,453 - vessel_data_pipeline - INFO - Updated metadata for Departed_in_last_36_hours.xml
2025-10-26 18:14:42,453 - vessel_data_pipeline - INFO - Successfully downloaded and validated Departed_in_last_36_hours.xml
2025-10-26 18:14:44,458 - vessel_data_pipeline - INFO - Downloading Expected_arrivals.xml (attempt 1/3)
2025-10-26 18:14:44,535 - vessel_data_pipeline - INFO - File temp_Expected_arrivals.xml passed validation checks
2025-10-26 18:14:44,535 - vessel_data_pipeline - INFO - Created backup: Expected_arrivals_20251026_181444.xml
2025-10-26 18:14:44,535 - vessel_data_pipeline - INFO - Updated metadata for Expected_arrivals.xml
2025-10-26 18:14:44,535 - vessel_data_pipeline - INFO - Successfully downloaded and validated Expected_arrivals.xml
2025-10-26 18:14:46,537 - vessel_data_pipeline - INFO - Downloading Expected_departures.xml (attempt 1/3)
2025-10-26 18:14:46,587 - vessel_data_pipeline - INFO - File temp_Expected_departures.xml passed validation checks
2025-10-26 18:14:46,587 - vessel_data_pipeline - INFO - Created backup: Expected_departures_20251026_181446.xml
2025-10-26 18:14:46,587 - vessel_data_pipeline - INFO - Updated metadata for Expected_departures.xml
2025-10-26 18:14:46,587 - vessel_data_pipeline - INFO - Successfully downloaded and validated Expected_departures.xml
2025-10-26 18:14:48,592 - vessel_data_pipeline - INFO - Fetch operation completed. Results: {'Arrived_in_last_36_hours.xml': True, 'Departed_in_last_36_hours.xml': True, 'Expected_arrivals.xml': True, 'Expected_departures.xml': True}
2025-10-26 18:14:48,598 - vessel_data_pipeline - INFO - VesselDataFetcher initialized. Pipeline enabled: True
2025-10-26 18:14:48,598 - vessel_data_pipeline - INFO - Starting vessel data fetch operation
2025-10-26 18:14:48,598 - vessel_data_pipeline - INFO - Discovering XML files from Hong Kong Marine Department portal
2025-10-26 18:14:48,655 - vessel_data_pipeline - INFO - Verified access to Arrived_in_last_36_hours.xml
2025-10-26 18:14:48,690 - vessel_data_pipeline - INFO - Verified access to Departed_in_last_36_hours.xml
2025-10-26 18:14:48,747 - vessel_data_pipeline - INFO - Verified access to Expected_arrivals.xml
2025-10-26 18:14:48,799 - vessel_data_pipeline - INFO - Verified access to Expected_departures.xml
2025-10-26 18:14:48,799 - vessel_data_pipeline - INFO - Discovered 4 XML files for download
2025-10-26 18:14:48,799 - vessel_data_pipeline - INFO - Downloading Arrived_in_last_36_hours.xml (attempt 1/3)
2025-10-26 18:14:48,846 - vessel_data_pipeline - INFO - File temp_Arrived_in_last_36_hours.xml passed validation checks
2025-10-26 18:14:48,846 - vessel_data_pipeline - INFO - Created backup: Arrived_in_last_36_hours_20251026_181448.xml
2025-10-26 18:14:48,847 - vessel_data_pipeline - INFO - Updated metadata for Arrived_in_last_36_hours.xml
2025-10-26 18:14:48,847 - vessel_data_pipeline - INFO - Successfully downloaded and validated Arrived_in_last_36_hours.xml
2025-10-26 18:14:50,849 - vessel_data_pipeline - INFO - Downloading Departed_in_last_36_hours.xml (attempt 1/3)
2025-10-26 18:14:50,933 - vessel_data_pipeline - INFO - File temp_Departed_in_last_36_hours.xml passed validation checks
2025-10-26 18:14:50,934 - vessel_data_pipeline - INFO - Created backup: Departed_in_last_36_hours_20251026_181450.xml
2025-10-26 18:14:50,934 - vessel_data_pipeline - INFO - Updated metadata for Departed_in_last_36_hours.xml
2025-10-26 18:14:50,934 - vessel_data_pipeline - INFO - Successfully downloaded and validated Departed_in_last_36_hours.xml
2025-10-26 18:14:52,939 - vessel_data_pipeline - INFO - Downloading Expected_arrivals.xml (attempt 1/3)
2025-10-26 18:14:52,992 - vessel_data_pipeline - INFO - File temp_Expected_arrivals.xml passed validation checks
2025-10-26 18:14:52,992 - vessel_data_pipeline - INFO - Created backup: Expected_arrivals_20251026_181452.xml
2025-10-26 18:14:52,992 - vessel_data_pipeline - INFO - Updated metadata for Expected_arrivals.xml
2025-10-26 18:14:52,993 - vessel_data_pipeline - INFO - Successfully downloaded and validated Expected_arrivals.xml
2025-10-26 18:14:54,996 - vessel_data_pipeline - INFO - Downloading Expected_departures.xml (attempt 1/3)
2025-10-26 18:14:55,073 - vessel_data_pipeline - INFO - File temp_Expected_departures.xml passed validation checks
2025-10-26 18:14:55,074 - vessel_data_pipeline - INFO - Created backup: Expected_departures_20251026_181455.xml
2025-10-26 18:14:55,074 - vessel_data_pipeline - INFO - Updated metadata for Expected_departures.xml
2025-10-26 18:14:55,074 - vessel_data_pipeline - INFO - Successfully downloaded and validated Expected_departures.xml
2025-10-26 18:14:57,080 - vessel_data_pipeline - INFO - Fetch operation completed. Results: {'Arrived_in_last_36_hours.xml': True, 'Departed_in_last_36_hours.xml': True, 'Expected_arrivals.xml': True, 'Expected_departures.xml': True}
2025-10-26 18:15:52,330 - vessel_data_pipeline - INFO - VesselDataFetcher initialized. Pipeline enabled: True
2025-10-26 18:15:52,331 - vessel_data_pipeline - INFO - VesselDataFetcher initialized. Pipeline enabled: True
2025-10-26 18:15:52,332 - vessel_data_pipeline - INFO - Starting vessel data fetch operation
2025-10-26 18:15:52,332 - vessel_data_pipeline - INFO - Discovering XML files from Hong Kong Marine Department portal
2025-10-26 18:15:52,409 - vessel_data_pipeline - INFO - Verified access to Arrived_in_last_36_hours.xml
2025-10-26 18:15:52,460 - vessel_data_pipeline - INFO - Verified access to Departed_in_last_36_hours.xml
2025-10-26 18:15:52,504 - vessel_data_pipeline - INFO - Verified access to Expected_arrivals.xml
2025-10-26 18:15:52,535 - vessel_data_pipeline - INFO - Verified access to Expected_departures.xml
2025-10-26 18:15:52,535 - vessel_data_pipeline - INFO - Discovered 4 XML files for download
2025-10-26 18:15:52,536 - vessel_data_pipeline - INFO - Downloading Arrived_in_last_36_hours.xml (attempt 1/3)
2025-10-26 18:15:52,627 - vessel_data_pipeline - INFO - File temp_Arrived_in_last_36_hours.xml passed validation checks
2025-10-26 18:15:52,628 - vessel_data_pipeline - INFO - Created backup: Arrived_in_last_36_hours_20251026_181552.xml
2025-10-26 18:15:52,628 - vessel_data_pipeline - INFO - Updated metadata for Arrived_in_last_36_hours.xml
2025-10-26 18:15:52,628 - vessel_data_pipeline - INFO - Successfully downloaded and validated Arrived_in_last_36_hours.xml
2025-10-26 18:15:54,633 - vessel_data_pipeline - INFO - Downloading Departed_in_last_36_hours.xml (attempt 1/3)
2025-10-26 18:15:54,701 - vessel_data_pipeline - INFO - File temp_Departed_in_last_36_hours.xml passed validation checks
2025-10-26 18:15:54,702 - vessel_data_pipeline - INFO - Created backup: Departed_in_last_36_hours_20251026_181554.xml
2025-10-26 18:15:54,702 - vessel_data_pipeline - INFO - Updated metadata for Departed_in_last_36_hours.xml
2025-10-26 18:15:54,702 - vessel_data_pipeline - INFO - Successfully downloaded and validated Departed_in_last_36_hours.xml
2025-10-26 18:15:56,708 - vessel_data_pipeline - INFO - Downloading Expected_arrivals.xml (attempt 1/3)
2025-10-26 18:15:56,762 - vessel_data_pipeline - INFO - File temp_Expected_arrivals.xml passed validation checks
2025-10-26 18:15:56,763 - vessel_data_pipeline - INFO - Created backup: Expected_arrivals_20251026_181556.xml
2025-10-26 18:15:56,763 - vessel_data_pipeline - INFO - Updated metadata for Expected_arrivals.xml
2025-10-26 18:15:56,763 - vessel_data_pipeline - INFO - Successfully downloaded and validated Expected_arrivals.xml
2025-10-26 18:15:58,768 - vessel_data_pipeline - INFO - Downloading Expected_departures.xml (attempt 1/3)
2025-10-26 18:15:58,843 - vessel_data_pipeline - INFO - File temp_Expected_departures.xml passed validation checks
2025-10-26 18:15:58,844 - vessel_data_pipeline - INFO - Created backup: Expected_departures_20251026_181558.xml
2025-10-26 18:15:58,844 - vessel_data_pipeline - INFO - Updated metadata for Expected_departures.xml
2025-10-26 18:15:58,844 - vessel_data_pipeline - INFO - Successfully downloaded and validated Expected_departures.xml
2025-10-26 18:16:00,844 - vessel_data_pipeline - INFO - Fetch operation completed. Results: {'Arrived_in_last_36_hours.xml': True, 'Departed_in_last_36_hours.xml': True, 'Expected_arrivals.xml': True, 'Expected_departures.xml': True}
2025-10-26 18:16:03,857 - vessel_data_pipeline - INFO - VesselDataFetcher initialized. Pipeline enabled: True
2025-10-26 18:16:03,858 - vessel_data_pipeline - INFO - Starting vessel data fetch operation
2025-10-26 18:16:03,858 - vessel_data_pipeline - INFO - Discovering XML files from Hong Kong Marine Department portal
2025-10-26 18:16:03,918 - vessel_data_pipeline - INFO - Verified access to Arrived_in_last_36_hours.xml
2025-10-26 18:16:03,957 - vessel_data_pipeline - INFO - Verified access to Departed_in_last_36_hours.xml
2025-10-26 18:16:04,010 - vessel_data_pipeline - INFO - Verified access to Expected_arrivals.xml
2025-10-26 18:16:04,043 - vessel_data_pipeline - INFO - Verified access to Expected_departures.xml
2025-10-26 18:16:04,043 - vessel_data_pipeline - INFO - Discovered 4 XML files for download
2025-10-26 18:16:04,043 - vessel_data_pipeline - INFO - Downloading Arrived_in_last_36_hours.xml (attempt 1/3)
2025-10-26 18:16:04,092 - vessel_data_pipeline - INFO - File temp_Arrived_in_last_36_hours.xml passed validation checks
2025-10-26 18:16:04,094 - vessel_data_pipeline - INFO - Created backup: Arrived_in_last_36_hours_20251026_181604.xml
2025-10-26 18:16:04,094 - vessel_data_pipeline - INFO - Updated metadata for Arrived_in_last_36_hours.xml
2025-10-26 18:16:04,094 - vessel_data_pipeline - INFO - Successfully downloaded and validated Arrived_in_last_36_hours.xml
2025-10-26 18:16:06,100 - vessel_data_pipeline - INFO - Downloading Departed_in_last_36_hours.xml (attempt 1/3)
2025-10-26 18:16:06,187 - vessel_data_pipeline - INFO - File temp_Departed_in_last_36_hours.xml passed validation checks
2025-10-26 18:16:06,188 - vessel_data_pipeline - INFO - Created backup: Departed_in_last_36_hours_20251026_181606.xml
2025-10-26 18:16:06,188 - vessel_data_pipeline - INFO - Updated metadata for Departed_in_last_36_hours.xml
2025-10-26 18:16:06,188 - vessel_data_pipeline - INFO - Successfully downloaded and validated Departed_in_last_36_hours.xml
2025-10-26 18:16:08,189 - vessel_data_pipeline - INFO - Downloading Expected_arrivals.xml (attempt 1/3)
2025-10-26 18:16:08,236 - vessel_data_pipeline - INFO - File temp_Expected_arrivals.xml passed validation checks
2025-10-26 18:16:08,237 - vessel_data_pipeline - INFO - Created backup: Expected_arrivals_20251026_181608.xml
2025-10-26 18:16:08,237 - vessel_data_pipeline - INFO - Updated metadata for Expected_arrivals.xml
2025-10-26 18:16:08,237 - vessel_data_pipeline - INFO - Successfully downloaded and validated Expected_arrivals.xml
2025-10-26 18:16:10,242 - vessel_data_pipeline - INFO - Downloading Expected_departures.xml (attempt 1/3)
2025-10-26 18:16:10,315 - vessel_data_pipeline - INFO - File temp_Expected_departures.xml passed validation checks
2025-10-26 18:16:10,316 - vessel_data_pipeline - INFO - Created backup: Expected_departures_20251026_181610.xml
2025-10-26 18:16:10,316 - vessel_data_pipeline - INFO - Updated metadata for Expected_departures.xml
2025-10-26 18:16:10,316 - vessel_data_pipeline - INFO - Successfully downloaded and validated Expected_departures.xml
2025-10-26 18:16:12,317 - vessel_data_pipeline - INFO - Fetch operation completed. Results: {'Arrived_in_last_36_hours.xml': True, 'Departed_in_last_36_hours.xml': True, 'Expected_arrivals.xml': True, 'Expected_departures.xml': True}
2025-10-26 18:16:12,321 - vessel_data_pipeline - INFO - VesselDataFetcher initialized. Pipeline enabled: True
2025-10-26 18:16:12,322 - vessel_data_pipeline - INFO - Starting vessel data fetch operation
2025-10-26 18:16:12,322 - vessel_data_pipeline - INFO - Discovering XML files from Hong Kong Marine Department portal
2025-10-26 18:16:12,377 - vessel_data_pipeline - INFO - Verified access to Arrived_in_last_36_hours.xml
2025-10-26 18:16:12,430 - vessel_data_pipeline - INFO - Verified access to Departed_in_last_36_hours.xml
2025-10-26 18:16:12,554 - vessel_data_pipeline - INFO - Verified access to Expected_arrivals.xml
2025-10-26 18:16:12,889 - vessel_data_pipeline - INFO - Verified access to Expected_departures.xml
2025-10-26 18:16:12,889 - vessel_data_pipeline - INFO - Discovered 4 XML files for download
2025-10-26 18:16:12,889 - vessel_data_pipeline - INFO - Downloading Arrived_in_last_36_hours.xml (attempt 1/3)
2025-10-26 18:16:12,958 - vessel_data_pipeline - INFO - File temp_Arrived_in_last_36_hours.xml passed validation checks
2025-10-26 18:16:12,959 - vessel_data_pipeline - INFO - Created backup: Arrived_in_last_36_hours_20251026_181612.xml
2025-10-26 18:16:12,959 - vessel_data_pipeline - INFO - Updated metadata for Arrived_in_last_36_hours.xml
2025-10-26 18:16:12,959 - vessel_data_pipeline - INFO - Successfully downloaded and validated Arrived_in_last_36_hours.xml
2025-10-26 18:16:14,964 - vessel_data_pipeline - INFO - Downloading Departed_in_last_36_hours.xml (attempt 1/3)
2025-10-26 18:16:15,057 - vessel_data_pipeline - INFO - File temp_Departed_in_last_36_hours.xml passed validation checks
2025-10-26 18:16:15,057 - vessel_data_pipeline - INFO - Created backup: Departed_in_last_36_hours_20251026_181615.xml
2025-10-26 18:16:15,058 - vessel_data_pipeline - INFO - Updated metadata for Departed_in_last_36_hours.xml
2025-10-26 18:16:15,058 - vessel_data_pipeline - INFO - Successfully downloaded and validated Departed_in_last_36_hours.xml
2025-10-26 18:16:17,063 - vessel_data_pipeline - INFO - Downloading Expected_arrivals.xml (attempt 1/3)
2025-10-26 18:16:17,126 - vessel_data_pipeline - INFO - File temp_Expected_arrivals.xml passed validation checks
2025-10-26 18:16:17,126 - vessel_data_pipeline - INFO - Created backup: Expected_arrivals_20251026_181617.xml
2025-10-26 18:16:17,126 - vessel_data_pipeline - INFO - Updated metadata for Expected_arrivals.xml
2025-10-26 18:16:17,126 - vessel_data_pipeline - INFO - Successfully downloaded and validated Expected_arrivals.xml
2025-10-26 18:16:19,131 - vessel_data_pipeline - INFO - Downloading Expected_departures.xml (attempt 1/3)
2025-10-26 18:16:19,172 - vessel_data_pipeline - INFO - File temp_Expected_departures.xml passed validation checks
2025-10-26 18:16:19,172 - vessel_data_pipeline - INFO - Created backup: Expected_departures_20251026_181619.xml
2025-10-26 18:16:19,172 - vessel_data_pipeline - INFO - Updated metadata for Expected_departures.xml
2025-10-26 18:16:19,173 - vessel_data_pipeline - INFO - Successfully downloaded and validated Expected_departures.xml
2025-10-26 18:16:21,178 - vessel_data_pipeline - INFO - Fetch operation completed. Results: {'Arrived_in_last_36_hours.xml': True, 'Departed_in_last_36_hours.xml': True, 'Expected_arrivals.xml': True, 'Expected_departures.xml': True}
2025-10-26 18:16:21,196 - vessel_data_pipeline - INFO - VesselDataFetcher initialized. Pipeline enabled: True
2025-10-26 18:16:21,196 - vessel_data_pipeline - INFO - Starting vessel data fetch operation
2025-10-26 18:16:21,196 - vessel_data_pipeline - INFO - Discovering XML files from Hong Kong Marine Department portal
2025-10-26 18:16:21,262 - vessel_data_pipeline - INFO - Verified access to Arrived_in_last_36_hours.xml
2025-10-26 18:16:21,295 - vessel_data_pipeline - INFO - Verified access to Departed_in_last_36_hours.xml
2025-10-26 18:16:21,352 - vessel_data_pipeline - INFO - Verified access to Expected_arrivals.xml
2025-10-26 18:16:21,389 - vessel_data_pipeline - INFO - Verified access to Expected_departures.xml
2025-10-26 18:16:21,389 - vessel_data_pipeline - INFO - Discovered 4 XML files for download
2025-10-26 18:16:21,389 - vessel_data_pipeline - INFO - Downloading Arrived_in_last_36_hours.xml (attempt 1/3)
2025-10-26 18:16:21,443 - vessel_data_pipeline - INFO - File temp_Arrived_in_last_36_hours.xml passed validation checks
2025-10-26 18:16:21,444 - vessel_data_pipeline - INFO - Created backup: Arrived_in_last_36_hours_20251026_181621.xml
2025-10-26 18:16:21,444 - vessel_data_pipeline - INFO - Updated metadata for Arrived_in_last_36_hours.xml
2025-10-26 18:16:21,444 - vessel_data_pipeline - INFO - Successfully downloaded and validated Arrived_in_last_36_hours.xml
2025-10-26 18:16:23,449 - vessel_data_pipeline - INFO - Downloading Departed_in_last_36_hours.xml (attempt 1/3)
2025-10-26 18:16:23,538 - vessel_data_pipeline - INFO - File temp_Departed_in_last_36_hours.xml passed validation checks
2025-10-26 18:16:23,538 - vessel_data_pipeline - INFO - Created backup: Departed_in_last_36_hours_20251026_181623.xml
2025-10-26 18:16:23,538 - vessel_data_pipeline - INFO - Updated metadata for Departed_in_last_36_hours.xml
2025-10-26 18:16:23,538 - vessel_data_pipeline - INFO - Successfully downloaded and validated Departed_in_last_36_hours.xml
2025-10-26 18:16:25,543 - vessel_data_pipeline - INFO - Downloading Expected_arrivals.xml (attempt 1/3)
2025-10-26 18:16:25,596 - vessel_data_pipeline - INFO - File temp_Expected_arrivals.xml passed validation checks
2025-10-26 18:16:25,597 - vessel_data_pipeline - INFO - Created backup: Expected_arrivals_20251026_181625.xml
2025-10-26 18:16:25,597 - vessel_data_pipeline - INFO - Updated metadata for Expected_arrivals.xml
2025-10-26 18:16:25,597 - vessel_data_pipeline - INFO - Successfully downloaded and validated Expected_arrivals.xml
2025-10-26 18:16:27,602 - vessel_data_pipeline - INFO - Downloading Expected_departures.xml (attempt 1/3)
2025-10-26 18:16:27,649 - vessel_data_pipeline - INFO - File temp_Expected_departures.xml passed validation checks
2025-10-26 18:16:27,650 - vessel_data_pipeline - INFO - Created backup: Expected_departures_20251026_181627.xml
2025-10-26 18:16:27,650 - vessel_data_pipeline - INFO - Updated metadata for Expected_departures.xml
2025-10-26 18:16:27,650 - vessel_data_pipeline - INFO - Successfully downloaded and validated Expected_departures.xml
2025-10-26 18:16:29,651 - vessel_data_pipeline - INFO - Fetch operation completed. Results: {'Arrived_in_last_36_hours.xml': True, 'Departed_in_last_36_hours.xml': True, 'Expected_arrivals.xml': True, 'Expected_departures.xml': True}
2025-10-26 18:16:29,654 - vessel_data_pipeline - INFO - VesselDataFetcher initialized. Pipeline enabled: True
2025-10-26 18:16:29,655 - vessel_data_pipeline - INFO - Starting vessel data fetch operation
2025-10-26 18:16:29,655 - vessel_data_pipeline - INFO - Discovering XML files from Hong Kong Marine Department portal
2025-10-26 18:16:29,708 - vessel_data_pipeline - INFO - Verified access to Arrived_in_last_36_hours.xml
2025-10-26 18:16:29,771 - vessel_data_pipeline - INFO - Verified access to Departed_in_last_36_hours.xml
2025-10-26 18:16:29,805 - vessel_data_pipeline - INFO - Verified access to Expected_arrivals.xml
2025-10-26 18:16:29,880 - vessel_data_pipeline - INFO - Verified access to Expected_departures.xml
2025-10-26 18:16:29,880 - vessel_data_pipeline - INFO - Discovered 4 XML files for download
2025-10-26 18:16:29,880 - vessel_data_pipeline - INFO - Downloading Arrived_in_last_36_hours.xml (attempt 1/3)
2025-10-26 18:16:29,944 - vessel_data_pipeline - INFO - File temp_Arrived_in_last_36_hours.xml passed validation checks
2025-10-26 18:16:29,945 - vessel_data_pipeline - INFO - Created backup: Arrived_in_last_36_hours_20251026_181629.xml
2025-10-26 18:16:29,945 - vessel_data_pipeline - INFO - Updated metadata for Arrived_in_last_36_hours.xml
2025-10-26 18:16:29,945 - vessel_data_pipeline - INFO - Successfully downloaded and validated Arrived_in_last_36_hours.xml
2025-10-26 18:16:31,950 - vessel_data_pipeline - INFO - Downloading Departed_in_last_36_hours.xml (attempt 1/3)
2025-10-26 18:16:32,012 - vessel_data_pipeline - INFO - File temp_Departed_in_last_36_hours.xml passed validation checks
2025-10-26 18:16:32,012 - vessel_data_pipeline - INFO - Created backup: Departed_in_last_36_hours_20251026_181632.xml
2025-10-26 18:16:32,013 - vessel_data_pipeline - INFO - Updated metadata for Departed_in_last_36_hours.xml
2025-10-26 18:16:32,013 - vessel_data_pipeline - INFO - Successfully downloaded and validated Departed_in_last_36_hours.xml
2025-10-26 18:16:34,018 - vessel_data_pipeline - INFO - Downloading Expected_arrivals.xml (attempt 1/3)
2025-10-26 18:16:34,072 - vessel_data_pipeline - INFO - File temp_Expected_arrivals.xml passed validation checks
2025-10-26 18:16:34,073 - vessel_data_pipeline - INFO - Created backup: Expected_arrivals_20251026_181634.xml
2025-10-26 18:16:34,074 - vessel_data_pipeline - INFO - Updated metadata for Expected_arrivals.xml
2025-10-26 18:16:34,074 - vessel_data_pipeline - INFO - Successfully downloaded and validated Expected_arrivals.xml
2025-10-26 18:16:36,074 - vessel_data_pipeline - INFO - Downloading Expected_departures.xml (attempt 1/3)
2025-10-26 18:16:36,124 - vessel_data_pipeline - INFO - File temp_Expected_departures.xml passed validation checks
2025-10-26 18:16:36,125 - vessel_data_pipeline - INFO - Created backup: Expected_departures_20251026_181636.xml
2025-10-26 18:16:36,125 - vessel_data_pipeline - INFO - Updated metadata for Expected_departures.xml
2025-10-26 18:16:36,125 - vessel_data_pipeline - INFO - Successfully downloaded and validated Expected_departures.xml
2025-10-26 18:16:38,130 - vessel_data_pipeline - INFO - Fetch operation completed. Results: {'Arrived_in_last_36_hours.xml': True, 'Departed_in_last_36_hours.xml': True, 'Expected_arrivals.xml': True, 'Expected_departures.xml': True}
2025-10-26 18:24:01,016 - vessel_data_pipeline - INFO - VesselDataFetcher initialized. Pipeline enabled: True
2025-10-26 18:24:01,019 - vessel_data_pipeline - INFO - VesselDataFetcher initialized. Pipeline enabled: True
2025-10-26 18:24:01,019 - vessel_data_pipeline - INFO - Starting vessel data fetch operation
2025-10-26 18:24:01,019 - vessel_data_pipeline - INFO - Discovering XML files from Hong Kong Marine Department portal
2025-10-26 18:24:01,384 - vessel_data_pipeline - INFO - Verified access to Arrived_in_last_36_hours.xml
2025-10-26 18:24:02,217 - vessel_data_pipeline - INFO - Verified access to Departed_in_last_36_hours.xml
2025-10-26 18:24:02,674 - vessel_data_pipeline - INFO - Verified access to Expected_arrivals.xml
2025-10-26 18:24:02,941 - vessel_data_pipeline - INFO - Verified access to Expected_departures.xml
2025-10-26 18:24:02,941 - vessel_data_pipeline - INFO - Discovered 4 XML files for download
2025-10-26 18:24:02,941 - vessel_data_pipeline - INFO - Downloading Arrived_in_last_36_hours.xml (attempt 1/3)
2025-10-26 18:24:02,990 - vessel_data_pipeline - INFO - File temp_Arrived_in_last_36_hours.xml passed validation checks
2025-10-26 18:24:02,990 - vessel_data_pipeline - INFO - Created backup: Arrived_in_last_36_hours_20251026_182402.xml
2025-10-26 18:24:02,991 - vessel_data_pipeline - INFO - Updated metadata for Arrived_in_last_36_hours.xml
2025-10-26 18:24:02,991 - vessel_data_pipeline - INFO - Successfully downloaded and validated Arrived_in_last_36_hours.xml
2025-10-26 18:24:04,995 - vessel_data_pipeline - INFO - Downloading Departed_in_last_36_hours.xml (attempt 1/3)
2025-10-26 18:24:05,086 - vessel_data_pipeline - INFO - File temp_Departed_in_last_36_hours.xml passed validation checks
2025-10-26 18:24:05,086 - vessel_data_pipeline - INFO - Created backup: Departed_in_last_36_hours_20251026_182405.xml
2025-10-26 18:24:05,086 - vessel_data_pipeline - INFO - Updated metadata for Departed_in_last_36_hours.xml
2025-10-26 18:24:05,086 - vessel_data_pipeline - INFO - Successfully downloaded and validated Departed_in_last_36_hours.xml
2025-10-26 18:24:07,092 - vessel_data_pipeline - INFO - Downloading Expected_arrivals.xml (attempt 1/3)
2025-10-26 18:24:07,139 - vessel_data_pipeline - INFO - File temp_Expected_arrivals.xml passed validation checks
2025-10-26 18:24:07,139 - vessel_data_pipeline - INFO - Created backup: Expected_arrivals_20251026_182407.xml
2025-10-26 18:24:07,140 - vessel_data_pipeline - INFO - Updated metadata for Expected_arrivals.xml
2025-10-26 18:24:07,140 - vessel_data_pipeline - INFO - Successfully downloaded and validated Expected_arrivals.xml
2025-10-26 18:24:09,145 - vessel_data_pipeline - INFO - Downloading Expected_departures.xml (attempt 1/3)
2025-10-26 18:24:09,233 - vessel_data_pipeline - INFO - File temp_Expected_departures.xml passed validation checks
2025-10-26 18:24:09,234 - vessel_data_pipeline - INFO - Created backup: Expected_departures_20251026_182409.xml
2025-10-26 18:24:09,234 - vessel_data_pipeline - INFO - Updated metadata for Expected_departures.xml
2025-10-26 18:24:09,234 - vessel_data_pipeline - INFO - Successfully downloaded and validated Expected_departures.xml
2025-10-26 18:24:11,239 - vessel_data_pipeline - INFO - Fetch operation completed. Results: {'Arrived_in_last_36_hours.xml': True, 'Departed_in_last_36_hours.xml': True, 'Expected_arrivals.xml': True, 'Expected_departures.xml': True}
2025-10-26 18:24:14,173 - vessel_data_pipeline - INFO - VesselDataFetcher initialized. Pipeline enabled: True
2025-10-26 18:24:14,173 - vessel_data_pipeline - INFO - Starting vessel data fetch operation
2025-10-26 18:24:14,173 - vessel_data_pipeline - INFO - Discovering XML files from Hong Kong Marine Department portal
2025-10-26 18:24:14,238 - vessel_data_pipeline - INFO - Verified access to Arrived_in_last_36_hours.xml
2025-10-26 18:24:14,280 - vessel_data_pipeline - INFO - Verified access to Departed_in_last_36_hours.xml
2025-10-26 18:24:14,319 - vessel_data_pipeline - INFO - Verified access to Expected_arrivals.xml
2025-10-26 18:24:14,372 - vessel_data_pipeline - INFO - Verified access to Expected_departures.xml
2025-10-26 18:24:14,372 - vessel_data_pipeline - INFO - Discovered 4 XML files for download
2025-10-26 18:24:14,372 - vessel_data_pipeline - INFO - Downloading Arrived_in_last_36_hours.xml (attempt 1/3)
2025-10-26 18:24:14,450 - vessel_data_pipeline - INFO - File temp_Arrived_in_last_36_hours.xml passed validation checks
2025-10-26 18:24:14,451 - vessel_data_pipeline - INFO - Created backup: Arrived_in_last_36_hours_20251026_182414.xml
2025-10-26 18:24:14,452 - vessel_data_pipeline - INFO - Updated metadata for Arrived_in_last_36_hours.xml
2025-10-26 18:24:14,452 - vessel_data_pipeline - INFO - Successfully downloaded and validated Arrived_in_last_36_hours.xml
2025-10-26 18:24:16,457 - vessel_data_pipeline - INFO - Downloading Departed_in_last_36_hours.xml (attempt 1/3)
2025-10-26 18:24:16,561 - vessel_data_pipeline - INFO - File temp_Departed_in_last_36_hours.xml passed validation checks
2025-10-26 18:24:16,561 - vessel_data_pipeline - INFO - Created backup: Departed_in_last_36_hours_20251026_182416.xml
2025-10-26 18:24:16,562 - vessel_data_pipeline - INFO - Updated metadata for Departed_in_last_36_hours.xml
2025-10-26 18:24:16,562 - vessel_data_pipeline - INFO - Successfully downloaded and validated Departed_in_last_36_hours.xml
2025-10-26 18:24:18,567 - vessel_data_pipeline - INFO - Downloading Expected_arrivals.xml (attempt 1/3)
2025-10-26 18:24:18,610 - vessel_data_pipeline - INFO - File temp_Expected_arrivals.xml passed validation checks
2025-10-26 18:24:18,611 - vessel_data_pipeline - INFO - Created backup: Expected_arrivals_20251026_182418.xml
2025-10-26 18:24:18,611 - vessel_data_pipeline - INFO - Updated metadata for Expected_arrivals.xml
2025-10-26 18:24:18,611 - vessel_data_pipeline - INFO - Successfully downloaded and validated Expected_arrivals.xml
2025-10-26 18:24:20,616 - vessel_data_pipeline - INFO - Downloading Expected_departures.xml (attempt 1/3)
2025-10-26 18:24:20,698 - vessel_data_pipeline - INFO - File temp_Expected_departures.xml passed validation checks
2025-10-26 18:24:20,698 - vessel_data_pipeline - INFO - Created backup: Expected_departures_20251026_182420.xml
2025-10-26 18:24:20,698 - vessel_data_pipeline - INFO - Updated metadata for Expected_departures.xml
2025-10-26 18:24:20,698 - vessel_data_pipeline - INFO - Successfully downloaded and validated Expected_departures.xml
2025-10-26 18:24:22,703 - vessel_data_pipeline - INFO - Fetch operation completed. Results: {'Arrived_in_last_36_hours.xml': True, 'Departed_in_last_36_hours.xml': True, 'Expected_arrivals.xml': True, 'Expected_departures.xml': True}
2025-10-26 18:24:22,708 - vessel_data_pipeline - INFO - VesselDataFetcher initialized. Pipeline enabled: True
2025-10-26 18:24:22,708 - vessel_data_pipeline - INFO - Starting vessel data fetch operation
2025-10-26 18:24:22,708 - vessel_data_pipeline - INFO - Discovering XML files from Hong Kong Marine Department portal
2025-10-26 18:24:22,766 - vessel_data_pipeline - INFO - Verified access to Arrived_in_last_36_hours.xml
2025-10-26 18:24:22,807 - vessel_data_pipeline - INFO - Verified access to Departed_in_last_36_hours.xml
2025-10-26 18:24:22,869 - vessel_data_pipeline - INFO - Verified access to Expected_arrivals.xml
2025-10-26 18:24:23,006 - vessel_data_pipeline - INFO - Verified access to Expected_departures.xml
2025-10-26 18:24:23,006 - vessel_data_pipeline - INFO - Discovered 4 XML files for download
2025-10-26 18:24:23,006 - vessel_data_pipeline - INFO - Downloading Arrived_in_last_36_hours.xml (attempt 1/3)
2025-10-26 18:24:23,077 - vessel_data_pipeline - INFO - File temp_Arrived_in_last_36_hours.xml passed validation checks
2025-10-26 18:24:23,078 - vessel_data_pipeline - INFO - Created backup: Arrived_in_last_36_hours_20251026_182423.xml
2025-10-26 18:24:23,078 - vessel_data_pipeline - INFO - Updated metadata for Arrived_in_last_36_hours.xml
2025-10-26 18:24:23,078 - vessel_data_pipeline - INFO - Successfully downloaded and validated Arrived_in_last_36_hours.xml
2025-10-26 18:24:25,080 - vessel_data_pipeline - INFO - Downloading Departed_in_last_36_hours.xml (attempt 1/3)
2025-10-26 18:24:25,147 - vessel_data_pipeline - INFO - File temp_Departed_in_last_36_hours.xml passed validation checks
2025-10-26 18:24:25,148 - vessel_data_pipeline - INFO - Created backup: Departed_in_last_36_hours_20251026_182425.xml
2025-10-26 18:24:25,148 - vessel_data_pipeline - INFO - Updated metadata for Departed_in_last_36_hours.xml
2025-10-26 18:24:25,148 - vessel_data_pipeline - INFO - Successfully downloaded and validated Departed_in_last_36_hours.xml
2025-10-26 18:24:27,149 - vessel_data_pipeline - INFO - Downloading Expected_arrivals.xml (attempt 1/3)
2025-10-26 18:24:27,194 - vessel_data_pipeline - INFO - File temp_Expected_arrivals.xml passed validation checks
2025-10-26 18:24:27,194 - vessel_data_pipeline - INFO - Created backup: Expected_arrivals_20251026_182427.xml
2025-10-26 18:24:27,195 - vessel_data_pipeline - INFO - Updated metadata for Expected_arrivals.xml
2025-10-26 18:24:27,195 - vessel_data_pipeline - INFO - Successfully downloaded and validated Expected_arrivals.xml
2025-10-26 18:24:29,199 - vessel_data_pipeline - INFO - Downloading Expected_departures.xml (attempt 1/3)
2025-10-26 18:24:29,241 - vessel_data_pipeline - INFO - File temp_Expected_departures.xml passed validation checks
2025-10-26 18:24:29,242 - vessel_data_pipeline - INFO - Created backup: Expected_departures_20251026_182429.xml
2025-10-26 18:24:29,242 - vessel_data_pipeline - INFO - Updated metadata for Expected_departures.xml
2025-10-26 18:24:29,242 - vessel_data_pipeline - INFO - Successfully downloaded and validated Expected_departures.xml
2025-10-26 18:24:31,243 - vessel_data_pipeline - INFO - Fetch operation completed. Results: {'Arrived_in_last_36_hours.xml': True, 'Departed_in_last_36_hours.xml': True, 'Expected_arrivals.xml': True, 'Expected_departures.xml': True}
2025-10-26 18:24:31,273 - vessel_data_pipeline - INFO - VesselDataFetcher initialized. Pipeline enabled: True
2025-10-26 18:24:31,274 - vessel_data_pipeline - INFO - Starting vessel data fetch operation
2025-10-26 18:24:31,274 - vessel_data_pipeline - INFO - Discovering XML files from Hong Kong Marine Department portal
2025-10-26 18:24:31,356 - vessel_data_pipeline - INFO - Verified access to Arrived_in_last_36_hours.xml
2025-10-26 18:24:31,399 - vessel_data_pipeline - INFO - Verified access to Departed_in_last_36_hours.xml
2025-10-26 18:24:31,432 - vessel_data_pipeline - INFO - Verified access to Expected_arrivals.xml
2025-10-26 18:24:31,487 - vessel_data_pipeline - INFO - Verified access to Expected_departures.xml
2025-10-26 18:24:31,487 - vessel_data_pipeline - INFO - Discovered 4 XML files for download
2025-10-26 18:24:31,487 - vessel_data_pipeline - INFO - Downloading Arrived_in_last_36_hours.xml (attempt 1/3)
2025-10-26 18:24:31,548 - vessel_data_pipeline - INFO - File temp_Arrived_in_last_36_hours.xml passed validation checks
2025-10-26 18:24:31,549 - vessel_data_pipeline - INFO - Created backup: Arrived_in_last_36_hours_20251026_182431.xml
2025-10-26 18:24:31,549 - vessel_data_pipeline - INFO - Updated metadata for Arrived_in_last_36_hours.xml
2025-10-26 18:24:31,549 - vessel_data_pipeline - INFO - Successfully downloaded and validated Arrived_in_last_36_hours.xml
2025-10-26 18:24:33,550 - vessel_data_pipeline - INFO - Downloading Departed_in_last_36_hours.xml (attempt 1/3)
2025-10-26 18:24:33,617 - vessel_data_pipeline - INFO - File temp_Departed_in_last_36_hours.xml passed validation checks
2025-10-26 18:24:33,617 - vessel_data_pipeline - INFO - Created backup: Departed_in_last_36_hours_20251026_182433.xml
2025-10-26 18:24:33,618 - vessel_data_pipeline - INFO - Updated metadata for Departed_in_last_36_hours.xml
2025-10-26 18:24:33,618 - vessel_data_pipeline - INFO - Successfully downloaded and validated Departed_in_last_36_hours.xml
2025-10-26 18:24:35,622 - vessel_data_pipeline - INFO - Downloading Expected_arrivals.xml (attempt 1/3)
2025-10-26 18:24:35,667 - vessel_data_pipeline - INFO - File temp_Expected_arrivals.xml passed validation checks
2025-10-26 18:24:35,667 - vessel_data_pipeline - INFO - Created backup: Expected_arrivals_20251026_182435.xml
2025-10-26 18:24:35,667 - vessel_data_pipeline - INFO - Updated metadata for Expected_arrivals.xml
2025-10-26 18:24:35,667 - vessel_data_pipeline - INFO - Successfully downloaded and validated Expected_arrivals.xml
2025-10-26 18:24:37,673 - vessel_data_pipeline - INFO - Downloading Expected_departures.xml (attempt 1/3)
2025-10-26 18:24:37,718 - vessel_data_pipeline - INFO - File temp_Expected_departures.xml passed validation checks
2025-10-26 18:24:37,718 - vessel_data_pipeline - INFO - Created backup: Expected_departures_20251026_182437.xml
2025-10-26 18:24:37,718 - vessel_data_pipeline - INFO - Updated metadata for Expected_departures.xml
2025-10-26 18:24:37,718 - vessel_data_pipeline - INFO - Successfully downloaded and validated Expected_departures.xml
2025-10-26 18:24:39,720 - vessel_data_pipeline - INFO - Fetch operation completed. Results: {'Arrived_in_last_36_hours.xml': True, 'Departed_in_last_36_hours.xml': True, 'Expected_arrivals.xml': True, 'Expected_departures.xml': True}
2025-10-26 18:24:39,726 - vessel_data_pipeline - INFO - VesselDataFetcher initialized. Pipeline enabled: True
2025-10-26 18:24:39,726 - vessel_data_pipeline - INFO - Starting vessel data fetch operation
2025-10-26 18:24:39,726 - vessel_data_pipeline - INFO - Discovering XML files from Hong Kong Marine Department portal
2025-10-26 18:24:39,819 - vessel_data_pipeline - INFO - Verified access to Arrived_in_last_36_hours.xml
2025-10-26 18:24:39,853 - vessel_data_pipeline - INFO - Verified access to Departed_in_last_36_hours.xml
2025-10-26 18:24:39,885 - vessel_data_pipeline - INFO - Verified access to Expected_arrivals.xml
2025-10-26 18:24:39,937 - vessel_data_pipeline - INFO - Verified access to Expected_departures.xml
2025-10-26 18:24:39,937 - vessel_data_pipeline - INFO - Discovered 4 XML files for download
2025-10-26 18:24:39,937 - vessel_data_pipeline - INFO - Downloading Arrived_in_last_36_hours.xml (attempt 1/3)
2025-10-26 18:24:39,984 - vessel_data_pipeline - INFO - File temp_Arrived_in_last_36_hours.xml passed validation checks
2025-10-26 18:24:39,984 - vessel_data_pipeline - INFO - Created backup: Arrived_in_last_36_hours_20251026_182439.xml
2025-10-26 18:24:39,984 - vessel_data_pipeline - INFO - Updated metadata for Arrived_in_last_36_hours.xml
2025-10-26 18:24:39,984 - vessel_data_pipeline - INFO - Successfully downloaded and validated Arrived_in_last_36_hours.xml
2025-10-26 18:24:41,989 - vessel_data_pipeline - INFO - Downloading Departed_in_last_36_hours.xml (attempt 1/3)
2025-10-26 18:24:42,067 - vessel_data_pipeline - INFO - File temp_Departed_in_last_36_hours.xml passed validation checks
2025-10-26 18:24:42,068 - vessel_data_pipeline - INFO - Created backup: Departed_in_last_36_hours_20251026_182442.xml
2025-10-26 18:24:42,068 - vessel_data_pipeline - INFO - Updated metadata for Departed_in_last_36_hours.xml
2025-10-26 18:24:42,068 - vessel_data_pipeline - INFO - Successfully downloaded and validated Departed_in_last_36_hours.xml
2025-10-26 18:24:44,073 - vessel_data_pipeline - INFO - Downloading Expected_arrivals.xml (attempt 1/3)
2025-10-26 18:24:44,118 - vessel_data_pipeline - INFO - File temp_Expected_arrivals.xml passed validation checks
2025-10-26 18:24:44,118 - vessel_data_pipeline - INFO - Created backup: Expected_arrivals_20251026_182444.xml
2025-10-26 18:24:44,118 - vessel_data_pipeline - INFO - Updated metadata for Expected_arrivals.xml
2025-10-26 18:24:44,118 - vessel_data_pipeline - INFO - Successfully downloaded and validated Expected_arrivals.xml
2025-10-26 18:24:46,122 - vessel_data_pipeline - INFO - Downloading Expected_departures.xml (attempt 1/3)
2025-10-26 18:24:46,173 - vessel_data_pipeline - INFO - File temp_Expected_departures.xml passed validation checks
2025-10-26 18:24:46,173 - vessel_data_pipeline - INFO - Created backup: Expected_departures_20251026_182446.xml
2025-10-26 18:24:46,174 - vessel_data_pipeline - INFO - Updated metadata for Expected_departures.xml
2025-10-26 18:24:46,174 - vessel_data_pipeline - INFO - Successfully downloaded and validated Expected_departures.xml
2025-10-26 18:24:48,175 - vessel_data_pipeline - INFO - Fetch operation completed. Results: {'Arrived_in_last_36_hours.xml': True, 'Departed_in_last_36_hours.xml': True, 'Expected_arrivals.xml': True, 'Expected_departures.xml': True}
2025-10-26 18:25:15,052 - vessel_data_pipeline - INFO - VesselDataFetcher initialized. Pipeline enabled: True
2025-10-26 18:25:15,054 - vessel_data_pipeline - INFO - VesselDataFetcher initialized. Pipeline enabled: True
2025-10-26 18:25:15,054 - vessel_data_pipeline - INFO - Starting vessel data fetch operation
2025-10-26 18:25:15,054 - vessel_data_pipeline - INFO - Discovering XML files from Hong Kong Marine Department portal
2025-10-26 18:25:15,150 - vessel_data_pipeline - INFO - Verified access to Arrived_in_last_36_hours.xml
2025-10-26 18:25:15,217 - vessel_data_pipeline - INFO - Verified access to Departed_in_last_36_hours.xml
2025-10-26 18:25:15,249 - vessel_data_pipeline - INFO - Verified access to Expected_arrivals.xml
2025-10-26 18:25:15,320 - vessel_data_pipeline - INFO - Verified access to Expected_departures.xml
2025-10-26 18:25:15,320 - vessel_data_pipeline - INFO - Discovered 4 XML files for download
2025-10-26 18:25:15,320 - vessel_data_pipeline - INFO - Downloading Arrived_in_last_36_hours.xml (attempt 1/3)
2025-10-26 18:25:15,484 - vessel_data_pipeline - INFO - File temp_Arrived_in_last_36_hours.xml passed validation checks
2025-10-26 18:25:15,486 - vessel_data_pipeline - INFO - Created backup: Arrived_in_last_36_hours_20251026_182515.xml
2025-10-26 18:25:15,486 - vessel_data_pipeline - INFO - Updated metadata for Arrived_in_last_36_hours.xml
2025-10-26 18:25:15,487 - vessel_data_pipeline - INFO - Successfully downloaded and validated Arrived_in_last_36_hours.xml
2025-10-26 18:25:17,492 - vessel_data_pipeline - INFO - Downloading Departed_in_last_36_hours.xml (attempt 1/3)
2025-10-26 18:25:17,564 - vessel_data_pipeline - INFO - File temp_Departed_in_last_36_hours.xml passed validation checks
2025-10-26 18:25:17,564 - vessel_data_pipeline - INFO - Created backup: Departed_in_last_36_hours_20251026_182517.xml
2025-10-26 18:25:17,565 - vessel_data_pipeline - INFO - Updated metadata for Departed_in_last_36_hours.xml
2025-10-26 18:25:17,565 - vessel_data_pipeline - INFO - Successfully downloaded and validated Departed_in_last_36_hours.xml
2025-10-26 18:25:19,567 - vessel_data_pipeline - INFO - Downloading Expected_arrivals.xml (attempt 1/3)
2025-10-26 18:25:19,621 - vessel_data_pipeline - INFO - File temp_Expected_arrivals.xml passed validation checks
2025-10-26 18:25:19,622 - vessel_data_pipeline - INFO - Created backup: Expected_arrivals_20251026_182519.xml
2025-10-26 18:25:19,622 - vessel_data_pipeline - INFO - Updated metadata for Expected_arrivals.xml
2025-10-26 18:25:19,622 - vessel_data_pipeline - INFO - Successfully downloaded and validated Expected_arrivals.xml
2025-10-26 18:25:21,627 - vessel_data_pipeline - INFO - Downloading Expected_departures.xml (attempt 1/3)
2025-10-26 18:25:21,679 - vessel_data_pipeline - INFO - File temp_Expected_departures.xml passed validation checks
2025-10-26 18:25:21,679 - vessel_data_pipeline - INFO - Created backup: Expected_departures_20251026_182521.xml
2025-10-26 18:25:21,680 - vessel_data_pipeline - INFO - Updated metadata for Expected_departures.xml
2025-10-26 18:25:21,680 - vessel_data_pipeline - INFO - Successfully downloaded and validated Expected_departures.xml
2025-10-26 18:25:23,685 - vessel_data_pipeline - INFO - Fetch operation completed. Results: {'Arrived_in_last_36_hours.xml': True, 'Departed_in_last_36_hours.xml': True, 'Expected_arrivals.xml': True, 'Expected_departures.xml': True}
2025-10-26 18:25:26,608 - vessel_data_pipeline - INFO - VesselDataFetcher initialized. Pipeline enabled: True
2025-10-26 18:25:26,608 - vessel_data_pipeline - INFO - Starting vessel data fetch operation
2025-10-26 18:25:26,608 - vessel_data_pipeline - INFO - Discovering XML files from Hong Kong Marine Department portal
2025-10-26 18:25:26,674 - vessel_data_pipeline - INFO - Verified access to Arrived_in_last_36_hours.xml
2025-10-26 18:25:26,711 - vessel_data_pipeline - INFO - Verified access to Departed_in_last_36_hours.xml
2025-10-26 18:25:26,743 - vessel_data_pipeline - INFO - Verified access to Expected_arrivals.xml
2025-10-26 18:25:26,881 - vessel_data_pipeline - INFO - Verified access to Expected_departures.xml
2025-10-26 18:25:26,882 - vessel_data_pipeline - INFO - Discovered 4 XML files for download
2025-10-26 18:25:26,882 - vessel_data_pipeline - INFO - Downloading Arrived_in_last_36_hours.xml (attempt 1/3)
2025-10-26 18:25:26,941 - vessel_data_pipeline - INFO - File temp_Arrived_in_last_36_hours.xml passed validation checks
2025-10-26 18:25:26,941 - vessel_data_pipeline - INFO - Created backup: Arrived_in_last_36_hours_20251026_182526.xml
2025-10-26 18:25:26,941 - vessel_data_pipeline - INFO - Updated metadata for Arrived_in_last_36_hours.xml
2025-10-26 18:25:26,941 - vessel_data_pipeline - INFO - Successfully downloaded and validated Arrived_in_last_36_hours.xml
2025-10-26 18:25:28,942 - vessel_data_pipeline - INFO - Downloading Departed_in_last_36_hours.xml (attempt 1/3)
2025-10-26 18:25:29,018 - vessel_data_pipeline - INFO - File temp_Departed_in_last_36_hours.xml passed validation checks
2025-10-26 18:25:29,018 - vessel_data_pipeline - INFO - Created backup: Departed_in_last_36_hours_20251026_182529.xml
2025-10-26 18:25:29,018 - vessel_data_pipeline - INFO - Updated metadata for Departed_in_last_36_hours.xml
2025-10-26 18:25:29,018 - vessel_data_pipeline - INFO - Successfully downloaded and validated Departed_in_last_36_hours.xml
2025-10-26 18:25:31,022 - vessel_data_pipeline - INFO - Downloading Expected_arrivals.xml (attempt 1/3)
2025-10-26 18:25:31,066 - vessel_data_pipeline - INFO - File temp_Expected_arrivals.xml passed validation checks
2025-10-26 18:25:31,066 - vessel_data_pipeline - INFO - Created backup: Expected_arrivals_20251026_182531.xml
2025-10-26 18:25:31,067 - vessel_data_pipeline - INFO - Updated metadata for Expected_arrivals.xml
2025-10-26 18:25:31,067 - vessel_data_pipeline - INFO - Successfully downloaded and validated Expected_arrivals.xml
2025-10-26 18:25:33,072 - vessel_data_pipeline - INFO - Downloading Expected_departures.xml (attempt 1/3)
2025-10-26 18:25:33,153 - vessel_data_pipeline - INFO - File temp_Expected_departures.xml passed validation checks
2025-10-26 18:25:33,153 - vessel_data_pipeline - INFO - Created backup: Expected_departures_20251026_182533.xml
2025-10-26 18:25:33,153 - vessel_data_pipeline - INFO - Updated metadata for Expected_departures.xml
2025-10-26 18:25:33,153 - vessel_data_pipeline - INFO - Successfully downloaded and validated Expected_departures.xml
2025-10-26 18:25:35,158 - vessel_data_pipeline - INFO - Fetch operation completed. Results: {'Arrived_in_last_36_hours.xml': True, 'Departed_in_last_36_hours.xml': True, 'Expected_arrivals.xml': True, 'Expected_departures.xml': True}
2025-10-26 18:25:35,164 - vessel_data_pipeline - INFO - VesselDataFetcher initialized. Pipeline enabled: True
2025-10-26 18:25:35,164 - vessel_data_pipeline - INFO - Starting vessel data fetch operation
2025-10-26 18:25:35,164 - vessel_data_pipeline - INFO - Discovering XML files from Hong Kong Marine Department portal
2025-10-26 18:25:35,219 - vessel_data_pipeline - INFO - Verified access to Arrived_in_last_36_hours.xml
2025-10-26 18:25:35,337 - vessel_data_pipeline - INFO - Verified access to Departed_in_last_36_hours.xml
2025-10-26 18:25:35,388 - vessel_data_pipeline - INFO - Verified access to Expected_arrivals.xml
2025-10-26 18:25:35,422 - vessel_data_pipeline - INFO - Verified access to Expected_departures.xml
2025-10-26 18:25:35,422 - vessel_data_pipeline - INFO - Discovered 4 XML files for download
2025-10-26 18:25:35,422 - vessel_data_pipeline - INFO - Downloading Arrived_in_last_36_hours.xml (attempt 1/3)
2025-10-26 18:25:35,485 - vessel_data_pipeline - INFO - File temp_Arrived_in_last_36_hours.xml passed validation checks
2025-10-26 18:25:35,485 - vessel_data_pipeline - INFO - Created backup: Arrived_in_last_36_hours_20251026_182535.xml
2025-10-26 18:25:35,485 - vessel_data_pipeline - INFO - Updated metadata for Arrived_in_last_36_hours.xml
2025-10-26 18:25:35,485 - vessel_data_pipeline - INFO - Successfully downloaded and validated Arrived_in_last_36_hours.xml
2025-10-26 18:25:37,487 - vessel_data_pipeline - INFO - Downloading Departed_in_last_36_hours.xml (attempt 1/3)
2025-10-26 18:25:37,543 - vessel_data_pipeline - INFO - File temp_Departed_in_last_36_hours.xml passed validation checks
2025-10-26 18:25:37,544 - vessel_data_pipeline - INFO - Created backup: Departed_in_last_36_hours_20251026_182537.xml
2025-10-26 18:25:37,544 - vessel_data_pipeline - INFO - Updated metadata for Departed_in_last_36_hours.xml
2025-10-26 18:25:37,544 - vessel_data_pipeline - INFO - Successfully downloaded and validated Departed_in_last_36_hours.xml
2025-10-26 18:25:39,547 - vessel_data_pipeline - INFO - Downloading Expected_arrivals.xml (attempt 1/3)
2025-10-26 18:25:39,629 - vessel_data_pipeline - INFO - File temp_Expected_arrivals.xml passed validation checks
2025-10-26 18:25:39,629 - vessel_data_pipeline - INFO - Created backup: Expected_arrivals_20251026_182539.xml
2025-10-26 18:25:39,629 - vessel_data_pipeline - INFO - Updated metadata for Expected_arrivals.xml
2025-10-26 18:25:39,630 - vessel_data_pipeline - INFO - Successfully downloaded and validated Expected_arrivals.xml
2025-10-26 18:25:41,635 - vessel_data_pipeline - INFO - Downloading Expected_departures.xml (attempt 1/3)
2025-10-26 18:25:41,687 - vessel_data_pipeline - INFO - File temp_Expected_departures.xml passed validation checks
2025-10-26 18:25:41,687 - vessel_data_pipeline - INFO - Created backup: Expected_departures_20251026_182541.xml
2025-10-26 18:25:41,688 - vessel_data_pipeline - INFO - Updated metadata for Expected_departures.xml
2025-10-26 18:25:41,688 - vessel_data_pipeline - INFO - Successfully downloaded and validated Expected_departures.xml
2025-10-26 18:25:43,688 - vessel_data_pipeline - INFO - Fetch operation completed. Results: {'Arrived_in_last_36_hours.xml': True, 'Departed_in_last_36_hours.xml': True, 'Expected_arrivals.xml': True, 'Expected_departures.xml': True}
2025-10-26 18:25:43,708 - vessel_data_pipeline - INFO - VesselDataFetcher initialized. Pipeline enabled: True
2025-10-26 18:25:43,709 - vessel_data_pipeline - INFO - Starting vessel data fetch operation
2025-10-26 18:25:43,709 - vessel_data_pipeline - INFO - Discovering XML files from Hong Kong Marine Department portal
2025-10-26 18:25:43,767 - vessel_data_pipeline - INFO - Verified access to Arrived_in_last_36_hours.xml
2025-10-26 18:25:43,801 - vessel_data_pipeline - INFO - Verified access to Departed_in_last_36_hours.xml
2025-10-26 18:25:43,864 - vessel_data_pipeline - INFO - Verified access to Expected_arrivals.xml
2025-10-26 18:25:43,895 - vessel_data_pipeline - INFO - Verified access to Expected_departures.xml
2025-10-26 18:25:43,895 - vessel_data_pipeline - INFO - Discovered 4 XML files for download
2025-10-26 18:25:43,895 - vessel_data_pipeline - INFO - Downloading Arrived_in_last_36_hours.xml (attempt 1/3)
2025-10-26 18:25:43,940 - vessel_data_pipeline - INFO - File temp_Arrived_in_last_36_hours.xml passed validation checks
2025-10-26 18:25:43,940 - vessel_data_pipeline - INFO - Created backup: Arrived_in_last_36_hours_20251026_182543.xml
2025-10-26 18:25:43,940 - vessel_data_pipeline - INFO - Updated metadata for Arrived_in_last_36_hours.xml
2025-10-26 18:25:43,940 - vessel_data_pipeline - INFO - Successfully downloaded and validated Arrived_in_last_36_hours.xml
2025-10-26 18:25:45,945 - vessel_data_pipeline - INFO - Downloading Departed_in_last_36_hours.xml (attempt 1/3)
2025-10-26 18:25:46,069 - vessel_data_pipeline - INFO - File temp_Departed_in_last_36_hours.xml passed validation checks
2025-10-26 18:25:46,069 - vessel_data_pipeline - INFO - Created backup: Departed_in_last_36_hours_20251026_182546.xml
2025-10-26 18:25:46,070 - vessel_data_pipeline - INFO - Updated metadata for Departed_in_last_36_hours.xml
2025-10-26 18:25:46,070 - vessel_data_pipeline - INFO - Successfully downloaded and validated Departed_in_last_36_hours.xml
2025-10-26 18:25:48,075 - vessel_data_pipeline - INFO - Downloading Expected_arrivals.xml (attempt 1/3)
2025-10-26 18:25:48,132 - vessel_data_pipeline - INFO - File temp_Expected_arrivals.xml passed validation checks
2025-10-26 18:25:48,133 - vessel_data_pipeline - INFO - Created backup: Expected_arrivals_20251026_182548.xml
2025-10-26 18:25:48,134 - vessel_data_pipeline - INFO - Updated metadata for Expected_arrivals.xml
2025-10-26 18:25:48,134 - vessel_data_pipeline - INFO - Successfully downloaded and validated Expected_arrivals.xml
2025-10-26 18:25:50,139 - vessel_data_pipeline - INFO - Downloading Expected_departures.xml (attempt 1/3)
2025-10-26 18:25:50,199 - vessel_data_pipeline - INFO - File temp_Expected_departures.xml passed validation checks
2025-10-26 18:25:50,200 - vessel_data_pipeline - INFO - Created backup: Expected_departures_20251026_182550.xml
2025-10-26 18:25:50,201 - vessel_data_pipeline - INFO - Updated metadata for Expected_departures.xml
2025-10-26 18:25:50,202 - vessel_data_pipeline - INFO - Successfully downloaded and validated Expected_departures.xml
2025-10-26 18:25:52,207 - vessel_data_pipeline - INFO - Fetch operation completed. Results: {'Arrived_in_last_36_hours.xml': True, 'Departed_in_last_36_hours.xml': True, 'Expected_arrivals.xml': True, 'Expected_departures.xml': True}
2025-10-26 18:25:52,219 - vessel_data_pipeline - INFO - VesselDataFetcher initialized. Pipeline enabled: True
2025-10-26 18:25:52,220 - vessel_data_pipeline - INFO - Starting vessel data fetch operation
2025-10-26 18:25:52,220 - vessel_data_pipeline - INFO - Discovering XML files from Hong Kong Marine Department portal
2025-10-26 18:25:52,309 - vessel_data_pipeline - INFO - Verified access to Arrived_in_last_36_hours.xml
2025-10-26 18:25:52,425 - vessel_data_pipeline - INFO - Verified access to Departed_in_last_36_hours.xml
2025-10-26 18:25:52,471 - vessel_data_pipeline - INFO - Verified access to Expected_arrivals.xml
2025-10-26 18:25:52,560 - vessel_data_pipeline - INFO - Verified access to Expected_departures.xml
2025-10-26 18:25:52,560 - vessel_data_pipeline - INFO - Discovered 4 XML files for download
2025-10-26 18:25:52,560 - vessel_data_pipeline - INFO - Downloading Arrived_in_last_36_hours.xml (attempt 1/3)
2025-10-26 18:25:52,618 - vessel_data_pipeline - INFO - File temp_Arrived_in_last_36_hours.xml passed validation checks
2025-10-26 18:25:52,619 - vessel_data_pipeline - INFO - Created backup: Arrived_in_last_36_hours_20251026_182552.xml
2025-10-26 18:25:52,619 - vessel_data_pipeline - INFO - Updated metadata for Arrived_in_last_36_hours.xml
2025-10-26 18:25:52,619 - vessel_data_pipeline - INFO - Successfully downloaded and validated Arrived_in_last_36_hours.xml
2025-10-26 18:25:54,621 - vessel_data_pipeline - INFO - Downloading Departed_in_last_36_hours.xml (attempt 1/3)
2025-10-26 18:25:54,685 - vessel_data_pipeline - INFO - File temp_Departed_in_last_36_hours.xml passed validation checks
2025-10-26 18:25:54,685 - vessel_data_pipeline - INFO - Created backup: Departed_in_last_36_hours_20251026_182554.xml
2025-10-26 18:25:54,685 - vessel_data_pipeline - INFO - Updated metadata for Departed_in_last_36_hours.xml
2025-10-26 18:25:54,685 - vessel_data_pipeline - INFO - Successfully downloaded and validated Departed_in_last_36_hours.xml
2025-10-26 18:25:56,688 - vessel_data_pipeline - INFO - Downloading Expected_arrivals.xml (attempt 1/3)
2025-10-26 18:25:56,732 - vessel_data_pipeline - INFO - File temp_Expected_arrivals.xml passed validation checks
2025-10-26 18:25:56,732 - vessel_data_pipeline - INFO - Created backup: Expected_arrivals_20251026_182556.xml
2025-10-26 18:25:56,732 - vessel_data_pipeline - INFO - Updated metadata for Expected_arrivals.xml
2025-10-26 18:25:56,732 - vessel_data_pipeline - INFO - Successfully downloaded and validated Expected_arrivals.xml
2025-10-26 18:25:58,733 - vessel_data_pipeline - INFO - Downloading Expected_departures.xml (attempt 1/3)
2025-10-26 18:25:58,789 - vessel_data_pipeline - INFO - File temp_Expected_departures.xml passed validation checks
2025-10-26 18:25:58,789 - vessel_data_pipeline - INFO - Created backup: Expected_departures_20251026_182558.xml
2025-10-26 18:25:58,789 - vessel_data_pipeline - INFO - Updated metadata for Expected_departures.xml
2025-10-26 18:25:58,789 - vessel_data_pipeline - INFO - Successfully downloaded and validated Expected_departures.xml
2025-10-26 18:26:00,795 - vessel_data_pipeline - INFO - Fetch operation completed. Results: {'Arrived_in_last_36_hours.xml': True, 'Departed_in_last_36_hours.xml': True, 'Expected_arrivals.xml': True, 'Expected_departures.xml': True}
2025-10-26 18:27:02,712 - vessel_data_pipeline - INFO - VesselDataFetcher initialized. Pipeline enabled: True
2025-10-26 18:27:02,714 - vessel_data_pipeline - INFO - VesselDataFetcher initialized. Pipeline enabled: True
2025-10-26 18:27:02,714 - vessel_data_pipeline - INFO - Starting vessel data fetch operation
2025-10-26 18:27:02,714 - vessel_data_pipeline - INFO - Discovering XML files from Hong Kong Marine Department portal
2025-10-26 18:27:02,832 - vessel_data_pipeline - INFO - Verified access to Arrived_in_last_36_hours.xml
2025-10-26 18:27:02,869 - vessel_data_pipeline - INFO - Verified access to Departed_in_last_36_hours.xml
2025-10-26 18:27:02,920 - vessel_data_pipeline - INFO - Verified access to Expected_arrivals.xml
2025-10-26 18:27:02,963 - vessel_data_pipeline - INFO - Verified access to Expected_departures.xml
2025-10-26 18:27:02,963 - vessel_data_pipeline - INFO - Discovered 4 XML files for download
2025-10-26 18:27:02,963 - vessel_data_pipeline - INFO - Downloading Arrived_in_last_36_hours.xml (attempt 1/3)
2025-10-26 18:27:03,031 - vessel_data_pipeline - INFO - File temp_Arrived_in_last_36_hours.xml passed validation checks
2025-10-26 18:27:03,032 - vessel_data_pipeline - INFO - Created backup: Arrived_in_last_36_hours_20251026_182703.xml
2025-10-26 18:27:03,033 - vessel_data_pipeline - INFO - Updated metadata for Arrived_in_last_36_hours.xml
2025-10-26 18:27:03,033 - vessel_data_pipeline - INFO - Successfully downloaded and validated Arrived_in_last_36_hours.xml
2025-10-26 18:27:05,038 - vessel_data_pipeline - INFO - Downloading Departed_in_last_36_hours.xml (attempt 1/3)
2025-10-26 18:27:05,139 - vessel_data_pipeline - INFO - File temp_Departed_in_last_36_hours.xml passed validation checks
2025-10-26 18:27:05,140 - vessel_data_pipeline - INFO - Created backup: Departed_in_last_36_hours_20251026_182705.xml
2025-10-26 18:27:05,140 - vessel_data_pipeline - INFO - Updated metadata for Departed_in_last_36_hours.xml
2025-10-26 18:27:05,140 - vessel_data_pipeline - INFO - Successfully downloaded and validated Departed_in_last_36_hours.xml
2025-10-26 18:27:07,145 - vessel_data_pipeline - INFO - Downloading Expected_arrivals.xml (attempt 1/3)
2025-10-26 18:27:07,198 - vessel_data_pipeline - INFO - File temp_Expected_arrivals.xml passed validation checks
2025-10-26 18:27:07,199 - vessel_data_pipeline - INFO - Created backup: Expected_arrivals_20251026_182707.xml
2025-10-26 18:27:07,199 - vessel_data_pipeline - INFO - Updated metadata for Expected_arrivals.xml
2025-10-26 18:27:07,199 - vessel_data_pipeline - INFO - Successfully downloaded and validated Expected_arrivals.xml
2025-10-26 18:27:09,204 - vessel_data_pipeline - INFO - Downloading Expected_departures.xml (attempt 1/3)
2025-10-26 18:27:09,257 - vessel_data_pipeline - INFO - File temp_Expected_departures.xml passed validation checks
2025-10-26 18:27:09,257 - vessel_data_pipeline - INFO - Created backup: Expected_departures_20251026_182709.xml
2025-10-26 18:27:09,257 - vessel_data_pipeline - INFO - Updated metadata for Expected_departures.xml
2025-10-26 18:27:09,257 - vessel_data_pipeline - INFO - Successfully downloaded and validated Expected_departures.xml
2025-10-26 18:27:11,262 - vessel_data_pipeline - INFO - Fetch operation completed. Results: {'Arrived_in_last_36_hours.xml': True, 'Departed_in_last_36_hours.xml': True, 'Expected_arrivals.xml': True, 'Expected_departures.xml': True}
2025-10-26 18:27:14,132 - vessel_data_pipeline - INFO - VesselDataFetcher initialized. Pipeline enabled: True
2025-10-26 18:27:14,133 - vessel_data_pipeline - INFO - Starting vessel data fetch operation
2025-10-26 18:27:14,133 - vessel_data_pipeline - INFO - Discovering XML files from Hong Kong Marine Department portal
2025-10-26 18:27:14,195 - vessel_data_pipeline - INFO - Verified access to Arrived_in_last_36_hours.xml
2025-10-26 18:27:14,327 - vessel_data_pipeline - INFO - Verified access to Departed_in_last_36_hours.xml
2025-10-26 18:27:14,363 - vessel_data_pipeline - INFO - Verified access to Expected_arrivals.xml
2025-10-26 18:27:14,449 - vessel_data_pipeline - INFO - Verified access to Expected_departures.xml
2025-10-26 18:27:14,449 - vessel_data_pipeline - INFO - Discovered 4 XML files for download
2025-10-26 18:27:14,449 - vessel_data_pipeline - INFO - Downloading Arrived_in_last_36_hours.xml (attempt 1/3)
2025-10-26 18:27:14,521 - vessel_data_pipeline - INFO - File temp_Arrived_in_last_36_hours.xml passed validation checks
2025-10-26 18:27:14,522 - vessel_data_pipeline - INFO - Created backup: Arrived_in_last_36_hours_20251026_182714.xml
2025-10-26 18:27:14,523 - vessel_data_pipeline - INFO - Updated metadata for Arrived_in_last_36_hours.xml
2025-10-26 18:27:14,523 - vessel_data_pipeline - INFO - Successfully downloaded and validated Arrived_in_last_36_hours.xml
2025-10-26 18:27:16,528 - vessel_data_pipeline - INFO - Downloading Departed_in_last_36_hours.xml (attempt 1/3)
2025-10-26 18:27:16,597 - vessel_data_pipeline - INFO - File temp_Departed_in_last_36_hours.xml passed validation checks
2025-10-26 18:27:16,598 - vessel_data_pipeline - INFO - Created backup: Departed_in_last_36_hours_20251026_182716.xml
2025-10-26 18:27:16,598 - vessel_data_pipeline - INFO - Updated metadata for Departed_in_last_36_hours.xml
2025-10-26 18:27:16,598 - vessel_data_pipeline - INFO - Successfully downloaded and validated Departed_in_last_36_hours.xml
2025-10-26 18:27:18,603 - vessel_data_pipeline - INFO - Downloading Expected_arrivals.xml (attempt 1/3)
2025-10-26 18:27:18,651 - vessel_data_pipeline - INFO - File temp_Expected_arrivals.xml passed validation checks
2025-10-26 18:27:18,651 - vessel_data_pipeline - INFO - Created backup: Expected_arrivals_20251026_182718.xml
2025-10-26 18:27:18,652 - vessel_data_pipeline - INFO - Updated metadata for Expected_arrivals.xml
2025-10-26 18:27:18,652 - vessel_data_pipeline - INFO - Successfully downloaded and validated Expected_arrivals.xml
2025-10-26 18:27:20,655 - vessel_data_pipeline - INFO - Downloading Expected_departures.xml (attempt 1/3)
2025-10-26 18:27:20,786 - vessel_data_pipeline - INFO - File temp_Expected_departures.xml passed validation checks
2025-10-26 18:27:20,787 - vessel_data_pipeline - INFO - Created backup: Expected_departures_20251026_182720.xml
2025-10-26 18:27:20,787 - vessel_data_pipeline - INFO - Updated metadata for Expected_departures.xml
2025-10-26 18:27:20,787 - vessel_data_pipeline - INFO - Successfully downloaded and validated Expected_departures.xml
2025-10-26 18:27:22,787 - vessel_data_pipeline - INFO - Fetch operation completed. Results: {'Arrived_in_last_36_hours.xml': True, 'Departed_in_last_36_hours.xml': True, 'Expected_arrivals.xml': True, 'Expected_departures.xml': True}
2025-10-26 18:27:22,793 - vessel_data_pipeline - INFO - VesselDataFetcher initialized. Pipeline enabled: True
2025-10-26 18:27:22,793 - vessel_data_pipeline - INFO - Starting vessel data fetch operation
2025-10-26 18:27:22,793 - vessel_data_pipeline - INFO - Discovering XML files from Hong Kong Marine Department portal
2025-10-26 18:27:22,856 - vessel_data_pipeline - INFO - Verified access to Arrived_in_last_36_hours.xml
2025-10-26 18:27:22,919 - vessel_data_pipeline - INFO - Verified access to Departed_in_last_36_hours.xml
2025-10-26 18:27:22,966 - vessel_data_pipeline - INFO - Verified access to Expected_arrivals.xml
2025-10-26 18:27:23,003 - vessel_data_pipeline - INFO - Verified access to Expected_departures.xml
2025-10-26 18:27:23,003 - vessel_data_pipeline - INFO - Discovered 4 XML files for download
2025-10-26 18:27:23,003 - vessel_data_pipeline - INFO - Downloading Arrived_in_last_36_hours.xml (attempt 1/3)
2025-10-26 18:27:23,111 - vessel_data_pipeline - INFO - File temp_Arrived_in_last_36_hours.xml passed validation checks
2025-10-26 18:27:23,112 - vessel_data_pipeline - INFO - Created backup: Arrived_in_last_36_hours_20251026_182723.xml
2025-10-26 18:27:23,112 - vessel_data_pipeline - INFO - Updated metadata for Arrived_in_last_36_hours.xml
2025-10-26 18:27:23,112 - vessel_data_pipeline - INFO - Successfully downloaded and validated Arrived_in_last_36_hours.xml
2025-10-26 18:27:25,118 - vessel_data_pipeline - INFO - Downloading Departed_in_last_36_hours.xml (attempt 1/3)
2025-10-26 18:27:25,190 - vessel_data_pipeline - INFO - File temp_Departed_in_last_36_hours.xml passed validation checks
2025-10-26 18:27:25,191 - vessel_data_pipeline - INFO - Created backup: Departed_in_last_36_hours_20251026_182725.xml
2025-10-26 18:27:25,191 - vessel_data_pipeline - INFO - Updated metadata for Departed_in_last_36_hours.xml
2025-10-26 18:27:25,191 - vessel_data_pipeline - INFO - Successfully downloaded and validated Departed_in_last_36_hours.xml
2025-10-26 18:27:27,194 - vessel_data_pipeline - INFO - Downloading Expected_arrivals.xml (attempt 1/3)
2025-10-26 18:27:27,242 - vessel_data_pipeline - INFO - File temp_Expected_arrivals.xml passed validation checks
2025-10-26 18:27:27,243 - vessel_data_pipeline - INFO - Created backup: Expected_arrivals_20251026_182727.xml
2025-10-26 18:27:27,243 - vessel_data_pipeline - INFO - Updated metadata for Expected_arrivals.xml
2025-10-26 18:27:27,243 - vessel_data_pipeline - INFO - Successfully downloaded and validated Expected_arrivals.xml
2025-10-26 18:27:29,243 - vessel_data_pipeline - INFO - Downloading Expected_departures.xml (attempt 1/3)
2025-10-26 18:27:29,290 - vessel_data_pipeline - INFO - File temp_Expected_departures.xml passed validation checks
2025-10-26 18:27:29,290 - vessel_data_pipeline - INFO - Created backup: Expected_departures_20251026_182729.xml
2025-10-26 18:27:29,290 - vessel_data_pipeline - INFO - Updated metadata for Expected_departures.xml
2025-10-26 18:27:29,290 - vessel_data_pipeline - INFO - Successfully downloaded and validated Expected_departures.xml
2025-10-26 18:27:31,292 - vessel_data_pipeline - INFO - Fetch operation completed. Results: {'Arrived_in_last_36_hours.xml': True, 'Departed_in_last_36_hours.xml': True, 'Expected_arrivals.xml': True, 'Expected_departures.xml': True}
2025-10-26 18:27:31,330 - vessel_data_pipeline - INFO - VesselDataFetcher initialized. Pipeline enabled: True
2025-10-26 18:27:31,331 - vessel_data_pipeline - INFO - Starting vessel data fetch operation
2025-10-26 18:27:31,331 - vessel_data_pipeline - INFO - Discovering XML files from Hong Kong Marine Department portal
2025-10-26 18:27:31,450 - vessel_data_pipeline - INFO - Verified access to Arrived_in_last_36_hours.xml
2025-10-26 18:27:31,482 - vessel_data_pipeline - INFO - Verified access to Departed_in_last_36_hours.xml
2025-10-26 18:27:31,525 - vessel_data_pipeline - INFO - Verified access to Expected_arrivals.xml
2025-10-26 18:27:31,571 - vessel_data_pipeline - INFO - Verified access to Expected_departures.xml
2025-10-26 18:27:31,572 - vessel_data_pipeline - INFO - Discovered 4 XML files for download
2025-10-26 18:27:31,572 - vessel_data_pipeline - INFO - Downloading Arrived_in_last_36_hours.xml (attempt 1/3)
2025-10-26 18:27:31,687 - vessel_data_pipeline - INFO - File temp_Arrived_in_last_36_hours.xml passed validation checks
2025-10-26 18:27:31,687 - vessel_data_pipeline - INFO - Created backup: Arrived_in_last_36_hours_20251026_182731.xml
2025-10-26 18:27:31,688 - vessel_data_pipeline - INFO - Updated metadata for Arrived_in_last_36_hours.xml
2025-10-26 18:27:31,688 - vessel_data_pipeline - INFO - Successfully downloaded and validated Arrived_in_last_36_hours.xml
2025-10-26 18:27:33,693 - vessel_data_pipeline - INFO - Downloading Departed_in_last_36_hours.xml (attempt 1/3)
2025-10-26 18:27:33,758 - vessel_data_pipeline - INFO - File temp_Departed_in_last_36_hours.xml passed validation checks
2025-10-26 18:27:33,759 - vessel_data_pipeline - INFO - Created backup: Departed_in_last_36_hours_20251026_182733.xml
2025-10-26 18:27:33,759 - vessel_data_pipeline - INFO - Updated metadata for Departed_in_last_36_hours.xml
2025-10-26 18:27:33,759 - vessel_data_pipeline - INFO - Successfully downloaded and validated Departed_in_last_36_hours.xml
2025-10-26 18:27:35,764 - vessel_data_pipeline - INFO - Downloading Expected_arrivals.xml (attempt 1/3)
2025-10-26 18:27:35,807 - vessel_data_pipeline - INFO - File temp_Expected_arrivals.xml passed validation checks
2025-10-26 18:27:35,808 - vessel_data_pipeline - INFO - Created backup: Expected_arrivals_20251026_182735.xml
2025-10-26 18:27:35,808 - vessel_data_pipeline - INFO - Updated metadata for Expected_arrivals.xml
2025-10-26 18:27:35,808 - vessel_data_pipeline - INFO - Successfully downloaded and validated Expected_arrivals.xml
2025-10-26 18:27:37,809 - vessel_data_pipeline - INFO - Downloading Expected_departures.xml (attempt 1/3)
2025-10-26 18:27:37,868 - vessel_data_pipeline - INFO - File temp_Expected_departures.xml passed validation checks
2025-10-26 18:27:37,869 - vessel_data_pipeline - INFO - Created backup: Expected_departures_20251026_182737.xml
2025-10-26 18:27:37,869 - vessel_data_pipeline - INFO - Updated metadata for Expected_departures.xml
2025-10-26 18:27:37,869 - vessel_data_pipeline - INFO - Successfully downloaded and validated Expected_departures.xml
2025-10-26 18:27:39,874 - vessel_data_pipeline - INFO - Fetch operation completed. Results: {'Arrived_in_last_36_hours.xml': True, 'Departed_in_last_36_hours.xml': True, 'Expected_arrivals.xml': True, 'Expected_departures.xml': True}
2025-10-26 18:27:39,884 - vessel_data_pipeline - INFO - VesselDataFetcher initialized. Pipeline enabled: True
2025-10-26 18:27:39,885 - vessel_data_pipeline - INFO - Starting vessel data fetch operation
2025-10-26 18:27:39,885 - vessel_data_pipeline - INFO - Discovering XML files from Hong Kong Marine Department portal
2025-10-26 18:27:39,951 - vessel_data_pipeline - INFO - Verified access to Arrived_in_last_36_hours.xml
2025-10-26 18:27:40,043 - vessel_data_pipeline - INFO - Verified access to Departed_in_last_36_hours.xml
2025-10-26 18:27:40,079 - vessel_data_pipeline - INFO - Verified access to Expected_arrivals.xml
2025-10-26 18:27:40,138 - vessel_data_pipeline - INFO - Verified access to Expected_departures.xml
2025-10-26 18:27:40,138 - vessel_data_pipeline - INFO - Discovered 4 XML files for download
2025-10-26 18:27:40,138 - vessel_data_pipeline - INFO - Downloading Arrived_in_last_36_hours.xml (attempt 1/3)
2025-10-26 18:27:40,193 - vessel_data_pipeline - INFO - File temp_Arrived_in_last_36_hours.xml passed validation checks
2025-10-26 18:27:40,193 - vessel_data_pipeline - INFO - Created backup: Arrived_in_last_36_hours_20251026_182740.xml
2025-10-26 18:27:40,193 - vessel_data_pipeline - INFO - Updated metadata for Arrived_in_last_36_hours.xml
2025-10-26 18:27:40,193 - vessel_data_pipeline - INFO - Successfully downloaded and validated Arrived_in_last_36_hours.xml
2025-10-26 18:27:42,198 - vessel_data_pipeline - INFO - Downloading Departed_in_last_36_hours.xml (attempt 1/3)
2025-10-26 18:27:42,259 - vessel_data_pipeline - INFO - File temp_Departed_in_last_36_hours.xml passed validation checks
2025-10-26 18:27:42,259 - vessel_data_pipeline - INFO - Created backup: Departed_in_last_36_hours_20251026_182742.xml
2025-10-26 18:27:42,260 - vessel_data_pipeline - INFO - Updated metadata for Departed_in_last_36_hours.xml
2025-10-26 18:27:42,260 - vessel_data_pipeline - INFO - Successfully downloaded and validated Departed_in_last_36_hours.xml
2025-10-26 18:27:44,263 - vessel_data_pipeline - INFO - Downloading Expected_arrivals.xml (attempt 1/3)
2025-10-26 18:27:44,309 - vessel_data_pipeline - INFO - File temp_Expected_arrivals.xml passed validation checks
2025-10-26 18:27:44,310 - vessel_data_pipeline - INFO - Created backup: Expected_arrivals_20251026_182744.xml
2025-10-26 18:27:44,310 - vessel_data_pipeline - INFO - Updated metadata for Expected_arrivals.xml
2025-10-26 18:27:44,310 - vessel_data_pipeline - INFO - Successfully downloaded and validated Expected_arrivals.xml
2025-10-26 18:27:46,310 - vessel_data_pipeline - INFO - Downloading Expected_departures.xml (attempt 1/3)
2025-10-26 18:27:46,360 - vessel_data_pipeline - INFO - File temp_Expected_departures.xml passed validation checks
2025-10-26 18:27:46,360 - vessel_data_pipeline - INFO - Created backup: Expected_departures_20251026_182746.xml
2025-10-26 18:27:46,360 - vessel_data_pipeline - INFO - Updated metadata for Expected_departures.xml
2025-10-26 18:27:46,360 - vessel_data_pipeline - INFO - Successfully downloaded and validated Expected_departures.xml
2025-10-26 18:27:48,365 - vessel_data_pipeline - INFO - Fetch operation completed. Results: {'Arrived_in_last_36_hours.xml': True, 'Departed_in_last_36_hours.xml': True, 'Expected_arrivals.xml': True, 'Expected_departures.xml': True}
2025-10-26 18:29:33,682 - vessel_data_pipeline - INFO - VesselDataFetcher initialized. Pipeline enabled: True
2025-10-26 18:29:33,684 - vessel_data_pipeline - INFO - VesselDataFetcher initialized. Pipeline enabled: True
2025-10-26 18:29:33,685 - vessel_data_pipeline - INFO - Starting vessel data fetch operation
2025-10-26 18:29:33,685 - vessel_data_pipeline - INFO - Discovering XML files from Hong Kong Marine Department portal
2025-10-26 18:29:33,975 - vessel_data_pipeline - INFO - Verified access to Arrived_in_last_36_hours.xml
2025-10-26 18:29:34,239 - vessel_data_pipeline - INFO - Verified access to Departed_in_last_36_hours.xml
2025-10-26 18:29:34,453 - vessel_data_pipeline - INFO - Verified access to Expected_arrivals.xml
2025-10-26 18:29:34,716 - vessel_data_pipeline - INFO - Verified access to Expected_departures.xml
2025-10-26 18:29:34,717 - vessel_data_pipeline - INFO - Discovered 4 XML files for download
2025-10-26 18:29:34,717 - vessel_data_pipeline - INFO - Downloading Arrived_in_last_36_hours.xml (attempt 1/3)
2025-10-26 18:29:34,772 - vessel_data_pipeline - INFO - File temp_Arrived_in_last_36_hours.xml passed validation checks
2025-10-26 18:29:34,774 - vessel_data_pipeline - INFO - Created backup: Arrived_in_last_36_hours_20251026_182934.xml
2025-10-26 18:29:34,775 - vessel_data_pipeline - INFO - Updated metadata for Arrived_in_last_36_hours.xml
2025-10-26 18:29:34,775 - vessel_data_pipeline - INFO - Successfully downloaded and validated Arrived_in_last_36_hours.xml
2025-10-26 18:29:36,780 - vessel_data_pipeline - INFO - Downloading Departed_in_last_36_hours.xml (attempt 1/3)
2025-10-26 18:29:36,858 - vessel_data_pipeline - INFO - File temp_Departed_in_last_36_hours.xml passed validation checks
2025-10-26 18:29:36,858 - vessel_data_pipeline - INFO - Created backup: Departed_in_last_36_hours_20251026_182936.xml
2025-10-26 18:29:36,858 - vessel_data_pipeline - INFO - Updated metadata for Departed_in_last_36_hours.xml
2025-10-26 18:29:36,858 - vessel_data_pipeline - INFO - Successfully downloaded and validated Departed_in_last_36_hours.xml
2025-10-26 18:29:38,860 - vessel_data_pipeline - INFO - Downloading Expected_arrivals.xml (attempt 1/3)
2025-10-26 18:29:38,909 - vessel_data_pipeline - INFO - File temp_Expected_arrivals.xml passed validation checks
2025-10-26 18:29:38,909 - vessel_data_pipeline - INFO - Created backup: Expected_arrivals_20251026_182938.xml
2025-10-26 18:29:38,909 - vessel_data_pipeline - INFO - Updated metadata for Expected_arrivals.xml
2025-10-26 18:29:38,909 - vessel_data_pipeline - INFO - Successfully downloaded and validated Expected_arrivals.xml
2025-10-26 18:29:40,914 - vessel_data_pipeline - INFO - Downloading Expected_departures.xml (attempt 1/3)
2025-10-26 18:29:40,968 - vessel_data_pipeline - INFO - File temp_Expected_departures.xml passed validation checks
2025-10-26 18:29:40,969 - vessel_data_pipeline - INFO - Created backup: Expected_departures_20251026_182940.xml
2025-10-26 18:29:40,969 - vessel_data_pipeline - INFO - Updated metadata for Expected_departures.xml
2025-10-26 18:29:40,969 - vessel_data_pipeline - INFO - Successfully downloaded and validated Expected_departures.xml
2025-10-26 18:29:42,974 - vessel_data_pipeline - INFO - Fetch operation completed. Results: {'Arrived_in_last_36_hours.xml': True, 'Departed_in_last_36_hours.xml': True, 'Expected_arrivals.xml': True, 'Expected_departures.xml': True}
2025-10-26 18:29:45,897 - vessel_data_pipeline - INFO - VesselDataFetcher initialized. Pipeline enabled: True
2025-10-26 18:29:45,897 - vessel_data_pipeline - INFO - Starting vessel data fetch operation
2025-10-26 18:29:45,897 - vessel_data_pipeline - INFO - Discovering XML files from Hong Kong Marine Department portal
2025-10-26 18:29:45,956 - vessel_data_pipeline - INFO - Verified access to Arrived_in_last_36_hours.xml
2025-10-26 18:29:46,025 - vessel_data_pipeline - INFO - Verified access to Departed_in_last_36_hours.xml
2025-10-26 18:29:46,058 - vessel_data_pipeline - INFO - Verified access to Expected_arrivals.xml
2025-10-26 18:29:46,093 - vessel_data_pipeline - INFO - Verified access to Expected_departures.xml
2025-10-26 18:29:46,094 - vessel_data_pipeline - INFO - Discovered 4 XML files for download
2025-10-26 18:29:46,094 - vessel_data_pipeline - INFO - Downloading Arrived_in_last_36_hours.xml (attempt 1/3)
2025-10-26 18:29:46,161 - vessel_data_pipeline - INFO - File temp_Arrived_in_last_36_hours.xml passed validation checks
2025-10-26 18:29:46,162 - vessel_data_pipeline - INFO - Created backup: Arrived_in_last_36_hours_20251026_182946.xml
2025-10-26 18:29:46,162 - vessel_data_pipeline - INFO - Updated metadata for Arrived_in_last_36_hours.xml
2025-10-26 18:29:46,162 - vessel_data_pipeline - INFO - Successfully downloaded and validated Arrived_in_last_36_hours.xml
2025-10-26 18:29:48,164 - vessel_data_pipeline - INFO - Downloading Departed_in_last_36_hours.xml (attempt 1/3)
2025-10-26 18:29:48,225 - vessel_data_pipeline - INFO - File temp_Departed_in_last_36_hours.xml passed validation checks
2025-10-26 18:29:48,225 - vessel_data_pipeline - INFO - Created backup: Departed_in_last_36_hours_20251026_182948.xml
2025-10-26 18:29:48,225 - vessel_data_pipeline - INFO - Updated metadata for Departed_in_last_36_hours.xml
2025-10-26 18:29:48,225 - vessel_data_pipeline - INFO - Successfully downloaded and validated Departed_in_last_36_hours.xml
2025-10-26 18:29:50,231 - vessel_data_pipeline - INFO - Downloading Expected_arrivals.xml (attempt 1/3)
2025-10-26 18:29:50,279 - vessel_data_pipeline - INFO - File temp_Expected_arrivals.xml passed validation checks
2025-10-26 18:29:50,280 - vessel_data_pipeline - INFO - Created backup: Expected_arrivals_20251026_182950.xml
2025-10-26 18:29:50,280 - vessel_data_pipeline - INFO - Updated metadata for Expected_arrivals.xml
2025-10-26 18:29:50,280 - vessel_data_pipeline - INFO - Successfully downloaded and validated Expected_arrivals.xml
2025-10-26 18:29:52,285 - vessel_data_pipeline - INFO - Downloading Expected_departures.xml (attempt 1/3)
2025-10-26 18:29:52,335 - vessel_data_pipeline - INFO - File temp_Expected_departures.xml passed validation checks
2025-10-26 18:29:52,335 - vessel_data_pipeline - INFO - Created backup: Expected_departures_20251026_182952.xml
2025-10-26 18:29:52,335 - vessel_data_pipeline - INFO - Updated metadata for Expected_departures.xml
2025-10-26 18:29:52,335 - vessel_data_pipeline - INFO - Successfully downloaded and validated Expected_departures.xml
2025-10-26 18:29:54,336 - vessel_data_pipeline - INFO - Fetch operation completed. Results: {'Arrived_in_last_36_hours.xml': True, 'Departed_in_last_36_hours.xml': True, 'Expected_arrivals.xml': True, 'Expected_departures.xml': True}
2025-10-26 18:29:54,343 - vessel_data_pipeline - INFO - VesselDataFetcher initialized. Pipeline enabled: True
2025-10-26 18:29:54,344 - vessel_data_pipeline - INFO - Starting vessel data fetch operation
2025-10-26 18:29:54,344 - vessel_data_pipeline - INFO - Discovering XML files from Hong Kong Marine Department portal
2025-10-26 18:29:54,413 - vessel_data_pipeline - INFO - Verified access to Arrived_in_last_36_hours.xml
2025-10-26 18:29:54,452 - vessel_data_pipeline - INFO - Verified access to Departed_in_last_36_hours.xml
2025-10-26 18:29:54,486 - vessel_data_pipeline - INFO - Verified access to Expected_arrivals.xml
2025-10-26 18:29:54,530 - vessel_data_pipeline - INFO - Verified access to Expected_departures.xml
2025-10-26 18:29:54,530 - vessel_data_pipeline - INFO - Discovered 4 XML files for download
2025-10-26 18:29:54,530 - vessel_data_pipeline - INFO - Downloading Arrived_in_last_36_hours.xml (attempt 1/3)
2025-10-26 18:29:54,574 - vessel_data_pipeline - INFO - File temp_Arrived_in_last_36_hours.xml passed validation checks
2025-10-26 18:29:54,575 - vessel_data_pipeline - INFO - Created backup: Arrived_in_last_36_hours_20251026_182954.xml
2025-10-26 18:29:54,575 - vessel_data_pipeline - INFO - Updated metadata for Arrived_in_last_36_hours.xml
2025-10-26 18:29:54,575 - vessel_data_pipeline - INFO - Successfully downloaded and validated Arrived_in_last_36_hours.xml
2025-10-26 18:29:56,580 - vessel_data_pipeline - INFO - Downloading Departed_in_last_36_hours.xml (attempt 1/3)
2025-10-26 18:29:56,656 - vessel_data_pipeline - INFO - File temp_Departed_in_last_36_hours.xml passed validation checks
2025-10-26 18:29:56,656 - vessel_data_pipeline - INFO - Created backup: Departed_in_last_36_hours_20251026_182956.xml
2025-10-26 18:29:56,657 - vessel_data_pipeline - INFO - Updated metadata for Departed_in_last_36_hours.xml
2025-10-26 18:29:56,657 - vessel_data_pipeline - INFO - Successfully downloaded and validated Departed_in_last_36_hours.xml
2025-10-26 18:29:58,662 - vessel_data_pipeline - INFO - Downloading Expected_arrivals.xml (attempt 1/3)
2025-10-26 18:29:58,749 - vessel_data_pipeline - INFO - File temp_Expected_arrivals.xml passed validation checks
2025-10-26 18:29:58,749 - vessel_data_pipeline - INFO - Created backup: Expected_arrivals_20251026_182958.xml
2025-10-26 18:29:58,750 - vessel_data_pipeline - INFO - Updated metadata for Expected_arrivals.xml
2025-10-26 18:29:58,750 - vessel_data_pipeline - INFO - Successfully downloaded and validated Expected_arrivals.xml
2025-10-26 18:30:00,755 - vessel_data_pipeline - INFO - Downloading Expected_departures.xml (attempt 1/3)
2025-10-26 18:30:00,894 - vessel_data_pipeline - INFO - File temp_Expected_departures.xml passed validation checks
2025-10-26 18:30:00,894 - vessel_data_pipeline - INFO - Created backup: Expected_departures_20251026_183000.xml
2025-10-26 18:30:00,894 - vessel_data_pipeline - INFO - Updated metadata for Expected_departures.xml
2025-10-26 18:30:00,894 - vessel_data_pipeline - INFO - Successfully downloaded and validated Expected_departures.xml
2025-10-26 18:30:02,895 - vessel_data_pipeline - INFO - Fetch operation completed. Results: {'Arrived_in_last_36_hours.xml': True, 'Departed_in_last_36_hours.xml': True, 'Expected_arrivals.xml': True, 'Expected_departures.xml': True}
2025-10-26 18:30:02,930 - vessel_data_pipeline - INFO - VesselDataFetcher initialized. Pipeline enabled: True
2025-10-26 18:30:02,931 - vessel_data_pipeline - INFO - Starting vessel data fetch operation
2025-10-26 18:30:02,931 - vessel_data_pipeline - INFO - Discovering XML files from Hong Kong Marine Department portal
2025-10-26 18:30:02,993 - vessel_data_pipeline - INFO - Verified access to Arrived_in_last_36_hours.xml
2025-10-26 18:30:03,025 - vessel_data_pipeline - INFO - Verified access to Departed_in_last_36_hours.xml
2025-10-26 18:30:03,180 - vessel_data_pipeline - INFO - Verified access to Expected_arrivals.xml
2025-10-26 18:30:03,217 - vessel_data_pipeline - INFO - Verified access to Expected_departures.xml
2025-10-26 18:30:03,217 - vessel_data_pipeline - INFO - Discovered 4 XML files for download
2025-10-26 18:30:03,217 - vessel_data_pipeline - INFO - Downloading Arrived_in_last_36_hours.xml (attempt 1/3)
2025-10-26 18:30:03,270 - vessel_data_pipeline - INFO - File temp_Arrived_in_last_36_hours.xml passed validation checks
2025-10-26 18:30:03,271 - vessel_data_pipeline - INFO - Created backup: Arrived_in_last_36_hours_20251026_183003.xml
2025-10-26 18:30:03,271 - vessel_data_pipeline - INFO - Updated metadata for Arrived_in_last_36_hours.xml
2025-10-26 18:30:03,271 - vessel_data_pipeline - INFO - Successfully downloaded and validated Arrived_in_last_36_hours.xml
2025-10-26 18:30:05,276 - vessel_data_pipeline - INFO - Downloading Departed_in_last_36_hours.xml (attempt 1/3)
2025-10-26 18:30:05,333 - vessel_data_pipeline - INFO - File temp_Departed_in_last_36_hours.xml passed validation checks
2025-10-26 18:30:05,333 - vessel_data_pipeline - INFO - Created backup: Departed_in_last_36_hours_20251026_183005.xml
2025-10-26 18:30:05,334 - vessel_data_pipeline - INFO - Updated metadata for Departed_in_last_36_hours.xml
2025-10-26 18:30:05,334 - vessel_data_pipeline - INFO - Successfully downloaded and validated Departed_in_last_36_hours.xml
2025-10-26 18:30:07,334 - vessel_data_pipeline - INFO - Downloading Expected_arrivals.xml (attempt 1/3)
2025-10-26 18:30:07,408 - vessel_data_pipeline - INFO - File temp_Expected_arrivals.xml passed validation checks
2025-10-26 18:30:07,408 - vessel_data_pipeline - INFO - Created backup: Expected_arrivals_20251026_183007.xml
2025-10-26 18:30:07,409 - vessel_data_pipeline - INFO - Updated metadata for Expected_arrivals.xml
2025-10-26 18:30:07,409 - vessel_data_pipeline - INFO - Successfully downloaded and validated Expected_arrivals.xml
2025-10-26 18:30:09,413 - vessel_data_pipeline - INFO - Downloading Expected_departures.xml (attempt 1/3)
2025-10-26 18:30:09,466 - vessel_data_pipeline - INFO - File temp_Expected_departures.xml passed validation checks
2025-10-26 18:30:09,466 - vessel_data_pipeline - INFO - Created backup: Expected_departures_20251026_183009.xml
2025-10-26 18:30:09,466 - vessel_data_pipeline - INFO - Updated metadata for Expected_departures.xml
2025-10-26 18:30:09,466 - vessel_data_pipeline - INFO - Successfully downloaded and validated Expected_departures.xml
2025-10-26 18:30:11,471 - vessel_data_pipeline - INFO - Fetch operation completed. Results: {'Arrived_in_last_36_hours.xml': True, 'Departed_in_last_36_hours.xml': True, 'Expected_arrivals.xml': True, 'Expected_departures.xml': True}
2025-10-26 18:30:11,475 - vessel_data_pipeline - INFO - VesselDataFetcher initialized. Pipeline enabled: True
2025-10-26 18:30:11,475 - vessel_data_pipeline - INFO - Starting vessel data fetch operation
2025-10-26 18:30:11,475 - vessel_data_pipeline - INFO - Discovering XML files from Hong Kong Marine Department portal
2025-10-26 18:30:11,532 - vessel_data_pipeline - INFO - Verified access to Arrived_in_last_36_hours.xml
2025-10-26 18:30:11,588 - vessel_data_pipeline - INFO - Verified access to Departed_in_last_36_hours.xml
2025-10-26 18:30:11,833 - vessel_data_pipeline - INFO - Verified access to Expected_arrivals.xml
2025-10-26 18:30:11,878 - vessel_data_pipeline - INFO - Verified access to Expected_departures.xml
2025-10-26 18:30:11,879 - vessel_data_pipeline - INFO - Discovered 4 XML files for download
2025-10-26 18:30:11,879 - vessel_data_pipeline - INFO - Downloading Arrived_in_last_36_hours.xml (attempt 1/3)
2025-10-26 18:30:11,952 - vessel_data_pipeline - INFO - File temp_Arrived_in_last_36_hours.xml passed validation checks
2025-10-26 18:30:11,952 - vessel_data_pipeline - INFO - Created backup: Arrived_in_last_36_hours_20251026_183011.xml
2025-10-26 18:30:11,953 - vessel_data_pipeline - INFO - Updated metadata for Arrived_in_last_36_hours.xml
2025-10-26 18:30:11,953 - vessel_data_pipeline - INFO - Successfully downloaded and validated Arrived_in_last_36_hours.xml
2025-10-26 18:30:13,956 - vessel_data_pipeline - INFO - Downloading Departed_in_last_36_hours.xml (attempt 1/3)
2025-10-26 18:30:14,034 - vessel_data_pipeline - INFO - File temp_Departed_in_last_36_hours.xml passed validation checks
2025-10-26 18:30:14,034 - vessel_data_pipeline - INFO - Created backup: Departed_in_last_36_hours_20251026_183014.xml
2025-10-26 18:30:14,034 - vessel_data_pipeline - INFO - Updated metadata for Departed_in_last_36_hours.xml
2025-10-26 18:30:14,034 - vessel_data_pipeline - INFO - Successfully downloaded and validated Departed_in_last_36_hours.xml
2025-10-26 18:30:16,037 - vessel_data_pipeline - INFO - Downloading Expected_arrivals.xml (attempt 1/3)
2025-10-26 18:30:16,091 - vessel_data_pipeline - INFO - File temp_Expected_arrivals.xml passed validation checks
2025-10-26 18:30:16,091 - vessel_data_pipeline - INFO - Created backup: Expected_arrivals_20251026_183016.xml
2025-10-26 18:30:16,091 - vessel_data_pipeline - INFO - Updated metadata for Expected_arrivals.xml
2025-10-26 18:30:16,091 - vessel_data_pipeline - INFO - Successfully downloaded and validated Expected_arrivals.xml
2025-10-26 18:30:18,097 - vessel_data_pipeline - INFO - Downloading Expected_departures.xml (attempt 1/3)
2025-10-26 18:30:18,144 - vessel_data_pipeline - INFO - File temp_Expected_departures.xml passed validation checks
2025-10-26 18:30:18,144 - vessel_data_pipeline - INFO - Created backup: Expected_departures_20251026_183018.xml
2025-10-26 18:30:18,144 - vessel_data_pipeline - INFO - Updated metadata for Expected_departures.xml
2025-10-26 18:30:18,144 - vessel_data_pipeline - INFO - Successfully downloaded and validated Expected_departures.xml
2025-10-26 18:30:20,146 - vessel_data_pipeline - INFO - Fetch operation completed. Results: {'Arrived_in_last_36_hours.xml': True, 'Departed_in_last_36_hours.xml': True, 'Expected_arrivals.xml': True, 'Expected_departures.xml': True}
2025-10-26 18:30:47,022 - vessel_data_pipeline - INFO - VesselDataFetcher initialized. Pipeline enabled: True
2025-10-26 18:30:47,024 - vessel_data_pipeline - INFO - VesselDataFetcher initialized. Pipeline enabled: True
2025-10-26 18:30:47,024 - vessel_data_pipeline - INFO - Starting vessel data fetch operation
2025-10-26 18:30:47,024 - vessel_data_pipeline - INFO - Discovering XML files from Hong Kong Marine Department portal
2025-10-26 18:30:47,147 - vessel_data_pipeline - INFO - Verified access to Arrived_in_last_36_hours.xml
2025-10-26 18:30:47,188 - vessel_data_pipeline - INFO - Verified access to Departed_in_last_36_hours.xml
2025-10-26 18:30:47,227 - vessel_data_pipeline - INFO - Verified access to Expected_arrivals.xml
2025-10-26 18:30:47,290 - vessel_data_pipeline - INFO - Verified access to Expected_departures.xml
2025-10-26 18:30:47,290 - vessel_data_pipeline - INFO - Discovered 4 XML files for download
2025-10-26 18:30:47,291 - vessel_data_pipeline - INFO - Downloading Arrived_in_last_36_hours.xml (attempt 1/3)
2025-10-26 18:30:47,346 - vessel_data_pipeline - INFO - File temp_Arrived_in_last_36_hours.xml passed validation checks
2025-10-26 18:30:47,349 - vessel_data_pipeline - INFO - Created backup: Arrived_in_last_36_hours_20251026_183047.xml
2025-10-26 18:30:47,350 - vessel_data_pipeline - INFO - Updated metadata for Arrived_in_last_36_hours.xml
2025-10-26 18:30:47,350 - vessel_data_pipeline - INFO - Successfully downloaded and validated Arrived_in_last_36_hours.xml
2025-10-26 18:30:49,353 - vessel_data_pipeline - INFO - Downloading Departed_in_last_36_hours.xml (attempt 1/3)
2025-10-26 18:30:49,422 - vessel_data_pipeline - INFO - File temp_Departed_in_last_36_hours.xml passed validation checks
2025-10-26 18:30:49,423 - vessel_data_pipeline - INFO - Created backup: Departed_in_last_36_hours_20251026_183049.xml
2025-10-26 18:30:49,423 - vessel_data_pipeline - INFO - Updated metadata for Departed_in_last_36_hours.xml
2025-10-26 18:30:49,423 - vessel_data_pipeline - INFO - Successfully downloaded and validated Departed_in_last_36_hours.xml
2025-10-26 18:30:51,427 - vessel_data_pipeline - INFO - Downloading Expected_arrivals.xml (attempt 1/3)
2025-10-26 18:30:51,482 - vessel_data_pipeline - INFO - File temp_Expected_arrivals.xml passed validation checks
2025-10-26 18:30:51,483 - vessel_data_pipeline - INFO - Created backup: Expected_arrivals_20251026_183051.xml
2025-10-26 18:30:51,484 - vessel_data_pipeline - INFO - Updated metadata for Expected_arrivals.xml
2025-10-26 18:30:51,484 - vessel_data_pipeline - INFO - Successfully downloaded and validated Expected_arrivals.xml
2025-10-26 18:30:53,487 - vessel_data_pipeline - INFO - Downloading Expected_departures.xml (attempt 1/3)
2025-10-26 18:30:53,538 - vessel_data_pipeline - INFO - File temp_Expected_departures.xml passed validation checks
2025-10-26 18:30:53,539 - vessel_data_pipeline - INFO - Created backup: Expected_departures_20251026_183053.xml
2025-10-26 18:30:53,539 - vessel_data_pipeline - INFO - Updated metadata for Expected_departures.xml
2025-10-26 18:30:53,539 - vessel_data_pipeline - INFO - Successfully downloaded and validated Expected_departures.xml
2025-10-26 18:30:55,544 - vessel_data_pipeline - INFO - Fetch operation completed. Results: {'Arrived_in_last_36_hours.xml': True, 'Departed_in_last_36_hours.xml': True, 'Expected_arrivals.xml': True, 'Expected_departures.xml': True}
2025-10-26 18:30:58,570 - vessel_data_pipeline - INFO - VesselDataFetcher initialized. Pipeline enabled: True
2025-10-26 18:30:58,570 - vessel_data_pipeline - INFO - Starting vessel data fetch operation
2025-10-26 18:30:58,570 - vessel_data_pipeline - INFO - Discovering XML files from Hong Kong Marine Department portal
2025-10-26 18:30:58,642 - vessel_data_pipeline - INFO - Verified access to Arrived_in_last_36_hours.xml
2025-10-26 18:30:58,697 - vessel_data_pipeline - INFO - Verified access to Departed_in_last_36_hours.xml
2025-10-26 18:30:58,733 - vessel_data_pipeline - INFO - Verified access to Expected_arrivals.xml
2025-10-26 18:30:58,770 - vessel_data_pipeline - INFO - Verified access to Expected_departures.xml
2025-10-26 18:30:58,770 - vessel_data_pipeline - INFO - Discovered 4 XML files for download
2025-10-26 18:30:58,770 - vessel_data_pipeline - INFO - Downloading Arrived_in_last_36_hours.xml (attempt 1/3)
2025-10-26 18:30:58,829 - vessel_data_pipeline - INFO - File temp_Arrived_in_last_36_hours.xml passed validation checks
2025-10-26 18:30:58,830 - vessel_data_pipeline - INFO - Created backup: Arrived_in_last_36_hours_20251026_183058.xml
2025-10-26 18:30:58,831 - vessel_data_pipeline - INFO - Updated metadata for Arrived_in_last_36_hours.xml
2025-10-26 18:30:58,831 - vessel_data_pipeline - INFO - Successfully downloaded and validated Arrived_in_last_36_hours.xml
2025-10-26 18:31:00,837 - vessel_data_pipeline - INFO - Downloading Departed_in_last_36_hours.xml (attempt 1/3)
2025-10-26 18:31:00,908 - vessel_data_pipeline - INFO - File temp_Departed_in_last_36_hours.xml passed validation checks
2025-10-26 18:31:00,909 - vessel_data_pipeline - INFO - Created backup: Departed_in_last_36_hours_20251026_183100.xml
2025-10-26 18:31:00,909 - vessel_data_pipeline - INFO - Updated metadata for Departed_in_last_36_hours.xml
2025-10-26 18:31:00,909 - vessel_data_pipeline - INFO - Successfully downloaded and validated Departed_in_last_36_hours.xml
2025-10-26 18:31:02,913 - vessel_data_pipeline - INFO - Downloading Expected_arrivals.xml (attempt 1/3)
2025-10-26 18:31:02,960 - vessel_data_pipeline - INFO - File temp_Expected_arrivals.xml passed validation checks
2025-10-26 18:31:02,960 - vessel_data_pipeline - INFO - Created backup: Expected_arrivals_20251026_183102.xml
2025-10-26 18:31:02,960 - vessel_data_pipeline - INFO - Updated metadata for Expected_arrivals.xml
2025-10-26 18:31:02,960 - vessel_data_pipeline - INFO - Successfully downloaded and validated Expected_arrivals.xml
2025-10-26 18:31:04,965 - vessel_data_pipeline - INFO - Downloading Expected_departures.xml (attempt 1/3)
2025-10-26 18:31:05,027 - vessel_data_pipeline - INFO - File temp_Expected_departures.xml passed validation checks
2025-10-26 18:31:05,028 - vessel_data_pipeline - INFO - Created backup: Expected_departures_20251026_183105.xml
2025-10-26 18:31:05,028 - vessel_data_pipeline - INFO - Updated metadata for Expected_departures.xml
2025-10-26 18:31:05,028 - vessel_data_pipeline - INFO - Successfully downloaded and validated Expected_departures.xml
2025-10-26 18:31:07,030 - vessel_data_pipeline - INFO - Fetch operation completed. Results: {'Arrived_in_last_36_hours.xml': True, 'Departed_in_last_36_hours.xml': True, 'Expected_arrivals.xml': True, 'Expected_departures.xml': True}
2025-10-26 18:31:07,036 - vessel_data_pipeline - INFO - VesselDataFetcher initialized. Pipeline enabled: True
2025-10-26 18:31:07,037 - vessel_data_pipeline - INFO - Starting vessel data fetch operation
2025-10-26 18:31:07,037 - vessel_data_pipeline - INFO - Discovering XML files from Hong Kong Marine Department portal
2025-10-26 18:31:07,097 - vessel_data_pipeline - INFO - Verified access to Arrived_in_last_36_hours.xml
2025-10-26 18:31:07,150 - vessel_data_pipeline - INFO - Verified access to Departed_in_last_36_hours.xml
2025-10-26 18:31:07,183 - vessel_data_pipeline - INFO - Verified access to Expected_arrivals.xml
2025-10-26 18:31:07,213 - vessel_data_pipeline - INFO - Verified access to Expected_departures.xml
2025-10-26 18:31:07,213 - vessel_data_pipeline - INFO - Discovered 4 XML files for download
2025-10-26 18:31:07,213 - vessel_data_pipeline - INFO - Downloading Arrived_in_last_36_hours.xml (attempt 1/3)
2025-10-26 18:31:07,271 - vessel_data_pipeline - INFO - File temp_Arrived_in_last_36_hours.xml passed validation checks
2025-10-26 18:31:07,271 - vessel_data_pipeline - INFO - Created backup: Arrived_in_last_36_hours_20251026_183107.xml
2025-10-26 18:31:07,271 - vessel_data_pipeline - INFO - Updated metadata for Arrived_in_last_36_hours.xml
2025-10-26 18:31:07,272 - vessel_data_pipeline - INFO - Successfully downloaded and validated Arrived_in_last_36_hours.xml
2025-10-26 18:31:09,277 - vessel_data_pipeline - INFO - Downloading Departed_in_last_36_hours.xml (attempt 1/3)
2025-10-26 18:31:09,330 - vessel_data_pipeline - INFO - File temp_Departed_in_last_36_hours.xml passed validation checks
2025-10-26 18:31:09,330 - vessel_data_pipeline - INFO - Created backup: Departed_in_last_36_hours_20251026_183109.xml
2025-10-26 18:31:09,331 - vessel_data_pipeline - INFO - Updated metadata for Departed_in_last_36_hours.xml
2025-10-26 18:31:09,331 - vessel_data_pipeline - INFO - Successfully downloaded and validated Departed_in_last_36_hours.xml
2025-10-26 18:31:11,336 - vessel_data_pipeline - INFO - Downloading Expected_arrivals.xml (attempt 1/3)
2025-10-26 18:31:11,388 - vessel_data_pipeline - INFO - File temp_Expected_arrivals.xml passed validation checks
2025-10-26 18:31:11,388 - vessel_data_pipeline - INFO - Created backup: Expected_arrivals_20251026_183111.xml
2025-10-26 18:31:11,388 - vessel_data_pipeline - INFO - Updated metadata for Expected_arrivals.xml
2025-10-26 18:31:11,388 - vessel_data_pipeline - INFO - Successfully downloaded and validated Expected_arrivals.xml
2025-10-26 18:31:13,392 - vessel_data_pipeline - INFO - Downloading Expected_departures.xml (attempt 1/3)
2025-10-26 18:31:13,436 - vessel_data_pipeline - INFO - File temp_Expected_departures.xml passed validation checks
2025-10-26 18:31:13,436 - vessel_data_pipeline - INFO - Created backup: Expected_departures_20251026_183113.xml
2025-10-26 18:31:13,437 - vessel_data_pipeline - INFO - Updated metadata for Expected_departures.xml
2025-10-26 18:31:13,437 - vessel_data_pipeline - INFO - Successfully downloaded and validated Expected_departures.xml
2025-10-26 18:31:15,442 - vessel_data_pipeline - INFO - Fetch operation completed. Results: {'Arrived_in_last_36_hours.xml': True, 'Departed_in_last_36_hours.xml': True, 'Expected_arrivals.xml': True, 'Expected_departures.xml': True}
2025-10-26 18:31:15,467 - vessel_data_pipeline - INFO - VesselDataFetcher initialized. Pipeline enabled: True
2025-10-26 18:31:15,468 - vessel_data_pipeline - INFO - Starting vessel data fetch operation
2025-10-26 18:31:15,468 - vessel_data_pipeline - INFO - Discovering XML files from Hong Kong Marine Department portal
2025-10-26 18:31:15,558 - vessel_data_pipeline - INFO - Verified access to Arrived_in_last_36_hours.xml
2025-10-26 18:31:15,643 - vessel_data_pipeline - INFO - Verified access to Departed_in_last_36_hours.xml
2025-10-26 18:31:15,681 - vessel_data_pipeline - INFO - Verified access to Expected_arrivals.xml
2025-10-26 18:31:15,733 - vessel_data_pipeline - INFO - Verified access to Expected_departures.xml
2025-10-26 18:31:15,733 - vessel_data_pipeline - INFO - Discovered 4 XML files for download
2025-10-26 18:31:15,733 - vessel_data_pipeline - INFO - Downloading Arrived_in_last_36_hours.xml (attempt 1/3)
2025-10-26 18:31:15,786 - vessel_data_pipeline - INFO - File temp_Arrived_in_last_36_hours.xml passed validation checks
2025-10-26 18:31:15,786 - vessel_data_pipeline - INFO - Created backup: Arrived_in_last_36_hours_20251026_183115.xml
2025-10-26 18:31:15,787 - vessel_data_pipeline - INFO - Updated metadata for Arrived_in_last_36_hours.xml
2025-10-26 18:31:15,787 - vessel_data_pipeline - INFO - Successfully downloaded and validated Arrived_in_last_36_hours.xml
2025-10-26 18:31:17,792 - vessel_data_pipeline - INFO - Downloading Departed_in_last_36_hours.xml (attempt 1/3)
2025-10-26 18:31:17,857 - vessel_data_pipeline - INFO - File temp_Departed_in_last_36_hours.xml passed validation checks
2025-10-26 18:31:17,857 - vessel_data_pipeline - INFO - Created backup: Departed_in_last_36_hours_20251026_183117.xml
2025-10-26 18:31:17,857 - vessel_data_pipeline - INFO - Updated metadata for Departed_in_last_36_hours.xml
2025-10-26 18:31:17,858 - vessel_data_pipeline - INFO - Successfully downloaded and validated Departed_in_last_36_hours.xml
2025-10-26 18:31:19,863 - vessel_data_pipeline - INFO - Downloading Expected_arrivals.xml (attempt 1/3)
2025-10-26 18:31:19,906 - vessel_data_pipeline - INFO - File temp_Expected_arrivals.xml passed validation checks
2025-10-26 18:31:19,907 - vessel_data_pipeline - INFO - Created backup: Expected_arrivals_20251026_183119.xml
2025-10-26 18:31:19,907 - vessel_data_pipeline - INFO - Updated metadata for Expected_arrivals.xml
2025-10-26 18:31:19,907 - vessel_data_pipeline - INFO - Successfully downloaded and validated Expected_arrivals.xml
2025-10-26 18:31:21,912 - vessel_data_pipeline - INFO - Downloading Expected_departures.xml (attempt 1/3)
2025-10-26 18:31:21,988 - vessel_data_pipeline - INFO - File temp_Expected_departures.xml passed validation checks
2025-10-26 18:31:21,988 - vessel_data_pipeline - INFO - Created backup: Expected_departures_20251026_183121.xml
2025-10-26 18:31:21,989 - vessel_data_pipeline - INFO - Updated metadata for Expected_departures.xml
2025-10-26 18:31:21,989 - vessel_data_pipeline - INFO - Successfully downloaded and validated Expected_departures.xml
2025-10-26 18:31:23,994 - vessel_data_pipeline - INFO - Fetch operation completed. Results: {'Arrived_in_last_36_hours.xml': True, 'Departed_in_last_36_hours.xml': True, 'Expected_arrivals.xml': True, 'Expected_departures.xml': True}
2025-10-26 18:31:23,997 - vessel_data_pipeline - INFO - VesselDataFetcher initialized. Pipeline enabled: True
2025-10-26 18:31:23,998 - vessel_data_pipeline - INFO - Starting vessel data fetch operation
2025-10-26 18:31:23,998 - vessel_data_pipeline - INFO - Discovering XML files from Hong Kong Marine Department portal
2025-10-26 18:31:24,062 - vessel_data_pipeline - INFO - Verified access to Arrived_in_last_36_hours.xml
2025-10-26 18:31:24,092 - vessel_data_pipeline - INFO - Verified access to Departed_in_last_36_hours.xml
2025-10-26 18:31:24,139 - vessel_data_pipeline - INFO - Verified access to Expected_arrivals.xml
2025-10-26 18:31:24,174 - vessel_data_pipeline - INFO - Verified access to Expected_departures.xml
2025-10-26 18:31:24,174 - vessel_data_pipeline - INFO - Discovered 4 XML files for download
2025-10-26 18:31:24,174 - vessel_data_pipeline - INFO - Downloading Arrived_in_last_36_hours.xml (attempt 1/3)
2025-10-26 18:31:24,245 - vessel_data_pipeline - INFO - File temp_Arrived_in_last_36_hours.xml passed validation checks
2025-10-26 18:31:24,245 - vessel_data_pipeline - INFO - Created backup: Arrived_in_last_36_hours_20251026_183124.xml
2025-10-26 18:31:24,246 - vessel_data_pipeline - INFO - Updated metadata for Arrived_in_last_36_hours.xml
2025-10-26 18:31:24,246 - vessel_data_pipeline - INFO - Successfully downloaded and validated Arrived_in_last_36_hours.xml
2025-10-26 18:31:26,251 - vessel_data_pipeline - INFO - Downloading Departed_in_last_36_hours.xml (attempt 1/3)
2025-10-26 18:31:26,346 - vessel_data_pipeline - INFO - File temp_Departed_in_last_36_hours.xml passed validation checks
2025-10-26 18:31:26,347 - vessel_data_pipeline - INFO - Created backup: Departed_in_last_36_hours_20251026_183126.xml
2025-10-26 18:31:26,347 - vessel_data_pipeline - INFO - Updated metadata for Departed_in_last_36_hours.xml
2025-10-26 18:31:26,347 - vessel_data_pipeline - INFO - Successfully downloaded and validated Departed_in_last_36_hours.xml
2025-10-26 18:31:28,348 - vessel_data_pipeline - INFO - Downloading Expected_arrivals.xml (attempt 1/3)
2025-10-26 18:31:28,392 - vessel_data_pipeline - INFO - File temp_Expected_arrivals.xml passed validation checks
2025-10-26 18:31:28,393 - vessel_data_pipeline - INFO - Created backup: Expected_arrivals_20251026_183128.xml
2025-10-26 18:31:28,393 - vessel_data_pipeline - INFO - Updated metadata for Expected_arrivals.xml
2025-10-26 18:31:28,393 - vessel_data_pipeline - INFO - Successfully downloaded and validated Expected_arrivals.xml
2025-10-26 18:31:30,395 - vessel_data_pipeline - INFO - Downloading Expected_departures.xml (attempt 1/3)
2025-10-26 18:31:30,444 - vessel_data_pipeline - INFO - File temp_Expected_departures.xml passed validation checks
2025-10-26 18:31:30,445 - vessel_data_pipeline - INFO - Created backup: Expected_departures_20251026_183130.xml
2025-10-26 18:31:30,445 - vessel_data_pipeline - INFO - Updated metadata for Expected_departures.xml
2025-10-26 18:31:30,445 - vessel_data_pipeline - INFO - Successfully downloaded and validated Expected_departures.xml
2025-10-26 18:31:32,450 - vessel_data_pipeline - INFO - Fetch operation completed. Results: {'Arrived_in_last_36_hours.xml': True, 'Departed_in_last_36_hours.xml': True, 'Expected_arrivals.xml': True, 'Expected_departures.xml': True}
2025-10-26 18:36:15,708 - vessel_data_pipeline - INFO - VesselDataFetcher initialized. Pipeline enabled: True
2025-10-26 18:36:15,709 - vessel_data_pipeline - INFO - Starting vessel data fetch operation
2025-10-26 18:36:15,709 - vessel_data_pipeline - INFO - Discovering XML files from Hong Kong Marine Department portal
2025-10-26 18:36:16,002 - vessel_data_pipeline - INFO - Verified access to Arrived_in_last_36_hours.xml
2025-10-26 18:36:16,181 - vessel_data_pipeline - INFO - Verified access to Departed_in_last_36_hours.xml
2025-10-26 18:36:16,391 - vessel_data_pipeline - INFO - Verified access to Expected_arrivals.xml
2025-10-26 18:36:16,637 - vessel_data_pipeline - INFO - Verified access to Expected_departures.xml
2025-10-26 18:36:16,638 - vessel_data_pipeline - INFO - Discovered 4 XML files for download
2025-10-26 18:36:16,638 - vessel_data_pipeline - INFO - Downloading Arrived_in_last_36_hours.xml (attempt 1/3)
2025-10-26 18:36:16,685 - vessel_data_pipeline - INFO - File temp_Arrived_in_last_36_hours.xml passed validation checks
2025-10-26 18:36:16,686 - vessel_data_pipeline - INFO - Created backup: Arrived_in_last_36_hours_20251026_183616.xml
2025-10-26 18:36:16,686 - vessel_data_pipeline - INFO - Updated metadata for Arrived_in_last_36_hours.xml
2025-10-26 18:36:16,686 - vessel_data_pipeline - INFO - Successfully downloaded and validated Arrived_in_last_36_hours.xml
2025-10-26 18:36:18,691 - vessel_data_pipeline - INFO - Downloading Departed_in_last_36_hours.xml (attempt 1/3)
2025-10-26 18:36:18,758 - vessel_data_pipeline - INFO - File temp_Departed_in_last_36_hours.xml passed validation checks
2025-10-26 18:36:18,759 - vessel_data_pipeline - INFO - Created backup: Departed_in_last_36_hours_20251026_183618.xml
2025-10-26 18:36:18,759 - vessel_data_pipeline - INFO - Updated metadata for Departed_in_last_36_hours.xml
2025-10-26 18:36:18,759 - vessel_data_pipeline - INFO - Successfully downloaded and validated Departed_in_last_36_hours.xml
2025-10-26 18:36:20,760 - vessel_data_pipeline - INFO - Downloading Expected_arrivals.xml (attempt 1/3)
2025-10-26 18:36:20,854 - vessel_data_pipeline - INFO - File temp_Expected_arrivals.xml passed validation checks
2025-10-26 18:36:20,854 - vessel_data_pipeline - INFO - Created backup: Expected_arrivals_20251026_183620.xml
2025-10-26 18:36:20,854 - vessel_data_pipeline - INFO - Updated metadata for Expected_arrivals.xml
2025-10-26 18:36:20,854 - vessel_data_pipeline - INFO - Successfully downloaded and validated Expected_arrivals.xml
2025-10-26 18:36:22,859 - vessel_data_pipeline - INFO - Downloading Expected_departures.xml (attempt 1/3)
2025-10-26 18:36:22,910 - vessel_data_pipeline - INFO - File temp_Expected_departures.xml passed validation checks
2025-10-26 18:36:22,910 - vessel_data_pipeline - INFO - Created backup: Expected_departures_20251026_183622.xml
2025-10-26 18:36:22,911 - vessel_data_pipeline - INFO - Updated metadata for Expected_departures.xml
2025-10-26 18:36:22,911 - vessel_data_pipeline - INFO - Successfully downloaded and validated Expected_departures.xml
2025-10-26 18:36:24,913 - vessel_data_pipeline - INFO - Fetch operation completed. Results: {'Arrived_in_last_36_hours.xml': True, 'Departed_in_last_36_hours.xml': True, 'Expected_arrivals.xml': True, 'Expected_departures.xml': True}
2025-10-26 18:36:24,917 - vessel_data_pipeline - INFO - VesselDataFetcher initialized. Pipeline enabled: True
2025-10-26 18:36:24,917 - vessel_data_pipeline - INFO - Starting vessel data fetch operation
2025-10-26 18:36:24,917 - vessel_data_pipeline - INFO - Discovering XML files from Hong Kong Marine Department portal
2025-10-26 18:36:24,980 - vessel_data_pipeline - INFO - Verified access to Arrived_in_last_36_hours.xml
2025-10-26 18:36:25,013 - vessel_data_pipeline - INFO - Verified access to Departed_in_last_36_hours.xml
2025-10-26 18:36:25,073 - vessel_data_pipeline - INFO - Verified access to Expected_arrivals.xml
2025-10-26 18:36:25,117 - vessel_data_pipeline - INFO - Verified access to Expected_departures.xml
2025-10-26 18:36:25,117 - vessel_data_pipeline - INFO - Discovered 4 XML files for download
2025-10-26 18:36:25,117 - vessel_data_pipeline - INFO - Downloading Arrived_in_last_36_hours.xml (attempt 1/3)
2025-10-26 18:36:25,250 - vessel_data_pipeline - INFO - File temp_Arrived_in_last_36_hours.xml passed validation checks
2025-10-26 18:36:25,251 - vessel_data_pipeline - INFO - Created backup: Arrived_in_last_36_hours_20251026_183625.xml
2025-10-26 18:36:25,252 - vessel_data_pipeline - INFO - Updated metadata for Arrived_in_last_36_hours.xml
2025-10-26 18:36:25,252 - vessel_data_pipeline - INFO - Successfully downloaded and validated Arrived_in_last_36_hours.xml
2025-10-26 18:36:27,253 - vessel_data_pipeline - INFO - Downloading Departed_in_last_36_hours.xml (attempt 1/3)
2025-10-26 18:36:27,396 - vessel_data_pipeline - INFO - File temp_Departed_in_last_36_hours.xml passed validation checks
2025-10-26 18:36:27,397 - vessel_data_pipeline - INFO - Created backup: Departed_in_last_36_hours_20251026_183627.xml
2025-10-26 18:36:27,397 - vessel_data_pipeline - INFO - Updated metadata for Departed_in_last_36_hours.xml
2025-10-26 18:36:27,397 - vessel_data_pipeline - INFO - Successfully downloaded and validated Departed_in_last_36_hours.xml
2025-10-26 18:36:29,401 - vessel_data_pipeline - INFO - Downloading Expected_arrivals.xml (attempt 1/3)
2025-10-26 18:36:30,089 - vessel_data_pipeline - INFO - File temp_Expected_arrivals.xml passed validation checks
2025-10-26 18:36:30,090 - vessel_data_pipeline - INFO - Created backup: Expected_arrivals_20251026_183630.xml
2025-10-26 18:36:30,090 - vessel_data_pipeline - INFO - Updated metadata for Expected_arrivals.xml
2025-10-26 18:36:30,090 - vessel_data_pipeline - INFO - Successfully downloaded and validated Expected_arrivals.xml
2025-10-26 18:36:32,095 - vessel_data_pipeline - INFO - Downloading Expected_departures.xml (attempt 1/3)
2025-10-26 18:36:32,156 - vessel_data_pipeline - INFO - File temp_Expected_departures.xml passed validation checks
2025-10-26 18:36:32,157 - vessel_data_pipeline - INFO - Created backup: Expected_departures_20251026_183632.xml
2025-10-26 18:36:32,157 - vessel_data_pipeline - INFO - Updated metadata for Expected_departures.xml
2025-10-26 18:36:32,157 - vessel_data_pipeline - INFO - Successfully downloaded and validated Expected_departures.xml
2025-10-26 18:36:34,159 - vessel_data_pipeline - INFO - Fetch operation completed. Results: {'Arrived_in_last_36_hours.xml': True, 'Departed_in_last_36_hours.xml': True, 'Expected_arrivals.xml': True, 'Expected_departures.xml': True}
2025-10-26 18:36:34,182 - vessel_data_pipeline - INFO - VesselDataFetcher initialized. Pipeline enabled: True
2025-10-26 18:36:34,183 - vessel_data_pipeline - INFO - Starting vessel data fetch operation
2025-10-26 18:36:34,183 - vessel_data_pipeline - INFO - Discovering XML files from Hong Kong Marine Department portal
2025-10-26 18:36:34,248 - vessel_data_pipeline - INFO - Verified access to Arrived_in_last_36_hours.xml
2025-10-26 18:36:34,400 - vessel_data_pipeline - INFO - Verified access to Departed_in_last_36_hours.xml
2025-10-26 18:36:34,433 - vessel_data_pipeline - INFO - Verified access to Expected_arrivals.xml
2025-10-26 18:36:34,466 - vessel_data_pipeline - INFO - Verified access to Expected_departures.xml
2025-10-26 18:36:34,466 - vessel_data_pipeline - INFO - Discovered 4 XML files for download
2025-10-26 18:36:34,466 - vessel_data_pipeline - INFO - Downloading Arrived_in_last_36_hours.xml (attempt 1/3)
2025-10-26 18:36:34,758 - vessel_data_pipeline - INFO - File temp_Arrived_in_last_36_hours.xml passed validation checks
2025-10-26 18:36:34,758 - vessel_data_pipeline - INFO - Created backup: Arrived_in_last_36_hours_20251026_183634.xml
2025-10-26 18:36:34,759 - vessel_data_pipeline - INFO - Updated metadata for Arrived_in_last_36_hours.xml
2025-10-26 18:36:34,759 - vessel_data_pipeline - INFO - Successfully downloaded and validated Arrived_in_last_36_hours.xml
2025-10-26 18:36:36,763 - vessel_data_pipeline - INFO - Downloading Departed_in_last_36_hours.xml (attempt 1/3)
2025-10-26 18:36:36,818 - vessel_data_pipeline - INFO - File temp_Departed_in_last_36_hours.xml passed validation checks
2025-10-26 18:36:36,819 - vessel_data_pipeline - INFO - Created backup: Departed_in_last_36_hours_20251026_183636.xml
2025-10-26 18:36:36,819 - vessel_data_pipeline - INFO - Updated metadata for Departed_in_last_36_hours.xml
2025-10-26 18:36:36,819 - vessel_data_pipeline - INFO - Successfully downloaded and validated Departed_in_last_36_hours.xml
2025-10-26 18:36:38,820 - vessel_data_pipeline - INFO - Downloading Expected_arrivals.xml (attempt 1/3)
2025-10-26 18:36:38,966 - vessel_data_pipeline - INFO - File temp_Expected_arrivals.xml passed validation checks
2025-10-26 18:36:38,966 - vessel_data_pipeline - INFO - Created backup: Expected_arrivals_20251026_183638.xml
2025-10-26 18:36:38,967 - vessel_data_pipeline - INFO - Updated metadata for Expected_arrivals.xml
2025-10-26 18:36:38,967 - vessel_data_pipeline - INFO - Successfully downloaded and validated Expected_arrivals.xml
2025-10-26 18:36:40,972 - vessel_data_pipeline - INFO - Downloading Expected_departures.xml (attempt 1/3)
2025-10-26 18:36:41,045 - vessel_data_pipeline - INFO - File temp_Expected_departures.xml passed validation checks
2025-10-26 18:36:41,045 - vessel_data_pipeline - INFO - Created backup: Expected_departures_20251026_183641.xml
2025-10-26 18:36:41,045 - vessel_data_pipeline - INFO - Updated metadata for Expected_departures.xml
2025-10-26 18:36:41,045 - vessel_data_pipeline - INFO - Successfully downloaded and validated Expected_departures.xml
2025-10-26 18:36:43,049 - vessel_data_pipeline - INFO - Fetch operation completed. Results: {'Arrived_in_last_36_hours.xml': True, 'Departed_in_last_36_hours.xml': True, 'Expected_arrivals.xml': True, 'Expected_departures.xml': True}
2025-10-26 18:36:43,053 - vessel_data_pipeline - INFO - VesselDataFetcher initialized. Pipeline enabled: True
2025-10-26 18:36:43,054 - vessel_data_pipeline - INFO - Starting vessel data fetch operation
2025-10-26 18:36:43,054 - vessel_data_pipeline - INFO - Discovering XML files from Hong Kong Marine Department portal
2025-10-26 18:36:43,136 - vessel_data_pipeline - INFO - Verified access to Arrived_in_last_36_hours.xml
2025-10-26 18:36:43,170 - vessel_data_pipeline - INFO - Verified access to Departed_in_last_36_hours.xml
2025-10-26 18:36:43,240 - vessel_data_pipeline - INFO - Verified access to Expected_arrivals.xml
2025-10-26 18:36:43,295 - vessel_data_pipeline - INFO - Verified access to Expected_departures.xml
2025-10-26 18:36:43,295 - vessel_data_pipeline - INFO - Discovered 4 XML files for download
2025-10-26 18:36:43,295 - vessel_data_pipeline - INFO - Downloading Arrived_in_last_36_hours.xml (attempt 1/3)
2025-10-26 18:36:43,481 - vessel_data_pipeline - INFO - File temp_Arrived_in_last_36_hours.xml passed validation checks
2025-10-26 18:36:43,482 - vessel_data_pipeline - INFO - Created backup: Arrived_in_last_36_hours_20251026_183643.xml
2025-10-26 18:36:43,482 - vessel_data_pipeline - INFO - Updated metadata for Arrived_in_last_36_hours.xml
2025-10-26 18:36:43,482 - vessel_data_pipeline - INFO - Successfully downloaded and validated Arrived_in_last_36_hours.xml
2025-10-26 18:36:45,484 - vessel_data_pipeline - INFO - Downloading Departed_in_last_36_hours.xml (attempt 1/3)
2025-10-26 18:36:45,620 - vessel_data_pipeline - INFO - File temp_Departed_in_last_36_hours.xml passed validation checks
2025-10-26 18:36:45,621 - vessel_data_pipeline - INFO - Created backup: Departed_in_last_36_hours_20251026_183645.xml
2025-10-26 18:36:45,623 - vessel_data_pipeline - INFO - Updated metadata for Departed_in_last_36_hours.xml
2025-10-26 18:36:45,624 - vessel_data_pipeline - INFO - Successfully downloaded and validated Departed_in_last_36_hours.xml
2025-10-26 18:36:47,629 - vessel_data_pipeline - INFO - Downloading Expected_arrivals.xml (attempt 1/3)
2025-10-26 18:36:47,711 - vessel_data_pipeline - INFO - File temp_Expected_arrivals.xml passed validation checks
2025-10-26 18:36:47,713 - vessel_data_pipeline - INFO - Created backup: Expected_arrivals_20251026_183647.xml
2025-10-26 18:36:47,713 - vessel_data_pipeline - INFO - Updated metadata for Expected_arrivals.xml
2025-10-26 18:36:47,713 - vessel_data_pipeline - INFO - Successfully downloaded and validated Expected_arrivals.xml
2025-10-26 18:36:49,718 - vessel_data_pipeline - INFO - Downloading Expected_departures.xml (attempt 1/3)
2025-10-26 18:36:49,788 - vessel_data_pipeline - INFO - File temp_Expected_departures.xml passed validation checks
2025-10-26 18:36:49,788 - vessel_data_pipeline - INFO - Created backup: Expected_departures_20251026_183649.xml
2025-10-26 18:36:49,788 - vessel_data_pipeline - INFO - Updated metadata for Expected_departures.xml
2025-10-26 18:36:49,788 - vessel_data_pipeline - INFO - Successfully downloaded and validated Expected_departures.xml
2025-10-26 18:36:51,793 - vessel_data_pipeline - INFO - Fetch operation completed. Results: {'Arrived_in_last_36_hours.xml': True, 'Departed_in_last_36_hours.xml': True, 'Expected_arrivals.xml': True, 'Expected_departures.xml': True}
2025-10-26 18:37:07,920 - vessel_data_pipeline - INFO - VesselDataFetcher initialized. Pipeline enabled: True
2025-10-26 18:37:07,921 - vessel_data_pipeline - INFO - Starting vessel data fetch operation
2025-10-26 18:37:07,921 - vessel_data_pipeline - INFO - Discovering XML files from Hong Kong Marine Department portal
2025-10-26 18:37:07,998 - vessel_data_pipeline - INFO - Verified access to Arrived_in_last_36_hours.xml
2025-10-26 18:37:08,032 - vessel_data_pipeline - INFO - Verified access to Departed_in_last_36_hours.xml
2025-10-26 18:37:08,108 - vessel_data_pipeline - INFO - Verified access to Expected_arrivals.xml
2025-10-26 18:37:08,145 - vessel_data_pipeline - INFO - Verified access to Expected_departures.xml
2025-10-26 18:37:08,145 - vessel_data_pipeline - INFO - Discovered 4 XML files for download
2025-10-26 18:37:08,145 - vessel_data_pipeline - INFO - Downloading Arrived_in_last_36_hours.xml (attempt 1/3)
2025-10-26 18:37:08,188 - vessel_data_pipeline - INFO - File temp_Arrived_in_last_36_hours.xml passed validation checks
2025-10-26 18:37:08,188 - vessel_data_pipeline - INFO - Created backup: Arrived_in_last_36_hours_20251026_183708.xml
2025-10-26 18:37:08,189 - vessel_data_pipeline - INFO - Updated metadata for Arrived_in_last_36_hours.xml
2025-10-26 18:37:08,189 - vessel_data_pipeline - INFO - Successfully downloaded and validated Arrived_in_last_36_hours.xml
2025-10-26 18:37:10,189 - vessel_data_pipeline - INFO - Downloading Departed_in_last_36_hours.xml (attempt 1/3)
2025-10-26 18:37:10,271 - vessel_data_pipeline - INFO - File temp_Departed_in_last_36_hours.xml passed validation checks
2025-10-26 18:37:10,272 - vessel_data_pipeline - INFO - Created backup: Departed_in_last_36_hours_20251026_183710.xml
2025-10-26 18:37:10,272 - vessel_data_pipeline - INFO - Updated metadata for Departed_in_last_36_hours.xml
2025-10-26 18:37:10,272 - vessel_data_pipeline - INFO - Successfully downloaded and validated Departed_in_last_36_hours.xml
2025-10-26 18:37:12,274 - vessel_data_pipeline - INFO - Downloading Expected_arrivals.xml (attempt 1/3)
2025-10-26 18:37:12,320 - vessel_data_pipeline - INFO - File temp_Expected_arrivals.xml passed validation checks
2025-10-26 18:37:12,320 - vessel_data_pipeline - INFO - Created backup: Expected_arrivals_20251026_183712.xml
2025-10-26 18:37:12,321 - vessel_data_pipeline - INFO - Updated metadata for Expected_arrivals.xml
2025-10-26 18:37:12,321 - vessel_data_pipeline - INFO - Successfully downloaded and validated Expected_arrivals.xml
2025-10-26 18:37:14,325 - vessel_data_pipeline - INFO - Downloading Expected_departures.xml (attempt 1/3)
2025-10-26 18:37:14,379 - vessel_data_pipeline - INFO - File temp_Expected_departures.xml passed validation checks
2025-10-26 18:37:14,379 - vessel_data_pipeline - INFO - Created backup: Expected_departures_20251026_183714.xml
2025-10-26 18:37:14,379 - vessel_data_pipeline - INFO - Updated metadata for Expected_departures.xml
2025-10-26 18:37:14,379 - vessel_data_pipeline - INFO - Successfully downloaded and validated Expected_departures.xml
2025-10-26 18:37:16,385 - vessel_data_pipeline - INFO - Fetch operation completed. Results: {'Arrived_in_last_36_hours.xml': True, 'Departed_in_last_36_hours.xml': True, 'Expected_arrivals.xml': True, 'Expected_departures.xml': True}
2025-10-26 18:37:16,390 - vessel_data_pipeline - INFO - VesselDataFetcher initialized. Pipeline enabled: True
2025-10-26 18:37:16,391 - vessel_data_pipeline - INFO - Starting vessel data fetch operation
2025-10-26 18:37:16,391 - vessel_data_pipeline - INFO - Discovering XML files from Hong Kong Marine Department portal
2025-10-26 18:37:16,444 - vessel_data_pipeline - INFO - Verified access to Arrived_in_last_36_hours.xml
2025-10-26 18:37:16,511 - vessel_data_pipeline - INFO - Verified access to Departed_in_last_36_hours.xml
2025-10-26 18:37:16,544 - vessel_data_pipeline - INFO - Verified access to Expected_arrivals.xml
2025-10-26 18:37:16,580 - vessel_data_pipeline - INFO - Verified access to Expected_departures.xml
2025-10-26 18:37:16,580 - vessel_data_pipeline - INFO - Discovered 4 XML files for download
2025-10-26 18:37:16,580 - vessel_data_pipeline - INFO - Downloading Arrived_in_last_36_hours.xml (attempt 1/3)
2025-10-26 18:37:16,699 - vessel_data_pipeline - INFO - File temp_Arrived_in_last_36_hours.xml passed validation checks
2025-10-26 18:37:16,699 - vessel_data_pipeline - INFO - Created backup: Arrived_in_last_36_hours_20251026_183716.xml
2025-10-26 18:37:16,699 - vessel_data_pipeline - INFO - Updated metadata for Arrived_in_last_36_hours.xml
2025-10-26 18:37:16,699 - vessel_data_pipeline - INFO - Successfully downloaded and validated Arrived_in_last_36_hours.xml
2025-10-26 18:37:18,705 - vessel_data_pipeline - INFO - Downloading Departed_in_last_36_hours.xml (attempt 1/3)
2025-10-26 18:37:18,785 - vessel_data_pipeline - INFO - File temp_Departed_in_last_36_hours.xml passed validation checks
2025-10-26 18:37:18,786 - vessel_data_pipeline - INFO - Created backup: Departed_in_last_36_hours_20251026_183718.xml
2025-10-26 18:37:18,786 - vessel_data_pipeline - INFO - Updated metadata for Departed_in_last_36_hours.xml
2025-10-26 18:37:18,786 - vessel_data_pipeline - INFO - Successfully downloaded and validated Departed_in_last_36_hours.xml
2025-10-26 18:37:20,787 - vessel_data_pipeline - INFO - Downloading Expected_arrivals.xml (attempt 1/3)
2025-10-26 18:37:20,835 - vessel_data_pipeline - INFO - File temp_Expected_arrivals.xml passed validation checks
2025-10-26 18:37:20,835 - vessel_data_pipeline - INFO - Created backup: Expected_arrivals_20251026_183720.xml
2025-10-26 18:37:20,836 - vessel_data_pipeline - INFO - Updated metadata for Expected_arrivals.xml
2025-10-26 18:37:20,836 - vessel_data_pipeline - INFO - Successfully downloaded and validated Expected_arrivals.xml
2025-10-26 18:37:22,841 - vessel_data_pipeline - INFO - Downloading Expected_departures.xml (attempt 1/3)
2025-10-26 18:37:22,884 - vessel_data_pipeline - INFO - File temp_Expected_departures.xml passed validation checks
2025-10-26 18:37:22,884 - vessel_data_pipeline - INFO - Created backup: Expected_departures_20251026_183722.xml
2025-10-26 18:37:22,884 - vessel_data_pipeline - INFO - Updated metadata for Expected_departures.xml
2025-10-26 18:37:22,885 - vessel_data_pipeline - INFO - Successfully downloaded and validated Expected_departures.xml
2025-10-26 18:37:24,887 - vessel_data_pipeline - INFO - Fetch operation completed. Results: {'Arrived_in_last_36_hours.xml': True, 'Departed_in_last_36_hours.xml': True, 'Expected_arrivals.xml': True, 'Expected_departures.xml': True}
2025-10-26 18:37:24,908 - vessel_data_pipeline - INFO - VesselDataFetcher initialized. Pipeline enabled: True
2025-10-26 18:37:24,909 - vessel_data_pipeline - INFO - Starting vessel data fetch operation
2025-10-26 18:37:24,909 - vessel_data_pipeline - INFO - Discovering XML files from Hong Kong Marine Department portal
2025-10-26 18:37:24,994 - vessel_data_pipeline - INFO - Verified access to Arrived_in_last_36_hours.xml
2025-10-26 18:37:25,032 - vessel_data_pipeline - INFO - Verified access to Departed_in_last_36_hours.xml
2025-10-26 18:37:25,065 - vessel_data_pipeline - INFO - Verified access to Expected_arrivals.xml
2025-10-26 18:37:25,120 - vessel_data_pipeline - INFO - Verified access to Expected_departures.xml
2025-10-26 18:37:25,120 - vessel_data_pipeline - INFO - Discovered 4 XML files for download
2025-10-26 18:37:25,120 - vessel_data_pipeline - INFO - Downloading Arrived_in_last_36_hours.xml (attempt 1/3)
2025-10-26 18:37:25,177 - vessel_data_pipeline - INFO - File temp_Arrived_in_last_36_hours.xml passed validation checks
2025-10-26 18:37:25,177 - vessel_data_pipeline - INFO - Created backup: Arrived_in_last_36_hours_20251026_183725.xml
2025-10-26 18:37:25,177 - vessel_data_pipeline - INFO - Updated metadata for Arrived_in_last_36_hours.xml
2025-10-26 18:37:25,177 - vessel_data_pipeline - INFO - Successfully downloaded and validated Arrived_in_last_36_hours.xml
2025-10-26 18:37:27,179 - vessel_data_pipeline - INFO - Downloading Departed_in_last_36_hours.xml (attempt 1/3)
2025-10-26 18:37:27,246 - vessel_data_pipeline - INFO - File temp_Departed_in_last_36_hours.xml passed validation checks
2025-10-26 18:37:27,246 - vessel_data_pipeline - INFO - Created backup: Departed_in_last_36_hours_20251026_183727.xml
2025-10-26 18:37:27,247 - vessel_data_pipeline - INFO - Updated metadata for Departed_in_last_36_hours.xml
2025-10-26 18:37:27,247 - vessel_data_pipeline - INFO - Successfully downloaded and validated Departed_in_last_36_hours.xml
2025-10-26 18:37:29,250 - vessel_data_pipeline - INFO - Downloading Expected_arrivals.xml (attempt 1/3)
2025-10-26 18:37:29,297 - vessel_data_pipeline - INFO - File temp_Expected_arrivals.xml passed validation checks
2025-10-26 18:37:29,298 - vessel_data_pipeline - INFO - Created backup: Expected_arrivals_20251026_183729.xml
2025-10-26 18:37:29,298 - vessel_data_pipeline - INFO - Updated metadata for Expected_arrivals.xml
2025-10-26 18:37:29,298 - vessel_data_pipeline - INFO - Successfully downloaded and validated Expected_arrivals.xml
2025-10-26 18:37:31,300 - vessel_data_pipeline - INFO - Downloading Expected_departures.xml (attempt 1/3)
2025-10-26 18:37:31,383 - vessel_data_pipeline - INFO - File temp_Expected_departures.xml passed validation checks
2025-10-26 18:37:31,383 - vessel_data_pipeline - INFO - Created backup: Expected_departures_20251026_183731.xml
2025-10-26 18:37:31,383 - vessel_data_pipeline - INFO - Updated metadata for Expected_departures.xml
2025-10-26 18:37:31,383 - vessel_data_pipeline - INFO - Successfully downloaded and validated Expected_departures.xml
2025-10-26 18:37:33,388 - vessel_data_pipeline - INFO - Fetch operation completed. Results: {'Arrived_in_last_36_hours.xml': True, 'Departed_in_last_36_hours.xml': True, 'Expected_arrivals.xml': True, 'Expected_departures.xml': True}
2025-10-26 18:37:33,392 - vessel_data_pipeline - INFO - VesselDataFetcher initialized. Pipeline enabled: True
2025-10-26 18:37:33,392 - vessel_data_pipeline - INFO - Starting vessel data fetch operation
2025-10-26 18:37:33,392 - vessel_data_pipeline - INFO - Discovering XML files from Hong Kong Marine Department portal
2025-10-26 18:37:33,457 - vessel_data_pipeline - INFO - Verified access to Arrived_in_last_36_hours.xml
2025-10-26 18:37:33,488 - vessel_data_pipeline - INFO - Verified access to Departed_in_last_36_hours.xml
2025-10-26 18:37:33,534 - vessel_data_pipeline - INFO - Verified access to Expected_arrivals.xml
2025-10-26 18:37:33,570 - vessel_data_pipeline - INFO - Verified access to Expected_departures.xml
2025-10-26 18:37:33,570 - vessel_data_pipeline - INFO - Discovered 4 XML files for download
2025-10-26 18:37:33,570 - vessel_data_pipeline - INFO - Downloading Arrived_in_last_36_hours.xml (attempt 1/3)
2025-10-26 18:37:33,635 - vessel_data_pipeline - INFO - File temp_Arrived_in_last_36_hours.xml passed validation checks
2025-10-26 18:37:33,635 - vessel_data_pipeline - INFO - Created backup: Arrived_in_last_36_hours_20251026_183733.xml
2025-10-26 18:37:33,636 - vessel_data_pipeline - INFO - Updated metadata for Arrived_in_last_36_hours.xml
2025-10-26 18:37:33,636 - vessel_data_pipeline - INFO - Successfully downloaded and validated Arrived_in_last_36_hours.xml
2025-10-26 18:37:35,639 - vessel_data_pipeline - INFO - Downloading Departed_in_last_36_hours.xml (attempt 1/3)
2025-10-26 18:37:35,754 - vessel_data_pipeline - INFO - File temp_Departed_in_last_36_hours.xml passed validation checks
2025-10-26 18:37:35,755 - vessel_data_pipeline - INFO - Created backup: Departed_in_last_36_hours_20251026_183735.xml
2025-10-26 18:37:35,755 - vessel_data_pipeline - INFO - Updated metadata for Departed_in_last_36_hours.xml
2025-10-26 18:37:35,755 - vessel_data_pipeline - INFO - Successfully downloaded and validated Departed_in_last_36_hours.xml
2025-10-26 18:37:37,760 - vessel_data_pipeline - INFO - Downloading Expected_arrivals.xml (attempt 1/3)
2025-10-26 18:37:37,814 - vessel_data_pipeline - INFO - File temp_Expected_arrivals.xml passed validation checks
2025-10-26 18:37:37,815 - vessel_data_pipeline - INFO - Created backup: Expected_arrivals_20251026_183737.xml
2025-10-26 18:37:37,815 - vessel_data_pipeline - INFO - Updated metadata for Expected_arrivals.xml
2025-10-26 18:37:37,815 - vessel_data_pipeline - INFO - Successfully downloaded and validated Expected_arrivals.xml
2025-10-26 18:37:39,820 - vessel_data_pipeline - INFO - Downloading Expected_departures.xml (attempt 1/3)
2025-10-26 18:37:39,874 - vessel_data_pipeline - INFO - File temp_Expected_departures.xml passed validation checks
2025-10-26 18:37:39,874 - vessel_data_pipeline - INFO - Created backup: Expected_departures_20251026_183739.xml
2025-10-26 18:37:39,874 - vessel_data_pipeline - INFO - Updated metadata for Expected_departures.xml
2025-10-26 18:37:39,874 - vessel_data_pipeline - INFO - Successfully downloaded and validated Expected_departures.xml
2025-10-26 18:37:41,879 - vessel_data_pipeline - INFO - Fetch operation completed. Results: {'Arrived_in_last_36_hours.xml': True, 'Departed_in_last_36_hours.xml': True, 'Expected_arrivals.xml': True, 'Expected_departures.xml': True}
2025-10-26 18:38:08,371 - vessel_data_pipeline - INFO - VesselDataFetcher initialized. Pipeline enabled: True
2025-10-26 18:38:08,373 - vessel_data_pipeline - INFO - Starting vessel data fetch operation
2025-10-26 18:38:08,373 - vessel_data_pipeline - INFO - Discovering XML files from Hong Kong Marine Department portal
2025-10-26 18:38:08,447 - vessel_data_pipeline - INFO - Verified access to Arrived_in_last_36_hours.xml
2025-10-26 18:38:08,501 - vessel_data_pipeline - INFO - Verified access to Departed_in_last_36_hours.xml
2025-10-26 18:38:08,531 - vessel_data_pipeline - INFO - Verified access to Expected_arrivals.xml
2025-10-26 18:38:08,565 - vessel_data_pipeline - INFO - Verified access to Expected_departures.xml
2025-10-26 18:38:08,565 - vessel_data_pipeline - INFO - Discovered 4 XML files for download
2025-10-26 18:38:08,565 - vessel_data_pipeline - INFO - Downloading Arrived_in_last_36_hours.xml (attempt 1/3)
2025-10-26 18:38:08,637 - vessel_data_pipeline - INFO - File temp_Arrived_in_last_36_hours.xml passed validation checks
2025-10-26 18:38:08,638 - vessel_data_pipeline - INFO - Created backup: Arrived_in_last_36_hours_20251026_183808.xml
2025-10-26 18:38:08,639 - vessel_data_pipeline - INFO - Updated metadata for Arrived_in_last_36_hours.xml
2025-10-26 18:38:08,639 - vessel_data_pipeline - INFO - Successfully downloaded and validated Arrived_in_last_36_hours.xml
2025-10-26 18:38:10,639 - vessel_data_pipeline - INFO - Downloading Departed_in_last_36_hours.xml (attempt 1/3)
2025-10-26 18:38:10,728 - vessel_data_pipeline - INFO - File temp_Departed_in_last_36_hours.xml passed validation checks
2025-10-26 18:38:10,729 - vessel_data_pipeline - INFO - Created backup: Departed_in_last_36_hours_20251026_183810.xml
2025-10-26 18:38:10,729 - vessel_data_pipeline - INFO - Updated metadata for Departed_in_last_36_hours.xml
2025-10-26 18:38:10,729 - vessel_data_pipeline - INFO - Successfully downloaded and validated Departed_in_last_36_hours.xml
2025-10-26 18:38:12,730 - vessel_data_pipeline - INFO - Downloading Expected_arrivals.xml (attempt 1/3)
2025-10-26 18:38:12,794 - vessel_data_pipeline - INFO - File temp_Expected_arrivals.xml passed validation checks
2025-10-26 18:38:12,795 - vessel_data_pipeline - INFO - Created backup: Expected_arrivals_20251026_183812.xml
2025-10-26 18:38:12,795 - vessel_data_pipeline - INFO - Updated metadata for Expected_arrivals.xml
2025-10-26 18:38:12,795 - vessel_data_pipeline - INFO - Successfully downloaded and validated Expected_arrivals.xml
2025-10-26 18:38:14,800 - vessel_data_pipeline - INFO - Downloading Expected_departures.xml (attempt 1/3)
2025-10-26 18:38:14,850 - vessel_data_pipeline - INFO - File temp_Expected_departures.xml passed validation checks
2025-10-26 18:38:14,850 - vessel_data_pipeline - INFO - Created backup: Expected_departures_20251026_183814.xml
2025-10-26 18:38:14,850 - vessel_data_pipeline - INFO - Updated metadata for Expected_departures.xml
2025-10-26 18:38:14,850 - vessel_data_pipeline - INFO - Successfully downloaded and validated Expected_departures.xml
2025-10-26 18:38:16,854 - vessel_data_pipeline - INFO - Fetch operation completed. Results: {'Arrived_in_last_36_hours.xml': True, 'Departed_in_last_36_hours.xml': True, 'Expected_arrivals.xml': True, 'Expected_departures.xml': True}
2025-10-26 18:38:16,860 - vessel_data_pipeline - INFO - VesselDataFetcher initialized. Pipeline enabled: True
2025-10-26 18:38:16,860 - vessel_data_pipeline - INFO - Starting vessel data fetch operation
2025-10-26 18:38:16,860 - vessel_data_pipeline - INFO - Discovering XML files from Hong Kong Marine Department portal
2025-10-26 18:38:16,943 - vessel_data_pipeline - INFO - Verified access to Arrived_in_last_36_hours.xml
2025-10-26 18:38:16,981 - vessel_data_pipeline - INFO - Verified access to Departed_in_last_36_hours.xml
2025-10-26 18:38:17,019 - vessel_data_pipeline - INFO - Verified access to Expected_arrivals.xml
2025-10-26 18:38:17,071 - vessel_data_pipeline - INFO - Verified access to Expected_departures.xml
2025-10-26 18:38:17,071 - vessel_data_pipeline - INFO - Discovered 4 XML files for download
2025-10-26 18:38:17,071 - vessel_data_pipeline - INFO - Downloading Arrived_in_last_36_hours.xml (attempt 1/3)
2025-10-26 18:38:17,127 - vessel_data_pipeline - INFO - File temp_Arrived_in_last_36_hours.xml passed validation checks
2025-10-26 18:38:17,127 - vessel_data_pipeline - INFO - Created backup: Arrived_in_last_36_hours_20251026_183817.xml
2025-10-26 18:38:17,128 - vessel_data_pipeline - INFO - Updated metadata for Arrived_in_last_36_hours.xml
2025-10-26 18:38:17,128 - vessel_data_pipeline - INFO - Successfully downloaded and validated Arrived_in_last_36_hours.xml
2025-10-26 18:38:19,132 - vessel_data_pipeline - INFO - Downloading Departed_in_last_36_hours.xml (attempt 1/3)
2025-10-26 18:38:19,206 - vessel_data_pipeline - INFO - File temp_Departed_in_last_36_hours.xml passed validation checks
2025-10-26 18:38:19,206 - vessel_data_pipeline - INFO - Created backup: Departed_in_last_36_hours_20251026_183819.xml
2025-10-26 18:38:19,206 - vessel_data_pipeline - INFO - Updated metadata for Departed_in_last_36_hours.xml
2025-10-26 18:38:19,206 - vessel_data_pipeline - INFO - Successfully downloaded and validated Departed_in_last_36_hours.xml
2025-10-26 18:38:21,207 - vessel_data_pipeline - INFO - Downloading Expected_arrivals.xml (attempt 1/3)
2025-10-26 18:38:21,337 - vessel_data_pipeline - INFO - File temp_Expected_arrivals.xml passed validation checks
2025-10-26 18:38:21,337 - vessel_data_pipeline - INFO - Created backup: Expected_arrivals_20251026_183821.xml
2025-10-26 18:38:21,338 - vessel_data_pipeline - INFO - Updated metadata for Expected_arrivals.xml
2025-10-26 18:38:21,338 - vessel_data_pipeline - INFO - Successfully downloaded and validated Expected_arrivals.xml
2025-10-26 18:38:23,338 - vessel_data_pipeline - INFO - Downloading Expected_departures.xml (attempt 1/3)
2025-10-26 18:38:23,415 - vessel_data_pipeline - INFO - File temp_Expected_departures.xml passed validation checks
2025-10-26 18:38:23,416 - vessel_data_pipeline - INFO - Created backup: Expected_departures_20251026_183823.xml
2025-10-26 18:38:23,416 - vessel_data_pipeline - INFO - Updated metadata for Expected_departures.xml
2025-10-26 18:38:23,416 - vessel_data_pipeline - INFO - Successfully downloaded and validated Expected_departures.xml
2025-10-26 18:38:25,418 - vessel_data_pipeline - INFO - Fetch operation completed. Results: {'Arrived_in_last_36_hours.xml': True, 'Departed_in_last_36_hours.xml': True, 'Expected_arrivals.xml': True, 'Expected_departures.xml': True}
2025-10-26 18:38:25,443 - vessel_data_pipeline - INFO - VesselDataFetcher initialized. Pipeline enabled: True
2025-10-26 18:38:25,443 - vessel_data_pipeline - INFO - Starting vessel data fetch operation
2025-10-26 18:38:25,443 - vessel_data_pipeline - INFO - Discovering XML files from Hong Kong Marine Department portal
2025-10-26 18:38:25,497 - vessel_data_pipeline - INFO - Verified access to Arrived_in_last_36_hours.xml
2025-10-26 18:38:25,534 - vessel_data_pipeline - INFO - Verified access to Departed_in_last_36_hours.xml
2025-10-26 18:38:25,562 - vessel_data_pipeline - INFO - Verified access to Expected_arrivals.xml
2025-10-26 18:38:25,621 - vessel_data_pipeline - INFO - Verified access to Expected_departures.xml
2025-10-26 18:38:25,621 - vessel_data_pipeline - INFO - Discovered 4 XML files for download
2025-10-26 18:38:25,621 - vessel_data_pipeline - INFO - Downloading Arrived_in_last_36_hours.xml (attempt 1/3)
2025-10-26 18:38:25,665 - vessel_data_pipeline - INFO - File temp_Arrived_in_last_36_hours.xml passed validation checks
2025-10-26 18:38:25,666 - vessel_data_pipeline - INFO - Created backup: Arrived_in_last_36_hours_20251026_183825.xml
2025-10-26 18:38:25,666 - vessel_data_pipeline - INFO - Updated metadata for Arrived_in_last_36_hours.xml
2025-10-26 18:38:25,666 - vessel_data_pipeline - INFO - Successfully downloaded and validated Arrived_in_last_36_hours.xml
2025-10-26 18:38:27,671 - vessel_data_pipeline - INFO - Downloading Departed_in_last_36_hours.xml (attempt 1/3)
2025-10-26 18:38:27,740 - vessel_data_pipeline - INFO - File temp_Departed_in_last_36_hours.xml passed validation checks
2025-10-26 18:38:27,740 - vessel_data_pipeline - INFO - Created backup: Departed_in_last_36_hours_20251026_183827.xml
2025-10-26 18:38:27,741 - vessel_data_pipeline - INFO - Updated metadata for Departed_in_last_36_hours.xml
2025-10-26 18:38:27,741 - vessel_data_pipeline - INFO - Successfully downloaded and validated Departed_in_last_36_hours.xml
2025-10-26 18:38:29,745 - vessel_data_pipeline - INFO - Downloading Expected_arrivals.xml (attempt 1/3)
2025-10-26 18:38:29,802 - vessel_data_pipeline - INFO - File temp_Expected_arrivals.xml passed validation checks
2025-10-26 18:38:29,802 - vessel_data_pipeline - INFO - Created backup: Expected_arrivals_20251026_183829.xml
2025-10-26 18:38:29,802 - vessel_data_pipeline - INFO - Updated metadata for Expected_arrivals.xml
2025-10-26 18:38:29,803 - vessel_data_pipeline - INFO - Successfully downloaded and validated Expected_arrivals.xml
2025-10-26 18:38:31,805 - vessel_data_pipeline - INFO - Downloading Expected_departures.xml (attempt 1/3)
2025-10-26 18:38:31,873 - vessel_data_pipeline - INFO - File temp_Expected_departures.xml passed validation checks
2025-10-26 18:38:31,873 - vessel_data_pipeline - INFO - Created backup: Expected_departures_20251026_183831.xml
2025-10-26 18:38:31,874 - vessel_data_pipeline - INFO - Updated metadata for Expected_departures.xml
2025-10-26 18:38:31,874 - vessel_data_pipeline - INFO - Successfully downloaded and validated Expected_departures.xml
2025-10-26 18:38:33,874 - vessel_data_pipeline - INFO - Fetch operation completed. Results: {'Arrived_in_last_36_hours.xml': True, 'Departed_in_last_36_hours.xml': True, 'Expected_arrivals.xml': True, 'Expected_departures.xml': True}
2025-10-26 18:38:33,878 - vessel_data_pipeline - INFO - VesselDataFetcher initialized. Pipeline enabled: True
2025-10-26 18:38:33,878 - vessel_data_pipeline - INFO - Starting vessel data fetch operation
2025-10-26 18:38:33,878 - vessel_data_pipeline - INFO - Discovering XML files from Hong Kong Marine Department portal
2025-10-26 18:38:33,942 - vessel_data_pipeline - INFO - Verified access to Arrived_in_last_36_hours.xml
2025-10-26 18:38:33,973 - vessel_data_pipeline - INFO - Verified access to Departed_in_last_36_hours.xml
2025-10-26 18:38:34,018 - vessel_data_pipeline - INFO - Verified access to Expected_arrivals.xml
2025-10-26 18:38:34,052 - vessel_data_pipeline - INFO - Verified access to Expected_departures.xml
2025-10-26 18:38:34,052 - vessel_data_pipeline - INFO - Discovered 4 XML files for download
2025-10-26 18:38:34,052 - vessel_data_pipeline - INFO - Downloading Arrived_in_last_36_hours.xml (attempt 1/3)
2025-10-26 18:38:34,107 - vessel_data_pipeline - INFO - File temp_Arrived_in_last_36_hours.xml passed validation checks
2025-10-26 18:38:34,107 - vessel_data_pipeline - INFO - Created backup: Arrived_in_last_36_hours_20251026_183834.xml
2025-10-26 18:38:34,107 - vessel_data_pipeline - INFO - Updated metadata for Arrived_in_last_36_hours.xml
2025-10-26 18:38:34,107 - vessel_data_pipeline - INFO - Successfully downloaded and validated Arrived_in_last_36_hours.xml
2025-10-26 18:38:36,108 - vessel_data_pipeline - INFO - Downloading Departed_in_last_36_hours.xml (attempt 1/3)
2025-10-26 18:38:36,166 - vessel_data_pipeline - INFO - File temp_Departed_in_last_36_hours.xml passed validation checks
2025-10-26 18:38:36,166 - vessel_data_pipeline - INFO - Created backup: Departed_in_last_36_hours_20251026_183836.xml
2025-10-26 18:38:36,167 - vessel_data_pipeline - INFO - Updated metadata for Departed_in_last_36_hours.xml
2025-10-26 18:38:36,167 - vessel_data_pipeline - INFO - Successfully downloaded and validated Departed_in_last_36_hours.xml
2025-10-26 18:38:38,172 - vessel_data_pipeline - INFO - Downloading Expected_arrivals.xml (attempt 1/3)
2025-10-26 18:38:38,247 - vessel_data_pipeline - INFO - File temp_Expected_arrivals.xml passed validation checks
2025-10-26 18:38:38,247 - vessel_data_pipeline - INFO - Created backup: Expected_arrivals_20251026_183838.xml
2025-10-26 18:38:38,247 - vessel_data_pipeline - INFO - Updated metadata for Expected_arrivals.xml
2025-10-26 18:38:38,248 - vessel_data_pipeline - INFO - Successfully downloaded and validated Expected_arrivals.xml
2025-10-26 18:38:40,253 - vessel_data_pipeline - INFO - Downloading Expected_departures.xml (attempt 1/3)
2025-10-26 18:38:40,320 - vessel_data_pipeline - INFO - File temp_Expected_departures.xml passed validation checks
2025-10-26 18:38:40,320 - vessel_data_pipeline - INFO - Created backup: Expected_departures_20251026_183840.xml
2025-10-26 18:38:40,320 - vessel_data_pipeline - INFO - Updated metadata for Expected_departures.xml
2025-10-26 18:38:40,321 - vessel_data_pipeline - INFO - Successfully downloaded and validated Expected_departures.xml
2025-10-26 18:38:42,321 - vessel_data_pipeline - INFO - Fetch operation completed. Results: {'Arrived_in_last_36_hours.xml': True, 'Departed_in_last_36_hours.xml': True, 'Expected_arrivals.xml': True, 'Expected_departures.xml': True}
2025-10-26 18:39:36,848 - vessel_data_pipeline - INFO - VesselDataFetcher initialized. Pipeline enabled: True
2025-10-26 18:39:36,848 - vessel_data_pipeline - INFO - Starting vessel data fetch operation
2025-10-26 18:39:36,848 - vessel_data_pipeline - INFO - Discovering XML files from Hong Kong Marine Department portal
2025-10-26 18:39:36,937 - vessel_data_pipeline - INFO - Verified access to Arrived_in_last_36_hours.xml
2025-10-26 18:39:36,998 - vessel_data_pipeline - INFO - Verified access to Departed_in_last_36_hours.xml
2025-10-26 18:39:37,033 - vessel_data_pipeline - INFO - Verified access to Expected_arrivals.xml
2025-10-26 18:39:37,079 - vessel_data_pipeline - INFO - Verified access to Expected_departures.xml
2025-10-26 18:39:37,080 - vessel_data_pipeline - INFO - Discovered 4 XML files for download
2025-10-26 18:39:37,080 - vessel_data_pipeline - INFO - Downloading Arrived_in_last_36_hours.xml (attempt 1/3)
2025-10-26 18:39:37,133 - vessel_data_pipeline - INFO - File temp_Arrived_in_last_36_hours.xml passed validation checks
2025-10-26 18:39:37,136 - vessel_data_pipeline - INFO - Created backup: Arrived_in_last_36_hours_20251026_183937.xml
2025-10-26 18:39:37,137 - vessel_data_pipeline - INFO - Updated metadata for Arrived_in_last_36_hours.xml
2025-10-26 18:39:37,137 - vessel_data_pipeline - INFO - Successfully downloaded and validated Arrived_in_last_36_hours.xml
2025-10-26 18:39:39,138 - vessel_data_pipeline - INFO - Downloading Departed_in_last_36_hours.xml (attempt 1/3)
2025-10-26 18:39:39,211 - vessel_data_pipeline - INFO - File temp_Departed_in_last_36_hours.xml passed validation checks
2025-10-26 18:39:39,212 - vessel_data_pipeline - INFO - Created backup: Departed_in_last_36_hours_20251026_183939.xml
2025-10-26 18:39:39,212 - vessel_data_pipeline - INFO - Updated metadata for Departed_in_last_36_hours.xml
2025-10-26 18:39:39,212 - vessel_data_pipeline - INFO - Successfully downloaded and validated Departed_in_last_36_hours.xml
2025-10-26 18:39:41,213 - vessel_data_pipeline - INFO - Downloading Expected_arrivals.xml (attempt 1/3)
2025-10-26 18:39:41,327 - vessel_data_pipeline - INFO - File temp_Expected_arrivals.xml passed validation checks
2025-10-26 18:39:41,327 - vessel_data_pipeline - INFO - Created backup: Expected_arrivals_20251026_183941.xml
2025-10-26 18:39:41,328 - vessel_data_pipeline - INFO - Updated metadata for Expected_arrivals.xml
2025-10-26 18:39:41,328 - vessel_data_pipeline - INFO - Successfully downloaded and validated Expected_arrivals.xml
2025-10-26 18:39:43,333 - vessel_data_pipeline - INFO - Downloading Expected_departures.xml (attempt 1/3)
2025-10-26 18:39:43,379 - vessel_data_pipeline - INFO - File temp_Expected_departures.xml passed validation checks
2025-10-26 18:39:43,380 - vessel_data_pipeline - INFO - Created backup: Expected_departures_20251026_183943.xml
2025-10-26 18:39:43,380 - vessel_data_pipeline - INFO - Updated metadata for Expected_departures.xml
2025-10-26 18:39:43,380 - vessel_data_pipeline - INFO - Successfully downloaded and validated Expected_departures.xml
2025-10-26 18:39:45,383 - vessel_data_pipeline - INFO - Fetch operation completed. Results: {'Arrived_in_last_36_hours.xml': True, 'Departed_in_last_36_hours.xml': True, 'Expected_arrivals.xml': True, 'Expected_departures.xml': True}
2025-10-26 18:39:45,388 - vessel_data_pipeline - INFO - VesselDataFetcher initialized. Pipeline enabled: True
2025-10-26 18:39:45,389 - vessel_data_pipeline - INFO - Starting vessel data fetch operation
2025-10-26 18:39:45,389 - vessel_data_pipeline - INFO - Discovering XML files from Hong Kong Marine Department portal
2025-10-26 18:39:45,443 - vessel_data_pipeline - INFO - Verified access to Arrived_in_last_36_hours.xml
2025-10-26 18:39:45,507 - vessel_data_pipeline - INFO - Verified access to Departed_in_last_36_hours.xml
2025-10-26 18:39:45,541 - vessel_data_pipeline - INFO - Verified access to Expected_arrivals.xml
2025-10-26 18:39:45,573 - vessel_data_pipeline - INFO - Verified access to Expected_departures.xml
2025-10-26 18:39:45,573 - vessel_data_pipeline - INFO - Discovered 4 XML files for download
2025-10-26 18:39:45,573 - vessel_data_pipeline - INFO - Downloading Arrived_in_last_36_hours.xml (attempt 1/3)
2025-10-26 18:39:45,643 - vessel_data_pipeline - INFO - File temp_Arrived_in_last_36_hours.xml passed validation checks
2025-10-26 18:39:45,643 - vessel_data_pipeline - INFO - Created backup: Arrived_in_last_36_hours_20251026_183945.xml
2025-10-26 18:39:45,643 - vessel_data_pipeline - INFO - Updated metadata for Arrived_in_last_36_hours.xml
2025-10-26 18:39:45,643 - vessel_data_pipeline - INFO - Successfully downloaded and validated Arrived_in_last_36_hours.xml
2025-10-26 18:39:47,649 - vessel_data_pipeline - INFO - Downloading Departed_in_last_36_hours.xml (attempt 1/3)
2025-10-26 18:39:47,717 - vessel_data_pipeline - INFO - File temp_Departed_in_last_36_hours.xml passed validation checks
2025-10-26 18:39:47,718 - vessel_data_pipeline - INFO - Created backup: Departed_in_last_36_hours_20251026_183947.xml
2025-10-26 18:39:47,718 - vessel_data_pipeline - INFO - Updated metadata for Departed_in_last_36_hours.xml
2025-10-26 18:39:47,718 - vessel_data_pipeline - INFO - Successfully downloaded and validated Departed_in_last_36_hours.xml
2025-10-26 18:39:49,723 - vessel_data_pipeline - INFO - Downloading Expected_arrivals.xml (attempt 1/3)
2025-10-26 18:39:49,775 - vessel_data_pipeline - INFO - File temp_Expected_arrivals.xml passed validation checks
2025-10-26 18:39:49,775 - vessel_data_pipeline - INFO - Created backup: Expected_arrivals_20251026_183949.xml
2025-10-26 18:39:49,775 - vessel_data_pipeline - INFO - Updated metadata for Expected_arrivals.xml
2025-10-26 18:39:49,775 - vessel_data_pipeline - INFO - Successfully downloaded and validated Expected_arrivals.xml
2025-10-26 18:39:51,778 - vessel_data_pipeline - INFO - Downloading Expected_departures.xml (attempt 1/3)
2025-10-26 18:39:51,829 - vessel_data_pipeline - INFO - File temp_Expected_departures.xml passed validation checks
2025-10-26 18:39:51,829 - vessel_data_pipeline - INFO - Created backup: Expected_departures_20251026_183951.xml
2025-10-26 18:39:51,830 - vessel_data_pipeline - INFO - Updated metadata for Expected_departures.xml
2025-10-26 18:39:51,830 - vessel_data_pipeline - INFO - Successfully downloaded and validated Expected_departures.xml
2025-10-26 18:39:53,834 - vessel_data_pipeline - INFO - Fetch operation completed. Results: {'Arrived_in_last_36_hours.xml': True, 'Departed_in_last_36_hours.xml': True, 'Expected_arrivals.xml': True, 'Expected_departures.xml': True}
2025-10-26 18:39:53,860 - vessel_data_pipeline - INFO - VesselDataFetcher initialized. Pipeline enabled: True
2025-10-26 18:39:53,860 - vessel_data_pipeline - INFO - Starting vessel data fetch operation
2025-10-26 18:39:53,860 - vessel_data_pipeline - INFO - Discovering XML files from Hong Kong Marine Department portal
2025-10-26 18:39:53,961 - vessel_data_pipeline - INFO - Verified access to Arrived_in_last_36_hours.xml
2025-10-26 18:39:54,012 - vessel_data_pipeline - INFO - Verified access to Departed_in_last_36_hours.xml
2025-10-26 18:39:54,043 - vessel_data_pipeline - INFO - Verified access to Expected_arrivals.xml
2025-10-26 18:39:54,202 - vessel_data_pipeline - INFO - Verified access to Expected_departures.xml
2025-10-26 18:39:54,202 - vessel_data_pipeline - INFO - Discovered 4 XML files for download
2025-10-26 18:39:54,202 - vessel_data_pipeline - INFO - Downloading Arrived_in_last_36_hours.xml (attempt 1/3)
2025-10-26 18:39:54,246 - vessel_data_pipeline - INFO - File temp_Arrived_in_last_36_hours.xml passed validation checks
2025-10-26 18:39:54,246 - vessel_data_pipeline - INFO - Created backup: Arrived_in_last_36_hours_20251026_183954.xml
2025-10-26 18:39:54,246 - vessel_data_pipeline - INFO - Updated metadata for Arrived_in_last_36_hours.xml
2025-10-26 18:39:54,246 - vessel_data_pipeline - INFO - Successfully downloaded and validated Arrived_in_last_36_hours.xml
2025-10-26 18:39:56,250 - vessel_data_pipeline - INFO - Downloading Departed_in_last_36_hours.xml (attempt 1/3)
2025-10-26 18:39:56,316 - vessel_data_pipeline - INFO - File temp_Departed_in_last_36_hours.xml passed validation checks
2025-10-26 18:39:56,317 - vessel_data_pipeline - INFO - Created backup: Departed_in_last_36_hours_20251026_183956.xml
2025-10-26 18:39:56,317 - vessel_data_pipeline - INFO - Updated metadata for Departed_in_last_36_hours.xml
2025-10-26 18:39:56,317 - vessel_data_pipeline - INFO - Successfully downloaded and validated Departed_in_last_36_hours.xml
2025-10-26 18:39:58,322 - vessel_data_pipeline - INFO - Downloading Expected_arrivals.xml (attempt 1/3)
2025-10-26 18:39:58,392 - vessel_data_pipeline - INFO - File temp_Expected_arrivals.xml passed validation checks
2025-10-26 18:39:58,393 - vessel_data_pipeline - INFO - Created backup: Expected_arrivals_20251026_183958.xml
2025-10-26 18:39:58,393 - vessel_data_pipeline - INFO - Updated metadata for Expected_arrivals.xml
2025-10-26 18:39:58,393 - vessel_data_pipeline - INFO - Successfully downloaded and validated Expected_arrivals.xml
2025-10-26 18:40:00,398 - vessel_data_pipeline - INFO - Downloading Expected_departures.xml (attempt 1/3)
2025-10-26 18:40:00,471 - vessel_data_pipeline - INFO - File temp_Expected_departures.xml passed validation checks
2025-10-26 18:40:00,471 - vessel_data_pipeline - INFO - Created backup: Expected_departures_20251026_184000.xml
2025-10-26 18:40:00,471 - vessel_data_pipeline - INFO - Updated metadata for Expected_departures.xml
2025-10-26 18:40:00,471 - vessel_data_pipeline - INFO - Successfully downloaded and validated Expected_departures.xml
2025-10-26 18:40:02,473 - vessel_data_pipeline - INFO - Fetch operation completed. Results: {'Arrived_in_last_36_hours.xml': True, 'Departed_in_last_36_hours.xml': True, 'Expected_arrivals.xml': True, 'Expected_departures.xml': True}
2025-10-26 18:40:02,478 - vessel_data_pipeline - INFO - VesselDataFetcher initialized. Pipeline enabled: True
2025-10-26 18:40:02,479 - vessel_data_pipeline - INFO - Starting vessel data fetch operation
2025-10-26 18:40:02,479 - vessel_data_pipeline - INFO - Discovering XML files from Hong Kong Marine Department portal
2025-10-26 18:40:02,543 - vessel_data_pipeline - INFO - Verified access to Arrived_in_last_36_hours.xml
2025-10-26 18:40:02,573 - vessel_data_pipeline - INFO - Verified access to Departed_in_last_36_hours.xml
2025-10-26 18:40:02,610 - vessel_data_pipeline - INFO - Verified access to Expected_arrivals.xml
2025-10-26 18:40:02,652 - vessel_data_pipeline - INFO - Verified access to Expected_departures.xml
2025-10-26 18:40:02,652 - vessel_data_pipeline - INFO - Discovered 4 XML files for download
2025-10-26 18:40:02,652 - vessel_data_pipeline - INFO - Downloading Arrived_in_last_36_hours.xml (attempt 1/3)
2025-10-26 18:40:02,705 - vessel_data_pipeline - INFO - File temp_Arrived_in_last_36_hours.xml passed validation checks
2025-10-26 18:40:02,705 - vessel_data_pipeline - INFO - Created backup: Arrived_in_last_36_hours_20251026_184002.xml
2025-10-26 18:40:02,705 - vessel_data_pipeline - INFO - Updated metadata for Arrived_in_last_36_hours.xml
2025-10-26 18:40:02,705 - vessel_data_pipeline - INFO - Successfully downloaded and validated Arrived_in_last_36_hours.xml
2025-10-26 18:40:04,707 - vessel_data_pipeline - INFO - Downloading Departed_in_last_36_hours.xml (attempt 1/3)
2025-10-26 18:40:04,813 - vessel_data_pipeline - INFO - File temp_Departed_in_last_36_hours.xml passed validation checks
2025-10-26 18:40:04,813 - vessel_data_pipeline - INFO - Created backup: Departed_in_last_36_hours_20251026_184004.xml
2025-10-26 18:40:04,813 - vessel_data_pipeline - INFO - Updated metadata for Departed_in_last_36_hours.xml
2025-10-26 18:40:04,813 - vessel_data_pipeline - INFO - Successfully downloaded and validated Departed_in_last_36_hours.xml
2025-10-26 18:40:06,818 - vessel_data_pipeline - INFO - Downloading Expected_arrivals.xml (attempt 1/3)
2025-10-26 18:40:06,885 - vessel_data_pipeline - INFO - File temp_Expected_arrivals.xml passed validation checks
2025-10-26 18:40:06,886 - vessel_data_pipeline - INFO - Created backup: Expected_arrivals_20251026_184006.xml
2025-10-26 18:40:06,886 - vessel_data_pipeline - INFO - Updated metadata for Expected_arrivals.xml
2025-10-26 18:40:06,886 - vessel_data_pipeline - INFO - Successfully downloaded and validated Expected_arrivals.xml
2025-10-26 18:40:08,887 - vessel_data_pipeline - INFO - Downloading Expected_departures.xml (attempt 1/3)
2025-10-26 18:40:08,931 - vessel_data_pipeline - INFO - File temp_Expected_departures.xml passed validation checks
2025-10-26 18:40:08,931 - vessel_data_pipeline - INFO - Created backup: Expected_departures_20251026_184008.xml
2025-10-26 18:40:08,932 - vessel_data_pipeline - INFO - Updated metadata for Expected_departures.xml
2025-10-26 18:40:08,932 - vessel_data_pipeline - INFO - Successfully downloaded and validated Expected_departures.xml
2025-10-26 18:40:10,937 - vessel_data_pipeline - INFO - Fetch operation completed. Results: {'Arrived_in_last_36_hours.xml': True, 'Departed_in_last_36_hours.xml': True, 'Expected_arrivals.xml': True, 'Expected_departures.xml': True}
2025-10-26 18:40:25,032 - vessel_data_pipeline - INFO - VesselDataFetcher initialized. Pipeline enabled: True
2025-10-26 18:40:25,033 - vessel_data_pipeline - INFO - Starting vessel data fetch operation
2025-10-26 18:40:25,033 - vessel_data_pipeline - INFO - Discovering XML files from Hong Kong Marine Department portal
2025-10-26 18:40:25,109 - vessel_data_pipeline - INFO - Verified access to Arrived_in_last_36_hours.xml
2025-10-26 18:40:25,168 - vessel_data_pipeline - INFO - Verified access to Departed_in_last_36_hours.xml
2025-10-26 18:40:25,205 - vessel_data_pipeline - INFO - Verified access to Expected_arrivals.xml
2025-10-26 18:40:25,250 - vessel_data_pipeline - INFO - Verified access to Expected_departures.xml
2025-10-26 18:40:25,250 - vessel_data_pipeline - INFO - Discovered 4 XML files for download
2025-10-26 18:40:25,250 - vessel_data_pipeline - INFO - Downloading Arrived_in_last_36_hours.xml (attempt 1/3)
2025-10-26 18:40:25,329 - vessel_data_pipeline - INFO - File temp_Arrived_in_last_36_hours.xml passed validation checks
2025-10-26 18:40:25,331 - vessel_data_pipeline - INFO - Created backup: Arrived_in_last_36_hours_20251026_184025.xml
2025-10-26 18:40:25,332 - vessel_data_pipeline - INFO - Updated metadata for Arrived_in_last_36_hours.xml
2025-10-26 18:40:25,332 - vessel_data_pipeline - INFO - Successfully downloaded and validated Arrived_in_last_36_hours.xml
2025-10-26 18:40:27,334 - vessel_data_pipeline - INFO - Downloading Departed_in_last_36_hours.xml (attempt 1/3)
2025-10-26 18:40:27,396 - vessel_data_pipeline - INFO - File temp_Departed_in_last_36_hours.xml passed validation checks
2025-10-26 18:40:27,397 - vessel_data_pipeline - INFO - Created backup: Departed_in_last_36_hours_20251026_184027.xml
2025-10-26 18:40:27,397 - vessel_data_pipeline - INFO - Updated metadata for Departed_in_last_36_hours.xml
2025-10-26 18:40:27,397 - vessel_data_pipeline - INFO - Successfully downloaded and validated Departed_in_last_36_hours.xml
2025-10-26 18:40:29,402 - vessel_data_pipeline - INFO - Downloading Expected_arrivals.xml (attempt 1/3)
2025-10-26 18:40:29,455 - vessel_data_pipeline - INFO - File temp_Expected_arrivals.xml passed validation checks
2025-10-26 18:40:29,456 - vessel_data_pipeline - INFO - Created backup: Expected_arrivals_20251026_184029.xml
2025-10-26 18:40:29,456 - vessel_data_pipeline - INFO - Updated metadata for Expected_arrivals.xml
2025-10-26 18:40:29,456 - vessel_data_pipeline - INFO - Successfully downloaded and validated Expected_arrivals.xml
2025-10-26 18:40:31,461 - vessel_data_pipeline - INFO - Downloading Expected_departures.xml (attempt 1/3)
2025-10-26 18:40:31,504 - vessel_data_pipeline - INFO - File temp_Expected_departures.xml passed validation checks
2025-10-26 18:40:31,505 - vessel_data_pipeline - INFO - Created backup: Expected_departures_20251026_184031.xml
2025-10-26 18:40:31,505 - vessel_data_pipeline - INFO - Updated metadata for Expected_departures.xml
2025-10-26 18:40:31,505 - vessel_data_pipeline - INFO - Successfully downloaded and validated Expected_departures.xml
2025-10-26 18:40:33,507 - vessel_data_pipeline - INFO - Fetch operation completed. Results: {'Arrived_in_last_36_hours.xml': True, 'Departed_in_last_36_hours.xml': True, 'Expected_arrivals.xml': True, 'Expected_departures.xml': True}
2025-10-26 18:40:33,510 - vessel_data_pipeline - INFO - VesselDataFetcher initialized. Pipeline enabled: True
2025-10-26 18:40:33,511 - vessel_data_pipeline - INFO - Starting vessel data fetch operation
2025-10-26 18:40:33,511 - vessel_data_pipeline - INFO - Discovering XML files from Hong Kong Marine Department portal
2025-10-26 18:40:33,600 - vessel_data_pipeline - INFO - Verified access to Arrived_in_last_36_hours.xml
2025-10-26 18:40:33,635 - vessel_data_pipeline - INFO - Verified access to Departed_in_last_36_hours.xml
2025-10-26 18:40:33,667 - vessel_data_pipeline - INFO - Verified access to Expected_arrivals.xml
2025-10-26 18:40:33,722 - vessel_data_pipeline - INFO - Verified access to Expected_departures.xml
2025-10-26 18:40:33,722 - vessel_data_pipeline - INFO - Discovered 4 XML files for download
2025-10-26 18:40:33,723 - vessel_data_pipeline - INFO - Downloading Arrived_in_last_36_hours.xml (attempt 1/3)
2025-10-26 18:40:33,862 - vessel_data_pipeline - INFO - File temp_Arrived_in_last_36_hours.xml passed validation checks
2025-10-26 18:40:33,863 - vessel_data_pipeline - INFO - Created backup: Arrived_in_last_36_hours_20251026_184033.xml
2025-10-26 18:40:33,863 - vessel_data_pipeline - INFO - Updated metadata for Arrived_in_last_36_hours.xml
2025-10-26 18:40:33,863 - vessel_data_pipeline - INFO - Successfully downloaded and validated Arrived_in_last_36_hours.xml
2025-10-26 18:40:35,868 - vessel_data_pipeline - INFO - Downloading Departed_in_last_36_hours.xml (attempt 1/3)
2025-10-26 18:40:35,939 - vessel_data_pipeline - INFO - File temp_Departed_in_last_36_hours.xml passed validation checks
2025-10-26 18:40:35,939 - vessel_data_pipeline - INFO - Created backup: Departed_in_last_36_hours_20251026_184035.xml
2025-10-26 18:40:35,940 - vessel_data_pipeline - INFO - Updated metadata for Departed_in_last_36_hours.xml
2025-10-26 18:40:35,940 - vessel_data_pipeline - INFO - Successfully downloaded and validated Departed_in_last_36_hours.xml
2025-10-26 18:40:37,941 - vessel_data_pipeline - INFO - Downloading Expected_arrivals.xml (attempt 1/3)
2025-10-26 18:40:37,995 - vessel_data_pipeline - INFO - File temp_Expected_arrivals.xml passed validation checks
2025-10-26 18:40:37,995 - vessel_data_pipeline - INFO - Created backup: Expected_arrivals_20251026_184037.xml
2025-10-26 18:40:37,996 - vessel_data_pipeline - INFO - Updated metadata for Expected_arrivals.xml
2025-10-26 18:40:37,996 - vessel_data_pipeline - INFO - Successfully downloaded and validated Expected_arrivals.xml
2025-10-26 18:40:39,999 - vessel_data_pipeline - INFO - Downloading Expected_departures.xml (attempt 1/3)
2025-10-26 18:40:40,064 - vessel_data_pipeline - INFO - File temp_Expected_departures.xml passed validation checks
2025-10-26 18:40:40,065 - vessel_data_pipeline - INFO - Created backup: Expected_departures_20251026_184040.xml
2025-10-26 18:40:40,065 - vessel_data_pipeline - INFO - Updated metadata for Expected_departures.xml
2025-10-26 18:40:40,065 - vessel_data_pipeline - INFO - Successfully downloaded and validated Expected_departures.xml
2025-10-26 18:40:42,070 - vessel_data_pipeline - INFO - Fetch operation completed. Results: {'Arrived_in_last_36_hours.xml': True, 'Departed_in_last_36_hours.xml': True, 'Expected_arrivals.xml': True, 'Expected_departures.xml': True}
2025-10-26 18:40:42,102 - vessel_data_pipeline - INFO - VesselDataFetcher initialized. Pipeline enabled: True
2025-10-26 18:40:42,103 - vessel_data_pipeline - INFO - Starting vessel data fetch operation
2025-10-26 18:40:42,103 - vessel_data_pipeline - INFO - Discovering XML files from Hong Kong Marine Department portal
2025-10-26 18:40:42,155 - vessel_data_pipeline - INFO - Verified access to Arrived_in_last_36_hours.xml
2025-10-26 18:40:42,191 - vessel_data_pipeline - INFO - Verified access to Departed_in_last_36_hours.xml
2025-10-26 18:40:42,253 - vessel_data_pipeline - INFO - Verified access to Expected_arrivals.xml
2025-10-26 18:40:42,287 - vessel_data_pipeline - INFO - Verified access to Expected_departures.xml
2025-10-26 18:40:42,287 - vessel_data_pipeline - INFO - Discovered 4 XML files for download
2025-10-26 18:40:42,288 - vessel_data_pipeline - INFO - Downloading Arrived_in_last_36_hours.xml (attempt 1/3)
2025-10-26 18:40:42,344 - vessel_data_pipeline - INFO - File temp_Arrived_in_last_36_hours.xml passed validation checks
2025-10-26 18:40:42,345 - vessel_data_pipeline - INFO - Created backup: Arrived_in_last_36_hours_20251026_184042.xml
2025-10-26 18:40:42,345 - vessel_data_pipeline - INFO - Updated metadata for Arrived_in_last_36_hours.xml
2025-10-26 18:40:42,345 - vessel_data_pipeline - INFO - Successfully downloaded and validated Arrived_in_last_36_hours.xml
2025-10-26 18:40:44,350 - vessel_data_pipeline - INFO - Downloading Departed_in_last_36_hours.xml (attempt 1/3)
2025-10-26 18:40:44,446 - vessel_data_pipeline - INFO - File temp_Departed_in_last_36_hours.xml passed validation checks
2025-10-26 18:40:44,446 - vessel_data_pipeline - INFO - Created backup: Departed_in_last_36_hours_20251026_184044.xml
2025-10-26 18:40:44,447 - vessel_data_pipeline - INFO - Updated metadata for Departed_in_last_36_hours.xml
2025-10-26 18:40:44,447 - vessel_data_pipeline - INFO - Successfully downloaded and validated Departed_in_last_36_hours.xml
2025-10-26 18:40:46,452 - vessel_data_pipeline - INFO - Downloading Expected_arrivals.xml (attempt 1/3)
2025-10-26 18:40:46,511 - vessel_data_pipeline - INFO - File temp_Expected_arrivals.xml passed validation checks
2025-10-26 18:40:46,512 - vessel_data_pipeline - INFO - Created backup: Expected_arrivals_20251026_184046.xml
2025-10-26 18:40:46,512 - vessel_data_pipeline - INFO - Updated metadata for Expected_arrivals.xml
2025-10-26 18:40:46,512 - vessel_data_pipeline - INFO - Successfully downloaded and validated Expected_arrivals.xml
2025-10-26 18:40:48,513 - vessel_data_pipeline - INFO - Downloading Expected_departures.xml (attempt 1/3)
2025-10-26 18:40:48,628 - vessel_data_pipeline - INFO - File temp_Expected_departures.xml passed validation checks
2025-10-26 18:40:48,629 - vessel_data_pipeline - INFO - Created backup: Expected_departures_20251026_184048.xml
2025-10-26 18:40:48,629 - vessel_data_pipeline - INFO - Updated metadata for Expected_departures.xml
2025-10-26 18:40:48,629 - vessel_data_pipeline - INFO - Successfully downloaded and validated Expected_departures.xml
2025-10-26 18:40:50,634 - vessel_data_pipeline - INFO - Fetch operation completed. Results: {'Arrived_in_last_36_hours.xml': True, 'Departed_in_last_36_hours.xml': True, 'Expected_arrivals.xml': True, 'Expected_departures.xml': True}
2025-10-26 18:40:50,639 - vessel_data_pipeline - INFO - VesselDataFetcher initialized. Pipeline enabled: True
2025-10-26 18:40:50,639 - vessel_data_pipeline - INFO - Starting vessel data fetch operation
2025-10-26 18:40:50,639 - vessel_data_pipeline - INFO - Discovering XML files from Hong Kong Marine Department portal
2025-10-26 18:40:50,714 - vessel_data_pipeline - INFO - Verified access to Arrived_in_last_36_hours.xml
2025-10-26 18:40:50,757 - vessel_data_pipeline - INFO - Verified access to Departed_in_last_36_hours.xml
2025-10-26 18:40:50,793 - vessel_data_pipeline - INFO - Verified access to Expected_arrivals.xml
2025-10-26 18:40:50,854 - vessel_data_pipeline - INFO - Verified access to Expected_departures.xml
2025-10-26 18:40:50,854 - vessel_data_pipeline - INFO - Discovered 4 XML files for download
2025-10-26 18:40:50,854 - vessel_data_pipeline - INFO - Downloading Arrived_in_last_36_hours.xml (attempt 1/3)
2025-10-26 18:40:50,909 - vessel_data_pipeline - INFO - File temp_Arrived_in_last_36_hours.xml passed validation checks
2025-10-26 18:40:50,910 - vessel_data_pipeline - INFO - Created backup: Arrived_in_last_36_hours_20251026_184050.xml
2025-10-26 18:40:50,910 - vessel_data_pipeline - INFO - Updated metadata for Arrived_in_last_36_hours.xml
2025-10-26 18:40:50,910 - vessel_data_pipeline - INFO - Successfully downloaded and validated Arrived_in_last_36_hours.xml
2025-10-26 18:40:52,915 - vessel_data_pipeline - INFO - Downloading Departed_in_last_36_hours.xml (attempt 1/3)
2025-10-26 18:40:53,052 - vessel_data_pipeline - INFO - File temp_Departed_in_last_36_hours.xml passed validation checks
2025-10-26 18:40:53,053 - vessel_data_pipeline - INFO - Created backup: Departed_in_last_36_hours_20251026_184053.xml
2025-10-26 18:40:53,053 - vessel_data_pipeline - INFO - Updated metadata for Departed_in_last_36_hours.xml
2025-10-26 18:40:53,053 - vessel_data_pipeline - INFO - Successfully downloaded and validated Departed_in_last_36_hours.xml
2025-10-26 18:40:55,054 - vessel_data_pipeline - INFO - Downloading Expected_arrivals.xml (attempt 1/3)
2025-10-26 18:40:55,101 - vessel_data_pipeline - INFO - File temp_Expected_arrivals.xml passed validation checks
2025-10-26 18:40:55,102 - vessel_data_pipeline - INFO - Created backup: Expected_arrivals_20251026_184055.xml
2025-10-26 18:40:55,102 - vessel_data_pipeline - INFO - Updated metadata for Expected_arrivals.xml
2025-10-26 18:40:55,102 - vessel_data_pipeline - INFO - Successfully downloaded and validated Expected_arrivals.xml
2025-10-26 18:40:57,107 - vessel_data_pipeline - INFO - Downloading Expected_departures.xml (attempt 1/3)
2025-10-26 18:40:57,178 - vessel_data_pipeline - INFO - File temp_Expected_departures.xml passed validation checks
2025-10-26 18:40:57,178 - vessel_data_pipeline - INFO - Created backup: Expected_departures_20251026_184057.xml
2025-10-26 18:40:57,179 - vessel_data_pipeline - INFO - Updated metadata for Expected_departures.xml
2025-10-26 18:40:57,179 - vessel_data_pipeline - INFO - Successfully downloaded and validated Expected_departures.xml
2025-10-26 18:40:59,183 - vessel_data_pipeline - INFO - Fetch operation completed. Results: {'Arrived_in_last_36_hours.xml': True, 'Departed_in_last_36_hours.xml': True, 'Expected_arrivals.xml': True, 'Expected_departures.xml': True}
2025-10-26 18:41:23,017 - vessel_data_pipeline - INFO - VesselDataFetcher initialized. Pipeline enabled: True
2025-10-26 18:41:23,018 - vessel_data_pipeline - INFO - Starting vessel data fetch operation
2025-10-26 18:41:23,018 - vessel_data_pipeline - INFO - Discovering XML files from Hong Kong Marine Department portal
2025-10-26 18:41:23,276 - vessel_data_pipeline - INFO - Verified access to Arrived_in_last_36_hours.xml
2025-10-26 18:41:23,540 - vessel_data_pipeline - INFO - Verified access to Departed_in_last_36_hours.xml
2025-10-26 18:41:23,943 - vessel_data_pipeline - INFO - Verified access to Expected_arrivals.xml
2025-10-26 18:41:24,177 - vessel_data_pipeline - INFO - Verified access to Expected_departures.xml
2025-10-26 18:41:24,177 - vessel_data_pipeline - INFO - Discovered 4 XML files for download
2025-10-26 18:41:24,177 - vessel_data_pipeline - INFO - Downloading Arrived_in_last_36_hours.xml (attempt 1/3)
2025-10-26 18:41:24,246 - vessel_data_pipeline - INFO - File temp_Arrived_in_last_36_hours.xml passed validation checks
2025-10-26 18:41:24,247 - vessel_data_pipeline - INFO - Created backup: Arrived_in_last_36_hours_20251026_184124.xml
2025-10-26 18:41:24,248 - vessel_data_pipeline - INFO - Updated metadata for Arrived_in_last_36_hours.xml
2025-10-26 18:41:24,248 - vessel_data_pipeline - INFO - Successfully downloaded and validated Arrived_in_last_36_hours.xml
2025-10-26 18:41:26,253 - vessel_data_pipeline - INFO - Downloading Departed_in_last_36_hours.xml (attempt 1/3)
2025-10-26 18:41:26,315 - vessel_data_pipeline - INFO - File temp_Departed_in_last_36_hours.xml passed validation checks
2025-10-26 18:41:26,315 - vessel_data_pipeline - INFO - Created backup: Departed_in_last_36_hours_20251026_184126.xml
2025-10-26 18:41:26,315 - vessel_data_pipeline - INFO - Updated metadata for Departed_in_last_36_hours.xml
2025-10-26 18:41:26,315 - vessel_data_pipeline - INFO - Successfully downloaded and validated Departed_in_last_36_hours.xml
2025-10-26 18:41:28,316 - vessel_data_pipeline - INFO - Downloading Expected_arrivals.xml (attempt 1/3)
2025-10-26 18:41:28,370 - vessel_data_pipeline - INFO - File temp_Expected_arrivals.xml passed validation checks
2025-10-26 18:41:28,370 - vessel_data_pipeline - INFO - Created backup: Expected_arrivals_20251026_184128.xml
2025-10-26 18:41:28,370 - vessel_data_pipeline - INFO - Updated metadata for Expected_arrivals.xml
2025-10-26 18:41:28,370 - vessel_data_pipeline - INFO - Successfully downloaded and validated Expected_arrivals.xml
2025-10-26 18:41:30,374 - vessel_data_pipeline - INFO - Downloading Expected_departures.xml (attempt 1/3)
2025-10-26 18:41:30,455 - vessel_data_pipeline - INFO - File temp_Expected_departures.xml passed validation checks
2025-10-26 18:41:30,456 - vessel_data_pipeline - INFO - Created backup: Expected_departures_20251026_184130.xml
2025-10-26 18:41:30,456 - vessel_data_pipeline - INFO - Updated metadata for Expected_departures.xml
2025-10-26 18:41:30,457 - vessel_data_pipeline - INFO - Successfully downloaded and validated Expected_departures.xml
2025-10-26 18:41:32,461 - vessel_data_pipeline - INFO - Fetch operation completed. Results: {'Arrived_in_last_36_hours.xml': True, 'Departed_in_last_36_hours.xml': True, 'Expected_arrivals.xml': True, 'Expected_departures.xml': True}
2025-10-26 18:41:32,466 - vessel_data_pipeline - INFO - VesselDataFetcher initialized. Pipeline enabled: True
2025-10-26 18:41:32,466 - vessel_data_pipeline - INFO - Starting vessel data fetch operation
2025-10-26 18:41:32,466 - vessel_data_pipeline - INFO - Discovering XML files from Hong Kong Marine Department portal
2025-10-26 18:41:32,526 - vessel_data_pipeline - INFO - Verified access to Arrived_in_last_36_hours.xml
2025-10-26 18:41:32,561 - vessel_data_pipeline - INFO - Verified access to Departed_in_last_36_hours.xml
2025-10-26 18:41:32,598 - vessel_data_pipeline - INFO - Verified access to Expected_arrivals.xml
2025-10-26 18:41:32,658 - vessel_data_pipeline - INFO - Verified access to Expected_departures.xml
2025-10-26 18:41:32,658 - vessel_data_pipeline - INFO - Discovered 4 XML files for download
2025-10-26 18:41:32,658 - vessel_data_pipeline - INFO - Downloading Arrived_in_last_36_hours.xml (attempt 1/3)
2025-10-26 18:41:32,725 - vessel_data_pipeline - INFO - File temp_Arrived_in_last_36_hours.xml passed validation checks
2025-10-26 18:41:32,725 - vessel_data_pipeline - INFO - Created backup: Arrived_in_last_36_hours_20251026_184132.xml
2025-10-26 18:41:32,725 - vessel_data_pipeline - INFO - Updated metadata for Arrived_in_last_36_hours.xml
2025-10-26 18:41:32,725 - vessel_data_pipeline - INFO - Successfully downloaded and validated Arrived_in_last_36_hours.xml
2025-10-26 18:41:34,730 - vessel_data_pipeline - INFO - Downloading Departed_in_last_36_hours.xml (attempt 1/3)
2025-10-26 18:41:34,793 - vessel_data_pipeline - INFO - File temp_Departed_in_last_36_hours.xml passed validation checks
2025-10-26 18:41:34,793 - vessel_data_pipeline - INFO - Created backup: Departed_in_last_36_hours_20251026_184134.xml
2025-10-26 18:41:34,794 - vessel_data_pipeline - INFO - Updated metadata for Departed_in_last_36_hours.xml
2025-10-26 18:41:34,794 - vessel_data_pipeline - INFO - Successfully downloaded and validated Departed_in_last_36_hours.xml
2025-10-26 18:41:36,799 - vessel_data_pipeline - INFO - Downloading Expected_arrivals.xml (attempt 1/3)
2025-10-26 18:41:36,847 - vessel_data_pipeline - INFO - File temp_Expected_arrivals.xml passed validation checks
2025-10-26 18:41:36,847 - vessel_data_pipeline - INFO - Created backup: Expected_arrivals_20251026_184136.xml
2025-10-26 18:41:36,848 - vessel_data_pipeline - INFO - Updated metadata for Expected_arrivals.xml
2025-10-26 18:41:36,848 - vessel_data_pipeline - INFO - Successfully downloaded and validated Expected_arrivals.xml
2025-10-26 18:41:38,853 - vessel_data_pipeline - INFO - Downloading Expected_departures.xml (attempt 1/3)
2025-10-26 18:41:38,924 - vessel_data_pipeline - INFO - File temp_Expected_departures.xml passed validation checks
2025-10-26 18:41:38,925 - vessel_data_pipeline - INFO - Created backup: Expected_departures_20251026_184138.xml
2025-10-26 18:41:38,925 - vessel_data_pipeline - INFO - Updated metadata for Expected_departures.xml
2025-10-26 18:41:38,925 - vessel_data_pipeline - INFO - Successfully downloaded and validated Expected_departures.xml
2025-10-26 18:41:40,930 - vessel_data_pipeline - INFO - Fetch operation completed. Results: {'Arrived_in_last_36_hours.xml': True, 'Departed_in_last_36_hours.xml': True, 'Expected_arrivals.xml': True, 'Expected_departures.xml': True}
2025-10-26 18:41:40,951 - vessel_data_pipeline - INFO - VesselDataFetcher initialized. Pipeline enabled: True
2025-10-26 18:41:40,951 - vessel_data_pipeline - INFO - Starting vessel data fetch operation
2025-10-26 18:41:40,951 - vessel_data_pipeline - INFO - Discovering XML files from Hong Kong Marine Department portal
2025-10-26 18:41:41,008 - vessel_data_pipeline - INFO - Verified access to Arrived_in_last_36_hours.xml
2025-10-26 18:41:41,049 - vessel_data_pipeline - INFO - Verified access to Departed_in_last_36_hours.xml
2025-10-26 18:41:41,088 - vessel_data_pipeline - INFO - Verified access to Expected_arrivals.xml
2025-10-26 18:41:41,122 - vessel_data_pipeline - INFO - Verified access to Expected_departures.xml
2025-10-26 18:41:41,122 - vessel_data_pipeline - INFO - Discovered 4 XML files for download
2025-10-26 18:41:41,122 - vessel_data_pipeline - INFO - Downloading Arrived_in_last_36_hours.xml (attempt 1/3)
2025-10-26 18:41:41,277 - vessel_data_pipeline - INFO - File temp_Arrived_in_last_36_hours.xml passed validation checks
2025-10-26 18:41:41,277 - vessel_data_pipeline - INFO - Created backup: Arrived_in_last_36_hours_20251026_184141.xml
2025-10-26 18:41:41,278 - vessel_data_pipeline - INFO - Updated metadata for Arrived_in_last_36_hours.xml
2025-10-26 18:41:41,278 - vessel_data_pipeline - INFO - Successfully downloaded and validated Arrived_in_last_36_hours.xml
2025-10-26 18:41:43,283 - vessel_data_pipeline - INFO - Downloading Departed_in_last_36_hours.xml (attempt 1/3)
2025-10-26 18:41:43,346 - vessel_data_pipeline - INFO - File temp_Departed_in_last_36_hours.xml passed validation checks
2025-10-26 18:41:43,346 - vessel_data_pipeline - INFO - Created backup: Departed_in_last_36_hours_20251026_184143.xml
2025-10-26 18:41:43,347 - vessel_data_pipeline - INFO - Updated metadata for Departed_in_last_36_hours.xml
2025-10-26 18:41:43,347 - vessel_data_pipeline - INFO - Successfully downloaded and validated Departed_in_last_36_hours.xml
2025-10-26 18:41:45,352 - vessel_data_pipeline - INFO - Downloading Expected_arrivals.xml (attempt 1/3)
2025-10-26 18:41:45,437 - vessel_data_pipeline - INFO - File temp_Expected_arrivals.xml passed validation checks
2025-10-26 18:41:45,438 - vessel_data_pipeline - INFO - Created backup: Expected_arrivals_20251026_184145.xml
2025-10-26 18:41:45,438 - vessel_data_pipeline - INFO - Updated metadata for Expected_arrivals.xml
2025-10-26 18:41:45,438 - vessel_data_pipeline - INFO - Successfully downloaded and validated Expected_arrivals.xml
2025-10-26 18:41:47,438 - vessel_data_pipeline - INFO - Downloading Expected_departures.xml (attempt 1/3)
2025-10-26 18:41:47,479 - vessel_data_pipeline - INFO - File temp_Expected_departures.xml passed validation checks
2025-10-26 18:41:47,480 - vessel_data_pipeline - INFO - Created backup: Expected_departures_20251026_184147.xml
2025-10-26 18:41:47,480 - vessel_data_pipeline - INFO - Updated metadata for Expected_departures.xml
2025-10-26 18:41:47,480 - vessel_data_pipeline - INFO - Successfully downloaded and validated Expected_departures.xml
2025-10-26 18:41:49,485 - vessel_data_pipeline - INFO - Fetch operation completed. Results: {'Arrived_in_last_36_hours.xml': True, 'Departed_in_last_36_hours.xml': True, 'Expected_arrivals.xml': True, 'Expected_departures.xml': True}
2025-10-26 18:41:49,489 - vessel_data_pipeline - INFO - VesselDataFetcher initialized. Pipeline enabled: True
2025-10-26 18:41:49,489 - vessel_data_pipeline - INFO - Starting vessel data fetch operation
2025-10-26 18:41:49,489 - vessel_data_pipeline - INFO - Discovering XML files from Hong Kong Marine Department portal
2025-10-26 18:41:49,543 - vessel_data_pipeline - INFO - Verified access to Arrived_in_last_36_hours.xml
2025-10-26 18:41:49,596 - vessel_data_pipeline - INFO - Verified access to Departed_in_last_36_hours.xml
2025-10-26 18:41:49,628 - vessel_data_pipeline - INFO - Verified access to Expected_arrivals.xml
2025-10-26 18:41:49,656 - vessel_data_pipeline - INFO - Verified access to Expected_departures.xml
2025-10-26 18:41:49,656 - vessel_data_pipeline - INFO - Discovered 4 XML files for download
2025-10-26 18:41:49,656 - vessel_data_pipeline - INFO - Downloading Arrived_in_last_36_hours.xml (attempt 1/3)
2025-10-26 18:41:49,721 - vessel_data_pipeline - INFO - File temp_Arrived_in_last_36_hours.xml passed validation checks
2025-10-26 18:41:49,721 - vessel_data_pipeline - INFO - Created backup: Arrived_in_last_36_hours_20251026_184149.xml
2025-10-26 18:41:49,722 - vessel_data_pipeline - INFO - Updated metadata for Arrived_in_last_36_hours.xml
2025-10-26 18:41:49,722 - vessel_data_pipeline - INFO - Successfully downloaded and validated Arrived_in_last_36_hours.xml
2025-10-26 18:41:51,727 - vessel_data_pipeline - INFO - Downloading Departed_in_last_36_hours.xml (attempt 1/3)
2025-10-26 18:41:51,795 - vessel_data_pipeline - INFO - File temp_Departed_in_last_36_hours.xml passed validation checks
2025-10-26 18:41:51,795 - vessel_data_pipeline - INFO - Created backup: Departed_in_last_36_hours_20251026_184151.xml
2025-10-26 18:41:51,795 - vessel_data_pipeline - INFO - Updated metadata for Departed_in_last_36_hours.xml
2025-10-26 18:41:51,795 - vessel_data_pipeline - INFO - Successfully downloaded and validated Departed_in_last_36_hours.xml
2025-10-26 18:41:53,800 - vessel_data_pipeline - INFO - Downloading Expected_arrivals.xml (attempt 1/3)
2025-10-26 18:41:53,855 - vessel_data_pipeline - INFO - File temp_Expected_arrivals.xml passed validation checks
2025-10-26 18:41:53,855 - vessel_data_pipeline - INFO - Created backup: Expected_arrivals_20251026_184153.xml
2025-10-26 18:41:53,855 - vessel_data_pipeline - INFO - Updated metadata for Expected_arrivals.xml
2025-10-26 18:41:53,856 - vessel_data_pipeline - INFO - Successfully downloaded and validated Expected_arrivals.xml
2025-10-26 18:41:55,861 - vessel_data_pipeline - INFO - Downloading Expected_departures.xml (attempt 1/3)
2025-10-26 18:41:55,913 - vessel_data_pipeline - INFO - File temp_Expected_departures.xml passed validation checks
2025-10-26 18:41:55,914 - vessel_data_pipeline - INFO - Created backup: Expected_departures_20251026_184155.xml
2025-10-26 18:41:55,914 - vessel_data_pipeline - INFO - Updated metadata for Expected_departures.xml
2025-10-26 18:41:55,914 - vessel_data_pipeline - INFO - Successfully downloaded and validated Expected_departures.xml
2025-10-26 18:41:57,919 - vessel_data_pipeline - INFO - Fetch operation completed. Results: {'Arrived_in_last_36_hours.xml': True, 'Departed_in_last_36_hours.xml': True, 'Expected_arrivals.xml': True, 'Expected_departures.xml': True}
2025-10-26 18:42:32,694 - vessel_data_pipeline - INFO - VesselDataFetcher initialized. Pipeline enabled: True
2025-10-26 18:42:32,695 - vessel_data_pipeline - INFO - Starting vessel data fetch operation
2025-10-26 18:42:32,695 - vessel_data_pipeline - INFO - Discovering XML files from Hong Kong Marine Department portal
2025-10-26 18:42:32,786 - vessel_data_pipeline - INFO - Verified access to Arrived_in_last_36_hours.xml
2025-10-26 18:42:32,866 - vessel_data_pipeline - INFO - Verified access to Departed_in_last_36_hours.xml
2025-10-26 18:42:32,900 - vessel_data_pipeline - INFO - Verified access to Expected_arrivals.xml
2025-10-26 18:42:32,974 - vessel_data_pipeline - INFO - Verified access to Expected_departures.xml
2025-10-26 18:42:32,974 - vessel_data_pipeline - INFO - Discovered 4 XML files for download
2025-10-26 18:42:32,974 - vessel_data_pipeline - INFO - Downloading Arrived_in_last_36_hours.xml (attempt 1/3)
2025-10-26 18:42:33,027 - vessel_data_pipeline - INFO - File temp_Arrived_in_last_36_hours.xml passed validation checks
2025-10-26 18:42:33,027 - vessel_data_pipeline - INFO - Created backup: Arrived_in_last_36_hours_20251026_184233.xml
2025-10-26 18:42:33,028 - vessel_data_pipeline - INFO - Updated metadata for Arrived_in_last_36_hours.xml
2025-10-26 18:42:33,028 - vessel_data_pipeline - INFO - Successfully downloaded and validated Arrived_in_last_36_hours.xml
2025-10-26 18:42:35,031 - vessel_data_pipeline - INFO - Downloading Departed_in_last_36_hours.xml (attempt 1/3)
2025-10-26 18:42:35,103 - vessel_data_pipeline - INFO - File temp_Departed_in_last_36_hours.xml passed validation checks
2025-10-26 18:42:35,104 - vessel_data_pipeline - INFO - Created backup: Departed_in_last_36_hours_20251026_184235.xml
2025-10-26 18:42:35,104 - vessel_data_pipeline - INFO - Updated metadata for Departed_in_last_36_hours.xml
2025-10-26 18:42:35,104 - vessel_data_pipeline - INFO - Successfully downloaded and validated Departed_in_last_36_hours.xml
2025-10-26 18:42:37,107 - vessel_data_pipeline - INFO - Downloading Expected_arrivals.xml (attempt 1/3)
2025-10-26 18:42:37,172 - vessel_data_pipeline - INFO - File temp_Expected_arrivals.xml passed validation checks
2025-10-26 18:42:37,172 - vessel_data_pipeline - INFO - Created backup: Expected_arrivals_20251026_184237.xml
2025-10-26 18:42:37,173 - vessel_data_pipeline - INFO - Updated metadata for Expected_arrivals.xml
2025-10-26 18:42:37,173 - vessel_data_pipeline - INFO - Successfully downloaded and validated Expected_arrivals.xml
2025-10-26 18:42:39,175 - vessel_data_pipeline - INFO - Downloading Expected_departures.xml (attempt 1/3)
2025-10-26 18:42:39,276 - vessel_data_pipeline - INFO - File temp_Expected_departures.xml passed validation checks
2025-10-26 18:42:39,276 - vessel_data_pipeline - INFO - Created backup: Expected_departures_20251026_184239.xml
2025-10-26 18:42:39,277 - vessel_data_pipeline - INFO - Updated metadata for Expected_departures.xml
2025-10-26 18:42:39,277 - vessel_data_pipeline - INFO - Successfully downloaded and validated Expected_departures.xml
2025-10-26 18:42:41,282 - vessel_data_pipeline - INFO - Fetch operation completed. Results: {'Arrived_in_last_36_hours.xml': True, 'Departed_in_last_36_hours.xml': True, 'Expected_arrivals.xml': True, 'Expected_departures.xml': True}
2025-10-26 18:42:41,287 - vessel_data_pipeline - INFO - VesselDataFetcher initialized. Pipeline enabled: True
2025-10-26 18:42:41,288 - vessel_data_pipeline - INFO - Starting vessel data fetch operation
2025-10-26 18:42:41,288 - vessel_data_pipeline - INFO - Discovering XML files from Hong Kong Marine Department portal
2025-10-26 18:42:41,344 - vessel_data_pipeline - INFO - Verified access to Arrived_in_last_36_hours.xml
2025-10-26 18:42:41,375 - vessel_data_pipeline - INFO - Verified access to Departed_in_last_36_hours.xml
2025-10-26 18:42:41,424 - vessel_data_pipeline - INFO - Verified access to Expected_arrivals.xml
2025-10-26 18:42:41,456 - vessel_data_pipeline - INFO - Verified access to Expected_departures.xml
2025-10-26 18:42:41,456 - vessel_data_pipeline - INFO - Discovered 4 XML files for download
2025-10-26 18:42:41,456 - vessel_data_pipeline - INFO - Downloading Arrived_in_last_36_hours.xml (attempt 1/3)
2025-10-26 18:42:41,506 - vessel_data_pipeline - INFO - File temp_Arrived_in_last_36_hours.xml passed validation checks
2025-10-26 18:42:41,506 - vessel_data_pipeline - INFO - Created backup: Arrived_in_last_36_hours_20251026_184241.xml
2025-10-26 18:42:41,506 - vessel_data_pipeline - INFO - Updated metadata for Arrived_in_last_36_hours.xml
2025-10-26 18:42:41,506 - vessel_data_pipeline - INFO - Successfully downloaded and validated Arrived_in_last_36_hours.xml
2025-10-26 18:42:43,511 - vessel_data_pipeline - INFO - Downloading Departed_in_last_36_hours.xml (attempt 1/3)
2025-10-26 18:42:43,588 - vessel_data_pipeline - INFO - File temp_Departed_in_last_36_hours.xml passed validation checks
2025-10-26 18:42:43,589 - vessel_data_pipeline - INFO - Created backup: Departed_in_last_36_hours_20251026_184243.xml
2025-10-26 18:42:43,589 - vessel_data_pipeline - INFO - Updated metadata for Departed_in_last_36_hours.xml
2025-10-26 18:42:43,589 - vessel_data_pipeline - INFO - Successfully downloaded and validated Departed_in_last_36_hours.xml
2025-10-26 18:42:45,591 - vessel_data_pipeline - INFO - Downloading Expected_arrivals.xml (attempt 1/3)
2025-10-26 18:42:45,665 - vessel_data_pipeline - INFO - File temp_Expected_arrivals.xml passed validation checks
2025-10-26 18:42:45,666 - vessel_data_pipeline - INFO - Created backup: Expected_arrivals_20251026_184245.xml
2025-10-26 18:42:45,666 - vessel_data_pipeline - INFO - Updated metadata for Expected_arrivals.xml
2025-10-26 18:42:45,666 - vessel_data_pipeline - INFO - Successfully downloaded and validated Expected_arrivals.xml
2025-10-26 18:42:47,671 - vessel_data_pipeline - INFO - Downloading Expected_departures.xml (attempt 1/3)
2025-10-26 18:42:47,721 - vessel_data_pipeline - INFO - File temp_Expected_departures.xml passed validation checks
2025-10-26 18:42:47,721 - vessel_data_pipeline - INFO - Created backup: Expected_departures_20251026_184247.xml
2025-10-26 18:42:47,722 - vessel_data_pipeline - INFO - Updated metadata for Expected_departures.xml
2025-10-26 18:42:47,722 - vessel_data_pipeline - INFO - Successfully downloaded and validated Expected_departures.xml
2025-10-26 18:42:49,727 - vessel_data_pipeline - INFO - Fetch operation completed. Results: {'Arrived_in_last_36_hours.xml': True, 'Departed_in_last_36_hours.xml': True, 'Expected_arrivals.xml': True, 'Expected_departures.xml': True}
2025-10-26 18:42:49,778 - vessel_data_pipeline - INFO - VesselDataFetcher initialized. Pipeline enabled: True
2025-10-26 18:42:49,779 - vessel_data_pipeline - INFO - Starting vessel data fetch operation
2025-10-26 18:42:49,779 - vessel_data_pipeline - INFO - Discovering XML files from Hong Kong Marine Department portal
2025-10-26 18:42:49,855 - vessel_data_pipeline - INFO - Verified access to Arrived_in_last_36_hours.xml
2025-10-26 18:42:49,889 - vessel_data_pipeline - INFO - Verified access to Departed_in_last_36_hours.xml
2025-10-26 18:42:49,924 - vessel_data_pipeline - INFO - Verified access to Expected_arrivals.xml
2025-10-26 18:42:50,007 - vessel_data_pipeline - INFO - Verified access to Expected_departures.xml
2025-10-26 18:42:50,007 - vessel_data_pipeline - INFO - Discovered 4 XML files for download
2025-10-26 18:42:50,008 - vessel_data_pipeline - INFO - Downloading Arrived_in_last_36_hours.xml (attempt 1/3)
2025-10-26 18:42:50,067 - vessel_data_pipeline - INFO - File temp_Arrived_in_last_36_hours.xml passed validation checks
2025-10-26 18:42:50,067 - vessel_data_pipeline - INFO - Created backup: Arrived_in_last_36_hours_20251026_184250.xml
2025-10-26 18:42:50,067 - vessel_data_pipeline - INFO - Updated metadata for Arrived_in_last_36_hours.xml
2025-10-26 18:42:50,067 - vessel_data_pipeline - INFO - Successfully downloaded and validated Arrived_in_last_36_hours.xml
2025-10-26 18:42:52,068 - vessel_data_pipeline - INFO - Downloading Departed_in_last_36_hours.xml (attempt 1/3)
2025-10-26 18:42:52,145 - vessel_data_pipeline - INFO - File temp_Departed_in_last_36_hours.xml passed validation checks
2025-10-26 18:42:52,145 - vessel_data_pipeline - INFO - Created backup: Departed_in_last_36_hours_20251026_184252.xml
2025-10-26 18:42:52,146 - vessel_data_pipeline - INFO - Updated metadata for Departed_in_last_36_hours.xml
2025-10-26 18:42:52,146 - vessel_data_pipeline - INFO - Successfully downloaded and validated Departed_in_last_36_hours.xml
2025-10-26 18:42:54,151 - vessel_data_pipeline - INFO - Downloading Expected_arrivals.xml (attempt 1/3)
2025-10-26 18:42:54,192 - vessel_data_pipeline - INFO - File temp_Expected_arrivals.xml passed validation checks
2025-10-26 18:42:54,193 - vessel_data_pipeline - INFO - Created backup: Expected_arrivals_20251026_184254.xml
2025-10-26 18:42:54,193 - vessel_data_pipeline - INFO - Updated metadata for Expected_arrivals.xml
2025-10-26 18:42:54,193 - vessel_data_pipeline - INFO - Successfully downloaded and validated Expected_arrivals.xml
2025-10-26 18:42:56,198 - vessel_data_pipeline - INFO - Downloading Expected_departures.xml (attempt 1/3)
2025-10-26 18:42:56,258 - vessel_data_pipeline - INFO - File temp_Expected_departures.xml passed validation checks
2025-10-26 18:42:56,259 - vessel_data_pipeline - INFO - Created backup: Expected_departures_20251026_184256.xml
2025-10-26 18:42:56,259 - vessel_data_pipeline - INFO - Updated metadata for Expected_departures.xml
2025-10-26 18:42:56,259 - vessel_data_pipeline - INFO - Successfully downloaded and validated Expected_departures.xml
2025-10-26 18:42:58,264 - vessel_data_pipeline - INFO - Fetch operation completed. Results: {'Arrived_in_last_36_hours.xml': True, 'Departed_in_last_36_hours.xml': True, 'Expected_arrivals.xml': True, 'Expected_departures.xml': True}
2025-10-26 18:42:58,270 - vessel_data_pipeline - INFO - VesselDataFetcher initialized. Pipeline enabled: True
2025-10-26 18:42:58,270 - vessel_data_pipeline - INFO - Starting vessel data fetch operation
2025-10-26 18:42:58,271 - vessel_data_pipeline - INFO - Discovering XML files from Hong Kong Marine Department portal
2025-10-26 18:42:58,493 - vessel_data_pipeline - INFO - Verified access to Arrived_in_last_36_hours.xml
2025-10-26 18:42:58,528 - vessel_data_pipeline - INFO - Verified access to Departed_in_last_36_hours.xml
2025-10-26 18:42:58,559 - vessel_data_pipeline - INFO - Verified access to Expected_arrivals.xml
2025-10-26 18:42:58,608 - vessel_data_pipeline - INFO - Verified access to Expected_departures.xml
2025-10-26 18:42:58,608 - vessel_data_pipeline - INFO - Discovered 4 XML files for download
2025-10-26 18:42:58,608 - vessel_data_pipeline - INFO - Downloading Arrived_in_last_36_hours.xml (attempt 1/3)
2025-10-26 18:42:58,657 - vessel_data_pipeline - INFO - File temp_Arrived_in_last_36_hours.xml passed validation checks
2025-10-26 18:42:58,657 - vessel_data_pipeline - INFO - Created backup: Arrived_in_last_36_hours_20251026_184258.xml
2025-10-26 18:42:58,658 - vessel_data_pipeline - INFO - Updated metadata for Arrived_in_last_36_hours.xml
2025-10-26 18:42:58,658 - vessel_data_pipeline - INFO - Successfully downloaded and validated Arrived_in_last_36_hours.xml
2025-10-26 18:43:00,663 - vessel_data_pipeline - INFO - Downloading Departed_in_last_36_hours.xml (attempt 1/3)
2025-10-26 18:43:00,820 - vessel_data_pipeline - INFO - File temp_Departed_in_last_36_hours.xml passed validation checks
2025-10-26 18:43:00,821 - vessel_data_pipeline - INFO - Created backup: Departed_in_last_36_hours_20251026_184300.xml
2025-10-26 18:43:00,821 - vessel_data_pipeline - INFO - Updated metadata for Departed_in_last_36_hours.xml
2025-10-26 18:43:00,821 - vessel_data_pipeline - INFO - Successfully downloaded and validated Departed_in_last_36_hours.xml
2025-10-26 18:43:02,826 - vessel_data_pipeline - INFO - Downloading Expected_arrivals.xml (attempt 1/3)
2025-10-26 18:43:02,873 - vessel_data_pipeline - INFO - File temp_Expected_arrivals.xml passed validation checks
2025-10-26 18:43:02,874 - vessel_data_pipeline - INFO - Created backup: Expected_arrivals_20251026_184302.xml
2025-10-26 18:43:02,874 - vessel_data_pipeline - INFO - Updated metadata for Expected_arrivals.xml
2025-10-26 18:43:02,874 - vessel_data_pipeline - INFO - Successfully downloaded and validated Expected_arrivals.xml
2025-10-26 18:43:04,879 - vessel_data_pipeline - INFO - Downloading Expected_departures.xml (attempt 1/3)
2025-10-26 18:43:04,958 - vessel_data_pipeline - INFO - File temp_Expected_departures.xml passed validation checks
2025-10-26 18:43:04,958 - vessel_data_pipeline - INFO - Created backup: Expected_departures_20251026_184304.xml
2025-10-26 18:43:04,959 - vessel_data_pipeline - INFO - Updated metadata for Expected_departures.xml
2025-10-26 18:43:04,959 - vessel_data_pipeline - INFO - Successfully downloaded and validated Expected_departures.xml
2025-10-26 18:43:06,959 - vessel_data_pipeline - INFO - Fetch operation completed. Results: {'Arrived_in_last_36_hours.xml': True, 'Departed_in_last_36_hours.xml': True, 'Expected_arrivals.xml': True, 'Expected_departures.xml': True}
2025-10-26 18:44:59,602 - vessel_data_pipeline - INFO - VesselDataFetcher initialized. Pipeline enabled: True
2025-10-26 18:44:59,605 - vessel_data_pipeline - INFO - VesselDataFetcher initialized. Pipeline enabled: True
2025-10-26 18:44:59,605 - vessel_data_pipeline - INFO - Starting vessel data fetch operation
2025-10-26 18:44:59,605 - vessel_data_pipeline - INFO - Discovering XML files from Hong Kong Marine Department portal
2025-10-26 18:44:59,757 - vessel_data_pipeline - INFO - Verified access to Arrived_in_last_36_hours.xml
2025-10-26 18:44:59,791 - vessel_data_pipeline - INFO - Verified access to Departed_in_last_36_hours.xml
2025-10-26 18:44:59,867 - vessel_data_pipeline - INFO - Verified access to Expected_arrivals.xml
2025-10-26 18:44:59,904 - vessel_data_pipeline - INFO - Verified access to Expected_departures.xml
2025-10-26 18:44:59,905 - vessel_data_pipeline - INFO - Discovered 4 XML files for download
2025-10-26 18:44:59,905 - vessel_data_pipeline - INFO - Downloading Arrived_in_last_36_hours.xml (attempt 1/3)
2025-10-26 18:44:59,962 - vessel_data_pipeline - INFO - File temp_Arrived_in_last_36_hours.xml passed validation checks
2025-10-26 18:44:59,965 - vessel_data_pipeline - INFO - Created backup: Arrived_in_last_36_hours_20251026_184459.xml
2025-10-26 18:44:59,966 - vessel_data_pipeline - INFO - Updated metadata for Arrived_in_last_36_hours.xml
2025-10-26 18:44:59,966 - vessel_data_pipeline - INFO - Successfully downloaded and validated Arrived_in_last_36_hours.xml
2025-10-26 18:45:01,968 - vessel_data_pipeline - INFO - Downloading Departed_in_last_36_hours.xml (attempt 1/3)
2025-10-26 18:45:02,251 - vessel_data_pipeline - INFO - File temp_Departed_in_last_36_hours.xml passed validation checks
2025-10-26 18:45:02,252 - vessel_data_pipeline - INFO - Created backup: Departed_in_last_36_hours_20251026_184502.xml
2025-10-26 18:45:02,253 - vessel_data_pipeline - INFO - Updated metadata for Departed_in_last_36_hours.xml
2025-10-26 18:45:02,253 - vessel_data_pipeline - INFO - Successfully downloaded and validated Departed_in_last_36_hours.xml
2025-10-26 18:45:04,253 - vessel_data_pipeline - INFO - Downloading Expected_arrivals.xml (attempt 1/3)
2025-10-26 18:45:04,306 - vessel_data_pipeline - INFO - File temp_Expected_arrivals.xml passed validation checks
2025-10-26 18:45:04,306 - vessel_data_pipeline - INFO - Created backup: Expected_arrivals_20251026_184504.xml
2025-10-26 18:45:04,307 - vessel_data_pipeline - INFO - Updated metadata for Expected_arrivals.xml
2025-10-26 18:45:04,307 - vessel_data_pipeline - INFO - Successfully downloaded and validated Expected_arrivals.xml
2025-10-26 18:45:06,308 - vessel_data_pipeline - INFO - Downloading Expected_departures.xml (attempt 1/3)
2025-10-26 18:45:06,356 - vessel_data_pipeline - INFO - File temp_Expected_departures.xml passed validation checks
2025-10-26 18:45:06,356 - vessel_data_pipeline - INFO - Created backup: Expected_departures_20251026_184506.xml
2025-10-26 18:45:06,357 - vessel_data_pipeline - INFO - Updated metadata for Expected_departures.xml
2025-10-26 18:45:06,357 - vessel_data_pipeline - INFO - Successfully downloaded and validated Expected_departures.xml
2025-10-26 18:45:08,362 - vessel_data_pipeline - INFO - Fetch operation completed. Results: {'Arrived_in_last_36_hours.xml': True, 'Departed_in_last_36_hours.xml': True, 'Expected_arrivals.xml': True, 'Expected_departures.xml': True}
2025-10-26 18:45:11,174 - vessel_data_pipeline - INFO - VesselDataFetcher initialized. Pipeline enabled: True
2025-10-26 18:45:11,175 - vessel_data_pipeline - INFO - Starting vessel data fetch operation
2025-10-26 18:45:11,175 - vessel_data_pipeline - INFO - Discovering XML files from Hong Kong Marine Department portal
2025-10-26 18:45:11,236 - vessel_data_pipeline - INFO - Verified access to Arrived_in_last_36_hours.xml
2025-10-26 18:45:11,275 - vessel_data_pipeline - INFO - Verified access to Departed_in_last_36_hours.xml
2025-10-26 18:45:11,308 - vessel_data_pipeline - INFO - Verified access to Expected_arrivals.xml
2025-10-26 18:45:11,352 - vessel_data_pipeline - INFO - Verified access to Expected_departures.xml
2025-10-26 18:45:11,352 - vessel_data_pipeline - INFO - Discovered 4 XML files for download
2025-10-26 18:45:11,352 - vessel_data_pipeline - INFO - Downloading Arrived_in_last_36_hours.xml (attempt 1/3)
2025-10-26 18:45:11,413 - vessel_data_pipeline - INFO - File temp_Arrived_in_last_36_hours.xml passed validation checks
2025-10-26 18:45:11,415 - vessel_data_pipeline - INFO - Created backup: Arrived_in_last_36_hours_20251026_184511.xml
2025-10-26 18:45:11,416 - vessel_data_pipeline - INFO - Updated metadata for Arrived_in_last_36_hours.xml
2025-10-26 18:45:11,416 - vessel_data_pipeline - INFO - Successfully downloaded and validated Arrived_in_last_36_hours.xml
2025-10-26 18:45:13,418 - vessel_data_pipeline - INFO - Downloading Departed_in_last_36_hours.xml (attempt 1/3)
2025-10-26 18:45:13,476 - vessel_data_pipeline - INFO - File temp_Departed_in_last_36_hours.xml passed validation checks
2025-10-26 18:45:13,477 - vessel_data_pipeline - INFO - Created backup: Departed_in_last_36_hours_20251026_184513.xml
2025-10-26 18:45:13,477 - vessel_data_pipeline - INFO - Updated metadata for Departed_in_last_36_hours.xml
2025-10-26 18:45:13,477 - vessel_data_pipeline - INFO - Successfully downloaded and validated Departed_in_last_36_hours.xml
2025-10-26 18:45:15,482 - vessel_data_pipeline - INFO - Downloading Expected_arrivals.xml (attempt 1/3)
2025-10-26 18:45:15,538 - vessel_data_pipeline - INFO - File temp_Expected_arrivals.xml passed validation checks
2025-10-26 18:45:15,539 - vessel_data_pipeline - INFO - Created backup: Expected_arrivals_20251026_184515.xml
2025-10-26 18:45:15,539 - vessel_data_pipeline - INFO - Updated metadata for Expected_arrivals.xml
2025-10-26 18:45:15,539 - vessel_data_pipeline - INFO - Successfully downloaded and validated Expected_arrivals.xml
2025-10-26 18:45:17,544 - vessel_data_pipeline - INFO - Downloading Expected_departures.xml (attempt 1/3)
2025-10-26 18:45:17,601 - vessel_data_pipeline - INFO - File temp_Expected_departures.xml passed validation checks
2025-10-26 18:45:17,602 - vessel_data_pipeline - INFO - Created backup: Expected_departures_20251026_184517.xml
2025-10-26 18:45:17,602 - vessel_data_pipeline - INFO - Updated metadata for Expected_departures.xml
2025-10-26 18:45:17,602 - vessel_data_pipeline - INFO - Successfully downloaded and validated Expected_departures.xml
2025-10-26 18:45:19,603 - vessel_data_pipeline - INFO - Fetch operation completed. Results: {'Arrived_in_last_36_hours.xml': True, 'Departed_in_last_36_hours.xml': True, 'Expected_arrivals.xml': True, 'Expected_departures.xml': True}
2025-10-26 18:45:19,607 - vessel_data_pipeline - INFO - VesselDataFetcher initialized. Pipeline enabled: True
2025-10-26 18:45:19,608 - vessel_data_pipeline - INFO - Starting vessel data fetch operation
2025-10-26 18:45:19,608 - vessel_data_pipeline - INFO - Discovering XML files from Hong Kong Marine Department portal
2025-10-26 18:45:19,660 - vessel_data_pipeline - INFO - Verified access to Arrived_in_last_36_hours.xml
2025-10-26 18:45:19,695 - vessel_data_pipeline - INFO - Verified access to Departed_in_last_36_hours.xml
2025-10-26 18:45:19,749 - vessel_data_pipeline - INFO - Verified access to Expected_arrivals.xml
2025-10-26 18:45:19,780 - vessel_data_pipeline - INFO - Verified access to Expected_departures.xml
2025-10-26 18:45:19,780 - vessel_data_pipeline - INFO - Discovered 4 XML files for download
2025-10-26 18:45:19,780 - vessel_data_pipeline - INFO - Downloading Arrived_in_last_36_hours.xml (attempt 1/3)
2025-10-26 18:45:19,825 - vessel_data_pipeline - INFO - File temp_Arrived_in_last_36_hours.xml passed validation checks
2025-10-26 18:45:19,825 - vessel_data_pipeline - INFO - Created backup: Arrived_in_last_36_hours_20251026_184519.xml
2025-10-26 18:45:19,826 - vessel_data_pipeline - INFO - Updated metadata for Arrived_in_last_36_hours.xml
2025-10-26 18:45:19,826 - vessel_data_pipeline - INFO - Successfully downloaded and validated Arrived_in_last_36_hours.xml
2025-10-26 18:45:21,827 - vessel_data_pipeline - INFO - Downloading Departed_in_last_36_hours.xml (attempt 1/3)
2025-10-26 18:45:21,895 - vessel_data_pipeline - INFO - File temp_Departed_in_last_36_hours.xml passed validation checks
2025-10-26 18:45:21,895 - vessel_data_pipeline - INFO - Created backup: Departed_in_last_36_hours_20251026_184521.xml
2025-10-26 18:45:21,896 - vessel_data_pipeline - INFO - Updated metadata for Departed_in_last_36_hours.xml
2025-10-26 18:45:21,896 - vessel_data_pipeline - INFO - Successfully downloaded and validated Departed_in_last_36_hours.xml
2025-10-26 18:45:23,896 - vessel_data_pipeline - INFO - Downloading Expected_arrivals.xml (attempt 1/3)
2025-10-26 18:45:23,955 - vessel_data_pipeline - INFO - File temp_Expected_arrivals.xml passed validation checks
2025-10-26 18:45:23,956 - vessel_data_pipeline - INFO - Created backup: Expected_arrivals_20251026_184523.xml
2025-10-26 18:45:23,956 - vessel_data_pipeline - INFO - Updated metadata for Expected_arrivals.xml
2025-10-26 18:45:23,956 - vessel_data_pipeline - INFO - Successfully downloaded and validated Expected_arrivals.xml
2025-10-26 18:45:25,957 - vessel_data_pipeline - INFO - Downloading Expected_departures.xml (attempt 1/3)
2025-10-26 18:45:26,006 - vessel_data_pipeline - INFO - File temp_Expected_departures.xml passed validation checks
2025-10-26 18:45:26,007 - vessel_data_pipeline - INFO - Created backup: Expected_departures_20251026_184526.xml
2025-10-26 18:45:26,007 - vessel_data_pipeline - INFO - Updated metadata for Expected_departures.xml
2025-10-26 18:45:26,007 - vessel_data_pipeline - INFO - Successfully downloaded and validated Expected_departures.xml
2025-10-26 18:45:28,008 - vessel_data_pipeline - INFO - Fetch operation completed. Results: {'Arrived_in_last_36_hours.xml': True, 'Departed_in_last_36_hours.xml': True, 'Expected_arrivals.xml': True, 'Expected_departures.xml': True}
2025-10-26 18:45:28,034 - vessel_data_pipeline - INFO - VesselDataFetcher initialized. Pipeline enabled: True
2025-10-26 18:45:28,035 - vessel_data_pipeline - INFO - Starting vessel data fetch operation
2025-10-26 18:45:28,035 - vessel_data_pipeline - INFO - Discovering XML files from Hong Kong Marine Department portal
2025-10-26 18:45:28,094 - vessel_data_pipeline - INFO - Verified access to Arrived_in_last_36_hours.xml
2025-10-26 18:45:28,141 - vessel_data_pipeline - INFO - Verified access to Departed_in_last_36_hours.xml
2025-10-26 18:45:28,175 - vessel_data_pipeline - INFO - Verified access to Expected_arrivals.xml
2025-10-26 18:45:28,216 - vessel_data_pipeline - INFO - Verified access to Expected_departures.xml
2025-10-26 18:45:28,216 - vessel_data_pipeline - INFO - Discovered 4 XML files for download
2025-10-26 18:45:28,216 - vessel_data_pipeline - INFO - Downloading Arrived_in_last_36_hours.xml (attempt 1/3)
2025-10-26 18:45:28,655 - vessel_data_pipeline - INFO - File temp_Arrived_in_last_36_hours.xml passed validation checks
2025-10-26 18:45:28,656 - vessel_data_pipeline - INFO - Created backup: Arrived_in_last_36_hours_20251026_184528.xml
2025-10-26 18:45:28,656 - vessel_data_pipeline - INFO - Updated metadata for Arrived_in_last_36_hours.xml
2025-10-26 18:45:28,656 - vessel_data_pipeline - INFO - Successfully downloaded and validated Arrived_in_last_36_hours.xml
2025-10-26 18:45:30,661 - vessel_data_pipeline - INFO - Downloading Departed_in_last_36_hours.xml (attempt 1/3)
2025-10-26 18:45:30,725 - vessel_data_pipeline - INFO - File temp_Departed_in_last_36_hours.xml passed validation checks
2025-10-26 18:45:30,726 - vessel_data_pipeline - INFO - Created backup: Departed_in_last_36_hours_20251026_184530.xml
2025-10-26 18:45:30,726 - vessel_data_pipeline - INFO - Updated metadata for Departed_in_last_36_hours.xml
2025-10-26 18:45:30,726 - vessel_data_pipeline - INFO - Successfully downloaded and validated Departed_in_last_36_hours.xml
2025-10-26 18:45:32,731 - vessel_data_pipeline - INFO - Downloading Expected_arrivals.xml (attempt 1/3)
2025-10-26 18:45:32,776 - vessel_data_pipeline - INFO - File temp_Expected_arrivals.xml passed validation checks
2025-10-26 18:45:32,776 - vessel_data_pipeline - INFO - Created backup: Expected_arrivals_20251026_184532.xml
2025-10-26 18:45:32,777 - vessel_data_pipeline - INFO - Updated metadata for Expected_arrivals.xml
2025-10-26 18:45:32,777 - vessel_data_pipeline - INFO - Successfully downloaded and validated Expected_arrivals.xml
2025-10-26 18:45:34,779 - vessel_data_pipeline - INFO - Downloading Expected_departures.xml (attempt 1/3)
2025-10-26 18:45:34,835 - vessel_data_pipeline - INFO - File temp_Expected_departures.xml passed validation checks
2025-10-26 18:45:34,836 - vessel_data_pipeline - INFO - Created backup: Expected_departures_20251026_184534.xml
2025-10-26 18:45:34,836 - vessel_data_pipeline - INFO - Updated metadata for Expected_departures.xml
2025-10-26 18:45:34,836 - vessel_data_pipeline - INFO - Successfully downloaded and validated Expected_departures.xml
2025-10-26 18:45:36,842 - vessel_data_pipeline - INFO - Fetch operation completed. Results: {'Arrived_in_last_36_hours.xml': True, 'Departed_in_last_36_hours.xml': True, 'Expected_arrivals.xml': True, 'Expected_departures.xml': True}
2025-10-26 18:45:36,853 - vessel_data_pipeline - INFO - VesselDataFetcher initialized. Pipeline enabled: True
2025-10-26 18:45:36,854 - vessel_data_pipeline - INFO - Starting vessel data fetch operation
2025-10-26 18:45:36,854 - vessel_data_pipeline - INFO - Discovering XML files from Hong Kong Marine Department portal
2025-10-26 18:45:36,936 - vessel_data_pipeline - INFO - Verified access to Arrived_in_last_36_hours.xml
2025-10-26 18:45:36,971 - vessel_data_pipeline - INFO - Verified access to Departed_in_last_36_hours.xml
2025-10-26 18:45:37,002 - vessel_data_pipeline - INFO - Verified access to Expected_arrivals.xml
2025-10-26 18:45:37,039 - vessel_data_pipeline - INFO - Verified access to Expected_departures.xml
2025-10-26 18:45:37,040 - vessel_data_pipeline - INFO - Discovered 4 XML files for download
2025-10-26 18:45:37,040 - vessel_data_pipeline - INFO - Downloading Arrived_in_last_36_hours.xml (attempt 1/3)
2025-10-26 18:45:37,094 - vessel_data_pipeline - INFO - File temp_Arrived_in_last_36_hours.xml passed validation checks
2025-10-26 18:45:37,094 - vessel_data_pipeline - INFO - Created backup: Arrived_in_last_36_hours_20251026_184537.xml
2025-10-26 18:45:37,094 - vessel_data_pipeline - INFO - Updated metadata for Arrived_in_last_36_hours.xml
2025-10-26 18:45:37,094 - vessel_data_pipeline - INFO - Successfully downloaded and validated Arrived_in_last_36_hours.xml
2025-10-26 18:45:39,096 - vessel_data_pipeline - INFO - Downloading Departed_in_last_36_hours.xml (attempt 1/3)
2025-10-26 18:45:39,281 - vessel_data_pipeline - INFO - File temp_Departed_in_last_36_hours.xml passed validation checks
2025-10-26 18:45:39,281 - vessel_data_pipeline - INFO - Created backup: Departed_in_last_36_hours_20251026_184539.xml
2025-10-26 18:45:39,281 - vessel_data_pipeline - INFO - Updated metadata for Departed_in_last_36_hours.xml
2025-10-26 18:45:39,281 - vessel_data_pipeline - INFO - Successfully downloaded and validated Departed_in_last_36_hours.xml
2025-10-26 18:45:41,283 - vessel_data_pipeline - INFO - Downloading Expected_arrivals.xml (attempt 1/3)
2025-10-26 18:45:41,328 - vessel_data_pipeline - INFO - File temp_Expected_arrivals.xml passed validation checks
2025-10-26 18:45:41,328 - vessel_data_pipeline - INFO - Created backup: Expected_arrivals_20251026_184541.xml
2025-10-26 18:45:41,329 - vessel_data_pipeline - INFO - Updated metadata for Expected_arrivals.xml
2025-10-26 18:45:41,329 - vessel_data_pipeline - INFO - Successfully downloaded and validated Expected_arrivals.xml
2025-10-26 18:45:43,333 - vessel_data_pipeline - INFO - Downloading Expected_departures.xml (attempt 1/3)
2025-10-26 18:45:43,390 - vessel_data_pipeline - INFO - File temp_Expected_departures.xml passed validation checks
2025-10-26 18:45:43,391 - vessel_data_pipeline - INFO - Created backup: Expected_departures_20251026_184543.xml
2025-10-26 18:45:43,391 - vessel_data_pipeline - INFO - Updated metadata for Expected_departures.xml
2025-10-26 18:45:43,391 - vessel_data_pipeline - INFO - Successfully downloaded and validated Expected_departures.xml
2025-10-26 18:45:45,392 - vessel_data_pipeline - INFO - Fetch operation completed. Results: {'Arrived_in_last_36_hours.xml': True, 'Departed_in_last_36_hours.xml': True, 'Expected_arrivals.xml': True, 'Expected_departures.xml': True}
2025-10-26 18:45:55,695 - vessel_data_pipeline - INFO - VesselDataFetcher initialized. Pipeline enabled: True
2025-10-26 18:45:55,697 - vessel_data_pipeline - INFO - VesselDataFetcher initialized. Pipeline enabled: True
2025-10-26 18:45:55,697 - vessel_data_pipeline - INFO - Starting vessel data fetch operation
2025-10-26 18:45:55,698 - vessel_data_pipeline - INFO - Discovering XML files from Hong Kong Marine Department portal
2025-10-26 18:45:55,766 - vessel_data_pipeline - INFO - Verified access to Arrived_in_last_36_hours.xml
2025-10-26 18:45:55,800 - vessel_data_pipeline - INFO - Verified access to Departed_in_last_36_hours.xml
2025-10-26 18:45:55,831 - vessel_data_pipeline - INFO - Verified access to Expected_arrivals.xml
2025-10-26 18:45:55,878 - vessel_data_pipeline - INFO - Verified access to Expected_departures.xml
2025-10-26 18:45:55,878 - vessel_data_pipeline - INFO - Discovered 4 XML files for download
2025-10-26 18:45:55,878 - vessel_data_pipeline - INFO - Downloading Arrived_in_last_36_hours.xml (attempt 1/3)
2025-10-26 18:45:55,946 - vessel_data_pipeline - INFO - File temp_Arrived_in_last_36_hours.xml passed validation checks
2025-10-26 18:45:55,948 - vessel_data_pipeline - INFO - Created backup: Arrived_in_last_36_hours_20251026_184555.xml
2025-10-26 18:45:55,949 - vessel_data_pipeline - INFO - Updated metadata for Arrived_in_last_36_hours.xml
2025-10-26 18:45:55,949 - vessel_data_pipeline - INFO - Successfully downloaded and validated Arrived_in_last_36_hours.xml
2025-10-26 18:45:57,950 - vessel_data_pipeline - INFO - Downloading Departed_in_last_36_hours.xml (attempt 1/3)
2025-10-26 18:45:58,009 - vessel_data_pipeline - INFO - File temp_Departed_in_last_36_hours.xml passed validation checks
2025-10-26 18:45:58,009 - vessel_data_pipeline - INFO - Created backup: Departed_in_last_36_hours_20251026_184558.xml
2025-10-26 18:45:58,009 - vessel_data_pipeline - INFO - Updated metadata for Departed_in_last_36_hours.xml
2025-10-26 18:45:58,009 - vessel_data_pipeline - INFO - Successfully downloaded and validated Departed_in_last_36_hours.xml
2025-10-26 18:46:00,011 - vessel_data_pipeline - INFO - Downloading Expected_arrivals.xml (attempt 1/3)
2025-10-26 18:46:00,069 - vessel_data_pipeline - INFO - File temp_Expected_arrivals.xml passed validation checks
2025-10-26 18:46:00,069 - vessel_data_pipeline - INFO - Created backup: Expected_arrivals_20251026_184600.xml
2025-10-26 18:46:00,069 - vessel_data_pipeline - INFO - Updated metadata for Expected_arrivals.xml
2025-10-26 18:46:00,069 - vessel_data_pipeline - INFO - Successfully downloaded and validated Expected_arrivals.xml
2025-10-26 18:46:02,070 - vessel_data_pipeline - INFO - Downloading Expected_departures.xml (attempt 1/3)
2025-10-26 18:46:02,116 - vessel_data_pipeline - INFO - File temp_Expected_departures.xml passed validation checks
2025-10-26 18:46:02,117 - vessel_data_pipeline - INFO - Created backup: Expected_departures_20251026_184602.xml
2025-10-26 18:46:02,117 - vessel_data_pipeline - INFO - Updated metadata for Expected_departures.xml
2025-10-26 18:46:02,117 - vessel_data_pipeline - INFO - Successfully downloaded and validated Expected_departures.xml
2025-10-26 18:46:04,122 - vessel_data_pipeline - INFO - Fetch operation completed. Results: {'Arrived_in_last_36_hours.xml': True, 'Departed_in_last_36_hours.xml': True, 'Expected_arrivals.xml': True, 'Expected_departures.xml': True}
2025-10-26 18:46:06,945 - vessel_data_pipeline - INFO - VesselDataFetcher initialized. Pipeline enabled: True
2025-10-26 18:46:06,945 - vessel_data_pipeline - INFO - Starting vessel data fetch operation
2025-10-26 18:46:06,945 - vessel_data_pipeline - INFO - Discovering XML files from Hong Kong Marine Department portal
2025-10-26 18:46:06,998 - vessel_data_pipeline - INFO - Verified access to Arrived_in_last_36_hours.xml
2025-10-26 18:46:07,050 - vessel_data_pipeline - INFO - Verified access to Departed_in_last_36_hours.xml
2025-10-26 18:46:07,091 - vessel_data_pipeline - INFO - Verified access to Expected_arrivals.xml
2025-10-26 18:46:07,129 - vessel_data_pipeline - INFO - Verified access to Expected_departures.xml
2025-10-26 18:46:07,129 - vessel_data_pipeline - INFO - Discovered 4 XML files for download
2025-10-26 18:46:07,129 - vessel_data_pipeline - INFO - Downloading Arrived_in_last_36_hours.xml (attempt 1/3)
2025-10-26 18:46:07,204 - vessel_data_pipeline - INFO - File temp_Arrived_in_last_36_hours.xml passed validation checks
2025-10-26 18:46:07,205 - vessel_data_pipeline - INFO - Created backup: Arrived_in_last_36_hours_20251026_184607.xml
2025-10-26 18:46:07,205 - vessel_data_pipeline - INFO - Updated metadata for Arrived_in_last_36_hours.xml
2025-10-26 18:46:07,205 - vessel_data_pipeline - INFO - Successfully downloaded and validated Arrived_in_last_36_hours.xml
2025-10-26 18:46:09,211 - vessel_data_pipeline - INFO - Downloading Departed_in_last_36_hours.xml (attempt 1/3)
2025-10-26 18:46:09,284 - vessel_data_pipeline - INFO - File temp_Departed_in_last_36_hours.xml passed validation checks
2025-10-26 18:46:09,284 - vessel_data_pipeline - INFO - Created backup: Departed_in_last_36_hours_20251026_184609.xml
2025-10-26 18:46:09,285 - vessel_data_pipeline - INFO - Updated metadata for Departed_in_last_36_hours.xml
2025-10-26 18:46:09,285 - vessel_data_pipeline - INFO - Successfully downloaded and validated Departed_in_last_36_hours.xml
2025-10-26 18:46:11,290 - vessel_data_pipeline - INFO - Downloading Expected_arrivals.xml (attempt 1/3)
2025-10-26 18:46:11,336 - vessel_data_pipeline - INFO - File temp_Expected_arrivals.xml passed validation checks
2025-10-26 18:46:11,337 - vessel_data_pipeline - INFO - Created backup: Expected_arrivals_20251026_184611.xml
2025-10-26 18:46:11,337 - vessel_data_pipeline - INFO - Updated metadata for Expected_arrivals.xml
2025-10-26 18:46:11,337 - vessel_data_pipeline - INFO - Successfully downloaded and validated Expected_arrivals.xml
2025-10-26 18:46:13,340 - vessel_data_pipeline - INFO - Downloading Expected_departures.xml (attempt 1/3)
2025-10-26 18:46:13,381 - vessel_data_pipeline - INFO - File temp_Expected_departures.xml passed validation checks
2025-10-26 18:46:13,382 - vessel_data_pipeline - INFO - Created backup: Expected_departures_20251026_184613.xml
2025-10-26 18:46:13,382 - vessel_data_pipeline - INFO - Updated metadata for Expected_departures.xml
2025-10-26 18:46:13,382 - vessel_data_pipeline - INFO - Successfully downloaded and validated Expected_departures.xml
2025-10-26 18:46:15,384 - vessel_data_pipeline - INFO - Fetch operation completed. Results: {'Arrived_in_last_36_hours.xml': True, 'Departed_in_last_36_hours.xml': True, 'Expected_arrivals.xml': True, 'Expected_departures.xml': True}
2025-10-26 18:46:15,388 - vessel_data_pipeline - INFO - VesselDataFetcher initialized. Pipeline enabled: True
2025-10-26 18:46:15,389 - vessel_data_pipeline - INFO - Starting vessel data fetch operation
2025-10-26 18:46:15,389 - vessel_data_pipeline - INFO - Discovering XML files from Hong Kong Marine Department portal
2025-10-26 18:46:15,468 - vessel_data_pipeline - INFO - Verified access to Arrived_in_last_36_hours.xml
2025-10-26 18:46:15,500 - vessel_data_pipeline - INFO - Verified access to Departed_in_last_36_hours.xml
2025-10-26 18:46:15,530 - vessel_data_pipeline - INFO - Verified access to Expected_arrivals.xml
2025-10-26 18:46:15,586 - vessel_data_pipeline - INFO - Verified access to Expected_departures.xml
2025-10-26 18:46:15,586 - vessel_data_pipeline - INFO - Discovered 4 XML files for download
2025-10-26 18:46:15,586 - vessel_data_pipeline - INFO - Downloading Arrived_in_last_36_hours.xml (attempt 1/3)
2025-10-26 18:46:15,630 - vessel_data_pipeline - INFO - File temp_Arrived_in_last_36_hours.xml passed validation checks
2025-10-26 18:46:15,631 - vessel_data_pipeline - INFO - Created backup: Arrived_in_last_36_hours_20251026_184615.xml
2025-10-26 18:46:15,631 - vessel_data_pipeline - INFO - Updated metadata for Arrived_in_last_36_hours.xml
2025-10-26 18:46:15,631 - vessel_data_pipeline - INFO - Successfully downloaded and validated Arrived_in_last_36_hours.xml
2025-10-26 18:46:17,634 - vessel_data_pipeline - INFO - Downloading Departed_in_last_36_hours.xml (attempt 1/3)
2025-10-26 18:46:17,695 - vessel_data_pipeline - INFO - File temp_Departed_in_last_36_hours.xml passed validation checks
2025-10-26 18:46:17,695 - vessel_data_pipeline - INFO - Created backup: Departed_in_last_36_hours_20251026_184617.xml
2025-10-26 18:46:17,695 - vessel_data_pipeline - INFO - Updated metadata for Departed_in_last_36_hours.xml
2025-10-26 18:46:17,695 - vessel_data_pipeline - INFO - Successfully downloaded and validated Departed_in_last_36_hours.xml
2025-10-26 18:46:19,701 - vessel_data_pipeline - INFO - Downloading Expected_arrivals.xml (attempt 1/3)
2025-10-26 18:46:19,751 - vessel_data_pipeline - INFO - File temp_Expected_arrivals.xml passed validation checks
2025-10-26 18:46:19,752 - vessel_data_pipeline - INFO - Created backup: Expected_arrivals_20251026_184619.xml
2025-10-26 18:46:19,752 - vessel_data_pipeline - INFO - Updated metadata for Expected_arrivals.xml
2025-10-26 18:46:19,752 - vessel_data_pipeline - INFO - Successfully downloaded and validated Expected_arrivals.xml
2025-10-26 18:46:21,757 - vessel_data_pipeline - INFO - Downloading Expected_departures.xml (attempt 1/3)
2025-10-26 18:46:21,813 - vessel_data_pipeline - INFO - File temp_Expected_departures.xml passed validation checks
2025-10-26 18:46:21,813 - vessel_data_pipeline - INFO - Created backup: Expected_departures_20251026_184621.xml
2025-10-26 18:46:21,813 - vessel_data_pipeline - INFO - Updated metadata for Expected_departures.xml
2025-10-26 18:46:21,813 - vessel_data_pipeline - INFO - Successfully downloaded and validated Expected_departures.xml
2025-10-26 18:46:23,816 - vessel_data_pipeline - INFO - Fetch operation completed. Results: {'Arrived_in_last_36_hours.xml': True, 'Departed_in_last_36_hours.xml': True, 'Expected_arrivals.xml': True, 'Expected_departures.xml': True}
2025-10-26 18:46:23,842 - vessel_data_pipeline - INFO - VesselDataFetcher initialized. Pipeline enabled: True
2025-10-26 18:46:23,843 - vessel_data_pipeline - INFO - Starting vessel data fetch operation
2025-10-26 18:46:23,843 - vessel_data_pipeline - INFO - Discovering XML files from Hong Kong Marine Department portal
2025-10-26 18:46:24,096 - vessel_data_pipeline - INFO - Verified access to Arrived_in_last_36_hours.xml
2025-10-26 18:46:24,321 - vessel_data_pipeline - INFO - Verified access to Departed_in_last_36_hours.xml
2025-10-26 18:46:24,535 - vessel_data_pipeline - INFO - Verified access to Expected_arrivals.xml
2025-10-26 18:46:24,799 - vessel_data_pipeline - INFO - Verified access to Expected_departures.xml
2025-10-26 18:46:24,800 - vessel_data_pipeline - INFO - Discovered 4 XML files for download
2025-10-26 18:46:24,800 - vessel_data_pipeline - INFO - Downloading Arrived_in_last_36_hours.xml (attempt 1/3)
2025-10-26 18:46:24,853 - vessel_data_pipeline - INFO - File temp_Arrived_in_last_36_hours.xml passed validation checks
2025-10-26 18:46:24,854 - vessel_data_pipeline - INFO - Created backup: Arrived_in_last_36_hours_20251026_184624.xml
2025-10-26 18:46:24,855 - vessel_data_pipeline - INFO - Updated metadata for Arrived_in_last_36_hours.xml
2025-10-26 18:46:24,855 - vessel_data_pipeline - INFO - Successfully downloaded and validated Arrived_in_last_36_hours.xml
2025-10-26 18:46:26,860 - vessel_data_pipeline - INFO - Downloading Departed_in_last_36_hours.xml (attempt 1/3)
2025-10-26 18:46:26,950 - vessel_data_pipeline - INFO - File temp_Departed_in_last_36_hours.xml passed validation checks
2025-10-26 18:46:26,951 - vessel_data_pipeline - INFO - Created backup: Departed_in_last_36_hours_20251026_184626.xml
2025-10-26 18:46:26,951 - vessel_data_pipeline - INFO - Updated metadata for Departed_in_last_36_hours.xml
2025-10-26 18:46:26,951 - vessel_data_pipeline - INFO - Successfully downloaded and validated Departed_in_last_36_hours.xml
2025-10-26 18:46:28,956 - vessel_data_pipeline - INFO - Downloading Expected_arrivals.xml (attempt 1/3)
2025-10-26 18:46:29,012 - vessel_data_pipeline - INFO - File temp_Expected_arrivals.xml passed validation checks
2025-10-26 18:46:29,013 - vessel_data_pipeline - INFO - Created backup: Expected_arrivals_20251026_184629.xml
2025-10-26 18:46:29,013 - vessel_data_pipeline - INFO - Updated metadata for Expected_arrivals.xml
2025-10-26 18:46:29,013 - vessel_data_pipeline - INFO - Successfully downloaded and validated Expected_arrivals.xml
2025-10-26 18:46:31,018 - vessel_data_pipeline - INFO - Downloading Expected_departures.xml (attempt 1/3)
2025-10-26 18:46:31,086 - vessel_data_pipeline - INFO - File temp_Expected_departures.xml passed validation checks
2025-10-26 18:46:31,086 - vessel_data_pipeline - INFO - Created backup: Expected_departures_20251026_184631.xml
2025-10-26 18:46:31,086 - vessel_data_pipeline - INFO - Updated metadata for Expected_departures.xml
2025-10-26 18:46:31,086 - vessel_data_pipeline - INFO - Successfully downloaded and validated Expected_departures.xml
2025-10-26 18:46:33,092 - vessel_data_pipeline - INFO - Fetch operation completed. Results: {'Arrived_in_last_36_hours.xml': True, 'Departed_in_last_36_hours.xml': True, 'Expected_arrivals.xml': True, 'Expected_departures.xml': True}
2025-10-26 18:46:33,100 - vessel_data_pipeline - INFO - VesselDataFetcher initialized. Pipeline enabled: True
2025-10-26 18:46:33,101 - vessel_data_pipeline - INFO - Starting vessel data fetch operation
2025-10-26 18:46:33,101 - vessel_data_pipeline - INFO - Discovering XML files from Hong Kong Marine Department portal
2025-10-26 18:46:33,162 - vessel_data_pipeline - INFO - Verified access to Arrived_in_last_36_hours.xml
2025-10-26 18:46:33,192 - vessel_data_pipeline - INFO - Verified access to Departed_in_last_36_hours.xml
2025-10-26 18:46:33,239 - vessel_data_pipeline - INFO - Verified access to Expected_arrivals.xml
2025-10-26 18:46:33,268 - vessel_data_pipeline - INFO - Verified access to Expected_departures.xml
2025-10-26 18:46:33,268 - vessel_data_pipeline - INFO - Discovered 4 XML files for download
2025-10-26 18:46:33,268 - vessel_data_pipeline - INFO - Downloading Arrived_in_last_36_hours.xml (attempt 1/3)
2025-10-26 18:46:33,318 - vessel_data_pipeline - INFO - File temp_Arrived_in_last_36_hours.xml passed validation checks
2025-10-26 18:46:33,319 - vessel_data_pipeline - INFO - Created backup: Arrived_in_last_36_hours_20251026_184633.xml
2025-10-26 18:46:33,319 - vessel_data_pipeline - INFO - Updated metadata for Arrived_in_last_36_hours.xml
2025-10-26 18:46:33,319 - vessel_data_pipeline - INFO - Successfully downloaded and validated Arrived_in_last_36_hours.xml
2025-10-26 18:46:35,324 - vessel_data_pipeline - INFO - Downloading Departed_in_last_36_hours.xml (attempt 1/3)
2025-10-26 18:46:35,417 - vessel_data_pipeline - INFO - File temp_Departed_in_last_36_hours.xml passed validation checks
2025-10-26 18:46:35,418 - vessel_data_pipeline - INFO - Created backup: Departed_in_last_36_hours_20251026_184635.xml
2025-10-26 18:46:35,418 - vessel_data_pipeline - INFO - Updated metadata for Departed_in_last_36_hours.xml
2025-10-26 18:46:35,418 - vessel_data_pipeline - INFO - Successfully downloaded and validated Departed_in_last_36_hours.xml
2025-10-26 18:46:37,419 - vessel_data_pipeline - INFO - Downloading Expected_arrivals.xml (attempt 1/3)
2025-10-26 18:46:37,474 - vessel_data_pipeline - INFO - File temp_Expected_arrivals.xml passed validation checks
2025-10-26 18:46:37,475 - vessel_data_pipeline - INFO - Created backup: Expected_arrivals_20251026_184637.xml
2025-10-26 18:46:37,475 - vessel_data_pipeline - INFO - Updated metadata for Expected_arrivals.xml
2025-10-26 18:46:37,475 - vessel_data_pipeline - INFO - Successfully downloaded and validated Expected_arrivals.xml
2025-10-26 18:46:39,478 - vessel_data_pipeline - INFO - Downloading Expected_departures.xml (attempt 1/3)
2025-10-26 18:46:39,533 - vessel_data_pipeline - INFO - File temp_Expected_departures.xml passed validation checks
2025-10-26 18:46:39,534 - vessel_data_pipeline - INFO - Created backup: Expected_departures_20251026_184639.xml
2025-10-26 18:46:39,534 - vessel_data_pipeline - INFO - Updated metadata for Expected_departures.xml
2025-10-26 18:46:39,534 - vessel_data_pipeline - INFO - Successfully downloaded and validated Expected_departures.xml
2025-10-26 18:46:41,539 - vessel_data_pipeline - INFO - Fetch operation completed. Results: {'Arrived_in_last_36_hours.xml': True, 'Departed_in_last_36_hours.xml': True, 'Expected_arrivals.xml': True, 'Expected_departures.xml': True}
2025-10-26 18:46:50,972 - vessel_data_pipeline - INFO - VesselDataFetcher initialized. Pipeline enabled: True
2025-10-26 18:46:50,973 - vessel_data_pipeline - INFO - Starting vessel data fetch operation
2025-10-26 18:46:50,973 - vessel_data_pipeline - INFO - Discovering XML files from Hong Kong Marine Department portal
2025-10-26 18:46:51,047 - vessel_data_pipeline - INFO - Verified access to Arrived_in_last_36_hours.xml
2025-10-26 18:46:51,103 - vessel_data_pipeline - INFO - Verified access to Departed_in_last_36_hours.xml
2025-10-26 18:46:51,134 - vessel_data_pipeline - INFO - Verified access to Expected_arrivals.xml
2025-10-26 18:46:51,172 - vessel_data_pipeline - INFO - Verified access to Expected_departures.xml
2025-10-26 18:46:51,172 - vessel_data_pipeline - INFO - Discovered 4 XML files for download
2025-10-26 18:46:51,173 - vessel_data_pipeline - INFO - Downloading Arrived_in_last_36_hours.xml (attempt 1/3)
2025-10-26 18:46:51,239 - vessel_data_pipeline - INFO - File temp_Arrived_in_last_36_hours.xml passed validation checks
2025-10-26 18:46:51,241 - vessel_data_pipeline - INFO - Created backup: Arrived_in_last_36_hours_20251026_184651.xml
2025-10-26 18:46:51,241 - vessel_data_pipeline - INFO - Updated metadata for Arrived_in_last_36_hours.xml
2025-10-26 18:46:51,241 - vessel_data_pipeline - INFO - Successfully downloaded and validated Arrived_in_last_36_hours.xml
2025-10-26 18:46:53,245 - vessel_data_pipeline - INFO - Downloading Departed_in_last_36_hours.xml (attempt 1/3)
2025-10-26 18:46:53,304 - vessel_data_pipeline - INFO - File temp_Departed_in_last_36_hours.xml passed validation checks
2025-10-26 18:46:53,304 - vessel_data_pipeline - INFO - Created backup: Departed_in_last_36_hours_20251026_184653.xml
2025-10-26 18:46:53,305 - vessel_data_pipeline - INFO - Updated metadata for Departed_in_last_36_hours.xml
2025-10-26 18:46:53,305 - vessel_data_pipeline - INFO - Successfully downloaded and validated Departed_in_last_36_hours.xml
2025-10-26 18:46:55,309 - vessel_data_pipeline - INFO - Downloading Expected_arrivals.xml (attempt 1/3)
2025-10-26 18:46:55,361 - vessel_data_pipeline - INFO - File temp_Expected_arrivals.xml passed validation checks
2025-10-26 18:46:55,362 - vessel_data_pipeline - INFO - Created backup: Expected_arrivals_20251026_184655.xml
2025-10-26 18:46:55,362 - vessel_data_pipeline - INFO - Updated metadata for Expected_arrivals.xml
2025-10-26 18:46:55,362 - vessel_data_pipeline - INFO - Successfully downloaded and validated Expected_arrivals.xml
2025-10-26 18:46:57,364 - vessel_data_pipeline - INFO - Downloading Expected_departures.xml (attempt 1/3)
2025-10-26 18:46:57,413 - vessel_data_pipeline - INFO - File temp_Expected_departures.xml passed validation checks
2025-10-26 18:46:57,414 - vessel_data_pipeline - INFO - Created backup: Expected_departures_20251026_184657.xml
2025-10-26 18:46:57,414 - vessel_data_pipeline - INFO - Updated metadata for Expected_departures.xml
2025-10-26 18:46:57,414 - vessel_data_pipeline - INFO - Successfully downloaded and validated Expected_departures.xml
2025-10-26 18:46:59,418 - vessel_data_pipeline - INFO - Fetch operation completed. Results: {'Arrived_in_last_36_hours.xml': True, 'Departed_in_last_36_hours.xml': True, 'Expected_arrivals.xml': True, 'Expected_departures.xml': True}
2025-10-26 18:46:59,421 - vessel_data_pipeline - INFO - VesselDataFetcher initialized. Pipeline enabled: True
2025-10-26 18:46:59,422 - vessel_data_pipeline - INFO - Starting vessel data fetch operation
2025-10-26 18:46:59,422 - vessel_data_pipeline - INFO - Discovering XML files from Hong Kong Marine Department portal
2025-10-26 18:46:59,491 - vessel_data_pipeline - INFO - Verified access to Arrived_in_last_36_hours.xml
2025-10-26 18:46:59,528 - vessel_data_pipeline - INFO - Verified access to Departed_in_last_36_hours.xml
2025-10-26 18:46:59,562 - vessel_data_pipeline - INFO - Verified access to Expected_arrivals.xml
2025-10-26 18:46:59,621 - vessel_data_pipeline - INFO - Verified access to Expected_departures.xml
2025-10-26 18:46:59,621 - vessel_data_pipeline - INFO - Discovered 4 XML files for download
2025-10-26 18:46:59,621 - vessel_data_pipeline - INFO - Downloading Arrived_in_last_36_hours.xml (attempt 1/3)
2025-10-26 18:46:59,671 - vessel_data_pipeline - INFO - File temp_Arrived_in_last_36_hours.xml passed validation checks
2025-10-26 18:46:59,671 - vessel_data_pipeline - INFO - Created backup: Arrived_in_last_36_hours_20251026_184659.xml
2025-10-26 18:46:59,672 - vessel_data_pipeline - INFO - Updated metadata for Arrived_in_last_36_hours.xml
2025-10-26 18:46:59,672 - vessel_data_pipeline - INFO - Successfully downloaded and validated Arrived_in_last_36_hours.xml
2025-10-26 18:47:01,673 - vessel_data_pipeline - INFO - Downloading Departed_in_last_36_hours.xml (attempt 1/3)
2025-10-26 18:47:01,830 - vessel_data_pipeline - INFO - File temp_Departed_in_last_36_hours.xml passed validation checks
2025-10-26 18:47:01,830 - vessel_data_pipeline - INFO - Created backup: Departed_in_last_36_hours_20251026_184701.xml
2025-10-26 18:47:01,830 - vessel_data_pipeline - INFO - Updated metadata for Departed_in_last_36_hours.xml
2025-10-26 18:47:01,831 - vessel_data_pipeline - INFO - Successfully downloaded and validated Departed_in_last_36_hours.xml
2025-10-26 18:47:03,832 - vessel_data_pipeline - INFO - Downloading Expected_arrivals.xml (attempt 1/3)
2025-10-26 18:47:03,879 - vessel_data_pipeline - INFO - File temp_Expected_arrivals.xml passed validation checks
2025-10-26 18:47:03,880 - vessel_data_pipeline - INFO - Created backup: Expected_arrivals_20251026_184703.xml
2025-10-26 18:47:03,880 - vessel_data_pipeline - INFO - Updated metadata for Expected_arrivals.xml
2025-10-26 18:47:03,880 - vessel_data_pipeline - INFO - Successfully downloaded and validated Expected_arrivals.xml
2025-10-26 18:47:05,886 - vessel_data_pipeline - INFO - Downloading Expected_departures.xml (attempt 1/3)
2025-10-26 18:47:05,940 - vessel_data_pipeline - INFO - File temp_Expected_departures.xml passed validation checks
2025-10-26 18:47:05,941 - vessel_data_pipeline - INFO - Created backup: Expected_departures_20251026_184705.xml
2025-10-26 18:47:05,941 - vessel_data_pipeline - INFO - Updated metadata for Expected_departures.xml
2025-10-26 18:47:05,941 - vessel_data_pipeline - INFO - Successfully downloaded and validated Expected_departures.xml
2025-10-26 18:47:07,944 - vessel_data_pipeline - INFO - Fetch operation completed. Results: {'Arrived_in_last_36_hours.xml': True, 'Departed_in_last_36_hours.xml': True, 'Expected_arrivals.xml': True, 'Expected_departures.xml': True}
2025-10-26 18:47:07,967 - vessel_data_pipeline - INFO - VesselDataFetcher initialized. Pipeline enabled: True
2025-10-26 18:47:07,968 - vessel_data_pipeline - INFO - Starting vessel data fetch operation
2025-10-26 18:47:07,968 - vessel_data_pipeline - INFO - Discovering XML files from Hong Kong Marine Department portal
2025-10-26 18:47:08,027 - vessel_data_pipeline - INFO - Verified access to Arrived_in_last_36_hours.xml
2025-10-26 18:47:08,066 - vessel_data_pipeline - INFO - Verified access to Departed_in_last_36_hours.xml
2025-10-26 18:47:08,109 - vessel_data_pipeline - INFO - Verified access to Expected_arrivals.xml
2025-10-26 18:47:08,140 - vessel_data_pipeline - INFO - Verified access to Expected_departures.xml
2025-10-26 18:47:08,140 - vessel_data_pipeline - INFO - Discovered 4 XML files for download
2025-10-26 18:47:08,140 - vessel_data_pipeline - INFO - Downloading Arrived_in_last_36_hours.xml (attempt 1/3)
2025-10-26 18:47:08,211 - vessel_data_pipeline - INFO - File temp_Arrived_in_last_36_hours.xml passed validation checks
2025-10-26 18:47:08,211 - vessel_data_pipeline - INFO - Created backup: Arrived_in_last_36_hours_20251026_184708.xml
2025-10-26 18:47:08,212 - vessel_data_pipeline - INFO - Updated metadata for Arrived_in_last_36_hours.xml
2025-10-26 18:47:08,212 - vessel_data_pipeline - INFO - Successfully downloaded and validated Arrived_in_last_36_hours.xml
2025-10-26 18:47:10,216 - vessel_data_pipeline - INFO - Downloading Departed_in_last_36_hours.xml (attempt 1/3)
2025-10-26 18:47:10,277 - vessel_data_pipeline - INFO - File temp_Departed_in_last_36_hours.xml passed validation checks
2025-10-26 18:47:10,278 - vessel_data_pipeline - INFO - Created backup: Departed_in_last_36_hours_20251026_184710.xml
2025-10-26 18:47:10,278 - vessel_data_pipeline - INFO - Updated metadata for Departed_in_last_36_hours.xml
2025-10-26 18:47:10,278 - vessel_data_pipeline - INFO - Successfully downloaded and validated Departed_in_last_36_hours.xml
2025-10-26 18:47:12,279 - vessel_data_pipeline - INFO - Downloading Expected_arrivals.xml (attempt 1/3)
2025-10-26 18:47:12,334 - vessel_data_pipeline - INFO - File temp_Expected_arrivals.xml passed validation checks
2025-10-26 18:47:12,335 - vessel_data_pipeline - INFO - Created backup: Expected_arrivals_20251026_184712.xml
2025-10-26 18:47:12,335 - vessel_data_pipeline - INFO - Updated metadata for Expected_arrivals.xml
2025-10-26 18:47:12,335 - vessel_data_pipeline - INFO - Successfully downloaded and validated Expected_arrivals.xml
2025-10-26 18:47:14,337 - vessel_data_pipeline - INFO - Downloading Expected_departures.xml (attempt 1/3)
2025-10-26 18:47:14,394 - vessel_data_pipeline - INFO - File temp_Expected_departures.xml passed validation checks
2025-10-26 18:47:14,394 - vessel_data_pipeline - INFO - Created backup: Expected_departures_20251026_184714.xml
2025-10-26 18:47:14,395 - vessel_data_pipeline - INFO - Updated metadata for Expected_departures.xml
2025-10-26 18:47:14,395 - vessel_data_pipeline - INFO - Successfully downloaded and validated Expected_departures.xml
2025-10-26 18:47:16,398 - vessel_data_pipeline - INFO - Fetch operation completed. Results: {'Arrived_in_last_36_hours.xml': True, 'Departed_in_last_36_hours.xml': True, 'Expected_arrivals.xml': True, 'Expected_departures.xml': True}
2025-10-26 18:47:16,403 - vessel_data_pipeline - INFO - VesselDataFetcher initialized. Pipeline enabled: True
2025-10-26 18:47:16,403 - vessel_data_pipeline - INFO - Starting vessel data fetch operation
2025-10-26 18:47:16,403 - vessel_data_pipeline - INFO - Discovering XML files from Hong Kong Marine Department portal
2025-10-26 18:47:16,482 - vessel_data_pipeline - INFO - Verified access to Arrived_in_last_36_hours.xml
2025-10-26 18:47:16,516 - vessel_data_pipeline - INFO - Verified access to Departed_in_last_36_hours.xml
2025-10-26 18:47:16,551 - vessel_data_pipeline - INFO - Verified access to Expected_arrivals.xml
2025-10-26 18:47:16,599 - vessel_data_pipeline - INFO - Verified access to Expected_departures.xml
2025-10-26 18:47:16,599 - vessel_data_pipeline - INFO - Discovered 4 XML files for download
2025-10-26 18:47:16,600 - vessel_data_pipeline - INFO - Downloading Arrived_in_last_36_hours.xml (attempt 1/3)
2025-10-26 18:47:16,649 - vessel_data_pipeline - INFO - File temp_Arrived_in_last_36_hours.xml passed validation checks
2025-10-26 18:47:16,649 - vessel_data_pipeline - INFO - Created backup: Arrived_in_last_36_hours_20251026_184716.xml
2025-10-26 18:47:16,649 - vessel_data_pipeline - INFO - Updated metadata for Arrived_in_last_36_hours.xml
2025-10-26 18:47:16,650 - vessel_data_pipeline - INFO - Successfully downloaded and validated Arrived_in_last_36_hours.xml
2025-10-26 18:47:18,652 - vessel_data_pipeline - INFO - Downloading Departed_in_last_36_hours.xml (attempt 1/3)
2025-10-26 18:47:18,712 - vessel_data_pipeline - INFO - File temp_Departed_in_last_36_hours.xml passed validation checks
2025-10-26 18:47:18,713 - vessel_data_pipeline - INFO - Created backup: Departed_in_last_36_hours_20251026_184718.xml
2025-10-26 18:47:18,713 - vessel_data_pipeline - INFO - Updated metadata for Departed_in_last_36_hours.xml
2025-10-26 18:47:18,713 - vessel_data_pipeline - INFO - Successfully downloaded and validated Departed_in_last_36_hours.xml
2025-10-26 18:47:20,718 - vessel_data_pipeline - INFO - Downloading Expected_arrivals.xml (attempt 1/3)
2025-10-26 18:47:20,773 - vessel_data_pipeline - INFO - File temp_Expected_arrivals.xml passed validation checks
2025-10-26 18:47:20,773 - vessel_data_pipeline - INFO - Created backup: Expected_arrivals_20251026_184720.xml
2025-10-26 18:47:20,773 - vessel_data_pipeline - INFO - Updated metadata for Expected_arrivals.xml
2025-10-26 18:47:20,773 - vessel_data_pipeline - INFO - Successfully downloaded and validated Expected_arrivals.xml
2025-10-26 18:47:22,776 - vessel_data_pipeline - INFO - Downloading Expected_departures.xml (attempt 1/3)
2025-10-26 18:47:22,820 - vessel_data_pipeline - INFO - File temp_Expected_departures.xml passed validation checks
2025-10-26 18:47:22,820 - vessel_data_pipeline - INFO - Created backup: Expected_departures_20251026_184722.xml
2025-10-26 18:47:22,821 - vessel_data_pipeline - INFO - Updated metadata for Expected_departures.xml
2025-10-26 18:47:22,821 - vessel_data_pipeline - INFO - Successfully downloaded and validated Expected_departures.xml
2025-10-26 18:47:24,826 - vessel_data_pipeline - INFO - Fetch operation completed. Results: {'Arrived_in_last_36_hours.xml': True, 'Departed_in_last_36_hours.xml': True, 'Expected_arrivals.xml': True, 'Expected_departures.xml': True}
2025-10-26 18:47:32,063 - vessel_data_pipeline - INFO - VesselDataFetcher initialized. Pipeline enabled: True
2025-10-26 18:47:32,064 - vessel_data_pipeline - INFO - VesselDataFetcher initialized. Pipeline enabled: True
2025-10-26 18:47:32,065 - vessel_data_pipeline - INFO - Starting vessel data fetch operation
2025-10-26 18:47:32,065 - vessel_data_pipeline - INFO - Discovering XML files from Hong Kong Marine Department portal
2025-10-26 18:47:32,222 - vessel_data_pipeline - INFO - Verified access to Arrived_in_last_36_hours.xml
2025-10-26 18:47:32,303 - vessel_data_pipeline - INFO - Verified access to Departed_in_last_36_hours.xml
2025-10-26 18:47:32,387 - vessel_data_pipeline - INFO - Verified access to Expected_arrivals.xml
2025-10-26 18:47:32,493 - vessel_data_pipeline - INFO - Verified access to Expected_departures.xml
2025-10-26 18:47:32,494 - vessel_data_pipeline - INFO - Discovered 4 XML files for download
2025-10-26 18:47:32,494 - vessel_data_pipeline - INFO - Downloading Arrived_in_last_36_hours.xml (attempt 1/3)
2025-10-26 18:47:32,585 - vessel_data_pipeline - INFO - File temp_Arrived_in_last_36_hours.xml passed validation checks
2025-10-26 18:47:32,587 - vessel_data_pipeline - INFO - Created backup: Arrived_in_last_36_hours_20251026_184732.xml
2025-10-26 18:47:32,588 - vessel_data_pipeline - INFO - Updated metadata for Arrived_in_last_36_hours.xml
2025-10-26 18:47:32,588 - vessel_data_pipeline - INFO - Successfully downloaded and validated Arrived_in_last_36_hours.xml
2025-10-26 18:47:34,593 - vessel_data_pipeline - INFO - Downloading Departed_in_last_36_hours.xml (attempt 1/3)
2025-10-26 18:47:34,707 - vessel_data_pipeline - INFO - File temp_Departed_in_last_36_hours.xml passed validation checks
2025-10-26 18:47:34,707 - vessel_data_pipeline - INFO - Created backup: Departed_in_last_36_hours_20251026_184734.xml
2025-10-26 18:47:34,707 - vessel_data_pipeline - INFO - Updated metadata for Departed_in_last_36_hours.xml
2025-10-26 18:47:34,707 - vessel_data_pipeline - INFO - Successfully downloaded and validated Departed_in_last_36_hours.xml
2025-10-26 18:47:36,712 - vessel_data_pipeline - INFO - Downloading Expected_arrivals.xml (attempt 1/3)
2025-10-26 18:47:36,818 - vessel_data_pipeline - INFO - File temp_Expected_arrivals.xml passed validation checks
2025-10-26 18:47:36,818 - vessel_data_pipeline - INFO - Created backup: Expected_arrivals_20251026_184736.xml
2025-10-26 18:47:36,818 - vessel_data_pipeline - INFO - Updated metadata for Expected_arrivals.xml
2025-10-26 18:47:36,819 - vessel_data_pipeline - INFO - Successfully downloaded and validated Expected_arrivals.xml
2025-10-26 18:47:38,824 - vessel_data_pipeline - INFO - Downloading Expected_departures.xml (attempt 1/3)
2025-10-26 18:47:38,918 - vessel_data_pipeline - INFO - File temp_Expected_departures.xml passed validation checks
2025-10-26 18:47:38,918 - vessel_data_pipeline - INFO - Created backup: Expected_departures_20251026_184738.xml
2025-10-26 18:47:38,918 - vessel_data_pipeline - INFO - Updated metadata for Expected_departures.xml
2025-10-26 18:47:38,918 - vessel_data_pipeline - INFO - Successfully downloaded and validated Expected_departures.xml
2025-10-26 18:47:40,923 - vessel_data_pipeline - INFO - Fetch operation completed. Results: {'Arrived_in_last_36_hours.xml': True, 'Departed_in_last_36_hours.xml': True, 'Expected_arrivals.xml': True, 'Expected_departures.xml': True}
2025-10-26 18:47:43,679 - vessel_data_pipeline - INFO - VesselDataFetcher initialized. Pipeline enabled: True
2025-10-26 18:47:43,680 - vessel_data_pipeline - INFO - Starting vessel data fetch operation
2025-10-26 18:47:43,680 - vessel_data_pipeline - INFO - Discovering XML files from Hong Kong Marine Department portal
2025-10-26 18:47:43,784 - vessel_data_pipeline - INFO - Verified access to Arrived_in_last_36_hours.xml
2025-10-26 18:47:43,863 - vessel_data_pipeline - INFO - Verified access to Departed_in_last_36_hours.xml
2025-10-26 18:47:43,973 - vessel_data_pipeline - INFO - Verified access to Expected_arrivals.xml
2025-10-26 18:47:44,059 - vessel_data_pipeline - INFO - Verified access to Expected_departures.xml
2025-10-26 18:47:44,059 - vessel_data_pipeline - INFO - Discovered 4 XML files for download
2025-10-26 18:47:44,059 - vessel_data_pipeline - INFO - Downloading Arrived_in_last_36_hours.xml (attempt 1/3)
2025-10-26 18:47:44,173 - vessel_data_pipeline - INFO - File temp_Arrived_in_last_36_hours.xml passed validation checks
2025-10-26 18:47:44,175 - vessel_data_pipeline - INFO - Created backup: Arrived_in_last_36_hours_20251026_184744.xml
2025-10-26 18:47:44,175 - vessel_data_pipeline - INFO - Updated metadata for Arrived_in_last_36_hours.xml
2025-10-26 18:47:44,175 - vessel_data_pipeline - INFO - Successfully downloaded and validated Arrived_in_last_36_hours.xml
2025-10-26 18:47:46,180 - vessel_data_pipeline - INFO - Downloading Departed_in_last_36_hours.xml (attempt 1/3)
2025-10-26 18:47:46,437 - vessel_data_pipeline - INFO - File temp_Departed_in_last_36_hours.xml passed validation checks
2025-10-26 18:47:46,438 - vessel_data_pipeline - INFO - Created backup: Departed_in_last_36_hours_20251026_184746.xml
2025-10-26 18:47:46,438 - vessel_data_pipeline - INFO - Updated metadata for Departed_in_last_36_hours.xml
2025-10-26 18:47:46,438 - vessel_data_pipeline - INFO - Successfully downloaded and validated Departed_in_last_36_hours.xml
2025-10-26 18:47:48,443 - vessel_data_pipeline - INFO - Downloading Expected_arrivals.xml (attempt 1/3)
2025-10-26 18:47:48,537 - vessel_data_pipeline - INFO - File temp_Expected_arrivals.xml passed validation checks
2025-10-26 18:47:48,538 - vessel_data_pipeline - INFO - Created backup: Expected_arrivals_20251026_184748.xml
2025-10-26 18:47:48,538 - vessel_data_pipeline - INFO - Updated metadata for Expected_arrivals.xml
2025-10-26 18:47:48,538 - vessel_data_pipeline - INFO - Successfully downloaded and validated Expected_arrivals.xml
2025-10-26 18:47:50,540 - vessel_data_pipeline - INFO - Downloading Expected_departures.xml (attempt 1/3)
2025-10-26 18:47:50,636 - vessel_data_pipeline - INFO - File temp_Expected_departures.xml passed validation checks
2025-10-26 18:47:50,636 - vessel_data_pipeline - INFO - Created backup: Expected_departures_20251026_184750.xml
2025-10-26 18:47:50,636 - vessel_data_pipeline - INFO - Updated metadata for Expected_departures.xml
2025-10-26 18:47:50,636 - vessel_data_pipeline - INFO - Successfully downloaded and validated Expected_departures.xml
2025-10-26 18:47:52,638 - vessel_data_pipeline - INFO - Fetch operation completed. Results: {'Arrived_in_last_36_hours.xml': True, 'Departed_in_last_36_hours.xml': True, 'Expected_arrivals.xml': True, 'Expected_departures.xml': True}
2025-10-26 18:47:52,643 - vessel_data_pipeline - INFO - VesselDataFetcher initialized. Pipeline enabled: True
2025-10-26 18:47:52,643 - vessel_data_pipeline - INFO - Starting vessel data fetch operation
2025-10-26 18:47:52,643 - vessel_data_pipeline - INFO - Discovering XML files from Hong Kong Marine Department portal
2025-10-26 18:47:52,749 - vessel_data_pipeline - INFO - Verified access to Arrived_in_last_36_hours.xml
2025-10-26 18:47:53,064 - vessel_data_pipeline - INFO - Verified access to Departed_in_last_36_hours.xml
2025-10-26 18:47:53,150 - vessel_data_pipeline - INFO - Verified access to Expected_arrivals.xml
2025-10-26 18:47:53,229 - vessel_data_pipeline - INFO - Verified access to Expected_departures.xml
2025-10-26 18:47:53,229 - vessel_data_pipeline - INFO - Discovered 4 XML files for download
2025-10-26 18:47:53,229 - vessel_data_pipeline - INFO - Downloading Arrived_in_last_36_hours.xml (attempt 1/3)
2025-10-26 18:47:53,365 - vessel_data_pipeline - INFO - File temp_Arrived_in_last_36_hours.xml passed validation checks
2025-10-26 18:47:53,366 - vessel_data_pipeline - INFO - Created backup: Arrived_in_last_36_hours_20251026_184753.xml
2025-10-26 18:47:53,366 - vessel_data_pipeline - INFO - Updated metadata for Arrived_in_last_36_hours.xml
2025-10-26 18:47:53,367 - vessel_data_pipeline - INFO - Successfully downloaded and validated Arrived_in_last_36_hours.xml
2025-10-26 18:47:55,369 - vessel_data_pipeline - INFO - Downloading Departed_in_last_36_hours.xml (attempt 1/3)
2025-10-26 18:47:55,676 - vessel_data_pipeline - INFO - File temp_Departed_in_last_36_hours.xml passed validation checks
2025-10-26 18:47:55,677 - vessel_data_pipeline - INFO - Created backup: Departed_in_last_36_hours_20251026_184755.xml
2025-10-26 18:47:55,677 - vessel_data_pipeline - INFO - Updated metadata for Departed_in_last_36_hours.xml
2025-10-26 18:47:55,677 - vessel_data_pipeline - INFO - Successfully downloaded and validated Departed_in_last_36_hours.xml
2025-10-26 18:47:57,682 - vessel_data_pipeline - INFO - Downloading Expected_arrivals.xml (attempt 1/3)
2025-10-26 18:47:57,799 - vessel_data_pipeline - INFO - File temp_Expected_arrivals.xml passed validation checks
2025-10-26 18:47:57,799 - vessel_data_pipeline - INFO - Created backup: Expected_arrivals_20251026_184757.xml
2025-10-26 18:47:57,800 - vessel_data_pipeline - INFO - Updated metadata for Expected_arrivals.xml
2025-10-26 18:47:57,800 - vessel_data_pipeline - INFO - Successfully downloaded and validated Expected_arrivals.xml
2025-10-26 18:47:59,805 - vessel_data_pipeline - INFO - Downloading Expected_departures.xml (attempt 1/3)
2025-10-26 18:47:59,906 - vessel_data_pipeline - INFO - File temp_Expected_departures.xml passed validation checks
2025-10-26 18:47:59,906 - vessel_data_pipeline - INFO - Created backup: Expected_departures_20251026_184759.xml
2025-10-26 18:47:59,906 - vessel_data_pipeline - INFO - Updated metadata for Expected_departures.xml
2025-10-26 18:47:59,906 - vessel_data_pipeline - INFO - Successfully downloaded and validated Expected_departures.xml
2025-10-26 18:48:01,910 - vessel_data_pipeline - INFO - Fetch operation completed. Results: {'Arrived_in_last_36_hours.xml': True, 'Departed_in_last_36_hours.xml': True, 'Expected_arrivals.xml': True, 'Expected_departures.xml': True}
2025-10-26 18:48:01,931 - vessel_data_pipeline - INFO - VesselDataFetcher initialized. Pipeline enabled: True
2025-10-26 18:48:01,931 - vessel_data_pipeline - INFO - Starting vessel data fetch operation
2025-10-26 18:48:01,931 - vessel_data_pipeline - INFO - Discovering XML files from Hong Kong Marine Department portal
2025-10-26 18:48:02,044 - vessel_data_pipeline - INFO - Verified access to Arrived_in_last_36_hours.xml
2025-10-26 18:48:02,199 - vessel_data_pipeline - INFO - Verified access to Departed_in_last_36_hours.xml
2025-10-26 18:48:02,324 - vessel_data_pipeline - INFO - Verified access to Expected_arrivals.xml
2025-10-26 18:48:02,478 - vessel_data_pipeline - INFO - Verified access to Expected_departures.xml
2025-10-26 18:48:02,478 - vessel_data_pipeline - INFO - Discovered 4 XML files for download
2025-10-26 18:48:02,478 - vessel_data_pipeline - INFO - Downloading Arrived_in_last_36_hours.xml (attempt 1/3)
2025-10-26 18:48:02,874 - vessel_data_pipeline - INFO - File temp_Arrived_in_last_36_hours.xml passed validation checks
2025-10-26 18:48:02,875 - vessel_data_pipeline - INFO - Created backup: Arrived_in_last_36_hours_20251026_184802.xml
2025-10-26 18:48:02,876 - vessel_data_pipeline - INFO - Updated metadata for Arrived_in_last_36_hours.xml
2025-10-26 18:48:02,876 - vessel_data_pipeline - INFO - Successfully downloaded and validated Arrived_in_last_36_hours.xml
2025-10-26 18:48:04,881 - vessel_data_pipeline - INFO - Downloading Departed_in_last_36_hours.xml (attempt 1/3)
2025-10-26 18:48:05,016 - vessel_data_pipeline - INFO - File temp_Departed_in_last_36_hours.xml passed validation checks
2025-10-26 18:48:05,016 - vessel_data_pipeline - INFO - Created backup: Departed_in_last_36_hours_20251026_184805.xml
2025-10-26 18:48:05,016 - vessel_data_pipeline - INFO - Updated metadata for Departed_in_last_36_hours.xml
2025-10-26 18:48:05,016 - vessel_data_pipeline - INFO - Successfully downloaded and validated Departed_in_last_36_hours.xml
2025-10-26 18:48:07,020 - vessel_data_pipeline - INFO - Downloading Expected_arrivals.xml (attempt 1/3)
2025-10-26 18:48:07,142 - vessel_data_pipeline - INFO - File temp_Expected_arrivals.xml passed validation checks
2025-10-26 18:48:07,142 - vessel_data_pipeline - INFO - Created backup: Expected_arrivals_20251026_184807.xml
2025-10-26 18:48:07,142 - vessel_data_pipeline - INFO - Updated metadata for Expected_arrivals.xml
2025-10-26 18:48:07,143 - vessel_data_pipeline - INFO - Successfully downloaded and validated Expected_arrivals.xml
2025-10-26 18:48:09,145 - vessel_data_pipeline - INFO - Downloading Expected_departures.xml (attempt 1/3)
2025-10-26 18:48:09,235 - vessel_data_pipeline - INFO - File temp_Expected_departures.xml passed validation checks
2025-10-26 18:48:09,236 - vessel_data_pipeline - INFO - Created backup: Expected_departures_20251026_184809.xml
2025-10-26 18:48:09,236 - vessel_data_pipeline - INFO - Updated metadata for Expected_departures.xml
2025-10-26 18:48:09,236 - vessel_data_pipeline - INFO - Successfully downloaded and validated Expected_departures.xml
2025-10-26 18:48:11,241 - vessel_data_pipeline - INFO - Fetch operation completed. Results: {'Arrived_in_last_36_hours.xml': True, 'Departed_in_last_36_hours.xml': True, 'Expected_arrivals.xml': True, 'Expected_departures.xml': True}
2025-10-26 18:48:11,246 - vessel_data_pipeline - INFO - VesselDataFetcher initialized. Pipeline enabled: True
2025-10-26 18:48:11,246 - vessel_data_pipeline - INFO - Starting vessel data fetch operation
2025-10-26 18:48:11,246 - vessel_data_pipeline - INFO - Discovering XML files from Hong Kong Marine Department portal
2025-10-26 18:48:11,373 - vessel_data_pipeline - INFO - Verified access to Arrived_in_last_36_hours.xml
2025-10-26 18:48:11,479 - vessel_data_pipeline - INFO - Verified access to Departed_in_last_36_hours.xml
2025-10-26 18:48:11,563 - vessel_data_pipeline - INFO - Verified access to Expected_arrivals.xml
2025-10-26 18:48:11,642 - vessel_data_pipeline - INFO - Verified access to Expected_departures.xml
2025-10-26 18:48:11,642 - vessel_data_pipeline - INFO - Discovered 4 XML files for download
2025-10-26 18:48:11,642 - vessel_data_pipeline - INFO - Downloading Arrived_in_last_36_hours.xml (attempt 1/3)
2025-10-26 18:48:11,752 - vessel_data_pipeline - INFO - File temp_Arrived_in_last_36_hours.xml passed validation checks
2025-10-26 18:48:11,752 - vessel_data_pipeline - INFO - Created backup: Arrived_in_last_36_hours_20251026_184811.xml
2025-10-26 18:48:11,752 - vessel_data_pipeline - INFO - Updated metadata for Arrived_in_last_36_hours.xml
2025-10-26 18:48:11,752 - vessel_data_pipeline - INFO - Successfully downloaded and validated Arrived_in_last_36_hours.xml
2025-10-26 18:48:13,757 - vessel_data_pipeline - INFO - Downloading Departed_in_last_36_hours.xml (attempt 1/3)
2025-10-26 18:48:13,885 - vessel_data_pipeline - INFO - File temp_Departed_in_last_36_hours.xml passed validation checks
2025-10-26 18:48:13,886 - vessel_data_pipeline - INFO - Created backup: Departed_in_last_36_hours_20251026_184813.xml
2025-10-26 18:48:13,886 - vessel_data_pipeline - INFO - Updated metadata for Departed_in_last_36_hours.xml
2025-10-26 18:48:13,886 - vessel_data_pipeline - INFO - Successfully downloaded and validated Departed_in_last_36_hours.xml
2025-10-26 18:48:15,888 - vessel_data_pipeline - INFO - Downloading Expected_arrivals.xml (attempt 1/3)
2025-10-26 18:48:15,989 - vessel_data_pipeline - INFO - File temp_Expected_arrivals.xml passed validation checks
2025-10-26 18:48:15,989 - vessel_data_pipeline - INFO - Created backup: Expected_arrivals_20251026_184815.xml
2025-10-26 18:48:15,990 - vessel_data_pipeline - INFO - Updated metadata for Expected_arrivals.xml
2025-10-26 18:48:15,990 - vessel_data_pipeline - INFO - Successfully downloaded and validated Expected_arrivals.xml
2025-10-26 18:48:17,993 - vessel_data_pipeline - INFO - Downloading Expected_departures.xml (attempt 1/3)
2025-10-26 18:48:18,091 - vessel_data_pipeline - INFO - File temp_Expected_departures.xml passed validation checks
2025-10-26 18:48:18,091 - vessel_data_pipeline - INFO - Created backup: Expected_departures_20251026_184818.xml
2025-10-26 18:48:18,092 - vessel_data_pipeline - INFO - Updated metadata for Expected_departures.xml
2025-10-26 18:48:18,092 - vessel_data_pipeline - INFO - Successfully downloaded and validated Expected_departures.xml
2025-10-26 18:48:20,092 - vessel_data_pipeline - INFO - Fetch operation completed. Results: {'Arrived_in_last_36_hours.xml': True, 'Departed_in_last_36_hours.xml': True, 'Expected_arrivals.xml': True, 'Expected_departures.xml': True}
2025-10-26 18:50:50,384 - vessel_data_pipeline - INFO - VesselDataFetcher initialized. Pipeline enabled: True
2025-10-26 18:50:50,385 - vessel_data_pipeline - INFO - Starting vessel data fetch operation
2025-10-26 18:50:50,385 - vessel_data_pipeline - INFO - Discovering XML files from Hong Kong Marine Department portal
2025-10-26 18:50:50,485 - vessel_data_pipeline - INFO - Verified access to Arrived_in_last_36_hours.xml
2025-10-26 18:50:50,553 - vessel_data_pipeline - INFO - Verified access to Departed_in_last_36_hours.xml
2025-10-26 18:50:50,586 - vessel_data_pipeline - INFO - Verified access to Expected_arrivals.xml
2025-10-26 18:50:50,621 - vessel_data_pipeline - INFO - Verified access to Expected_departures.xml
2025-10-26 18:50:50,622 - vessel_data_pipeline - INFO - Discovered 4 XML files for download
2025-10-26 18:50:50,622 - vessel_data_pipeline - INFO - Downloading Arrived_in_last_36_hours.xml (attempt 1/3)
2025-10-26 18:50:50,741 - vessel_data_pipeline - INFO - File temp_Arrived_in_last_36_hours.xml passed validation checks
2025-10-26 18:50:50,744 - vessel_data_pipeline - INFO - Created backup: Arrived_in_last_36_hours_20251026_185050.xml
2025-10-26 18:50:50,745 - vessel_data_pipeline - INFO - Updated metadata for Arrived_in_last_36_hours.xml
2025-10-26 18:50:50,745 - vessel_data_pipeline - INFO - Successfully downloaded and validated Arrived_in_last_36_hours.xml
2025-10-26 18:50:52,747 - vessel_data_pipeline - INFO - Downloading Departed_in_last_36_hours.xml (attempt 1/3)
2025-10-26 18:50:52,816 - vessel_data_pipeline - INFO - File temp_Departed_in_last_36_hours.xml passed validation checks
2025-10-26 18:50:52,817 - vessel_data_pipeline - INFO - Created backup: Departed_in_last_36_hours_20251026_185052.xml
2025-10-26 18:50:52,817 - vessel_data_pipeline - INFO - Updated metadata for Departed_in_last_36_hours.xml
2025-10-26 18:50:52,817 - vessel_data_pipeline - INFO - Successfully downloaded and validated Departed_in_last_36_hours.xml
2025-10-26 18:50:54,822 - vessel_data_pipeline - INFO - Downloading Expected_arrivals.xml (attempt 1/3)
2025-10-26 18:50:54,879 - vessel_data_pipeline - INFO - File temp_Expected_arrivals.xml passed validation checks
2025-10-26 18:50:54,879 - vessel_data_pipeline - INFO - Created backup: Expected_arrivals_20251026_185054.xml
2025-10-26 18:50:54,880 - vessel_data_pipeline - INFO - Updated metadata for Expected_arrivals.xml
2025-10-26 18:50:54,880 - vessel_data_pipeline - INFO - Successfully downloaded and validated Expected_arrivals.xml
2025-10-26 18:50:56,885 - vessel_data_pipeline - INFO - Downloading Expected_departures.xml (attempt 1/3)
2025-10-26 18:50:56,934 - vessel_data_pipeline - INFO - File temp_Expected_departures.xml passed validation checks
2025-10-26 18:50:56,934 - vessel_data_pipeline - INFO - Created backup: Expected_departures_20251026_185056.xml
2025-10-26 18:50:56,934 - vessel_data_pipeline - INFO - Updated metadata for Expected_departures.xml
2025-10-26 18:50:56,934 - vessel_data_pipeline - INFO - Successfully downloaded and validated Expected_departures.xml
2025-10-26 18:50:58,936 - vessel_data_pipeline - INFO - Fetch operation completed. Results: {'Arrived_in_last_36_hours.xml': True, 'Departed_in_last_36_hours.xml': True, 'Expected_arrivals.xml': True, 'Expected_departures.xml': True}
2025-10-26 18:50:58,947 - vessel_data_pipeline - INFO - VesselDataFetcher initialized. Pipeline enabled: True
2025-10-26 18:50:58,948 - vessel_data_pipeline - INFO - Starting vessel data fetch operation
2025-10-26 18:50:58,948 - vessel_data_pipeline - INFO - Discovering XML files from Hong Kong Marine Department portal
2025-10-26 18:50:59,019 - vessel_data_pipeline - INFO - Verified access to Arrived_in_last_36_hours.xml
2025-10-26 18:50:59,054 - vessel_data_pipeline - INFO - Verified access to Departed_in_last_36_hours.xml
2025-10-26 18:50:59,086 - vessel_data_pipeline - INFO - Verified access to Expected_arrivals.xml
2025-10-26 18:50:59,138 - vessel_data_pipeline - INFO - Verified access to Expected_departures.xml
2025-10-26 18:50:59,138 - vessel_data_pipeline - INFO - Discovered 4 XML files for download
2025-10-26 18:50:59,138 - vessel_data_pipeline - INFO - Downloading Arrived_in_last_36_hours.xml (attempt 1/3)
2025-10-26 18:50:59,189 - vessel_data_pipeline - INFO - File temp_Arrived_in_last_36_hours.xml passed validation checks
2025-10-26 18:50:59,190 - vessel_data_pipeline - INFO - Created backup: Arrived_in_last_36_hours_20251026_185059.xml
2025-10-26 18:50:59,190 - vessel_data_pipeline - INFO - Updated metadata for Arrived_in_last_36_hours.xml
2025-10-26 18:50:59,190 - vessel_data_pipeline - INFO - Successfully downloaded and validated Arrived_in_last_36_hours.xml
2025-10-26 18:51:01,192 - vessel_data_pipeline - INFO - Downloading Departed_in_last_36_hours.xml (attempt 1/3)
2025-10-26 18:51:01,253 - vessel_data_pipeline - INFO - File temp_Departed_in_last_36_hours.xml passed validation checks
2025-10-26 18:51:01,254 - vessel_data_pipeline - INFO - Created backup: Departed_in_last_36_hours_20251026_185101.xml
2025-10-26 18:51:01,254 - vessel_data_pipeline - INFO - Updated metadata for Departed_in_last_36_hours.xml
2025-10-26 18:51:01,254 - vessel_data_pipeline - INFO - Successfully downloaded and validated Departed_in_last_36_hours.xml
2025-10-26 18:51:03,259 - vessel_data_pipeline - INFO - Downloading Expected_arrivals.xml (attempt 1/3)
2025-10-26 18:51:03,305 - vessel_data_pipeline - INFO - File temp_Expected_arrivals.xml passed validation checks
2025-10-26 18:51:03,306 - vessel_data_pipeline - INFO - Created backup: Expected_arrivals_20251026_185103.xml
2025-10-26 18:51:03,306 - vessel_data_pipeline - INFO - Updated metadata for Expected_arrivals.xml
2025-10-26 18:51:03,306 - vessel_data_pipeline - INFO - Successfully downloaded and validated Expected_arrivals.xml
2025-10-26 18:51:05,311 - vessel_data_pipeline - INFO - Downloading Expected_departures.xml (attempt 1/3)
2025-10-26 18:51:05,359 - vessel_data_pipeline - INFO - File temp_Expected_departures.xml passed validation checks
2025-10-26 18:51:05,360 - vessel_data_pipeline - INFO - Created backup: Expected_departures_20251026_185105.xml
2025-10-26 18:51:05,360 - vessel_data_pipeline - INFO - Updated metadata for Expected_departures.xml
2025-10-26 18:51:05,360 - vessel_data_pipeline - INFO - Successfully downloaded and validated Expected_departures.xml
2025-10-26 18:51:07,365 - vessel_data_pipeline - INFO - Fetch operation completed. Results: {'Arrived_in_last_36_hours.xml': True, 'Departed_in_last_36_hours.xml': True, 'Expected_arrivals.xml': True, 'Expected_departures.xml': True}
2025-10-26 18:51:07,384 - vessel_data_pipeline - INFO - VesselDataFetcher initialized. Pipeline enabled: True
2025-10-26 18:51:07,385 - vessel_data_pipeline - INFO - Starting vessel data fetch operation
2025-10-26 18:51:07,385 - vessel_data_pipeline - INFO - Discovering XML files from Hong Kong Marine Department portal
2025-10-26 18:51:07,450 - vessel_data_pipeline - INFO - Verified access to Arrived_in_last_36_hours.xml
2025-10-26 18:51:07,493 - vessel_data_pipeline - INFO - Verified access to Departed_in_last_36_hours.xml
2025-10-26 18:51:07,532 - vessel_data_pipeline - INFO - Verified access to Expected_arrivals.xml
2025-10-26 18:51:07,750 - vessel_data_pipeline - INFO - Verified access to Expected_departures.xml
2025-10-26 18:51:07,751 - vessel_data_pipeline - INFO - Discovered 4 XML files for download
2025-10-26 18:51:07,751 - vessel_data_pipeline - INFO - Downloading Arrived_in_last_36_hours.xml (attempt 1/3)
2025-10-26 18:51:07,836 - vessel_data_pipeline - INFO - File temp_Arrived_in_last_36_hours.xml passed validation checks
2025-10-26 18:51:07,837 - vessel_data_pipeline - INFO - Created backup: Arrived_in_last_36_hours_20251026_185107.xml
2025-10-26 18:51:07,837 - vessel_data_pipeline - INFO - Updated metadata for Arrived_in_last_36_hours.xml
2025-10-26 18:51:07,837 - vessel_data_pipeline - INFO - Successfully downloaded and validated Arrived_in_last_36_hours.xml
2025-10-26 18:51:09,838 - vessel_data_pipeline - INFO - Downloading Departed_in_last_36_hours.xml (attempt 1/3)
2025-10-26 18:51:10,005 - vessel_data_pipeline - INFO - File temp_Departed_in_last_36_hours.xml passed validation checks
2025-10-26 18:51:10,005 - vessel_data_pipeline - INFO - Created backup: Departed_in_last_36_hours_20251026_185110.xml
2025-10-26 18:51:10,005 - vessel_data_pipeline - INFO - Updated metadata for Departed_in_last_36_hours.xml
2025-10-26 18:51:10,005 - vessel_data_pipeline - INFO - Successfully downloaded and validated Departed_in_last_36_hours.xml
2025-10-26 18:51:12,010 - vessel_data_pipeline - INFO - Downloading Expected_arrivals.xml (attempt 1/3)
2025-10-26 18:51:12,066 - vessel_data_pipeline - INFO - File temp_Expected_arrivals.xml passed validation checks
2025-10-26 18:51:12,066 - vessel_data_pipeline - INFO - Created backup: Expected_arrivals_20251026_185112.xml
2025-10-26 18:51:12,066 - vessel_data_pipeline - INFO - Updated metadata for Expected_arrivals.xml
2025-10-26 18:51:12,066 - vessel_data_pipeline - INFO - Successfully downloaded and validated Expected_arrivals.xml
2025-10-26 18:51:14,067 - vessel_data_pipeline - INFO - Downloading Expected_departures.xml (attempt 1/3)
2025-10-26 18:51:14,118 - vessel_data_pipeline - INFO - File temp_Expected_departures.xml passed validation checks
2025-10-26 18:51:14,119 - vessel_data_pipeline - INFO - Created backup: Expected_departures_20251026_185114.xml
2025-10-26 18:51:14,119 - vessel_data_pipeline - INFO - Updated metadata for Expected_departures.xml
2025-10-26 18:51:14,119 - vessel_data_pipeline - INFO - Successfully downloaded and validated Expected_departures.xml
2025-10-26 18:51:16,124 - vessel_data_pipeline - INFO - Fetch operation completed. Results: {'Arrived_in_last_36_hours.xml': True, 'Departed_in_last_36_hours.xml': True, 'Expected_arrivals.xml': True, 'Expected_departures.xml': True}
2025-10-26 18:51:16,128 - vessel_data_pipeline - INFO - VesselDataFetcher initialized. Pipeline enabled: True
2025-10-26 18:51:16,129 - vessel_data_pipeline - INFO - Starting vessel data fetch operation
2025-10-26 18:51:16,129 - vessel_data_pipeline - INFO - Discovering XML files from Hong Kong Marine Department portal
2025-10-26 18:51:16,232 - vessel_data_pipeline - INFO - Verified access to Arrived_in_last_36_hours.xml
2025-10-26 18:51:16,263 - vessel_data_pipeline - INFO - Verified access to Departed_in_last_36_hours.xml
2025-10-26 18:51:16,295 - vessel_data_pipeline - INFO - Verified access to Expected_arrivals.xml
2025-10-26 18:51:16,583 - vessel_data_pipeline - INFO - Verified access to Expected_departures.xml
2025-10-26 18:51:16,583 - vessel_data_pipeline - INFO - Discovered 4 XML files for download
2025-10-26 18:51:16,584 - vessel_data_pipeline - INFO - Downloading Arrived_in_last_36_hours.xml (attempt 1/3)
2025-10-26 18:51:16,644 - vessel_data_pipeline - INFO - File temp_Arrived_in_last_36_hours.xml passed validation checks
2025-10-26 18:51:16,644 - vessel_data_pipeline - INFO - Created backup: Arrived_in_last_36_hours_20251026_185116.xml
2025-10-26 18:51:16,644 - vessel_data_pipeline - INFO - Updated metadata for Arrived_in_last_36_hours.xml
2025-10-26 18:51:16,644 - vessel_data_pipeline - INFO - Successfully downloaded and validated Arrived_in_last_36_hours.xml
2025-10-26 18:51:18,646 - vessel_data_pipeline - INFO - Downloading Departed_in_last_36_hours.xml (attempt 1/3)
2025-10-26 18:51:18,715 - vessel_data_pipeline - INFO - File temp_Departed_in_last_36_hours.xml passed validation checks
2025-10-26 18:51:18,715 - vessel_data_pipeline - INFO - Created backup: Departed_in_last_36_hours_20251026_185118.xml
2025-10-26 18:51:18,716 - vessel_data_pipeline - INFO - Updated metadata for Departed_in_last_36_hours.xml
2025-10-26 18:51:18,716 - vessel_data_pipeline - INFO - Successfully downloaded and validated Departed_in_last_36_hours.xml
2025-10-26 18:51:20,721 - vessel_data_pipeline - INFO - Downloading Expected_arrivals.xml (attempt 1/3)
2025-10-26 18:51:20,774 - vessel_data_pipeline - INFO - File temp_Expected_arrivals.xml passed validation checks
2025-10-26 18:51:20,774 - vessel_data_pipeline - INFO - Created backup: Expected_arrivals_20251026_185120.xml
2025-10-26 18:51:20,774 - vessel_data_pipeline - INFO - Updated metadata for Expected_arrivals.xml
2025-10-26 18:51:20,774 - vessel_data_pipeline - INFO - Successfully downloaded and validated Expected_arrivals.xml
2025-10-26 18:51:22,776 - vessel_data_pipeline - INFO - Downloading Expected_departures.xml (attempt 1/3)
2025-10-26 18:51:22,838 - vessel_data_pipeline - INFO - File temp_Expected_departures.xml passed validation checks
2025-10-26 18:51:22,838 - vessel_data_pipeline - INFO - Created backup: Expected_departures_20251026_185122.xml
2025-10-26 18:51:22,838 - vessel_data_pipeline - INFO - Updated metadata for Expected_departures.xml
2025-10-26 18:51:22,839 - vessel_data_pipeline - INFO - Successfully downloaded and validated Expected_departures.xml
2025-10-26 18:51:24,844 - vessel_data_pipeline - INFO - Fetch operation completed. Results: {'Arrived_in_last_36_hours.xml': True, 'Departed_in_last_36_hours.xml': True, 'Expected_arrivals.xml': True, 'Expected_departures.xml': True}
