2025-10-29 09:52:17,640 - vessel_data_pipeline - INFO - VesselDataFetcher initialized. Pipeline enabled: True
2025-10-29 09:52:17,641 - vessel_data_pipeline - INFO - Starting vessel data fetch operation
2025-10-29 09:52:17,641 - vessel_data_pipeline - INFO - Discovering XML files from Hong Kong Marine Department portal
2025-10-29 09:52:17,877 - vessel_data_pipeline - INFO - Verified access to Arrived_in_last_36_hours.xml
2025-10-29 09:52:18,108 - vessel_data_pipeline - INFO - Verified access to Departed_in_last_36_hours.xml
2025-10-29 09:52:18,316 - vessel_data_pipeline - INFO - Verified access to Expected_arrivals.xml
2025-10-29 09:52:18,480 - vessel_data_pipeline - INFO - Verified access to Expected_departures.xml
2025-10-29 09:52:18,480 - vessel_data_pipeline - INFO - Discovered 4 XML files for download
2025-10-29 09:52:18,480 - vessel_data_pipeline - INFO - Downloading Arrived_in_last_36_hours.xml (attempt 1/3)
2025-10-29 09:52:18,524 - vessel_data_pipeline - INFO - File temp_Arrived_in_last_36_hours.xml passed validation checks
2025-10-29 09:52:18,525 - vessel_data_pipeline - INFO - Created backup: Arrived_in_last_36_hours_20251029_095218.xml
2025-10-29 09:52:18,526 - vessel_data_pipeline - INFO - Updated metadata for Arrived_in_last_36_hours.xml
2025-10-29 09:52:18,526 - vessel_data_pipeline - INFO - Successfully downloaded and validated Arrived_in_last_36_hours.xml
2025-10-29 09:52:20,528 - vessel_data_pipeline - INFO - Downloading Departed_in_last_36_hours.xml (attempt 1/3)
2025-10-29 09:52:20,595 - vessel_data_pipeline - INFO - File temp_Departed_in_last_36_hours.xml passed validation checks
2025-10-29 09:52:20,596 - vessel_data_pipeline - INFO - Created backup: Departed_in_last_36_hours_20251029_095220.xml
2025-10-29 09:52:20,597 - vessel_data_pipeline - INFO - Updated metadata for Departed_in_last_36_hours.xml
2025-10-29 09:52:20,597 - vessel_data_pipeline - INFO - Successfully downloaded and validated Departed_in_last_36_hours.xml
2025-10-29 09:52:21,237 - vessel_data_pipeline - INFO - VesselDataFetcher initialized. Pipeline enabled: True
2025-10-29 09:52:21,239 - vessel_data_pipeline - INFO - Starting vessel data fetch operation
2025-10-29 09:52:21,239 - vessel_data_pipeline - INFO - Discovering XML files from Hong Kong Marine Department portal
2025-10-29 09:52:21,305 - vessel_data_pipeline - INFO - Verified access to Arrived_in_last_36_hours.xml
2025-10-29 09:52:21,343 - vessel_data_pipeline - INFO - Verified access to Departed_in_last_36_hours.xml
2025-10-29 09:52:21,509 - vessel_data_pipeline - INFO - Verified access to Expected_arrivals.xml
2025-10-29 09:52:21,547 - vessel_data_pipeline - INFO - Verified access to Expected_departures.xml
2025-10-29 09:52:21,547 - vessel_data_pipeline - INFO - Discovered 4 XML files for download
2025-10-29 09:52:21,547 - vessel_data_pipeline - INFO - Downloading Arrived_in_last_36_hours.xml (attempt 1/3)
2025-10-29 09:52:21,584 - vessel_data_pipeline - INFO - File temp_Arrived_in_last_36_hours.xml passed validation checks
2025-10-29 09:52:21,585 - vessel_data_pipeline - INFO - Created backup: Arrived_in_last_36_hours_20251029_095221.xml
2025-10-29 09:52:21,585 - vessel_data_pipeline - INFO - Updated metadata for Arrived_in_last_36_hours.xml
2025-10-29 09:52:21,585 - vessel_data_pipeline - INFO - Successfully downloaded and validated Arrived_in_last_36_hours.xml
2025-10-29 09:52:22,598 - vessel_data_pipeline - INFO - Downloading Expected_arrivals.xml (attempt 1/3)
2025-10-29 09:52:22,656 - vessel_data_pipeline - INFO - File temp_Expected_arrivals.xml passed validation checks
2025-10-29 09:52:22,657 - vessel_data_pipeline - INFO - Created backup: Expected_arrivals_20251029_095222.xml
2025-10-29 09:52:22,658 - vessel_data_pipeline - INFO - Updated metadata for Expected_arrivals.xml
2025-10-29 09:52:22,658 - vessel_data_pipeline - INFO - Successfully downloaded and validated Expected_arrivals.xml
2025-10-29 09:52:23,590 - vessel_data_pipeline - INFO - Downloading Departed_in_last_36_hours.xml (attempt 1/3)
2025-10-29 09:52:23,641 - vessel_data_pipeline - INFO - File temp_Departed_in_last_36_hours.xml passed validation checks
2025-10-29 09:52:23,641 - vessel_data_pipeline - INFO - Created backup: Departed_in_last_36_hours_20251029_095223.xml
2025-10-29 09:52:23,642 - vessel_data_pipeline - INFO - Updated metadata for Departed_in_last_36_hours.xml
2025-10-29 09:52:23,642 - vessel_data_pipeline - INFO - Successfully downloaded and validated Departed_in_last_36_hours.xml
2025-10-29 09:52:24,658 - vessel_data_pipeline - INFO - Downloading Expected_departures.xml (attempt 1/3)
2025-10-29 09:52:24,710 - vessel_data_pipeline - INFO - File temp_Expected_departures.xml passed validation checks
2025-10-29 09:52:24,711 - vessel_data_pipeline - INFO - Created backup: Expected_departures_20251029_095224.xml
2025-10-29 09:52:24,711 - vessel_data_pipeline - INFO - Updated metadata for Expected_departures.xml
2025-10-29 09:52:24,711 - vessel_data_pipeline - INFO - Successfully downloaded and validated Expected_departures.xml
2025-10-29 09:52:25,647 - vessel_data_pipeline - INFO - Downloading Expected_arrivals.xml (attempt 1/3)
2025-10-29 09:52:25,689 - vessel_data_pipeline - INFO - File temp_Expected_arrivals.xml passed validation checks
2025-10-29 09:52:25,691 - vessel_data_pipeline - INFO - Created backup: Expected_arrivals_20251029_095225.xml
2025-10-29 09:52:25,691 - vessel_data_pipeline - INFO - Updated metadata for Expected_arrivals.xml
2025-10-29 09:52:25,691 - vessel_data_pipeline - INFO - Successfully downloaded and validated Expected_arrivals.xml
2025-10-29 09:52:26,717 - vessel_data_pipeline - INFO - Fetch operation completed. Results: {'Arrived_in_last_36_hours.xml': True, 'Departed_in_last_36_hours.xml': True, 'Expected_arrivals.xml': True, 'Expected_departures.xml': True}
2025-10-29 09:52:26,742 - vessel_data_pipeline - INFO - VesselDataFetcher initialized. Pipeline enabled: True
2025-10-29 09:52:26,745 - vessel_data_pipeline - INFO - Starting vessel data fetch operation
2025-10-29 09:52:26,746 - vessel_data_pipeline - INFO - Discovering XML files from Hong Kong Marine Department portal
2025-10-29 09:52:26,835 - vessel_data_pipeline - INFO - Verified access to Arrived_in_last_36_hours.xml
2025-10-29 09:52:26,876 - vessel_data_pipeline - INFO - Verified access to Departed_in_last_36_hours.xml
2025-10-29 09:52:26,907 - vessel_data_pipeline - INFO - Verified access to Expected_arrivals.xml
2025-10-29 09:52:26,955 - vessel_data_pipeline - INFO - Verified access to Expected_departures.xml
2025-10-29 09:52:26,957 - vessel_data_pipeline - INFO - Discovered 4 XML files for download
2025-10-29 09:52:26,958 - vessel_data_pipeline - INFO - Downloading Arrived_in_last_36_hours.xml (attempt 1/3)
2025-10-29 09:52:27,007 - vessel_data_pipeline - INFO - File temp_Arrived_in_last_36_hours.xml passed validation checks
2025-10-29 09:52:27,017 - vessel_data_pipeline - INFO - Created backup: Arrived_in_last_36_hours_20251029_095227.xml
2025-10-29 09:52:27,022 - vessel_data_pipeline - INFO - Updated metadata for Arrived_in_last_36_hours.xml
2025-10-29 09:52:27,022 - vessel_data_pipeline - INFO - Successfully downloaded and validated Arrived_in_last_36_hours.xml
2025-10-29 09:52:27,693 - vessel_data_pipeline - INFO - Downloading Expected_departures.xml (attempt 1/3)
2025-10-29 09:52:27,730 - vessel_data_pipeline - INFO - File temp_Expected_departures.xml passed validation checks
2025-10-29 09:52:27,731 - vessel_data_pipeline - INFO - Created backup: Expected_departures_20251029_095227.xml
2025-10-29 09:52:27,732 - vessel_data_pipeline - INFO - Updated metadata for Expected_departures.xml
2025-10-29 09:52:27,732 - vessel_data_pipeline - INFO - Successfully downloaded and validated Expected_departures.xml
2025-10-29 09:52:29,027 - vessel_data_pipeline - INFO - Downloading Departed_in_last_36_hours.xml (attempt 1/3)
2025-10-29 09:52:29,103 - vessel_data_pipeline - INFO - File temp_Departed_in_last_36_hours.xml passed validation checks
2025-10-29 09:52:29,104 - vessel_data_pipeline - INFO - Created backup: Departed_in_last_36_hours_20251029_095229.xml
2025-10-29 09:52:29,104 - vessel_data_pipeline - INFO - Updated metadata for Departed_in_last_36_hours.xml
2025-10-29 09:52:29,104 - vessel_data_pipeline - INFO - Successfully downloaded and validated Departed_in_last_36_hours.xml
2025-10-29 09:52:29,733 - vessel_data_pipeline - INFO - Fetch operation completed. Results: {'Arrived_in_last_36_hours.xml': True, 'Departed_in_last_36_hours.xml': True, 'Expected_arrivals.xml': True, 'Expected_departures.xml': True}
2025-10-29 09:52:29,740 - vessel_data_pipeline - INFO - VesselDataFetcher initialized. Pipeline enabled: True
2025-10-29 09:52:29,743 - vessel_data_pipeline - INFO - Starting vessel data fetch operation
2025-10-29 09:52:29,743 - vessel_data_pipeline - INFO - Discovering XML files from Hong Kong Marine Department portal
2025-10-29 09:52:29,816 - vessel_data_pipeline - INFO - Verified access to Arrived_in_last_36_hours.xml
2025-10-29 09:52:29,856 - vessel_data_pipeline - INFO - Verified access to Departed_in_last_36_hours.xml
2025-10-29 09:52:29,917 - vessel_data_pipeline - INFO - Verified access to Expected_arrivals.xml
2025-10-29 09:52:29,963 - vessel_data_pipeline - INFO - Verified access to Expected_departures.xml
2025-10-29 09:52:29,964 - vessel_data_pipeline - INFO - Discovered 4 XML files for download
2025-10-29 09:52:29,970 - vessel_data_pipeline - INFO - Downloading Arrived_in_last_36_hours.xml (attempt 1/3)
2025-10-29 09:52:30,029 - vessel_data_pipeline - INFO - File temp_Arrived_in_last_36_hours.xml passed validation checks
2025-10-29 09:52:30,045 - vessel_data_pipeline - INFO - Created backup: Arrived_in_last_36_hours_20251029_095230.xml
2025-10-29 09:52:30,056 - vessel_data_pipeline - INFO - Updated metadata for Arrived_in_last_36_hours.xml
2025-10-29 09:52:30,056 - vessel_data_pipeline - INFO - Successfully downloaded and validated Arrived_in_last_36_hours.xml
2025-10-29 09:52:31,109 - vessel_data_pipeline - INFO - Downloading Expected_arrivals.xml (attempt 1/3)
2025-10-29 09:52:31,161 - vessel_data_pipeline - INFO - File temp_Expected_arrivals.xml passed validation checks
2025-10-29 09:52:31,161 - vessel_data_pipeline - INFO - Created backup: Expected_arrivals_20251029_095231.xml
2025-10-29 09:52:31,161 - vessel_data_pipeline - INFO - Updated metadata for Expected_arrivals.xml
2025-10-29 09:52:31,161 - vessel_data_pipeline - INFO - Successfully downloaded and validated Expected_arrivals.xml
2025-10-29 09:52:32,061 - vessel_data_pipeline - INFO - Downloading Departed_in_last_36_hours.xml (attempt 1/3)
2025-10-29 09:52:32,119 - vessel_data_pipeline - INFO - File temp_Departed_in_last_36_hours.xml passed validation checks
2025-10-29 09:52:32,120 - vessel_data_pipeline - INFO - Created backup: Departed_in_last_36_hours_20251029_095232.xml
2025-10-29 09:52:32,120 - vessel_data_pipeline - INFO - Updated metadata for Departed_in_last_36_hours.xml
2025-10-29 09:52:32,120 - vessel_data_pipeline - INFO - Successfully downloaded and validated Departed_in_last_36_hours.xml
2025-10-29 09:52:33,162 - vessel_data_pipeline - INFO - Downloading Expected_departures.xml (attempt 1/3)
2025-10-29 09:52:33,196 - vessel_data_pipeline - INFO - File temp_Expected_departures.xml passed validation checks
2025-10-29 09:52:33,196 - vessel_data_pipeline - INFO - Created backup: Expected_departures_20251029_095233.xml
2025-10-29 09:52:33,197 - vessel_data_pipeline - INFO - Updated metadata for Expected_departures.xml
2025-10-29 09:52:33,197 - vessel_data_pipeline - INFO - Successfully downloaded and validated Expected_departures.xml
2025-10-29 09:52:34,125 - vessel_data_pipeline - INFO - Downloading Expected_arrivals.xml (attempt 1/3)
2025-10-29 09:52:34,200 - vessel_data_pipeline - INFO - File temp_Expected_arrivals.xml passed validation checks
2025-10-29 09:52:34,200 - vessel_data_pipeline - INFO - Created backup: Expected_arrivals_20251029_095234.xml
2025-10-29 09:52:34,201 - vessel_data_pipeline - INFO - Updated metadata for Expected_arrivals.xml
2025-10-29 09:52:34,201 - vessel_data_pipeline - INFO - Successfully downloaded and validated Expected_arrivals.xml
2025-10-29 09:52:35,202 - vessel_data_pipeline - INFO - Fetch operation completed. Results: {'Arrived_in_last_36_hours.xml': True, 'Departed_in_last_36_hours.xml': True, 'Expected_arrivals.xml': True, 'Expected_departures.xml': True}
2025-10-29 09:52:36,203 - vessel_data_pipeline - INFO - Downloading Expected_departures.xml (attempt 1/3)
2025-10-29 09:52:36,238 - vessel_data_pipeline - INFO - File temp_Expected_departures.xml passed validation checks
2025-10-29 09:52:36,239 - vessel_data_pipeline - INFO - Created backup: Expected_departures_20251029_095236.xml
2025-10-29 09:52:36,240 - vessel_data_pipeline - INFO - Updated metadata for Expected_departures.xml
2025-10-29 09:52:36,240 - vessel_data_pipeline - INFO - Successfully downloaded and validated Expected_departures.xml
2025-10-29 09:52:38,246 - vessel_data_pipeline - INFO - Fetch operation completed. Results: {'Arrived_in_last_36_hours.xml': True, 'Departed_in_last_36_hours.xml': True, 'Expected_arrivals.xml': True, 'Expected_departures.xml': True}
2025-10-29 10:21:36,869 - vessel_data_pipeline - INFO - VesselDataFetcher initialized. Pipeline enabled: True
2025-10-29 10:21:36,870 - vessel_data_pipeline - INFO - Starting vessel data fetch operation
2025-10-29 10:21:36,870 - vessel_data_pipeline - INFO - Discovering XML files from Hong Kong Marine Department portal
2025-10-29 10:21:37,116 - vessel_data_pipeline - INFO - Verified access to Arrived_in_last_36_hours.xml
2025-10-29 10:21:37,372 - vessel_data_pipeline - INFO - Verified access to Departed_in_last_36_hours.xml
2025-10-29 10:21:37,525 - vessel_data_pipeline - INFO - Verified access to Expected_arrivals.xml
2025-10-29 10:21:37,719 - vessel_data_pipeline - INFO - Verified access to Expected_departures.xml
2025-10-29 10:21:37,720 - vessel_data_pipeline - INFO - Discovered 4 XML files for download
2025-10-29 10:21:37,720 - vessel_data_pipeline - INFO - Downloading Arrived_in_last_36_hours.xml (attempt 1/3)
2025-10-29 10:21:37,758 - vessel_data_pipeline - INFO - File temp_Arrived_in_last_36_hours.xml passed validation checks
2025-10-29 10:21:37,760 - vessel_data_pipeline - INFO - Created backup: Arrived_in_last_36_hours_20251029_102137.xml
2025-10-29 10:21:37,762 - vessel_data_pipeline - INFO - Updated metadata for Arrived_in_last_36_hours.xml
2025-10-29 10:21:37,763 - vessel_data_pipeline - INFO - Successfully downloaded and validated Arrived_in_last_36_hours.xml
2025-10-29 10:21:39,768 - vessel_data_pipeline - INFO - Downloading Departed_in_last_36_hours.xml (attempt 1/3)
2025-10-29 10:21:39,836 - vessel_data_pipeline - INFO - File temp_Departed_in_last_36_hours.xml passed validation checks
2025-10-29 10:21:39,838 - vessel_data_pipeline - INFO - Created backup: Departed_in_last_36_hours_20251029_102139.xml
2025-10-29 10:21:39,841 - vessel_data_pipeline - INFO - Updated metadata for Departed_in_last_36_hours.xml
2025-10-29 10:21:39,841 - vessel_data_pipeline - INFO - Successfully downloaded and validated Departed_in_last_36_hours.xml
2025-10-29 10:21:41,845 - vessel_data_pipeline - INFO - Downloading Expected_arrivals.xml (attempt 1/3)
2025-10-29 10:21:41,890 - vessel_data_pipeline - INFO - File temp_Expected_arrivals.xml passed validation checks
2025-10-29 10:21:41,892 - vessel_data_pipeline - INFO - Created backup: Expected_arrivals_20251029_102141.xml
2025-10-29 10:21:41,893 - vessel_data_pipeline - INFO - Updated metadata for Expected_arrivals.xml
2025-10-29 10:21:41,893 - vessel_data_pipeline - INFO - Successfully downloaded and validated Expected_arrivals.xml
2025-10-29 10:21:43,898 - vessel_data_pipeline - INFO - Downloading Expected_departures.xml (attempt 1/3)
2025-10-29 10:21:43,971 - vessel_data_pipeline - INFO - File temp_Expected_departures.xml passed validation checks
2025-10-29 10:21:43,976 - vessel_data_pipeline - INFO - Created backup: Expected_departures_20251029_102143.xml
2025-10-29 10:21:43,981 - vessel_data_pipeline - INFO - Updated metadata for Expected_departures.xml
2025-10-29 10:21:43,981 - vessel_data_pipeline - INFO - Successfully downloaded and validated Expected_departures.xml
2025-10-29 10:21:45,982 - vessel_data_pipeline - INFO - Fetch operation completed. Results: {'Arrived_in_last_36_hours.xml': True, 'Departed_in_last_36_hours.xml': True, 'Expected_arrivals.xml': True, 'Expected_departures.xml': True}
2025-10-29 10:22:31,455 - vessel_data_pipeline - INFO - VesselDataFetcher initialized. Pipeline enabled: True
2025-10-29 10:22:31,456 - vessel_data_pipeline - INFO - Starting vessel data fetch operation
2025-10-29 10:22:31,456 - vessel_data_pipeline - INFO - Discovering XML files from Hong Kong Marine Department portal
2025-10-29 10:22:31,535 - vessel_data_pipeline - INFO - Verified access to Arrived_in_last_36_hours.xml
2025-10-29 10:22:31,589 - vessel_data_pipeline - INFO - Verified access to Departed_in_last_36_hours.xml
2025-10-29 10:22:31,627 - vessel_data_pipeline - INFO - Verified access to Expected_arrivals.xml
2025-10-29 10:22:31,667 - vessel_data_pipeline - INFO - Verified access to Expected_departures.xml
2025-10-29 10:22:31,667 - vessel_data_pipeline - INFO - Discovered 4 XML files for download
2025-10-29 10:22:31,667 - vessel_data_pipeline - INFO - Downloading Arrived_in_last_36_hours.xml (attempt 1/3)
2025-10-29 10:22:31,732 - vessel_data_pipeline - INFO - File temp_Arrived_in_last_36_hours.xml passed validation checks
2025-10-29 10:22:31,737 - vessel_data_pipeline - INFO - Created backup: Arrived_in_last_36_hours_20251029_102231.xml
2025-10-29 10:22:31,738 - vessel_data_pipeline - INFO - Updated metadata for Arrived_in_last_36_hours.xml
2025-10-29 10:22:31,738 - vessel_data_pipeline - INFO - Successfully downloaded and validated Arrived_in_last_36_hours.xml
2025-10-29 10:22:33,743 - vessel_data_pipeline - INFO - Downloading Departed_in_last_36_hours.xml (attempt 1/3)
2025-10-29 10:22:33,802 - vessel_data_pipeline - INFO - File temp_Departed_in_last_36_hours.xml passed validation checks
2025-10-29 10:22:33,802 - vessel_data_pipeline - INFO - Created backup: Departed_in_last_36_hours_20251029_102233.xml
2025-10-29 10:22:33,803 - vessel_data_pipeline - INFO - Updated metadata for Departed_in_last_36_hours.xml
2025-10-29 10:22:33,803 - vessel_data_pipeline - INFO - Successfully downloaded and validated Departed_in_last_36_hours.xml
2025-10-29 10:22:35,807 - vessel_data_pipeline - INFO - Downloading Expected_arrivals.xml (attempt 1/3)
2025-10-29 10:22:35,846 - vessel_data_pipeline - INFO - File temp_Expected_arrivals.xml passed validation checks
2025-10-29 10:22:35,847 - vessel_data_pipeline - INFO - Created backup: Expected_arrivals_20251029_102235.xml
2025-10-29 10:22:35,847 - vessel_data_pipeline - INFO - Updated metadata for Expected_arrivals.xml
2025-10-29 10:22:35,847 - vessel_data_pipeline - INFO - Successfully downloaded and validated Expected_arrivals.xml
2025-10-29 10:22:37,851 - vessel_data_pipeline - INFO - Downloading Expected_departures.xml (attempt 1/3)
2025-10-29 10:22:37,901 - vessel_data_pipeline - INFO - File temp_Expected_departures.xml passed validation checks
2025-10-29 10:22:37,901 - vessel_data_pipeline - INFO - Created backup: Expected_departures_20251029_102237.xml
2025-10-29 10:22:37,902 - vessel_data_pipeline - INFO - Updated metadata for Expected_departures.xml
2025-10-29 10:22:37,902 - vessel_data_pipeline - INFO - Successfully downloaded and validated Expected_departures.xml
2025-10-29 10:22:39,907 - vessel_data_pipeline - INFO - Fetch operation completed. Results: {'Arrived_in_last_36_hours.xml': True, 'Departed_in_last_36_hours.xml': True, 'Expected_arrivals.xml': True, 'Expected_departures.xml': True}
2025-10-29 10:26:07,770 - vessel_data_pipeline - INFO - VesselDataFetcher initialized. Pipeline enabled: True
2025-10-29 10:26:07,771 - vessel_data_pipeline - INFO - Starting vessel data fetch operation
2025-10-29 10:26:07,771 - vessel_data_pipeline - INFO - Discovering XML files from Hong Kong Marine Department portal
2025-10-29 10:26:07,825 - vessel_data_pipeline - INFO - Verified access to Arrived_in_last_36_hours.xml
2025-10-29 10:26:07,867 - vessel_data_pipeline - INFO - Verified access to Departed_in_last_36_hours.xml
2025-10-29 10:26:07,903 - vessel_data_pipeline - INFO - Verified access to Expected_arrivals.xml
2025-10-29 10:26:07,952 - vessel_data_pipeline - INFO - Verified access to Expected_departures.xml
2025-10-29 10:26:07,953 - vessel_data_pipeline - INFO - Discovered 4 XML files for download
2025-10-29 10:26:07,953 - vessel_data_pipeline - INFO - Downloading Arrived_in_last_36_hours.xml (attempt 1/3)
2025-10-29 10:26:07,992 - vessel_data_pipeline - INFO - File temp_Arrived_in_last_36_hours.xml passed validation checks
2025-10-29 10:26:07,993 - vessel_data_pipeline - INFO - Created backup: Arrived_in_last_36_hours_20251029_102607.xml
2025-10-29 10:26:07,994 - vessel_data_pipeline - INFO - Updated metadata for Arrived_in_last_36_hours.xml
2025-10-29 10:26:07,994 - vessel_data_pipeline - INFO - Successfully downloaded and validated Arrived_in_last_36_hours.xml
2025-10-29 10:26:09,999 - vessel_data_pipeline - INFO - Downloading Departed_in_last_36_hours.xml (attempt 1/3)
2025-10-29 10:26:10,049 - vessel_data_pipeline - INFO - File temp_Departed_in_last_36_hours.xml passed validation checks
2025-10-29 10:26:10,049 - vessel_data_pipeline - INFO - Created backup: Departed_in_last_36_hours_20251029_102610.xml
2025-10-29 10:26:10,050 - vessel_data_pipeline - INFO - Updated metadata for Departed_in_last_36_hours.xml
2025-10-29 10:26:10,050 - vessel_data_pipeline - INFO - Successfully downloaded and validated Departed_in_last_36_hours.xml
2025-10-29 10:26:12,055 - vessel_data_pipeline - INFO - Downloading Expected_arrivals.xml (attempt 1/3)
2025-10-29 10:26:12,093 - vessel_data_pipeline - INFO - File temp_Expected_arrivals.xml passed validation checks
2025-10-29 10:26:12,093 - vessel_data_pipeline - INFO - Created backup: Expected_arrivals_20251029_102612.xml
2025-10-29 10:26:12,093 - vessel_data_pipeline - INFO - Updated metadata for Expected_arrivals.xml
2025-10-29 10:26:12,093 - vessel_data_pipeline - INFO - Successfully downloaded and validated Expected_arrivals.xml
2025-10-29 10:26:14,094 - vessel_data_pipeline - INFO - Downloading Expected_departures.xml (attempt 1/3)
2025-10-29 10:26:14,154 - vessel_data_pipeline - INFO - File temp_Expected_departures.xml passed validation checks
2025-10-29 10:26:14,155 - vessel_data_pipeline - INFO - Created backup: Expected_departures_20251029_102614.xml
2025-10-29 10:26:14,155 - vessel_data_pipeline - INFO - Updated metadata for Expected_departures.xml
2025-10-29 10:26:14,155 - vessel_data_pipeline - INFO - Successfully downloaded and validated Expected_departures.xml
2025-10-29 10:26:16,160 - vessel_data_pipeline - INFO - Fetch operation completed. Results: {'Arrived_in_last_36_hours.xml': True, 'Departed_in_last_36_hours.xml': True, 'Expected_arrivals.xml': True, 'Expected_departures.xml': True}
2025-10-29 11:09:21,924 - vessel_data_pipeline - INFO - VesselDataFetcher initialized. Pipeline enabled: True
2025-10-29 11:09:21,924 - vessel_data_pipeline - INFO - Starting vessel data fetch operation
2025-10-29 11:09:21,924 - vessel_data_pipeline - INFO - Discovering XML files from Hong Kong Marine Department portal
2025-10-29 11:09:22,030 - vessel_data_pipeline - INFO - Verified access to Arrived_in_last_36_hours.xml
2025-10-29 11:09:22,097 - vessel_data_pipeline - INFO - Verified access to Departed_in_last_36_hours.xml
2025-10-29 11:09:22,138 - vessel_data_pipeline - INFO - Verified access to Expected_arrivals.xml
2025-10-29 11:09:22,267 - vessel_data_pipeline - INFO - Verified access to Expected_departures.xml
2025-10-29 11:09:22,267 - vessel_data_pipeline - INFO - Discovered 4 XML files for download
2025-10-29 11:09:22,267 - vessel_data_pipeline - INFO - Downloading Arrived_in_last_36_hours.xml (attempt 1/3)
2025-10-29 11:09:22,313 - vessel_data_pipeline - INFO - File temp_Arrived_in_last_36_hours.xml passed validation checks
2025-10-29 11:09:22,316 - vessel_data_pipeline - INFO - Created backup: Arrived_in_last_36_hours_20251029_110922.xml
2025-10-29 11:09:22,318 - vessel_data_pipeline - INFO - Updated metadata for Arrived_in_last_36_hours.xml
2025-10-29 11:09:22,318 - vessel_data_pipeline - INFO - Successfully downloaded and validated Arrived_in_last_36_hours.xml
2025-10-29 11:09:24,320 - vessel_data_pipeline - INFO - Downloading Departed_in_last_36_hours.xml (attempt 1/3)
2025-10-29 11:09:24,382 - vessel_data_pipeline - INFO - File temp_Departed_in_last_36_hours.xml passed validation checks
2025-10-29 11:09:24,383 - vessel_data_pipeline - INFO - Created backup: Departed_in_last_36_hours_20251029_110924.xml
2025-10-29 11:09:24,383 - vessel_data_pipeline - INFO - Updated metadata for Departed_in_last_36_hours.xml
2025-10-29 11:09:24,383 - vessel_data_pipeline - INFO - Successfully downloaded and validated Departed_in_last_36_hours.xml
2025-10-29 11:09:26,389 - vessel_data_pipeline - INFO - Downloading Expected_arrivals.xml (attempt 1/3)
2025-10-29 11:09:26,428 - vessel_data_pipeline - INFO - File temp_Expected_arrivals.xml passed validation checks
2025-10-29 11:09:26,429 - vessel_data_pipeline - INFO - Created backup: Expected_arrivals_20251029_110926.xml
2025-10-29 11:09:26,429 - vessel_data_pipeline - INFO - Updated metadata for Expected_arrivals.xml
2025-10-29 11:09:26,429 - vessel_data_pipeline - INFO - Successfully downloaded and validated Expected_arrivals.xml
2025-10-29 11:09:28,434 - vessel_data_pipeline - INFO - Downloading Expected_departures.xml (attempt 1/3)
2025-10-29 11:09:28,510 - vessel_data_pipeline - INFO - File temp_Expected_departures.xml passed validation checks
2025-10-29 11:09:28,511 - vessel_data_pipeline - INFO - Created backup: Expected_departures_20251029_110928.xml
2025-10-29 11:09:28,512 - vessel_data_pipeline - INFO - Updated metadata for Expected_departures.xml
2025-10-29 11:09:28,512 - vessel_data_pipeline - INFO - Successfully downloaded and validated Expected_departures.xml
2025-10-29 11:09:30,517 - vessel_data_pipeline - INFO - Fetch operation completed. Results: {'Arrived_in_last_36_hours.xml': True, 'Departed_in_last_36_hours.xml': True, 'Expected_arrivals.xml': True, 'Expected_departures.xml': True}
2025-10-29 11:09:30,526 - vessel_data_pipeline - INFO - VesselDataFetcher initialized. Pipeline enabled: True
2025-10-29 11:09:30,529 - vessel_data_pipeline - INFO - Starting vessel data fetch operation
2025-10-29 11:09:30,529 - vessel_data_pipeline - INFO - Discovering XML files from Hong Kong Marine Department portal
2025-10-29 11:09:30,619 - vessel_data_pipeline - INFO - Verified access to Arrived_in_last_36_hours.xml
2025-10-29 11:09:30,665 - vessel_data_pipeline - INFO - Verified access to Departed_in_last_36_hours.xml
2025-10-29 11:09:30,735 - vessel_data_pipeline - INFO - Verified access to Expected_arrivals.xml
2025-10-29 11:09:30,778 - vessel_data_pipeline - INFO - Verified access to Expected_departures.xml
2025-10-29 11:09:30,778 - vessel_data_pipeline - INFO - Discovered 4 XML files for download
2025-10-29 11:09:30,778 - vessel_data_pipeline - INFO - Downloading Arrived_in_last_36_hours.xml (attempt 1/3)
2025-10-29 11:09:30,828 - vessel_data_pipeline - INFO - File temp_Arrived_in_last_36_hours.xml passed validation checks
2025-10-29 11:09:30,833 - vessel_data_pipeline - INFO - Created backup: Arrived_in_last_36_hours_20251029_110930.xml
2025-10-29 11:09:30,839 - vessel_data_pipeline - INFO - Updated metadata for Arrived_in_last_36_hours.xml
2025-10-29 11:09:30,839 - vessel_data_pipeline - INFO - Successfully downloaded and validated Arrived_in_last_36_hours.xml
2025-10-29 11:09:32,844 - vessel_data_pipeline - INFO - Downloading Departed_in_last_36_hours.xml (attempt 1/3)
2025-10-29 11:09:32,909 - vessel_data_pipeline - INFO - File temp_Departed_in_last_36_hours.xml passed validation checks
2025-10-29 11:09:32,910 - vessel_data_pipeline - INFO - Created backup: Departed_in_last_36_hours_20251029_110932.xml
2025-10-29 11:09:32,910 - vessel_data_pipeline - INFO - Updated metadata for Departed_in_last_36_hours.xml
2025-10-29 11:09:32,910 - vessel_data_pipeline - INFO - Successfully downloaded and validated Departed_in_last_36_hours.xml
2025-10-29 11:09:34,912 - vessel_data_pipeline - INFO - Downloading Expected_arrivals.xml (attempt 1/3)
2025-10-29 11:09:34,956 - vessel_data_pipeline - INFO - File temp_Expected_arrivals.xml passed validation checks
2025-10-29 11:09:34,957 - vessel_data_pipeline - INFO - Created backup: Expected_arrivals_20251029_110934.xml
2025-10-29 11:09:34,958 - vessel_data_pipeline - INFO - Updated metadata for Expected_arrivals.xml
2025-10-29 11:09:34,958 - vessel_data_pipeline - INFO - Successfully downloaded and validated Expected_arrivals.xml
2025-10-29 11:09:36,963 - vessel_data_pipeline - INFO - Downloading Expected_departures.xml (attempt 1/3)
2025-10-29 11:09:37,014 - vessel_data_pipeline - INFO - File temp_Expected_departures.xml passed validation checks
2025-10-29 11:09:37,015 - vessel_data_pipeline - INFO - Created backup: Expected_departures_20251029_110937.xml
2025-10-29 11:09:37,015 - vessel_data_pipeline - INFO - Updated metadata for Expected_departures.xml
2025-10-29 11:09:37,015 - vessel_data_pipeline - INFO - Successfully downloaded and validated Expected_departures.xml
2025-10-29 11:09:39,020 - vessel_data_pipeline - INFO - Fetch operation completed. Results: {'Arrived_in_last_36_hours.xml': True, 'Departed_in_last_36_hours.xml': True, 'Expected_arrivals.xml': True, 'Expected_departures.xml': True}
2025-10-29 11:09:40,653 - vessel_data_pipeline - INFO - VesselDataFetcher initialized. Pipeline enabled: True
2025-10-29 11:09:40,655 - vessel_data_pipeline - INFO - Starting vessel data fetch operation
2025-10-29 11:09:40,655 - vessel_data_pipeline - INFO - Discovering XML files from Hong Kong Marine Department portal
2025-10-29 11:09:40,751 - vessel_data_pipeline - INFO - Verified access to Arrived_in_last_36_hours.xml
2025-10-29 11:09:40,812 - vessel_data_pipeline - INFO - Verified access to Departed_in_last_36_hours.xml
2025-10-29 11:09:40,859 - vessel_data_pipeline - INFO - Verified access to Expected_arrivals.xml
2025-10-29 11:09:40,893 - vessel_data_pipeline - INFO - Verified access to Expected_departures.xml
2025-10-29 11:09:40,895 - vessel_data_pipeline - INFO - Discovered 4 XML files for download
2025-10-29 11:09:40,895 - vessel_data_pipeline - INFO - Downloading Arrived_in_last_36_hours.xml (attempt 1/3)
2025-10-29 11:09:40,965 - vessel_data_pipeline - INFO - File temp_Arrived_in_last_36_hours.xml passed validation checks
2025-10-29 11:09:40,967 - vessel_data_pipeline - INFO - Created backup: Arrived_in_last_36_hours_20251029_110940.xml
2025-10-29 11:09:40,969 - vessel_data_pipeline - INFO - Updated metadata for Arrived_in_last_36_hours.xml
2025-10-29 11:09:40,970 - vessel_data_pipeline - INFO - Successfully downloaded and validated Arrived_in_last_36_hours.xml
2025-10-29 11:09:42,971 - vessel_data_pipeline - INFO - Downloading Departed_in_last_36_hours.xml (attempt 1/3)
2025-10-29 11:09:43,035 - vessel_data_pipeline - INFO - File temp_Departed_in_last_36_hours.xml passed validation checks
2025-10-29 11:09:43,040 - vessel_data_pipeline - INFO - Created backup: Departed_in_last_36_hours_20251029_110943.xml
2025-10-29 11:09:43,043 - vessel_data_pipeline - INFO - Updated metadata for Departed_in_last_36_hours.xml
2025-10-29 11:09:43,044 - vessel_data_pipeline - INFO - Successfully downloaded and validated Departed_in_last_36_hours.xml
2025-10-29 11:09:45,049 - vessel_data_pipeline - INFO - Downloading Expected_arrivals.xml (attempt 1/3)
2025-10-29 11:09:45,104 - vessel_data_pipeline - INFO - File temp_Expected_arrivals.xml passed validation checks
2025-10-29 11:09:45,114 - vessel_data_pipeline - INFO - Created backup: Expected_arrivals_20251029_110945.xml
2025-10-29 11:09:45,119 - vessel_data_pipeline - INFO - Updated metadata for Expected_arrivals.xml
2025-10-29 11:09:45,119 - vessel_data_pipeline - INFO - Successfully downloaded and validated Expected_arrivals.xml
2025-10-29 11:09:47,122 - vessel_data_pipeline - INFO - Downloading Expected_departures.xml (attempt 1/3)
2025-10-29 11:09:47,179 - vessel_data_pipeline - INFO - File temp_Expected_departures.xml passed validation checks
2025-10-29 11:09:47,189 - vessel_data_pipeline - INFO - Created backup: Expected_departures_20251029_110947.xml
2025-10-29 11:09:47,194 - vessel_data_pipeline - INFO - Updated metadata for Expected_departures.xml
2025-10-29 11:09:47,194 - vessel_data_pipeline - INFO - Successfully downloaded and validated Expected_departures.xml
2025-10-29 11:09:49,197 - vessel_data_pipeline - INFO - Fetch operation completed. Results: {'Arrived_in_last_36_hours.xml': True, 'Departed_in_last_36_hours.xml': True, 'Expected_arrivals.xml': True, 'Expected_departures.xml': True}
2025-10-29 11:14:28,005 - vessel_data_pipeline - INFO - VesselDataFetcher initialized. Pipeline enabled: True
2025-10-29 11:14:28,005 - vessel_data_pipeline - INFO - Starting vessel data fetch operation
2025-10-29 11:14:28,005 - vessel_data_pipeline - INFO - Discovering XML files from Hong Kong Marine Department portal
2025-10-29 11:14:28,284 - vessel_data_pipeline - INFO - Verified access to Arrived_in_last_36_hours.xml
2025-10-29 11:14:28,557 - vessel_data_pipeline - INFO - Verified access to Departed_in_last_36_hours.xml
2025-10-29 11:14:28,640 - vessel_data_pipeline - INFO - Verified access to Expected_arrivals.xml
2025-10-29 11:14:28,769 - vessel_data_pipeline - INFO - Verified access to Expected_departures.xml
2025-10-29 11:14:28,770 - vessel_data_pipeline - INFO - Discovered 4 XML files for download
2025-10-29 11:14:28,770 - vessel_data_pipeline - INFO - Downloading Arrived_in_last_36_hours.xml (attempt 1/3)
2025-10-29 11:14:28,816 - vessel_data_pipeline - INFO - File temp_Arrived_in_last_36_hours.xml passed validation checks
2025-10-29 11:14:28,817 - vessel_data_pipeline - INFO - Created backup: Arrived_in_last_36_hours_20251029_111428.xml
2025-10-29 11:14:28,818 - vessel_data_pipeline - INFO - Updated metadata for Arrived_in_last_36_hours.xml
2025-10-29 11:14:28,818 - vessel_data_pipeline - INFO - Successfully downloaded and validated Arrived_in_last_36_hours.xml
2025-10-29 11:14:30,818 - vessel_data_pipeline - INFO - Downloading Departed_in_last_36_hours.xml (attempt 1/3)
2025-10-29 11:14:30,882 - vessel_data_pipeline - INFO - File temp_Departed_in_last_36_hours.xml passed validation checks
2025-10-29 11:14:30,882 - vessel_data_pipeline - INFO - Created backup: Departed_in_last_36_hours_20251029_111430.xml
2025-10-29 11:14:30,883 - vessel_data_pipeline - INFO - Updated metadata for Departed_in_last_36_hours.xml
2025-10-29 11:14:30,883 - vessel_data_pipeline - INFO - Successfully downloaded and validated Departed_in_last_36_hours.xml
2025-10-29 11:14:32,888 - vessel_data_pipeline - INFO - Downloading Expected_arrivals.xml (attempt 1/3)
2025-10-29 11:14:32,928 - vessel_data_pipeline - INFO - File temp_Expected_arrivals.xml passed validation checks
2025-10-29 11:14:32,929 - vessel_data_pipeline - INFO - Created backup: Expected_arrivals_20251029_111432.xml
2025-10-29 11:14:32,929 - vessel_data_pipeline - INFO - Updated metadata for Expected_arrivals.xml
2025-10-29 11:14:32,929 - vessel_data_pipeline - INFO - Successfully downloaded and validated Expected_arrivals.xml
2025-10-29 11:14:34,930 - vessel_data_pipeline - INFO - Downloading Expected_departures.xml (attempt 1/3)
2025-10-29 11:14:34,994 - vessel_data_pipeline - INFO - File temp_Expected_departures.xml passed validation checks
2025-10-29 11:14:34,994 - vessel_data_pipeline - INFO - Created backup: Expected_departures_20251029_111434.xml
2025-10-29 11:14:34,995 - vessel_data_pipeline - INFO - Updated metadata for Expected_departures.xml
2025-10-29 11:14:34,995 - vessel_data_pipeline - INFO - Successfully downloaded and validated Expected_departures.xml
2025-10-29 11:14:36,999 - vessel_data_pipeline - INFO - Fetch operation completed. Results: {'Arrived_in_last_36_hours.xml': True, 'Departed_in_last_36_hours.xml': True, 'Expected_arrivals.xml': True, 'Expected_departures.xml': True}
2025-10-29 11:14:37,014 - vessel_data_pipeline - INFO - VesselDataFetcher initialized. Pipeline enabled: True
2025-10-29 11:14:37,020 - vessel_data_pipeline - INFO - Starting vessel data fetch operation
2025-10-29 11:14:37,020 - vessel_data_pipeline - INFO - Discovering XML files from Hong Kong Marine Department portal
2025-10-29 11:14:37,108 - vessel_data_pipeline - INFO - Verified access to Arrived_in_last_36_hours.xml
2025-10-29 11:14:37,150 - vessel_data_pipeline - INFO - Verified access to Departed_in_last_36_hours.xml
2025-10-29 11:14:37,196 - vessel_data_pipeline - INFO - Verified access to Expected_arrivals.xml
2025-10-29 11:14:37,299 - vessel_data_pipeline - INFO - Verified access to Expected_departures.xml
2025-10-29 11:14:37,299 - vessel_data_pipeline - INFO - Discovered 4 XML files for download
2025-10-29 11:14:37,300 - vessel_data_pipeline - INFO - Downloading Arrived_in_last_36_hours.xml (attempt 1/3)
2025-10-29 11:14:37,348 - vessel_data_pipeline - INFO - File temp_Arrived_in_last_36_hours.xml passed validation checks
2025-10-29 11:14:37,348 - vessel_data_pipeline - INFO - Created backup: Arrived_in_last_36_hours_20251029_111437.xml
2025-10-29 11:14:37,349 - vessel_data_pipeline - INFO - Updated metadata for Arrived_in_last_36_hours.xml
2025-10-29 11:14:37,349 - vessel_data_pipeline - INFO - Successfully downloaded and validated Arrived_in_last_36_hours.xml
2025-10-29 11:14:39,350 - vessel_data_pipeline - INFO - Downloading Departed_in_last_36_hours.xml (attempt 1/3)
2025-10-29 11:14:39,401 - vessel_data_pipeline - INFO - File temp_Departed_in_last_36_hours.xml passed validation checks
2025-10-29 11:14:39,402 - vessel_data_pipeline - INFO - Created backup: Departed_in_last_36_hours_20251029_111439.xml
2025-10-29 11:14:39,402 - vessel_data_pipeline - INFO - Updated metadata for Departed_in_last_36_hours.xml
2025-10-29 11:14:39,402 - vessel_data_pipeline - INFO - Successfully downloaded and validated Departed_in_last_36_hours.xml
2025-10-29 11:14:39,874 - vessel_data_pipeline - INFO - VesselDataFetcher initialized. Pipeline enabled: True
2025-10-29 11:14:39,875 - vessel_data_pipeline - INFO - Starting vessel data fetch operation
2025-10-29 11:14:39,875 - vessel_data_pipeline - INFO - Discovering XML files from Hong Kong Marine Department portal
2025-10-29 11:14:39,956 - vessel_data_pipeline - INFO - Verified access to Arrived_in_last_36_hours.xml
2025-10-29 11:14:39,992 - vessel_data_pipeline - INFO - Verified access to Departed_in_last_36_hours.xml
2025-10-29 11:14:40,024 - vessel_data_pipeline - INFO - Verified access to Expected_arrivals.xml
2025-10-29 11:14:40,077 - vessel_data_pipeline - INFO - Verified access to Expected_departures.xml
2025-10-29 11:14:40,077 - vessel_data_pipeline - INFO - Discovered 4 XML files for download
2025-10-29 11:14:40,077 - vessel_data_pipeline - INFO - Downloading Arrived_in_last_36_hours.xml (attempt 1/3)
2025-10-29 11:14:40,139 - vessel_data_pipeline - INFO - File temp_Arrived_in_last_36_hours.xml passed validation checks
2025-10-29 11:14:40,140 - vessel_data_pipeline - INFO - Created backup: Arrived_in_last_36_hours_20251029_111440.xml
2025-10-29 11:14:40,140 - vessel_data_pipeline - INFO - Updated metadata for Arrived_in_last_36_hours.xml
2025-10-29 11:14:40,140 - vessel_data_pipeline - INFO - Successfully downloaded and validated Arrived_in_last_36_hours.xml
2025-10-29 11:14:41,404 - vessel_data_pipeline - INFO - Downloading Expected_arrivals.xml (attempt 1/3)
2025-10-29 11:14:41,462 - vessel_data_pipeline - INFO - File temp_Expected_arrivals.xml passed validation checks
2025-10-29 11:14:41,464 - vessel_data_pipeline - INFO - Created backup: Expected_arrivals_20251029_111441.xml
2025-10-29 11:14:41,465 - vessel_data_pipeline - INFO - Updated metadata for Expected_arrivals.xml
2025-10-29 11:14:41,465 - vessel_data_pipeline - INFO - Successfully downloaded and validated Expected_arrivals.xml
2025-10-29 11:14:42,145 - vessel_data_pipeline - INFO - Downloading Departed_in_last_36_hours.xml (attempt 1/3)
2025-10-29 11:14:42,224 - vessel_data_pipeline - INFO - File temp_Departed_in_last_36_hours.xml passed validation checks
2025-10-29 11:14:42,225 - vessel_data_pipeline - INFO - Created backup: Departed_in_last_36_hours_20251029_111442.xml
2025-10-29 11:14:42,226 - vessel_data_pipeline - INFO - Updated metadata for Departed_in_last_36_hours.xml
2025-10-29 11:14:42,226 - vessel_data_pipeline - INFO - Successfully downloaded and validated Departed_in_last_36_hours.xml
2025-10-29 11:14:43,468 - vessel_data_pipeline - INFO - Downloading Expected_departures.xml (attempt 1/3)
2025-10-29 11:14:43,520 - vessel_data_pipeline - INFO - File temp_Expected_departures.xml passed validation checks
2025-10-29 11:14:43,521 - vessel_data_pipeline - INFO - Created backup: Expected_departures_20251029_111443.xml
2025-10-29 11:14:43,522 - vessel_data_pipeline - INFO - Updated metadata for Expected_departures.xml
2025-10-29 11:14:43,522 - vessel_data_pipeline - INFO - Successfully downloaded and validated Expected_departures.xml
2025-10-29 11:14:44,229 - vessel_data_pipeline - INFO - Downloading Expected_arrivals.xml (attempt 1/3)
2025-10-29 11:14:44,290 - vessel_data_pipeline - INFO - File temp_Expected_arrivals.xml passed validation checks
2025-10-29 11:14:44,291 - vessel_data_pipeline - INFO - Created backup: Expected_arrivals_20251029_111444.xml
2025-10-29 11:14:44,292 - vessel_data_pipeline - INFO - Updated metadata for Expected_arrivals.xml
2025-10-29 11:14:44,292 - vessel_data_pipeline - INFO - Successfully downloaded and validated Expected_arrivals.xml
2025-10-29 11:14:45,527 - vessel_data_pipeline - INFO - Fetch operation completed. Results: {'Arrived_in_last_36_hours.xml': True, 'Departed_in_last_36_hours.xml': True, 'Expected_arrivals.xml': True, 'Expected_departures.xml': True}
2025-10-29 11:14:46,293 - vessel_data_pipeline - INFO - Downloading Expected_departures.xml (attempt 1/3)
2025-10-29 11:14:46,334 - vessel_data_pipeline - INFO - File temp_Expected_departures.xml passed validation checks
2025-10-29 11:14:46,334 - vessel_data_pipeline - INFO - Created backup: Expected_departures_20251029_111446.xml
2025-10-29 11:14:46,334 - vessel_data_pipeline - INFO - Updated metadata for Expected_departures.xml
2025-10-29 11:14:46,334 - vessel_data_pipeline - INFO - Successfully downloaded and validated Expected_departures.xml
2025-10-29 11:14:48,340 - vessel_data_pipeline - INFO - Fetch operation completed. Results: {'Arrived_in_last_36_hours.xml': True, 'Departed_in_last_36_hours.xml': True, 'Expected_arrivals.xml': True, 'Expected_departures.xml': True}
2025-10-29 11:44:15,542 - vessel_data_pipeline - INFO - VesselDataFetcher initialized. Pipeline enabled: True
2025-10-29 11:44:15,543 - vessel_data_pipeline - INFO - Starting vessel data fetch operation
2025-10-29 11:44:15,543 - vessel_data_pipeline - INFO - Discovering XML files from Hong Kong Marine Department portal
2025-10-29 11:44:15,812 - vessel_data_pipeline - INFO - Verified access to Arrived_in_last_36_hours.xml
2025-10-29 11:44:15,993 - vessel_data_pipeline - INFO - Verified access to Departed_in_last_36_hours.xml
2025-10-29 11:44:16,209 - vessel_data_pipeline - INFO - Verified access to Expected_arrivals.xml
2025-10-29 11:44:16,392 - vessel_data_pipeline - INFO - Verified access to Expected_departures.xml
2025-10-29 11:44:16,392 - vessel_data_pipeline - INFO - Discovered 4 XML files for download
2025-10-29 11:44:16,392 - vessel_data_pipeline - INFO - Downloading Arrived_in_last_36_hours.xml (attempt 1/3)
2025-10-29 11:44:16,441 - vessel_data_pipeline - INFO - File temp_Arrived_in_last_36_hours.xml passed validation checks
2025-10-29 11:44:16,441 - vessel_data_pipeline - INFO - Created backup: Arrived_in_last_36_hours_20251029_114416.xml
2025-10-29 11:44:16,442 - vessel_data_pipeline - INFO - Updated metadata for Arrived_in_last_36_hours.xml
2025-10-29 11:44:16,442 - vessel_data_pipeline - INFO - Successfully downloaded and validated Arrived_in_last_36_hours.xml
2025-10-29 11:44:18,443 - vessel_data_pipeline - INFO - Downloading Departed_in_last_36_hours.xml (attempt 1/3)
2025-10-29 11:44:18,495 - vessel_data_pipeline - INFO - File temp_Departed_in_last_36_hours.xml passed validation checks
2025-10-29 11:44:18,495 - vessel_data_pipeline - INFO - Created backup: Departed_in_last_36_hours_20251029_114418.xml
2025-10-29 11:44:18,496 - vessel_data_pipeline - INFO - Updated metadata for Departed_in_last_36_hours.xml
2025-10-29 11:44:18,496 - vessel_data_pipeline - INFO - Successfully downloaded and validated Departed_in_last_36_hours.xml
2025-10-29 11:44:20,498 - vessel_data_pipeline - INFO - Downloading Expected_arrivals.xml (attempt 1/3)
2025-10-29 11:44:20,570 - vessel_data_pipeline - INFO - File temp_Expected_arrivals.xml passed validation checks
2025-10-29 11:44:20,571 - vessel_data_pipeline - INFO - Created backup: Expected_arrivals_20251029_114420.xml
2025-10-29 11:44:20,571 - vessel_data_pipeline - INFO - Updated metadata for Expected_arrivals.xml
2025-10-29 11:44:20,571 - vessel_data_pipeline - INFO - Successfully downloaded and validated Expected_arrivals.xml
2025-10-29 11:44:22,576 - vessel_data_pipeline - INFO - Downloading Expected_departures.xml (attempt 1/3)
2025-10-29 11:44:22,645 - vessel_data_pipeline - INFO - File temp_Expected_departures.xml passed validation checks
2025-10-29 11:44:22,646 - vessel_data_pipeline - INFO - Created backup: Expected_departures_20251029_114422.xml
2025-10-29 11:44:22,646 - vessel_data_pipeline - INFO - Updated metadata for Expected_departures.xml
2025-10-29 11:44:22,646 - vessel_data_pipeline - INFO - Successfully downloaded and validated Expected_departures.xml
2025-10-29 11:44:24,649 - vessel_data_pipeline - INFO - Fetch operation completed. Results: {'Arrived_in_last_36_hours.xml': True, 'Departed_in_last_36_hours.xml': True, 'Expected_arrivals.xml': True, 'Expected_departures.xml': True}
2025-10-29 11:44:24,660 - vessel_data_pipeline - INFO - VesselDataFetcher initialized. Pipeline enabled: True
2025-10-29 11:44:24,660 - vessel_data_pipeline - INFO - Starting vessel data fetch operation
2025-10-29 11:44:24,660 - vessel_data_pipeline - INFO - Discovering XML files from Hong Kong Marine Department portal
2025-10-29 11:44:24,746 - vessel_data_pipeline - INFO - Verified access to Arrived_in_last_36_hours.xml
2025-10-29 11:44:24,789 - vessel_data_pipeline - INFO - Verified access to Departed_in_last_36_hours.xml
2025-10-29 11:44:24,844 - vessel_data_pipeline - INFO - Verified access to Expected_arrivals.xml
2025-10-29 11:44:24,879 - vessel_data_pipeline - INFO - Verified access to Expected_departures.xml
2025-10-29 11:44:24,879 - vessel_data_pipeline - INFO - Discovered 4 XML files for download
2025-10-29 11:44:24,880 - vessel_data_pipeline - INFO - Downloading Arrived_in_last_36_hours.xml (attempt 1/3)
2025-10-29 11:44:25,026 - vessel_data_pipeline - INFO - File temp_Arrived_in_last_36_hours.xml passed validation checks
2025-10-29 11:44:25,029 - vessel_data_pipeline - INFO - Created backup: Arrived_in_last_36_hours_20251029_114425.xml
2025-10-29 11:44:25,029 - vessel_data_pipeline - INFO - Updated metadata for Arrived_in_last_36_hours.xml
2025-10-29 11:44:25,029 - vessel_data_pipeline - INFO - Successfully downloaded and validated Arrived_in_last_36_hours.xml
2025-10-29 11:44:27,035 - vessel_data_pipeline - INFO - Downloading Departed_in_last_36_hours.xml (attempt 1/3)
2025-10-29 11:44:27,102 - vessel_data_pipeline - INFO - File temp_Departed_in_last_36_hours.xml passed validation checks
2025-10-29 11:44:27,103 - vessel_data_pipeline - INFO - Created backup: Departed_in_last_36_hours_20251029_114427.xml
2025-10-29 11:44:27,103 - vessel_data_pipeline - INFO - Updated metadata for Departed_in_last_36_hours.xml
2025-10-29 11:44:27,103 - vessel_data_pipeline - INFO - Successfully downloaded and validated Departed_in_last_36_hours.xml
2025-10-29 11:44:29,107 - vessel_data_pipeline - INFO - Downloading Expected_arrivals.xml (attempt 1/3)
2025-10-29 11:44:29,143 - vessel_data_pipeline - INFO - File temp_Expected_arrivals.xml passed validation checks
2025-10-29 11:44:29,143 - vessel_data_pipeline - INFO - Created backup: Expected_arrivals_20251029_114429.xml
2025-10-29 11:44:29,143 - vessel_data_pipeline - INFO - Updated metadata for Expected_arrivals.xml
2025-10-29 11:44:29,143 - vessel_data_pipeline - INFO - Successfully downloaded and validated Expected_arrivals.xml
2025-10-29 11:44:31,149 - vessel_data_pipeline - INFO - Downloading Expected_departures.xml (attempt 1/3)
2025-10-29 11:44:31,245 - vessel_data_pipeline - INFO - File temp_Expected_departures.xml passed validation checks
2025-10-29 11:44:31,245 - vessel_data_pipeline - INFO - Created backup: Expected_departures_20251029_114431.xml
2025-10-29 11:44:31,245 - vessel_data_pipeline - INFO - Updated metadata for Expected_departures.xml
2025-10-29 11:44:31,245 - vessel_data_pipeline - INFO - Successfully downloaded and validated Expected_departures.xml
2025-10-29 11:44:33,251 - vessel_data_pipeline - INFO - Fetch operation completed. Results: {'Arrived_in_last_36_hours.xml': True, 'Departed_in_last_36_hours.xml': True, 'Expected_arrivals.xml': True, 'Expected_departures.xml': True}
2025-10-29 18:53:40,559 - vessel_data_pipeline - INFO - VesselDataFetcher initialized. Pipeline enabled: True
2025-10-29 18:53:40,560 - vessel_data_pipeline - INFO - Starting vessel data fetch operation
2025-10-29 18:53:40,560 - vessel_data_pipeline - INFO - Discovering XML files from Hong Kong Marine Department portal
2025-10-29 18:53:42,226 - vessel_data_pipeline - INFO - Verified access to Arrived_in_last_36_hours.xml
2025-10-29 18:53:43,935 - vessel_data_pipeline - INFO - Verified access to Departed_in_last_36_hours.xml
2025-10-29 18:53:44,995 - vessel_data_pipeline - INFO - Verified access to Expected_arrivals.xml
2025-10-29 18:53:45,863 - vessel_data_pipeline - INFO - Verified access to Expected_departures.xml
2025-10-29 18:53:45,863 - vessel_data_pipeline - INFO - Discovered 4 XML files for download
2025-10-29 18:53:45,863 - vessel_data_pipeline - INFO - Downloading Arrived_in_last_36_hours.xml (attempt 1/3)
2025-10-29 18:53:46,386 - vessel_data_pipeline - INFO - File temp_Arrived_in_last_36_hours.xml passed validation checks
2025-10-29 18:53:46,389 - vessel_data_pipeline - INFO - Created backup: Arrived_in_last_36_hours_20251029_185346.xml
2025-10-29 18:53:46,390 - vessel_data_pipeline - INFO - Updated metadata for Arrived_in_last_36_hours.xml
2025-10-29 18:53:46,390 - vessel_data_pipeline - INFO - Successfully downloaded and validated Arrived_in_last_36_hours.xml
2025-10-29 18:53:48,394 - vessel_data_pipeline - INFO - Downloading Departed_in_last_36_hours.xml (attempt 1/3)
2025-10-29 18:53:49,404 - vessel_data_pipeline - INFO - File temp_Departed_in_last_36_hours.xml passed validation checks
2025-10-29 18:53:49,405 - vessel_data_pipeline - INFO - Created backup: Departed_in_last_36_hours_20251029_185349.xml
2025-10-29 18:53:49,405 - vessel_data_pipeline - INFO - Updated metadata for Departed_in_last_36_hours.xml
2025-10-29 18:53:49,405 - vessel_data_pipeline - INFO - Successfully downloaded and validated Departed_in_last_36_hours.xml
2025-10-29 18:53:51,408 - vessel_data_pipeline - INFO - Downloading Expected_arrivals.xml (attempt 1/3)
2025-10-29 18:53:51,897 - vessel_data_pipeline - INFO - File temp_Expected_arrivals.xml passed validation checks
2025-10-29 18:53:51,898 - vessel_data_pipeline - INFO - Created backup: Expected_arrivals_20251029_185351.xml
2025-10-29 18:53:51,898 - vessel_data_pipeline - INFO - Updated metadata for Expected_arrivals.xml
2025-10-29 18:53:51,898 - vessel_data_pipeline - INFO - Successfully downloaded and validated Expected_arrivals.xml
2025-10-29 18:53:52,710 - vessel_data_pipeline - INFO - VesselDataFetcher initialized. Pipeline enabled: True
2025-10-29 18:53:52,710 - vessel_data_pipeline - INFO - Starting vessel data fetch operation
2025-10-29 18:53:52,710 - vessel_data_pipeline - INFO - Discovering XML files from Hong Kong Marine Department portal
2025-10-29 18:53:53,423 - vessel_data_pipeline - INFO - Verified access to Arrived_in_last_36_hours.xml
2025-10-29 18:53:53,708 - vessel_data_pipeline - INFO - Verified access to Departed_in_last_36_hours.xml
2025-10-29 18:53:53,903 - vessel_data_pipeline - INFO - Downloading Expected_departures.xml (attempt 1/3)
2025-10-29 18:53:54,205 - vessel_data_pipeline - INFO - Verified access to Expected_arrivals.xml
2025-10-29 18:53:54,499 - vessel_data_pipeline - INFO - Verified access to Expected_departures.xml
2025-10-29 18:53:54,499 - vessel_data_pipeline - INFO - Discovered 4 XML files for download
2025-10-29 18:53:54,499 - vessel_data_pipeline - INFO - Downloading Arrived_in_last_36_hours.xml (attempt 1/3)
2025-10-29 18:53:54,576 - vessel_data_pipeline - INFO - File temp_Expected_departures.xml passed validation checks
2025-10-29 18:53:54,577 - vessel_data_pipeline - INFO - Created backup: Expected_departures_20251029_185354.xml
2025-10-29 18:53:54,577 - vessel_data_pipeline - INFO - Updated metadata for Expected_departures.xml
2025-10-29 18:53:54,577 - vessel_data_pipeline - INFO - Successfully downloaded and validated Expected_departures.xml
2025-10-29 18:53:55,002 - vessel_data_pipeline - INFO - File temp_Arrived_in_last_36_hours.xml passed validation checks
2025-10-29 18:53:55,003 - vessel_data_pipeline - INFO - Created backup: Arrived_in_last_36_hours_20251029_185355.xml
2025-10-29 18:53:55,003 - vessel_data_pipeline - INFO - Updated metadata for Arrived_in_last_36_hours.xml
2025-10-29 18:53:55,003 - vessel_data_pipeline - INFO - Successfully downloaded and validated Arrived_in_last_36_hours.xml
2025-10-29 18:53:56,582 - vessel_data_pipeline - INFO - Fetch operation completed. Results: {'Arrived_in_last_36_hours.xml': True, 'Departed_in_last_36_hours.xml': True, 'Expected_arrivals.xml': True, 'Expected_departures.xml': True}
2025-10-29 18:53:56,603 - vessel_data_pipeline - INFO - VesselDataFetcher initialized. Pipeline enabled: True
2025-10-29 18:53:56,608 - vessel_data_pipeline - INFO - Starting vessel data fetch operation
2025-10-29 18:53:56,608 - vessel_data_pipeline - INFO - Discovering XML files from Hong Kong Marine Department portal
2025-10-29 18:53:57,009 - vessel_data_pipeline - INFO - Downloading Departed_in_last_36_hours.xml (attempt 1/3)
2025-10-29 18:53:57,140 - vessel_data_pipeline - INFO - Verified access to Arrived_in_last_36_hours.xml
2025-10-29 18:53:57,694 - vessel_data_pipeline - INFO - File temp_Departed_in_last_36_hours.xml passed validation checks
2025-10-29 18:53:57,695 - vessel_data_pipeline - INFO - Created backup: Departed_in_last_36_hours_20251029_185357.xml
2025-10-29 18:53:57,695 - vessel_data_pipeline - INFO - Updated metadata for Departed_in_last_36_hours.xml
2025-10-29 18:53:57,695 - vessel_data_pipeline - INFO - Successfully downloaded and validated Departed_in_last_36_hours.xml
2025-10-29 18:53:58,268 - vessel_data_pipeline - INFO - Verified access to Departed_in_last_36_hours.xml
2025-10-29 18:53:58,570 - vessel_data_pipeline - INFO - Verified access to Expected_arrivals.xml
2025-10-29 18:53:59,086 - vessel_data_pipeline - INFO - Verified access to Expected_departures.xml
2025-10-29 18:53:59,086 - vessel_data_pipeline - INFO - Discovered 4 XML files for download
2025-10-29 18:53:59,086 - vessel_data_pipeline - INFO - Downloading Arrived_in_last_36_hours.xml (attempt 1/3)
2025-10-29 18:53:59,570 - vessel_data_pipeline - INFO - File temp_Arrived_in_last_36_hours.xml passed validation checks
2025-10-29 18:53:59,571 - vessel_data_pipeline - INFO - Created backup: Arrived_in_last_36_hours_20251029_185359.xml
2025-10-29 18:53:59,571 - vessel_data_pipeline - INFO - Updated metadata for Arrived_in_last_36_hours.xml
2025-10-29 18:53:59,571 - vessel_data_pipeline - INFO - Successfully downloaded and validated Arrived_in_last_36_hours.xml
2025-10-29 18:53:59,700 - vessel_data_pipeline - INFO - Downloading Expected_arrivals.xml (attempt 1/3)
2025-10-29 18:54:00,423 - vessel_data_pipeline - INFO - File temp_Expected_arrivals.xml passed validation checks
2025-10-29 18:54:00,423 - vessel_data_pipeline - INFO - Created backup: Expected_arrivals_20251029_185400.xml
2025-10-29 18:54:00,423 - vessel_data_pipeline - INFO - Updated metadata for Expected_arrivals.xml
2025-10-29 18:54:00,423 - vessel_data_pipeline - INFO - Successfully downloaded and validated Expected_arrivals.xml
2025-10-29 18:54:01,576 - vessel_data_pipeline - INFO - Downloading Departed_in_last_36_hours.xml (attempt 1/3)
2025-10-29 18:54:02,289 - vessel_data_pipeline - INFO - File temp_Departed_in_last_36_hours.xml passed validation checks
2025-10-29 18:54:02,289 - vessel_data_pipeline - INFO - Created backup: Departed_in_last_36_hours_20251029_185402.xml
2025-10-29 18:54:02,290 - vessel_data_pipeline - INFO - Updated metadata for Departed_in_last_36_hours.xml
2025-10-29 18:54:02,290 - vessel_data_pipeline - INFO - Successfully downloaded and validated Departed_in_last_36_hours.xml
2025-10-29 18:54:02,429 - vessel_data_pipeline - INFO - Downloading Expected_departures.xml (attempt 1/3)
2025-10-29 18:54:02,958 - vessel_data_pipeline - INFO - File temp_Expected_departures.xml passed validation checks
2025-10-29 18:54:02,959 - vessel_data_pipeline - INFO - Created backup: Expected_departures_20251029_185402.xml
2025-10-29 18:54:02,959 - vessel_data_pipeline - INFO - Updated metadata for Expected_departures.xml
2025-10-29 18:54:02,959 - vessel_data_pipeline - INFO - Successfully downloaded and validated Expected_departures.xml
2025-10-29 18:54:04,290 - vessel_data_pipeline - INFO - Downloading Expected_arrivals.xml (attempt 1/3)
2025-10-29 18:54:04,580 - vessel_data_pipeline - INFO - File temp_Expected_arrivals.xml passed validation checks
2025-10-29 18:54:04,580 - vessel_data_pipeline - INFO - Created backup: Expected_arrivals_20251029_185404.xml
2025-10-29 18:54:04,580 - vessel_data_pipeline - INFO - Updated metadata for Expected_arrivals.xml
2025-10-29 18:54:04,580 - vessel_data_pipeline - INFO - Successfully downloaded and validated Expected_arrivals.xml
2025-10-29 18:54:04,962 - vessel_data_pipeline - INFO - Fetch operation completed. Results: {'Arrived_in_last_36_hours.xml': True, 'Departed_in_last_36_hours.xml': True, 'Expected_arrivals.xml': True, 'Expected_departures.xml': True}
2025-10-29 18:54:04,970 - vessel_data_pipeline - INFO - VesselDataFetcher initialized. Pipeline enabled: True
2025-10-29 18:54:04,973 - vessel_data_pipeline - INFO - Starting vessel data fetch operation
2025-10-29 18:54:04,973 - vessel_data_pipeline - INFO - Discovering XML files from Hong Kong Marine Department portal
2025-10-29 18:54:05,740 - vessel_data_pipeline - INFO - Verified access to Arrived_in_last_36_hours.xml
2025-10-29 18:54:06,415 - vessel_data_pipeline - INFO - Verified access to Departed_in_last_36_hours.xml
2025-10-29 18:54:06,584 - vessel_data_pipeline - INFO - Downloading Expected_departures.xml (attempt 1/3)
2025-10-29 18:54:06,710 - vessel_data_pipeline - INFO - Verified access to Expected_arrivals.xml
2025-10-29 18:54:06,989 - vessel_data_pipeline - INFO - Verified access to Expected_departures.xml
2025-10-29 18:54:06,990 - vessel_data_pipeline - INFO - Discovered 4 XML files for download
2025-10-29 18:54:06,990 - vessel_data_pipeline - INFO - Downloading Arrived_in_last_36_hours.xml (attempt 1/3)
2025-10-29 18:54:07,063 - vessel_data_pipeline - INFO - File temp_Expected_departures.xml passed validation checks
2025-10-29 18:54:07,063 - vessel_data_pipeline - INFO - Created backup: Expected_departures_20251029_185407.xml
2025-10-29 18:54:07,064 - vessel_data_pipeline - INFO - Updated metadata for Expected_departures.xml
2025-10-29 18:54:07,064 - vessel_data_pipeline - INFO - Successfully downloaded and validated Expected_departures.xml
2025-10-29 18:54:07,485 - vessel_data_pipeline - INFO - File temp_Arrived_in_last_36_hours.xml passed validation checks
2025-10-29 18:54:07,485 - vessel_data_pipeline - INFO - Created backup: Arrived_in_last_36_hours_20251029_185407.xml
2025-10-29 18:54:07,486 - vessel_data_pipeline - INFO - Updated metadata for Arrived_in_last_36_hours.xml
2025-10-29 18:54:07,486 - vessel_data_pipeline - INFO - Successfully downloaded and validated Arrived_in_last_36_hours.xml
2025-10-29 18:54:09,068 - vessel_data_pipeline - INFO - Fetch operation completed. Results: {'Arrived_in_last_36_hours.xml': True, 'Departed_in_last_36_hours.xml': True, 'Expected_arrivals.xml': True, 'Expected_departures.xml': True}
2025-10-29 18:54:09,495 - vessel_data_pipeline - INFO - Downloading Departed_in_last_36_hours.xml (attempt 1/3)
2025-10-29 18:54:10,175 - vessel_data_pipeline - INFO - File temp_Departed_in_last_36_hours.xml passed validation checks
2025-10-29 18:54:10,175 - vessel_data_pipeline - INFO - Created backup: Departed_in_last_36_hours_20251029_185410.xml
2025-10-29 18:54:10,176 - vessel_data_pipeline - INFO - Updated metadata for Departed_in_last_36_hours.xml
2025-10-29 18:54:10,176 - vessel_data_pipeline - INFO - Successfully downloaded and validated Departed_in_last_36_hours.xml
2025-10-29 18:54:12,180 - vessel_data_pipeline - INFO - Downloading Expected_arrivals.xml (attempt 1/3)
2025-10-29 18:54:13,089 - vessel_data_pipeline - INFO - File temp_Expected_arrivals.xml passed validation checks
2025-10-29 18:54:13,090 - vessel_data_pipeline - INFO - Created backup: Expected_arrivals_20251029_185413.xml
2025-10-29 18:54:13,090 - vessel_data_pipeline - INFO - Updated metadata for Expected_arrivals.xml
2025-10-29 18:54:13,090 - vessel_data_pipeline - INFO - Successfully downloaded and validated Expected_arrivals.xml
2025-10-29 18:54:15,095 - vessel_data_pipeline - INFO - Downloading Expected_departures.xml (attempt 1/3)
2025-10-29 18:54:15,366 - vessel_data_pipeline - INFO - File temp_Expected_departures.xml passed validation checks
2025-10-29 18:54:15,367 - vessel_data_pipeline - INFO - Created backup: Expected_departures_20251029_185415.xml
2025-10-29 18:54:15,367 - vessel_data_pipeline - INFO - Updated metadata for Expected_departures.xml
2025-10-29 18:54:15,367 - vessel_data_pipeline - INFO - Successfully downloaded and validated Expected_departures.xml
2025-10-29 18:54:17,372 - vessel_data_pipeline - INFO - Fetch operation completed. Results: {'Arrived_in_last_36_hours.xml': True, 'Departed_in_last_36_hours.xml': True, 'Expected_arrivals.xml': True, 'Expected_departures.xml': True}
2025-10-29 18:55:06,431 - vessel_data_pipeline - INFO - VesselDataFetcher initialized. Pipeline enabled: True
2025-10-29 18:55:06,433 - vessel_data_pipeline - INFO - Starting vessel data fetch operation
2025-10-29 18:55:06,433 - vessel_data_pipeline - INFO - Discovering XML files from Hong Kong Marine Department portal
2025-10-29 18:55:06,940 - vessel_data_pipeline - INFO - Verified access to Arrived_in_last_36_hours.xml
2025-10-29 18:55:07,690 - vessel_data_pipeline - INFO - Verified access to Departed_in_last_36_hours.xml
2025-10-29 18:55:08,204 - vessel_data_pipeline - INFO - Verified access to Expected_arrivals.xml
2025-10-29 18:55:08,529 - vessel_data_pipeline - INFO - Verified access to Expected_departures.xml
2025-10-29 18:55:08,529 - vessel_data_pipeline - INFO - Discovered 4 XML files for download
2025-10-29 18:55:08,530 - vessel_data_pipeline - INFO - Downloading Arrived_in_last_36_hours.xml (attempt 1/3)
2025-10-29 18:55:08,873 - vessel_data_pipeline - INFO - File temp_Arrived_in_last_36_hours.xml passed validation checks
2025-10-29 18:55:08,874 - vessel_data_pipeline - INFO - Created backup: Arrived_in_last_36_hours_20251029_185508.xml
2025-10-29 18:55:08,874 - vessel_data_pipeline - INFO - Updated metadata for Arrived_in_last_36_hours.xml
2025-10-29 18:55:08,874 - vessel_data_pipeline - INFO - Successfully downloaded and validated Arrived_in_last_36_hours.xml
2025-10-29 18:55:10,884 - vessel_data_pipeline - INFO - Downloading Departed_in_last_36_hours.xml (attempt 1/3)
2025-10-29 18:55:11,645 - vessel_data_pipeline - INFO - File temp_Departed_in_last_36_hours.xml passed validation checks
2025-10-29 18:55:11,646 - vessel_data_pipeline - INFO - Created backup: Departed_in_last_36_hours_20251029_185511.xml
2025-10-29 18:55:11,646 - vessel_data_pipeline - INFO - Updated metadata for Departed_in_last_36_hours.xml
2025-10-29 18:55:11,646 - vessel_data_pipeline - INFO - Successfully downloaded and validated Departed_in_last_36_hours.xml
2025-10-29 18:55:13,652 - vessel_data_pipeline - INFO - Downloading Expected_arrivals.xml (attempt 1/3)
2025-10-29 18:55:14,614 - vessel_data_pipeline - INFO - File temp_Expected_arrivals.xml passed validation checks
2025-10-29 18:55:14,620 - vessel_data_pipeline - INFO - Created backup: Expected_arrivals_20251029_185514.xml
2025-10-29 18:55:14,623 - vessel_data_pipeline - INFO - Updated metadata for Expected_arrivals.xml
2025-10-29 18:55:14,623 - vessel_data_pipeline - INFO - Successfully downloaded and validated Expected_arrivals.xml
2025-10-29 18:55:15,383 - vessel_data_pipeline - INFO - VesselDataFetcher initialized. Pipeline enabled: True
2025-10-29 18:55:15,384 - vessel_data_pipeline - INFO - Starting vessel data fetch operation
2025-10-29 18:55:15,384 - vessel_data_pipeline - INFO - Discovering XML files from Hong Kong Marine Department portal
2025-10-29 18:55:16,059 - vessel_data_pipeline - INFO - Verified access to Arrived_in_last_36_hours.xml
2025-10-29 18:55:16,629 - vessel_data_pipeline - INFO - Downloading Expected_departures.xml (attempt 1/3)
2025-10-29 18:55:16,767 - vessel_data_pipeline - INFO - Verified access to Departed_in_last_36_hours.xml
2025-10-29 18:55:17,060 - vessel_data_pipeline - INFO - Verified access to Expected_arrivals.xml
2025-10-29 18:55:17,623 - vessel_data_pipeline - INFO - Verified access to Expected_departures.xml
2025-10-29 18:55:17,624 - vessel_data_pipeline - INFO - Discovered 4 XML files for download
2025-10-29 18:55:17,624 - vessel_data_pipeline - INFO - Downloading Arrived_in_last_36_hours.xml (attempt 1/3)
2025-10-29 18:55:17,625 - vessel_data_pipeline - INFO - File temp_Expected_departures.xml passed validation checks
2025-10-29 18:55:17,625 - vessel_data_pipeline - INFO - Created backup: Expected_departures_20251029_185517.xml
2025-10-29 18:55:17,626 - vessel_data_pipeline - INFO - Updated metadata for Expected_departures.xml
2025-10-29 18:55:17,626 - vessel_data_pipeline - INFO - Successfully downloaded and validated Expected_departures.xml
2025-10-29 18:55:18,373 - vessel_data_pipeline - INFO - File temp_Arrived_in_last_36_hours.xml passed validation checks
2025-10-29 18:55:18,373 - vessel_data_pipeline - INFO - Created backup: Arrived_in_last_36_hours_20251029_185518.xml
2025-10-29 18:55:18,373 - vessel_data_pipeline - INFO - Updated metadata for Arrived_in_last_36_hours.xml
2025-10-29 18:55:18,373 - vessel_data_pipeline - INFO - Successfully downloaded and validated Arrived_in_last_36_hours.xml
2025-10-29 18:55:19,630 - vessel_data_pipeline - INFO - Fetch operation completed. Results: {'Arrived_in_last_36_hours.xml': True, 'Departed_in_last_36_hours.xml': True, 'Expected_arrivals.xml': True, 'Expected_departures.xml': True}
2025-10-29 18:55:20,379 - vessel_data_pipeline - INFO - Downloading Departed_in_last_36_hours.xml (attempt 1/3)
2025-10-29 18:55:20,475 - vessel_data_pipeline - INFO - File temp_Departed_in_last_36_hours.xml passed validation checks
2025-10-29 18:55:20,475 - vessel_data_pipeline - INFO - Created backup: Departed_in_last_36_hours_20251029_185520.xml
2025-10-29 18:55:20,475 - vessel_data_pipeline - INFO - Updated metadata for Departed_in_last_36_hours.xml
2025-10-29 18:55:20,475 - vessel_data_pipeline - INFO - Successfully downloaded and validated Departed_in_last_36_hours.xml
2025-10-29 18:55:22,479 - vessel_data_pipeline - INFO - Downloading Expected_arrivals.xml (attempt 1/3)
2025-10-29 18:55:23,160 - vessel_data_pipeline - INFO - File temp_Expected_arrivals.xml passed validation checks
2025-10-29 18:55:23,161 - vessel_data_pipeline - INFO - Created backup: Expected_arrivals_20251029_185523.xml
2025-10-29 18:55:23,161 - vessel_data_pipeline - INFO - Updated metadata for Expected_arrivals.xml
2025-10-29 18:55:23,161 - vessel_data_pipeline - INFO - Successfully downloaded and validated Expected_arrivals.xml
2025-10-29 18:55:25,163 - vessel_data_pipeline - INFO - Downloading Expected_departures.xml (attempt 1/3)
2025-10-29 18:55:25,909 - vessel_data_pipeline - INFO - File temp_Expected_departures.xml passed validation checks
2025-10-29 18:55:25,910 - vessel_data_pipeline - INFO - Created backup: Expected_departures_20251029_185525.xml
2025-10-29 18:55:25,910 - vessel_data_pipeline - INFO - Updated metadata for Expected_departures.xml
2025-10-29 18:55:25,910 - vessel_data_pipeline - INFO - Successfully downloaded and validated Expected_departures.xml
2025-10-29 18:55:27,911 - vessel_data_pipeline - INFO - Fetch operation completed. Results: {'Arrived_in_last_36_hours.xml': True, 'Departed_in_last_36_hours.xml': True, 'Expected_arrivals.xml': True, 'Expected_departures.xml': True}
2025-10-29 18:56:19,720 - vessel_data_pipeline - INFO - VesselDataFetcher initialized. Pipeline enabled: True
2025-10-29 18:56:19,721 - vessel_data_pipeline - INFO - Starting vessel data fetch operation
2025-10-29 18:56:19,721 - vessel_data_pipeline - INFO - Discovering XML files from Hong Kong Marine Department portal
2025-10-29 18:56:20,048 - vessel_data_pipeline - INFO - Verified access to Arrived_in_last_36_hours.xml
2025-10-29 18:56:21,168 - vessel_data_pipeline - INFO - Verified access to Departed_in_last_36_hours.xml
2025-10-29 18:56:21,470 - vessel_data_pipeline - INFO - Verified access to Expected_arrivals.xml
2025-10-29 18:56:21,748 - vessel_data_pipeline - INFO - Verified access to Expected_departures.xml
2025-10-29 18:56:21,748 - vessel_data_pipeline - INFO - Discovered 4 XML files for download
2025-10-29 18:56:21,748 - vessel_data_pipeline - INFO - Downloading Arrived_in_last_36_hours.xml (attempt 1/3)
2025-10-29 18:56:22,053 - vessel_data_pipeline - INFO - File temp_Arrived_in_last_36_hours.xml passed validation checks
2025-10-29 18:56:22,054 - vessel_data_pipeline - INFO - Created backup: Arrived_in_last_36_hours_20251029_185622.xml
2025-10-29 18:56:22,054 - vessel_data_pipeline - INFO - Updated metadata for Arrived_in_last_36_hours.xml
2025-10-29 18:56:22,054 - vessel_data_pipeline - INFO - Successfully downloaded and validated Arrived_in_last_36_hours.xml
2025-10-29 18:56:24,057 - vessel_data_pipeline - INFO - Downloading Departed_in_last_36_hours.xml (attempt 1/3)
2025-10-29 18:56:24,529 - vessel_data_pipeline - INFO - File temp_Departed_in_last_36_hours.xml passed validation checks
2025-10-29 18:56:24,533 - vessel_data_pipeline - INFO - Created backup: Departed_in_last_36_hours_20251029_185624.xml
2025-10-29 18:56:24,537 - vessel_data_pipeline - INFO - Updated metadata for Departed_in_last_36_hours.xml
2025-10-29 18:56:24,540 - vessel_data_pipeline - INFO - Successfully downloaded and validated Departed_in_last_36_hours.xml
2025-10-29 18:56:26,542 - vessel_data_pipeline - INFO - Downloading Expected_arrivals.xml (attempt 1/3)
2025-10-29 18:56:27,020 - vessel_data_pipeline - INFO - File temp_Expected_arrivals.xml passed validation checks
2025-10-29 18:56:27,020 - vessel_data_pipeline - INFO - Created backup: Expected_arrivals_20251029_185627.xml
2025-10-29 18:56:27,021 - vessel_data_pipeline - INFO - Updated metadata for Expected_arrivals.xml
2025-10-29 18:56:27,021 - vessel_data_pipeline - INFO - Successfully downloaded and validated Expected_arrivals.xml
2025-10-29 18:56:29,026 - vessel_data_pipeline - INFO - Downloading Expected_departures.xml (attempt 1/3)
2025-10-29 18:56:29,550 - vessel_data_pipeline - INFO - File temp_Expected_departures.xml passed validation checks
2025-10-29 18:56:29,550 - vessel_data_pipeline - INFO - Created backup: Expected_departures_20251029_185629.xml
2025-10-29 18:56:29,551 - vessel_data_pipeline - INFO - Updated metadata for Expected_departures.xml
2025-10-29 18:56:29,551 - vessel_data_pipeline - INFO - Successfully downloaded and validated Expected_departures.xml
2025-10-29 18:56:31,556 - vessel_data_pipeline - INFO - Fetch operation completed. Results: {'Arrived_in_last_36_hours.xml': True, 'Departed_in_last_36_hours.xml': True, 'Expected_arrivals.xml': True, 'Expected_departures.xml': True}
2025-10-29 18:56:54,416 - vessel_data_pipeline - INFO - VesselDataFetcher initialized. Pipeline enabled: True
2025-10-29 18:56:54,417 - vessel_data_pipeline - INFO - Starting vessel data fetch operation
2025-10-29 18:56:54,418 - vessel_data_pipeline - INFO - Discovering XML files from Hong Kong Marine Department portal
2025-10-29 18:56:54,952 - vessel_data_pipeline - INFO - Verified access to Arrived_in_last_36_hours.xml
2025-10-29 18:56:55,661 - vessel_data_pipeline - INFO - Verified access to Departed_in_last_36_hours.xml
2025-10-29 18:56:56,163 - vessel_data_pipeline - INFO - Verified access to Expected_arrivals.xml
2025-10-29 18:56:56,476 - vessel_data_pipeline - INFO - Verified access to Expected_departures.xml
2025-10-29 18:56:56,476 - vessel_data_pipeline - INFO - Discovered 4 XML files for download
2025-10-29 18:56:56,477 - vessel_data_pipeline - INFO - Downloading Arrived_in_last_36_hours.xml (attempt 1/3)
2025-10-29 18:56:57,175 - vessel_data_pipeline - INFO - File temp_Arrived_in_last_36_hours.xml passed validation checks
2025-10-29 18:56:57,175 - vessel_data_pipeline - INFO - Created backup: Arrived_in_last_36_hours_20251029_185657.xml
2025-10-29 18:56:57,176 - vessel_data_pipeline - INFO - Updated metadata for Arrived_in_last_36_hours.xml
2025-10-29 18:56:57,176 - vessel_data_pipeline - INFO - Successfully downloaded and validated Arrived_in_last_36_hours.xml
2025-10-29 18:56:59,181 - vessel_data_pipeline - INFO - Downloading Departed_in_last_36_hours.xml (attempt 1/3)
2025-10-29 18:56:59,531 - vessel_data_pipeline - INFO - File temp_Departed_in_last_36_hours.xml passed validation checks
2025-10-29 18:56:59,531 - vessel_data_pipeline - INFO - Created backup: Departed_in_last_36_hours_20251029_185659.xml
2025-10-29 18:56:59,532 - vessel_data_pipeline - INFO - Updated metadata for Departed_in_last_36_hours.xml
2025-10-29 18:56:59,532 - vessel_data_pipeline - INFO - Successfully downloaded and validated Departed_in_last_36_hours.xml
2025-10-29 18:57:01,537 - vessel_data_pipeline - INFO - Downloading Expected_arrivals.xml (attempt 1/3)
2025-10-29 18:57:01,898 - vessel_data_pipeline - INFO - File temp_Expected_arrivals.xml passed validation checks
2025-10-29 18:57:01,898 - vessel_data_pipeline - INFO - Created backup: Expected_arrivals_20251029_185701.xml
2025-10-29 18:57:01,898 - vessel_data_pipeline - INFO - Updated metadata for Expected_arrivals.xml
2025-10-29 18:57:01,899 - vessel_data_pipeline - INFO - Successfully downloaded and validated Expected_arrivals.xml
2025-10-29 18:57:03,901 - vessel_data_pipeline - INFO - Downloading Expected_departures.xml (attempt 1/3)
2025-10-29 18:57:04,180 - vessel_data_pipeline - INFO - File temp_Expected_departures.xml passed validation checks
2025-10-29 18:57:04,180 - vessel_data_pipeline - INFO - Created backup: Expected_departures_20251029_185704.xml
2025-10-29 18:57:04,181 - vessel_data_pipeline - INFO - Updated metadata for Expected_departures.xml
2025-10-29 18:57:04,181 - vessel_data_pipeline - INFO - Successfully downloaded and validated Expected_departures.xml
2025-10-29 18:57:06,186 - vessel_data_pipeline - INFO - Fetch operation completed. Results: {'Arrived_in_last_36_hours.xml': True, 'Departed_in_last_36_hours.xml': True, 'Expected_arrivals.xml': True, 'Expected_departures.xml': True}
2025-10-29 18:57:32,482 - vessel_data_pipeline - INFO - VesselDataFetcher initialized. Pipeline enabled: True
2025-10-29 18:57:32,483 - vessel_data_pipeline - INFO - Starting vessel data fetch operation
2025-10-29 18:57:32,483 - vessel_data_pipeline - INFO - Discovering XML files from Hong Kong Marine Department portal
2025-10-29 18:57:32,784 - vessel_data_pipeline - INFO - Verified access to Arrived_in_last_36_hours.xml
2025-10-29 18:57:33,117 - vessel_data_pipeline - INFO - Verified access to Departed_in_last_36_hours.xml
2025-10-29 18:57:33,391 - vessel_data_pipeline - INFO - Verified access to Expected_arrivals.xml
2025-10-29 18:57:33,673 - vessel_data_pipeline - INFO - Verified access to Expected_departures.xml
2025-10-29 18:57:33,673 - vessel_data_pipeline - INFO - Discovered 4 XML files for download
2025-10-29 18:57:33,674 - vessel_data_pipeline - INFO - Downloading Arrived_in_last_36_hours.xml (attempt 1/3)
2025-10-29 18:57:34,154 - vessel_data_pipeline - INFO - File temp_Arrived_in_last_36_hours.xml passed validation checks
2025-10-29 18:57:34,154 - vessel_data_pipeline - INFO - Created backup: Arrived_in_last_36_hours_20251029_185734.xml
2025-10-29 18:57:34,155 - vessel_data_pipeline - INFO - Updated metadata for Arrived_in_last_36_hours.xml
2025-10-29 18:57:34,155 - vessel_data_pipeline - INFO - Successfully downloaded and validated Arrived_in_last_36_hours.xml
2025-10-29 18:57:36,156 - vessel_data_pipeline - INFO - Downloading Departed_in_last_36_hours.xml (attempt 1/3)
2025-10-29 18:57:36,684 - vessel_data_pipeline - INFO - File temp_Departed_in_last_36_hours.xml passed validation checks
2025-10-29 18:57:36,685 - vessel_data_pipeline - INFO - Created backup: Departed_in_last_36_hours_20251029_185736.xml
2025-10-29 18:57:36,685 - vessel_data_pipeline - INFO - Updated metadata for Departed_in_last_36_hours.xml
2025-10-29 18:57:36,685 - vessel_data_pipeline - INFO - Successfully downloaded and validated Departed_in_last_36_hours.xml
2025-10-29 18:57:38,690 - vessel_data_pipeline - INFO - Downloading Expected_arrivals.xml (attempt 1/3)
2025-10-29 18:57:38,974 - vessel_data_pipeline - INFO - File temp_Expected_arrivals.xml passed validation checks
2025-10-29 18:57:38,975 - vessel_data_pipeline - INFO - Created backup: Expected_arrivals_20251029_185738.xml
2025-10-29 18:57:38,975 - vessel_data_pipeline - INFO - Updated metadata for Expected_arrivals.xml
2025-10-29 18:57:38,975 - vessel_data_pipeline - INFO - Successfully downloaded and validated Expected_arrivals.xml
2025-10-29 18:57:40,980 - vessel_data_pipeline - INFO - Downloading Expected_departures.xml (attempt 1/3)
2025-10-29 18:57:41,267 - vessel_data_pipeline - INFO - File temp_Expected_departures.xml passed validation checks
2025-10-29 18:57:41,267 - vessel_data_pipeline - INFO - Created backup: Expected_departures_20251029_185741.xml
2025-10-29 18:57:41,267 - vessel_data_pipeline - INFO - Updated metadata for Expected_departures.xml
2025-10-29 18:57:41,267 - vessel_data_pipeline - INFO - Successfully downloaded and validated Expected_departures.xml
2025-10-29 18:57:43,272 - vessel_data_pipeline - INFO - Fetch operation completed. Results: {'Arrived_in_last_36_hours.xml': True, 'Departed_in_last_36_hours.xml': True, 'Expected_arrivals.xml': True, 'Expected_departures.xml': True}
2025-10-29 18:59:22,210 - vessel_data_pipeline - INFO - VesselDataFetcher initialized. Pipeline enabled: True
2025-10-29 18:59:22,211 - vessel_data_pipeline - INFO - Starting vessel data fetch operation
2025-10-29 18:59:22,211 - vessel_data_pipeline - INFO - Discovering XML files from Hong Kong Marine Department portal
2025-10-29 18:59:23,654 - vessel_data_pipeline - INFO - Verified access to Arrived_in_last_36_hours.xml
2025-10-29 18:59:25,122 - vessel_data_pipeline - INFO - Verified access to Departed_in_last_36_hours.xml
2025-10-29 18:59:26,060 - vessel_data_pipeline - INFO - Verified access to Expected_arrivals.xml
2025-10-29 18:59:26,704 - vessel_data_pipeline - INFO - Verified access to Expected_departures.xml
2025-10-29 18:59:26,704 - vessel_data_pipeline - INFO - Discovered 4 XML files for download
2025-10-29 18:59:26,704 - vessel_data_pipeline - INFO - Downloading Arrived_in_last_36_hours.xml (attempt 1/3)
2025-10-29 18:59:27,627 - vessel_data_pipeline - INFO - File temp_Arrived_in_last_36_hours.xml passed validation checks
2025-10-29 18:59:27,627 - vessel_data_pipeline - INFO - Created backup: Arrived_in_last_36_hours_20251029_185927.xml
2025-10-29 18:59:27,628 - vessel_data_pipeline - INFO - Updated metadata for Arrived_in_last_36_hours.xml
2025-10-29 18:59:27,628 - vessel_data_pipeline - INFO - Successfully downloaded and validated Arrived_in_last_36_hours.xml
2025-10-29 18:59:29,633 - vessel_data_pipeline - INFO - Downloading Departed_in_last_36_hours.xml (attempt 1/3)
2025-10-29 18:59:30,363 - vessel_data_pipeline - INFO - File temp_Departed_in_last_36_hours.xml passed validation checks
2025-10-29 18:59:30,370 - vessel_data_pipeline - INFO - Created backup: Departed_in_last_36_hours_20251029_185930.xml
2025-10-29 18:59:30,378 - vessel_data_pipeline - INFO - Updated metadata for Departed_in_last_36_hours.xml
2025-10-29 18:59:30,379 - vessel_data_pipeline - INFO - Successfully downloaded and validated Departed_in_last_36_hours.xml
2025-10-29 18:59:32,384 - vessel_data_pipeline - INFO - Downloading Expected_arrivals.xml (attempt 1/3)
2025-10-29 18:59:32,901 - vessel_data_pipeline - INFO - File temp_Expected_arrivals.xml passed validation checks
2025-10-29 18:59:32,902 - vessel_data_pipeline - INFO - Created backup: Expected_arrivals_20251029_185932.xml
2025-10-29 18:59:32,902 - vessel_data_pipeline - INFO - Updated metadata for Expected_arrivals.xml
2025-10-29 18:59:32,902 - vessel_data_pipeline - INFO - Successfully downloaded and validated Expected_arrivals.xml
2025-10-29 18:59:34,904 - vessel_data_pipeline - INFO - Downloading Expected_departures.xml (attempt 1/3)
2025-10-29 18:59:35,450 - vessel_data_pipeline - INFO - File temp_Expected_departures.xml passed validation checks
2025-10-29 18:59:35,451 - vessel_data_pipeline - INFO - Created backup: Expected_departures_20251029_185935.xml
2025-10-29 18:59:35,451 - vessel_data_pipeline - INFO - Updated metadata for Expected_departures.xml
2025-10-29 18:59:35,451 - vessel_data_pipeline - INFO - Successfully downloaded and validated Expected_departures.xml
2025-10-29 18:59:37,456 - vessel_data_pipeline - INFO - Fetch operation completed. Results: {'Arrived_in_last_36_hours.xml': True, 'Departed_in_last_36_hours.xml': True, 'Expected_arrivals.xml': True, 'Expected_departures.xml': True}
2025-10-29 19:02:40,307 - vessel_data_pipeline - INFO - VesselDataFetcher initialized. Pipeline enabled: True
2025-10-29 19:02:40,308 - vessel_data_pipeline - INFO - Starting vessel data fetch operation
2025-10-29 19:02:40,308 - vessel_data_pipeline - INFO - Discovering XML files from Hong Kong Marine Department portal
2025-10-29 19:02:40,653 - vessel_data_pipeline - INFO - Verified access to Arrived_in_last_36_hours.xml
2025-10-29 19:02:41,358 - vessel_data_pipeline - INFO - Verified access to Departed_in_last_36_hours.xml
2025-10-29 19:02:41,394 - vessel_data_pipeline - INFO - Verified access to Expected_arrivals.xml
2025-10-29 19:02:41,665 - vessel_data_pipeline - INFO - Verified access to Expected_departures.xml
2025-10-29 19:02:41,665 - vessel_data_pipeline - INFO - Discovered 4 XML files for download
2025-10-29 19:02:41,665 - vessel_data_pipeline - INFO - Downloading Arrived_in_last_36_hours.xml (attempt 1/3)
2025-10-29 19:02:42,154 - vessel_data_pipeline - INFO - File temp_Arrived_in_last_36_hours.xml passed validation checks
2025-10-29 19:02:42,155 - vessel_data_pipeline - INFO - Created backup: Arrived_in_last_36_hours_20251029_190242.xml
2025-10-29 19:02:42,155 - vessel_data_pipeline - INFO - Updated metadata for Arrived_in_last_36_hours.xml
2025-10-29 19:02:42,155 - vessel_data_pipeline - INFO - Successfully downloaded and validated Arrived_in_last_36_hours.xml
2025-10-29 19:02:44,157 - vessel_data_pipeline - INFO - Downloading Departed_in_last_36_hours.xml (attempt 1/3)
2025-10-29 19:02:44,837 - vessel_data_pipeline - INFO - File temp_Departed_in_last_36_hours.xml passed validation checks
2025-10-29 19:02:44,837 - vessel_data_pipeline - INFO - Created backup: Departed_in_last_36_hours_20251029_190244.xml
2025-10-29 19:02:44,837 - vessel_data_pipeline - INFO - Updated metadata for Departed_in_last_36_hours.xml
2025-10-29 19:02:44,837 - vessel_data_pipeline - INFO - Successfully downloaded and validated Departed_in_last_36_hours.xml
2025-10-29 19:02:46,839 - vessel_data_pipeline - INFO - Downloading Expected_arrivals.xml (attempt 1/3)
2025-10-29 19:02:46,917 - vessel_data_pipeline - INFO - File temp_Expected_arrivals.xml passed validation checks
2025-10-29 19:02:46,917 - vessel_data_pipeline - INFO - Created backup: Expected_arrivals_20251029_190246.xml
2025-10-29 19:02:46,917 - vessel_data_pipeline - INFO - Updated metadata for Expected_arrivals.xml
2025-10-29 19:02:46,917 - vessel_data_pipeline - INFO - Successfully downloaded and validated Expected_arrivals.xml
2025-10-29 19:02:48,922 - vessel_data_pipeline - INFO - Downloading Expected_departures.xml (attempt 1/3)
2025-10-29 19:02:50,041 - vessel_data_pipeline - INFO - File temp_Expected_departures.xml passed validation checks
2025-10-29 19:02:50,041 - vessel_data_pipeline - INFO - Created backup: Expected_departures_20251029_190250.xml
2025-10-29 19:02:50,041 - vessel_data_pipeline - INFO - Updated metadata for Expected_departures.xml
2025-10-29 19:02:50,041 - vessel_data_pipeline - INFO - Successfully downloaded and validated Expected_departures.xml
2025-10-29 19:02:52,046 - vessel_data_pipeline - INFO - Fetch operation completed. Results: {'Arrived_in_last_36_hours.xml': True, 'Departed_in_last_36_hours.xml': True, 'Expected_arrivals.xml': True, 'Expected_departures.xml': True}
2025-10-29 19:04:17,969 - vessel_data_pipeline - INFO - VesselDataFetcher initialized. Pipeline enabled: True
2025-10-29 19:04:17,970 - vessel_data_pipeline - INFO - Starting vessel data fetch operation
2025-10-29 19:04:17,970 - vessel_data_pipeline - INFO - Discovering XML files from Hong Kong Marine Department portal
2025-10-29 19:04:18,139 - vessel_data_pipeline - INFO - Verified access to Arrived_in_last_36_hours.xml
2025-10-29 19:04:18,814 - vessel_data_pipeline - INFO - Verified access to Departed_in_last_36_hours.xml
2025-10-29 19:04:19,296 - vessel_data_pipeline - INFO - Verified access to Expected_arrivals.xml
2025-10-29 19:04:19,352 - vessel_data_pipeline - INFO - Verified access to Expected_departures.xml
2025-10-29 19:04:19,352 - vessel_data_pipeline - INFO - Discovered 4 XML files for download
2025-10-29 19:04:19,352 - vessel_data_pipeline - INFO - Downloading Arrived_in_last_36_hours.xml (attempt 1/3)
2025-10-29 19:04:19,623 - vessel_data_pipeline - INFO - File temp_Arrived_in_last_36_hours.xml passed validation checks
2025-10-29 19:04:19,625 - vessel_data_pipeline - INFO - Created backup: Arrived_in_last_36_hours_20251029_190419.xml
2025-10-29 19:04:19,626 - vessel_data_pipeline - INFO - Updated metadata for Arrived_in_last_36_hours.xml
2025-10-29 19:04:19,626 - vessel_data_pipeline - INFO - Successfully downloaded and validated Arrived_in_last_36_hours.xml
2025-10-29 19:04:21,629 - vessel_data_pipeline - INFO - Downloading Departed_in_last_36_hours.xml (attempt 1/3)
2025-10-29 19:04:21,962 - vessel_data_pipeline - INFO - File temp_Departed_in_last_36_hours.xml passed validation checks
2025-10-29 19:04:21,963 - vessel_data_pipeline - INFO - Created backup: Departed_in_last_36_hours_20251029_190421.xml
2025-10-29 19:04:21,963 - vessel_data_pipeline - INFO - Updated metadata for Departed_in_last_36_hours.xml
2025-10-29 19:04:21,963 - vessel_data_pipeline - INFO - Successfully downloaded and validated Departed_in_last_36_hours.xml
2025-10-29 19:04:23,968 - vessel_data_pipeline - INFO - Downloading Expected_arrivals.xml (attempt 1/3)
2025-10-29 19:04:24,478 - vessel_data_pipeline - INFO - File temp_Expected_arrivals.xml passed validation checks
2025-10-29 19:04:24,479 - vessel_data_pipeline - INFO - Created backup: Expected_arrivals_20251029_190424.xml
2025-10-29 19:04:24,479 - vessel_data_pipeline - INFO - Updated metadata for Expected_arrivals.xml
2025-10-29 19:04:24,479 - vessel_data_pipeline - INFO - Successfully downloaded and validated Expected_arrivals.xml
2025-10-29 19:04:26,481 - vessel_data_pipeline - INFO - Downloading Expected_departures.xml (attempt 1/3)
2025-10-29 19:04:26,977 - vessel_data_pipeline - INFO - File temp_Expected_departures.xml passed validation checks
2025-10-29 19:04:26,978 - vessel_data_pipeline - INFO - Created backup: Expected_departures_20251029_190426.xml
2025-10-29 19:04:26,978 - vessel_data_pipeline - INFO - Updated metadata for Expected_departures.xml
2025-10-29 19:04:26,978 - vessel_data_pipeline - INFO - Successfully downloaded and validated Expected_departures.xml
2025-10-29 19:04:28,979 - vessel_data_pipeline - INFO - Fetch operation completed. Results: {'Arrived_in_last_36_hours.xml': True, 'Departed_in_last_36_hours.xml': True, 'Expected_arrivals.xml': True, 'Expected_departures.xml': True}
2025-10-29 19:08:21,690 - vessel_data_pipeline - INFO - VesselDataFetcher initialized. Pipeline enabled: True
2025-10-29 19:08:21,690 - vessel_data_pipeline - INFO - Starting vessel data fetch operation
2025-10-29 19:08:21,690 - vessel_data_pipeline - INFO - Discovering XML files from Hong Kong Marine Department portal
2025-10-29 19:08:23,163 - vessel_data_pipeline - INFO - Verified access to Arrived_in_last_36_hours.xml
2025-10-29 19:08:24,898 - vessel_data_pipeline - INFO - Verified access to Departed_in_last_36_hours.xml
2025-10-29 19:08:25,952 - vessel_data_pipeline - INFO - Verified access to Expected_arrivals.xml
2025-10-29 19:08:26,222 - vessel_data_pipeline - INFO - Verified access to Expected_departures.xml
2025-10-29 19:08:26,222 - vessel_data_pipeline - INFO - Discovered 4 XML files for download
2025-10-29 19:08:26,222 - vessel_data_pipeline - INFO - Downloading Arrived_in_last_36_hours.xml (attempt 1/3)
2025-10-29 19:08:26,480 - vessel_data_pipeline - INFO - File temp_Arrived_in_last_36_hours.xml passed validation checks
2025-10-29 19:08:26,481 - vessel_data_pipeline - INFO - Created backup: Arrived_in_last_36_hours_20251029_190826.xml
2025-10-29 19:08:26,481 - vessel_data_pipeline - INFO - Updated metadata for Arrived_in_last_36_hours.xml
2025-10-29 19:08:26,481 - vessel_data_pipeline - INFO - Successfully downloaded and validated Arrived_in_last_36_hours.xml
2025-10-29 19:08:28,486 - vessel_data_pipeline - INFO - Downloading Departed_in_last_36_hours.xml (attempt 1/3)
2025-10-29 19:08:29,214 - vessel_data_pipeline - INFO - File temp_Departed_in_last_36_hours.xml passed validation checks
2025-10-29 19:08:29,215 - vessel_data_pipeline - INFO - Created backup: Departed_in_last_36_hours_20251029_190829.xml
2025-10-29 19:08:29,215 - vessel_data_pipeline - INFO - Updated metadata for Departed_in_last_36_hours.xml
2025-10-29 19:08:29,215 - vessel_data_pipeline - INFO - Successfully downloaded and validated Departed_in_last_36_hours.xml
2025-10-29 19:08:31,220 - vessel_data_pipeline - INFO - Downloading Expected_arrivals.xml (attempt 1/3)
2025-10-29 19:08:31,518 - vessel_data_pipeline - INFO - File temp_Expected_arrivals.xml passed validation checks
2025-10-29 19:08:31,518 - vessel_data_pipeline - INFO - Created backup: Expected_arrivals_20251029_190831.xml
2025-10-29 19:08:31,518 - vessel_data_pipeline - INFO - Updated metadata for Expected_arrivals.xml
2025-10-29 19:08:31,519 - vessel_data_pipeline - INFO - Successfully downloaded and validated Expected_arrivals.xml
2025-10-29 19:08:33,519 - vessel_data_pipeline - INFO - Downloading Expected_departures.xml (attempt 1/3)
2025-10-29 19:08:33,776 - vessel_data_pipeline - INFO - File temp_Expected_departures.xml passed validation checks
2025-10-29 19:08:33,776 - vessel_data_pipeline - INFO - Created backup: Expected_departures_20251029_190833.xml
2025-10-29 19:08:33,776 - vessel_data_pipeline - INFO - Updated metadata for Expected_departures.xml
2025-10-29 19:08:33,776 - vessel_data_pipeline - INFO - Successfully downloaded and validated Expected_departures.xml
2025-10-29 19:08:35,781 - vessel_data_pipeline - INFO - Fetch operation completed. Results: {'Arrived_in_last_36_hours.xml': True, 'Departed_in_last_36_hours.xml': True, 'Expected_arrivals.xml': True, 'Expected_departures.xml': True}
2025-10-29 19:09:37,084 - vessel_data_pipeline - INFO - VesselDataFetcher initialized. Pipeline enabled: True
2025-10-29 19:09:37,084 - vessel_data_pipeline - INFO - Starting vessel data fetch operation
2025-10-29 19:09:37,085 - vessel_data_pipeline - INFO - Discovering XML files from Hong Kong Marine Department portal
2025-10-29 19:09:37,377 - vessel_data_pipeline - INFO - Verified access to Arrived_in_last_36_hours.xml
2025-10-29 19:09:38,322 - vessel_data_pipeline - INFO - Verified access to Departed_in_last_36_hours.xml
2025-10-29 19:09:38,840 - vessel_data_pipeline - INFO - Verified access to Expected_arrivals.xml
2025-10-29 19:09:39,481 - vessel_data_pipeline - INFO - Verified access to Expected_departures.xml
2025-10-29 19:09:39,481 - vessel_data_pipeline - INFO - Discovered 4 XML files for download
2025-10-29 19:09:39,482 - vessel_data_pipeline - INFO - Downloading Arrived_in_last_36_hours.xml (attempt 1/3)
2025-10-29 19:09:39,777 - vessel_data_pipeline - INFO - File temp_Arrived_in_last_36_hours.xml passed validation checks
2025-10-29 19:09:39,777 - vessel_data_pipeline - INFO - Created backup: Arrived_in_last_36_hours_20251029_190939.xml
2025-10-29 19:09:39,778 - vessel_data_pipeline - INFO - Updated metadata for Arrived_in_last_36_hours.xml
2025-10-29 19:09:39,778 - vessel_data_pipeline - INFO - Successfully downloaded and validated Arrived_in_last_36_hours.xml
2025-10-29 19:09:41,783 - vessel_data_pipeline - INFO - Downloading Departed_in_last_36_hours.xml (attempt 1/3)
2025-10-29 19:09:43,187 - vessel_data_pipeline - INFO - File temp_Departed_in_last_36_hours.xml passed validation checks
2025-10-29 19:09:43,187 - vessel_data_pipeline - INFO - Created backup: Departed_in_last_36_hours_20251029_190943.xml
2025-10-29 19:09:43,187 - vessel_data_pipeline - INFO - Updated metadata for Departed_in_last_36_hours.xml
2025-10-29 19:09:43,187 - vessel_data_pipeline - INFO - Successfully downloaded and validated Departed_in_last_36_hours.xml
2025-10-29 19:09:45,188 - vessel_data_pipeline - INFO - Downloading Expected_arrivals.xml (attempt 1/3)
2025-10-29 19:09:45,464 - vessel_data_pipeline - INFO - File temp_Expected_arrivals.xml passed validation checks
2025-10-29 19:09:45,465 - vessel_data_pipeline - INFO - Created backup: Expected_arrivals_20251029_190945.xml
2025-10-29 19:09:45,465 - vessel_data_pipeline - INFO - Updated metadata for Expected_arrivals.xml
2025-10-29 19:09:45,465 - vessel_data_pipeline - INFO - Successfully downloaded and validated Expected_arrivals.xml
2025-10-29 19:09:47,470 - vessel_data_pipeline - INFO - Downloading Expected_departures.xml (attempt 1/3)
2025-10-29 19:09:48,198 - vessel_data_pipeline - INFO - File temp_Expected_departures.xml passed validation checks
2025-10-29 19:09:48,199 - vessel_data_pipeline - INFO - Created backup: Expected_departures_20251029_190948.xml
2025-10-29 19:09:48,199 - vessel_data_pipeline - INFO - Updated metadata for Expected_departures.xml
2025-10-29 19:09:48,199 - vessel_data_pipeline - INFO - Successfully downloaded and validated Expected_departures.xml
2025-10-29 19:09:50,200 - vessel_data_pipeline - INFO - Fetch operation completed. Results: {'Arrived_in_last_36_hours.xml': True, 'Departed_in_last_36_hours.xml': True, 'Expected_arrivals.xml': True, 'Expected_departures.xml': True}
2025-10-29 19:12:23,578 - vessel_data_pipeline - INFO - VesselDataFetcher initialized. Pipeline enabled: True
2025-10-29 19:12:23,579 - vessel_data_pipeline - INFO - Starting vessel data fetch operation
2025-10-29 19:12:23,580 - vessel_data_pipeline - INFO - Discovering XML files from Hong Kong Marine Department portal
2025-10-29 19:12:24,428 - vessel_data_pipeline - INFO - Verified access to Arrived_in_last_36_hours.xml
2025-10-29 19:12:24,904 - vessel_data_pipeline - INFO - Verified access to Departed_in_last_36_hours.xml
2025-10-29 19:12:25,454 - vessel_data_pipeline - INFO - Verified access to Expected_arrivals.xml
2025-10-29 19:12:25,775 - vessel_data_pipeline - INFO - Verified access to Expected_departures.xml
2025-10-29 19:12:25,780 - vessel_data_pipeline - INFO - Discovered 4 XML files for download
2025-10-29 19:12:25,780 - vessel_data_pipeline - INFO - Downloading Arrived_in_last_36_hours.xml (attempt 1/3)
2025-10-29 19:12:26,056 - vessel_data_pipeline - INFO - File temp_Arrived_in_last_36_hours.xml passed validation checks
2025-10-29 19:12:26,056 - vessel_data_pipeline - INFO - Created backup: Arrived_in_last_36_hours_20251029_191226.xml
2025-10-29 19:12:26,057 - vessel_data_pipeline - INFO - Updated metadata for Arrived_in_last_36_hours.xml
2025-10-29 19:12:26,057 - vessel_data_pipeline - INFO - Successfully downloaded and validated Arrived_in_last_36_hours.xml
2025-10-29 19:12:28,061 - vessel_data_pipeline - INFO - Downloading Departed_in_last_36_hours.xml (attempt 1/3)
2025-10-29 19:12:28,366 - vessel_data_pipeline - INFO - File temp_Departed_in_last_36_hours.xml passed validation checks
2025-10-29 19:12:28,366 - vessel_data_pipeline - INFO - Created backup: Departed_in_last_36_hours_20251029_191228.xml
2025-10-29 19:12:28,366 - vessel_data_pipeline - INFO - Updated metadata for Departed_in_last_36_hours.xml
2025-10-29 19:12:28,366 - vessel_data_pipeline - INFO - Successfully downloaded and validated Departed_in_last_36_hours.xml
2025-10-29 19:12:30,371 - vessel_data_pipeline - INFO - Downloading Expected_arrivals.xml (attempt 1/3)
2025-10-29 19:12:31,085 - vessel_data_pipeline - INFO - File temp_Expected_arrivals.xml passed validation checks
2025-10-29 19:12:31,086 - vessel_data_pipeline - INFO - Created backup: Expected_arrivals_20251029_191231.xml
2025-10-29 19:12:31,086 - vessel_data_pipeline - INFO - Updated metadata for Expected_arrivals.xml
2025-10-29 19:12:31,086 - vessel_data_pipeline - INFO - Successfully downloaded and validated Expected_arrivals.xml
2025-10-29 19:12:31,500 - vessel_data_pipeline - INFO - VesselDataFetcher initialized. Pipeline enabled: True
2025-10-29 19:12:31,500 - vessel_data_pipeline - INFO - Starting vessel data fetch operation
2025-10-29 19:12:31,500 - vessel_data_pipeline - INFO - Discovering XML files from Hong Kong Marine Department portal
2025-10-29 19:12:32,412 - vessel_data_pipeline - INFO - Verified access to Arrived_in_last_36_hours.xml
2025-10-29 19:12:33,094 - vessel_data_pipeline - INFO - Downloading Expected_departures.xml (attempt 1/3)
2025-10-29 19:12:33,362 - vessel_data_pipeline - INFO - Verified access to Departed_in_last_36_hours.xml
2025-10-29 19:12:33,572 - vessel_data_pipeline - INFO - File temp_Expected_departures.xml passed validation checks
2025-10-29 19:12:33,572 - vessel_data_pipeline - INFO - Created backup: Expected_departures_20251029_191233.xml
2025-10-29 19:12:33,572 - vessel_data_pipeline - INFO - Updated metadata for Expected_departures.xml
2025-10-29 19:12:33,572 - vessel_data_pipeline - INFO - Successfully downloaded and validated Expected_departures.xml
2025-10-29 19:12:33,930 - vessel_data_pipeline - INFO - Verified access to Expected_arrivals.xml
2025-10-29 19:12:34,460 - vessel_data_pipeline - INFO - Verified access to Expected_departures.xml
2025-10-29 19:12:34,460 - vessel_data_pipeline - INFO - Discovered 4 XML files for download
2025-10-29 19:12:34,460 - vessel_data_pipeline - INFO - Downloading Arrived_in_last_36_hours.xml (attempt 1/3)
2025-10-29 19:12:34,518 - vessel_data_pipeline - INFO - File temp_Arrived_in_last_36_hours.xml passed validation checks
2025-10-29 19:12:34,519 - vessel_data_pipeline - INFO - Created backup: Arrived_in_last_36_hours_20251029_191234.xml
2025-10-29 19:12:34,519 - vessel_data_pipeline - INFO - Updated metadata for Arrived_in_last_36_hours.xml
2025-10-29 19:12:34,519 - vessel_data_pipeline - INFO - Successfully downloaded and validated Arrived_in_last_36_hours.xml
2025-10-29 19:12:35,574 - vessel_data_pipeline - INFO - Fetch operation completed. Results: {'Arrived_in_last_36_hours.xml': True, 'Departed_in_last_36_hours.xml': True, 'Expected_arrivals.xml': True, 'Expected_departures.xml': True}
2025-10-29 19:12:36,521 - vessel_data_pipeline - INFO - Downloading Departed_in_last_36_hours.xml (attempt 1/3)
2025-10-29 19:12:37,432 - vessel_data_pipeline - INFO - File temp_Departed_in_last_36_hours.xml passed validation checks
2025-10-29 19:12:37,432 - vessel_data_pipeline - INFO - Created backup: Departed_in_last_36_hours_20251029_191237.xml
2025-10-29 19:12:37,433 - vessel_data_pipeline - INFO - Updated metadata for Departed_in_last_36_hours.xml
2025-10-29 19:12:37,433 - vessel_data_pipeline - INFO - Successfully downloaded and validated Departed_in_last_36_hours.xml
2025-10-29 19:12:39,436 - vessel_data_pipeline - INFO - Downloading Expected_arrivals.xml (attempt 1/3)
2025-10-29 19:12:40,717 - vessel_data_pipeline - INFO - File temp_Expected_arrivals.xml passed validation checks
2025-10-29 19:12:40,717 - vessel_data_pipeline - INFO - Created backup: Expected_arrivals_20251029_191240.xml
2025-10-29 19:12:40,717 - vessel_data_pipeline - INFO - Updated metadata for Expected_arrivals.xml
2025-10-29 19:12:40,717 - vessel_data_pipeline - INFO - Successfully downloaded and validated Expected_arrivals.xml
2025-10-29 19:12:42,722 - vessel_data_pipeline - INFO - Downloading Expected_departures.xml (attempt 1/3)
2025-10-29 19:12:43,186 - vessel_data_pipeline - INFO - File temp_Expected_departures.xml passed validation checks
2025-10-29 19:12:43,186 - vessel_data_pipeline - INFO - Created backup: Expected_departures_20251029_191243.xml
2025-10-29 19:12:43,186 - vessel_data_pipeline - INFO - Updated metadata for Expected_departures.xml
2025-10-29 19:12:43,186 - vessel_data_pipeline - INFO - Successfully downloaded and validated Expected_departures.xml
2025-10-29 19:12:45,191 - vessel_data_pipeline - INFO - Fetch operation completed. Results: {'Arrived_in_last_36_hours.xml': True, 'Departed_in_last_36_hours.xml': True, 'Expected_arrivals.xml': True, 'Expected_departures.xml': True}
2025-10-29 20:35:37,485 - vessel_data_pipeline - INFO - VesselDataFetcher initialized. Pipeline enabled: True
2025-10-29 20:35:37,486 - vessel_data_pipeline - INFO - Starting vessel data fetch operation
2025-10-29 20:35:37,486 - vessel_data_pipeline - INFO - Discovering XML files from Hong Kong Marine Department portal
2025-10-29 20:35:38,367 - vessel_data_pipeline - INFO - Verified access to Arrived_in_last_36_hours.xml
2025-10-29 20:35:39,734 - vessel_data_pipeline - INFO - Verified access to Departed_in_last_36_hours.xml
2025-10-29 20:35:40,413 - vessel_data_pipeline - INFO - Verified access to Expected_arrivals.xml
2025-10-29 20:35:40,838 - vessel_data_pipeline - INFO - Verified access to Expected_departures.xml
2025-10-29 20:35:40,838 - vessel_data_pipeline - INFO - Discovered 4 XML files for download
2025-10-29 20:35:40,838 - vessel_data_pipeline - INFO - Downloading Arrived_in_last_36_hours.xml (attempt 1/3)
2025-10-29 20:35:41,049 - vessel_data_pipeline - INFO - VesselDataFetcher initialized. Pipeline enabled: True
2025-10-29 20:35:41,049 - vessel_data_pipeline - INFO - Starting vessel data fetch operation
2025-10-29 20:35:41,049 - vessel_data_pipeline - INFO - Discovering XML files from Hong Kong Marine Department portal
2025-10-29 20:35:41,121 - vessel_data_pipeline - INFO - File temp_Arrived_in_last_36_hours.xml passed validation checks
2025-10-29 20:35:41,121 - vessel_data_pipeline - INFO - Created backup: Arrived_in_last_36_hours_20251029_203541.xml
2025-10-29 20:35:41,122 - vessel_data_pipeline - INFO - Updated metadata for Arrived_in_last_36_hours.xml
2025-10-29 20:35:41,122 - vessel_data_pipeline - INFO - Successfully downloaded and validated Arrived_in_last_36_hours.xml
2025-10-29 20:35:41,751 - vessel_data_pipeline - INFO - Verified access to Arrived_in_last_36_hours.xml
2025-10-29 20:35:42,546 - vessel_data_pipeline - INFO - Verified access to Departed_in_last_36_hours.xml
2025-10-29 20:35:42,812 - vessel_data_pipeline - INFO - Verified access to Expected_arrivals.xml
2025-10-29 20:35:43,064 - vessel_data_pipeline - INFO - Verified access to Expected_departures.xml
2025-10-29 20:35:43,064 - vessel_data_pipeline - INFO - Discovered 4 XML files for download
2025-10-29 20:35:43,064 - vessel_data_pipeline - INFO - Downloading Arrived_in_last_36_hours.xml (attempt 1/3)
2025-10-29 20:35:43,124 - vessel_data_pipeline - INFO - Downloading Departed_in_last_36_hours.xml (attempt 1/3)
2025-10-29 20:35:43,373 - vessel_data_pipeline - INFO - File temp_Arrived_in_last_36_hours.xml passed validation checks
2025-10-29 20:35:43,373 - vessel_data_pipeline - INFO - Created backup: Arrived_in_last_36_hours_20251029_203543.xml
2025-10-29 20:35:43,373 - vessel_data_pipeline - INFO - Updated metadata for Arrived_in_last_36_hours.xml
2025-10-29 20:35:43,373 - vessel_data_pipeline - INFO - Successfully downloaded and validated Arrived_in_last_36_hours.xml
2025-10-29 20:35:43,653 - vessel_data_pipeline - INFO - File temp_Departed_in_last_36_hours.xml passed validation checks
2025-10-29 20:35:43,654 - vessel_data_pipeline - INFO - Created backup: Departed_in_last_36_hours_20251029_203543.xml
2025-10-29 20:35:43,654 - vessel_data_pipeline - INFO - Updated metadata for Departed_in_last_36_hours.xml
2025-10-29 20:35:43,654 - vessel_data_pipeline - INFO - Successfully downloaded and validated Departed_in_last_36_hours.xml
2025-10-29 20:35:45,375 - vessel_data_pipeline - INFO - Downloading Departed_in_last_36_hours.xml (attempt 1/3)
2025-10-29 20:35:45,659 - vessel_data_pipeline - INFO - Downloading Expected_arrivals.xml (attempt 1/3)
2025-10-29 20:35:46,183 - vessel_data_pipeline - INFO - File temp_Expected_arrivals.xml passed validation checks
2025-10-29 20:35:46,184 - vessel_data_pipeline - INFO - Created backup: Expected_arrivals_20251029_203546.xml
2025-10-29 20:35:46,184 - vessel_data_pipeline - INFO - Updated metadata for Expected_arrivals.xml
2025-10-29 20:35:46,184 - vessel_data_pipeline - INFO - Successfully downloaded and validated Expected_arrivals.xml
2025-10-29 20:35:46,712 - vessel_data_pipeline - INFO - File temp_Departed_in_last_36_hours.xml passed validation checks
2025-10-29 20:35:46,713 - vessel_data_pipeline - INFO - Created backup: Departed_in_last_36_hours_20251029_203546.xml
2025-10-29 20:35:46,713 - vessel_data_pipeline - INFO - Updated metadata for Departed_in_last_36_hours.xml
2025-10-29 20:35:46,713 - vessel_data_pipeline - INFO - Successfully downloaded and validated Departed_in_last_36_hours.xml
2025-10-29 20:35:48,188 - vessel_data_pipeline - INFO - Downloading Expected_departures.xml (attempt 1/3)
2025-10-29 20:35:48,506 - vessel_data_pipeline - INFO - File temp_Expected_departures.xml passed validation checks
2025-10-29 20:35:48,506 - vessel_data_pipeline - INFO - Created backup: Expected_departures_20251029_203548.xml
2025-10-29 20:35:48,506 - vessel_data_pipeline - INFO - Updated metadata for Expected_departures.xml
2025-10-29 20:35:48,507 - vessel_data_pipeline - INFO - Successfully downloaded and validated Expected_departures.xml
2025-10-29 20:35:48,718 - vessel_data_pipeline - INFO - Downloading Expected_arrivals.xml (attempt 1/3)
2025-10-29 20:35:49,000 - vessel_data_pipeline - INFO - File temp_Expected_arrivals.xml passed validation checks
2025-10-29 20:35:49,001 - vessel_data_pipeline - INFO - Created backup: Expected_arrivals_20251029_203549.xml
2025-10-29 20:35:49,001 - vessel_data_pipeline - INFO - Updated metadata for Expected_arrivals.xml
2025-10-29 20:35:49,001 - vessel_data_pipeline - INFO - Successfully downloaded and validated Expected_arrivals.xml
2025-10-29 20:35:50,508 - vessel_data_pipeline - INFO - Fetch operation completed. Results: {'Arrived_in_last_36_hours.xml': True, 'Departed_in_last_36_hours.xml': True, 'Expected_arrivals.xml': True, 'Expected_departures.xml': True}
2025-10-29 20:35:50,526 - vessel_data_pipeline - INFO - VesselDataFetcher initialized. Pipeline enabled: True
2025-10-29 20:35:50,531 - vessel_data_pipeline - INFO - Starting vessel data fetch operation
2025-10-29 20:35:50,533 - vessel_data_pipeline - INFO - Discovering XML files from Hong Kong Marine Department portal
2025-10-29 20:35:51,008 - vessel_data_pipeline - INFO - Downloading Expected_departures.xml (attempt 1/3)
2025-10-29 20:35:51,059 - vessel_data_pipeline - INFO - Verified access to Arrived_in_last_36_hours.xml
2025-10-29 20:35:51,312 - vessel_data_pipeline - INFO - Verified access to Departed_in_last_36_hours.xml
2025-10-29 20:35:51,533 - vessel_data_pipeline - INFO - File temp_Expected_departures.xml passed validation checks
2025-10-29 20:35:51,534 - vessel_data_pipeline - INFO - Created backup: Expected_departures_20251029_203551.xml
2025-10-29 20:35:51,534 - vessel_data_pipeline - INFO - Updated metadata for Expected_departures.xml
2025-10-29 20:35:51,534 - vessel_data_pipeline - INFO - Successfully downloaded and validated Expected_departures.xml
2025-10-29 20:35:51,987 - vessel_data_pipeline - INFO - Verified access to Expected_arrivals.xml
2025-10-29 20:35:52,485 - vessel_data_pipeline - INFO - Verified access to Expected_departures.xml
2025-10-29 20:35:52,485 - vessel_data_pipeline - INFO - Discovered 4 XML files for download
2025-10-29 20:35:52,485 - vessel_data_pipeline - INFO - Downloading Arrived_in_last_36_hours.xml (attempt 1/3)
2025-10-29 20:35:52,766 - vessel_data_pipeline - INFO - File temp_Arrived_in_last_36_hours.xml passed validation checks
2025-10-29 20:35:52,766 - vessel_data_pipeline - INFO - Created backup: Arrived_in_last_36_hours_20251029_203552.xml
2025-10-29 20:35:52,767 - vessel_data_pipeline - INFO - Updated metadata for Arrived_in_last_36_hours.xml
2025-10-29 20:35:52,767 - vessel_data_pipeline - INFO - Successfully downloaded and validated Arrived_in_last_36_hours.xml
2025-10-29 20:35:53,539 - vessel_data_pipeline - INFO - Fetch operation completed. Results: {'Arrived_in_last_36_hours.xml': True, 'Departed_in_last_36_hours.xml': True, 'Expected_arrivals.xml': True, 'Expected_departures.xml': True}
2025-10-29 20:35:53,556 - vessel_data_pipeline - INFO - VesselDataFetcher initialized. Pipeline enabled: True
2025-10-29 20:35:53,558 - vessel_data_pipeline - INFO - Starting vessel data fetch operation
2025-10-29 20:35:53,558 - vessel_data_pipeline - INFO - Discovering XML files from Hong Kong Marine Department portal
2025-10-29 20:35:53,891 - vessel_data_pipeline - INFO - Verified access to Arrived_in_last_36_hours.xml
2025-10-29 20:35:54,282 - vessel_data_pipeline - INFO - Verified access to Departed_in_last_36_hours.xml
2025-10-29 20:35:54,534 - vessel_data_pipeline - INFO - Verified access to Expected_arrivals.xml
2025-10-29 20:35:54,767 - vessel_data_pipeline - INFO - Downloading Departed_in_last_36_hours.xml (attempt 1/3)
2025-10-29 20:35:55,267 - vessel_data_pipeline - INFO - Verified access to Expected_departures.xml
2025-10-29 20:35:55,267 - vessel_data_pipeline - INFO - Discovered 4 XML files for download
2025-10-29 20:35:55,267 - vessel_data_pipeline - INFO - Downloading Arrived_in_last_36_hours.xml (attempt 1/3)
2025-10-29 20:35:55,698 - vessel_data_pipeline - INFO - File temp_Departed_in_last_36_hours.xml passed validation checks
2025-10-29 20:35:55,698 - vessel_data_pipeline - INFO - Created backup: Departed_in_last_36_hours_20251029_203555.xml
2025-10-29 20:35:55,699 - vessel_data_pipeline - INFO - Updated metadata for Departed_in_last_36_hours.xml
2025-10-29 20:35:55,699 - vessel_data_pipeline - INFO - Successfully downloaded and validated Departed_in_last_36_hours.xml
2025-10-29 20:35:55,788 - vessel_data_pipeline - INFO - File temp_Arrived_in_last_36_hours.xml passed validation checks
2025-10-29 20:35:55,788 - vessel_data_pipeline - INFO - Created backup: Arrived_in_last_36_hours_20251029_203555.xml
2025-10-29 20:35:55,789 - vessel_data_pipeline - INFO - Updated metadata for Arrived_in_last_36_hours.xml
2025-10-29 20:35:55,789 - vessel_data_pipeline - INFO - Successfully downloaded and validated Arrived_in_last_36_hours.xml
2025-10-29 20:35:57,703 - vessel_data_pipeline - INFO - Downloading Expected_arrivals.xml (attempt 1/3)
2025-10-29 20:35:57,789 - vessel_data_pipeline - INFO - Downloading Departed_in_last_36_hours.xml (attempt 1/3)
2025-10-29 20:35:57,982 - vessel_data_pipeline - INFO - File temp_Expected_arrivals.xml passed validation checks
2025-10-29 20:35:57,982 - vessel_data_pipeline - INFO - Created backup: Expected_arrivals_20251029_203557.xml
2025-10-29 20:35:57,982 - vessel_data_pipeline - INFO - Updated metadata for Expected_arrivals.xml
2025-10-29 20:35:57,982 - vessel_data_pipeline - INFO - Successfully downloaded and validated Expected_arrivals.xml
2025-10-29 20:35:58,925 - vessel_data_pipeline - INFO - File temp_Departed_in_last_36_hours.xml passed validation checks
2025-10-29 20:35:58,926 - vessel_data_pipeline - INFO - Created backup: Departed_in_last_36_hours_20251029_203558.xml
2025-10-29 20:35:58,926 - vessel_data_pipeline - INFO - Updated metadata for Departed_in_last_36_hours.xml
2025-10-29 20:35:58,926 - vessel_data_pipeline - INFO - Successfully downloaded and validated Departed_in_last_36_hours.xml
2025-10-29 20:35:59,987 - vessel_data_pipeline - INFO - Downloading Expected_departures.xml (attempt 1/3)
2025-10-29 20:36:00,482 - vessel_data_pipeline - INFO - File temp_Expected_departures.xml passed validation checks
2025-10-29 20:36:00,482 - vessel_data_pipeline - INFO - Created backup: Expected_departures_20251029_203600.xml
2025-10-29 20:36:00,482 - vessel_data_pipeline - INFO - Updated metadata for Expected_departures.xml
2025-10-29 20:36:00,482 - vessel_data_pipeline - INFO - Successfully downloaded and validated Expected_departures.xml
2025-10-29 20:36:00,929 - vessel_data_pipeline - INFO - Downloading Expected_arrivals.xml (attempt 1/3)
2025-10-29 20:36:01,212 - vessel_data_pipeline - INFO - File temp_Expected_arrivals.xml passed validation checks
2025-10-29 20:36:01,213 - vessel_data_pipeline - INFO - Created backup: Expected_arrivals_20251029_203601.xml
2025-10-29 20:36:01,213 - vessel_data_pipeline - INFO - Updated metadata for Expected_arrivals.xml
2025-10-29 20:36:01,213 - vessel_data_pipeline - INFO - Successfully downloaded and validated Expected_arrivals.xml
2025-10-29 20:36:02,487 - vessel_data_pipeline - INFO - Fetch operation completed. Results: {'Arrived_in_last_36_hours.xml': True, 'Departed_in_last_36_hours.xml': True, 'Expected_arrivals.xml': True, 'Expected_departures.xml': True}
2025-10-29 20:36:03,218 - vessel_data_pipeline - INFO - Downloading Expected_departures.xml (attempt 1/3)
2025-10-29 20:36:03,302 - vessel_data_pipeline - INFO - File temp_Expected_departures.xml passed validation checks
2025-10-29 20:36:03,303 - vessel_data_pipeline - INFO - Created backup: Expected_departures_20251029_203603.xml
2025-10-29 20:36:03,303 - vessel_data_pipeline - INFO - Updated metadata for Expected_departures.xml
2025-10-29 20:36:03,303 - vessel_data_pipeline - INFO - Successfully downloaded and validated Expected_departures.xml
2025-10-29 20:36:05,305 - vessel_data_pipeline - INFO - Fetch operation completed. Results: {'Arrived_in_last_36_hours.xml': True, 'Departed_in_last_36_hours.xml': True, 'Expected_arrivals.xml': True, 'Expected_departures.xml': True}
2025-10-29 20:39:03,862 - vessel_data_pipeline - INFO - VesselDataFetcher initialized. Pipeline enabled: True
2025-10-29 20:39:03,863 - vessel_data_pipeline - INFO - Starting vessel data fetch operation
2025-10-29 20:39:03,863 - vessel_data_pipeline - INFO - Discovering XML files from Hong Kong Marine Department portal
2025-10-29 20:39:04,703 - vessel_data_pipeline - INFO - Verified access to Arrived_in_last_36_hours.xml
2025-10-29 20:39:05,380 - vessel_data_pipeline - INFO - Verified access to Departed_in_last_36_hours.xml
2025-10-29 20:39:05,906 - vessel_data_pipeline - INFO - Verified access to Expected_arrivals.xml
2025-10-29 20:39:06,904 - vessel_data_pipeline - INFO - Verified access to Expected_departures.xml
2025-10-29 20:39:06,904 - vessel_data_pipeline - INFO - Discovered 4 XML files for download
2025-10-29 20:39:06,904 - vessel_data_pipeline - INFO - Downloading Arrived_in_last_36_hours.xml (attempt 1/3)
2025-10-29 20:39:07,178 - vessel_data_pipeline - INFO - File temp_Arrived_in_last_36_hours.xml passed validation checks
2025-10-29 20:39:07,179 - vessel_data_pipeline - INFO - Created backup: Arrived_in_last_36_hours_20251029_203907.xml
2025-10-29 20:39:07,179 - vessel_data_pipeline - INFO - Updated metadata for Arrived_in_last_36_hours.xml
2025-10-29 20:39:07,179 - vessel_data_pipeline - INFO - Successfully downloaded and validated Arrived_in_last_36_hours.xml
2025-10-29 20:39:09,180 - vessel_data_pipeline - INFO - Downloading Departed_in_last_36_hours.xml (attempt 1/3)
2025-10-29 20:39:10,118 - vessel_data_pipeline - INFO - File temp_Departed_in_last_36_hours.xml passed validation checks
2025-10-29 20:39:10,118 - vessel_data_pipeline - INFO - Created backup: Departed_in_last_36_hours_20251029_203910.xml
2025-10-29 20:39:10,118 - vessel_data_pipeline - INFO - Updated metadata for Departed_in_last_36_hours.xml
2025-10-29 20:39:10,118 - vessel_data_pipeline - INFO - Successfully downloaded and validated Departed_in_last_36_hours.xml
2025-10-29 20:39:12,118 - vessel_data_pipeline - INFO - Downloading Expected_arrivals.xml (attempt 1/3)
2025-10-29 20:39:12,713 - vessel_data_pipeline - INFO - File temp_Expected_arrivals.xml passed validation checks
2025-10-29 20:39:12,713 - vessel_data_pipeline - INFO - Created backup: Expected_arrivals_20251029_203912.xml
2025-10-29 20:39:12,714 - vessel_data_pipeline - INFO - Updated metadata for Expected_arrivals.xml
2025-10-29 20:39:12,714 - vessel_data_pipeline - INFO - Successfully downloaded and validated Expected_arrivals.xml
2025-10-29 20:39:14,719 - vessel_data_pipeline - INFO - Downloading Expected_departures.xml (attempt 1/3)
2025-10-29 20:39:15,017 - vessel_data_pipeline - INFO - File temp_Expected_departures.xml passed validation checks
2025-10-29 20:39:15,040 - vessel_data_pipeline - INFO - Created backup: Expected_departures_20251029_203915.xml
2025-10-29 20:39:15,052 - vessel_data_pipeline - INFO - Updated metadata for Expected_departures.xml
2025-10-29 20:39:15,052 - vessel_data_pipeline - INFO - Successfully downloaded and validated Expected_departures.xml
2025-10-29 20:39:17,057 - vessel_data_pipeline - INFO - Fetch operation completed. Results: {'Arrived_in_last_36_hours.xml': True, 'Departed_in_last_36_hours.xml': True, 'Expected_arrivals.xml': True, 'Expected_departures.xml': True}
2025-10-29 21:22:13,438 - vessel_data_pipeline - INFO - VesselDataFetcher initialized. Pipeline enabled: True
2025-10-29 21:22:13,439 - vessel_data_pipeline - INFO - Starting vessel data fetch operation
2025-10-29 21:22:13,439 - vessel_data_pipeline - INFO - Discovering XML files from Hong Kong Marine Department portal
2025-10-29 21:22:14,583 - vessel_data_pipeline - INFO - Verified access to Arrived_in_last_36_hours.xml
2025-10-29 21:22:16,249 - vessel_data_pipeline - INFO - Verified access to Departed_in_last_36_hours.xml
2025-10-29 21:22:17,154 - vessel_data_pipeline - INFO - Verified access to Expected_arrivals.xml
2025-10-29 21:22:17,821 - vessel_data_pipeline - INFO - Verified access to Expected_departures.xml
2025-10-29 21:22:17,822 - vessel_data_pipeline - INFO - Discovered 4 XML files for download
2025-10-29 21:22:17,822 - vessel_data_pipeline - INFO - Downloading Arrived_in_last_36_hours.xml (attempt 1/3)
2025-10-29 21:22:18,169 - vessel_data_pipeline - INFO - VesselDataFetcher initialized. Pipeline enabled: True
2025-10-29 21:22:18,170 - vessel_data_pipeline - INFO - Starting vessel data fetch operation
2025-10-29 21:22:18,170 - vessel_data_pipeline - INFO - Discovering XML files from Hong Kong Marine Department portal
2025-10-29 21:22:18,357 - vessel_data_pipeline - INFO - Verified access to Arrived_in_last_36_hours.xml
2025-10-29 21:22:18,520 - vessel_data_pipeline - INFO - File temp_Arrived_in_last_36_hours.xml passed validation checks
2025-10-29 21:22:18,521 - vessel_data_pipeline - INFO - Created backup: Arrived_in_last_36_hours_20251029_212218.xml
2025-10-29 21:22:18,521 - vessel_data_pipeline - INFO - Updated metadata for Arrived_in_last_36_hours.xml
2025-10-29 21:22:18,521 - vessel_data_pipeline - INFO - Successfully downloaded and validated Arrived_in_last_36_hours.xml
2025-10-29 21:22:18,827 - vessel_data_pipeline - INFO - Verified access to Departed_in_last_36_hours.xml
2025-10-29 21:22:19,345 - vessel_data_pipeline - INFO - Verified access to Expected_arrivals.xml
2025-10-29 21:22:19,844 - vessel_data_pipeline - INFO - Verified access to Expected_departures.xml
2025-10-29 21:22:19,844 - vessel_data_pipeline - INFO - Discovered 4 XML files for download
2025-10-29 21:22:19,844 - vessel_data_pipeline - INFO - Downloading Arrived_in_last_36_hours.xml (attempt 1/3)
2025-10-29 21:22:20,122 - vessel_data_pipeline - INFO - File temp_Arrived_in_last_36_hours.xml passed validation checks
2025-10-29 21:22:20,122 - vessel_data_pipeline - INFO - Created backup: Arrived_in_last_36_hours_20251029_212220.xml
2025-10-29 21:22:20,123 - vessel_data_pipeline - INFO - Updated metadata for Arrived_in_last_36_hours.xml
2025-10-29 21:22:20,123 - vessel_data_pipeline - INFO - Successfully downloaded and validated Arrived_in_last_36_hours.xml
2025-10-29 21:22:20,521 - vessel_data_pipeline - INFO - Downloading Departed_in_last_36_hours.xml (attempt 1/3)
2025-10-29 21:22:21,280 - vessel_data_pipeline - INFO - File temp_Departed_in_last_36_hours.xml passed validation checks
2025-10-29 21:22:21,280 - vessel_data_pipeline - INFO - Created backup: Departed_in_last_36_hours_20251029_212221.xml
2025-10-29 21:22:21,281 - vessel_data_pipeline - INFO - Updated metadata for Departed_in_last_36_hours.xml
2025-10-29 21:22:21,281 - vessel_data_pipeline - INFO - Successfully downloaded and validated Departed_in_last_36_hours.xml
2025-10-29 21:22:22,128 - vessel_data_pipeline - INFO - Downloading Departed_in_last_36_hours.xml (attempt 1/3)
2025-10-29 21:22:22,851 - vessel_data_pipeline - INFO - File temp_Departed_in_last_36_hours.xml passed validation checks
2025-10-29 21:22:22,852 - vessel_data_pipeline - INFO - Created backup: Departed_in_last_36_hours_20251029_212222.xml
2025-10-29 21:22:22,852 - vessel_data_pipeline - INFO - Updated metadata for Departed_in_last_36_hours.xml
2025-10-29 21:22:22,852 - vessel_data_pipeline - INFO - Successfully downloaded and validated Departed_in_last_36_hours.xml
2025-10-29 21:22:23,286 - vessel_data_pipeline - INFO - Downloading Expected_arrivals.xml (attempt 1/3)
2025-10-29 21:22:23,577 - vessel_data_pipeline - INFO - File temp_Expected_arrivals.xml passed validation checks
2025-10-29 21:22:23,577 - vessel_data_pipeline - INFO - Created backup: Expected_arrivals_20251029_212223.xml
2025-10-29 21:22:23,578 - vessel_data_pipeline - INFO - Updated metadata for Expected_arrivals.xml
2025-10-29 21:22:23,578 - vessel_data_pipeline - INFO - Successfully downloaded and validated Expected_arrivals.xml
2025-10-29 21:22:24,854 - vessel_data_pipeline - INFO - Downloading Expected_arrivals.xml (attempt 1/3)
2025-10-29 21:22:25,536 - vessel_data_pipeline - INFO - File temp_Expected_arrivals.xml passed validation checks
2025-10-29 21:22:25,536 - vessel_data_pipeline - INFO - Created backup: Expected_arrivals_20251029_212225.xml
2025-10-29 21:22:25,537 - vessel_data_pipeline - INFO - Updated metadata for Expected_arrivals.xml
2025-10-29 21:22:25,537 - vessel_data_pipeline - INFO - Successfully downloaded and validated Expected_arrivals.xml
2025-10-29 21:22:25,583 - vessel_data_pipeline - INFO - Downloading Expected_departures.xml (attempt 1/3)
2025-10-29 21:22:26,051 - vessel_data_pipeline - INFO - File temp_Expected_departures.xml passed validation checks
2025-10-29 21:22:26,051 - vessel_data_pipeline - INFO - Created backup: Expected_departures_20251029_212226.xml
2025-10-29 21:22:26,051 - vessel_data_pipeline - INFO - Updated metadata for Expected_departures.xml
2025-10-29 21:22:26,051 - vessel_data_pipeline - INFO - Successfully downloaded and validated Expected_departures.xml
2025-10-29 21:22:27,537 - vessel_data_pipeline - INFO - Downloading Expected_departures.xml (attempt 1/3)
2025-10-29 21:22:27,874 - vessel_data_pipeline - INFO - File temp_Expected_departures.xml passed validation checks
2025-10-29 21:22:27,874 - vessel_data_pipeline - INFO - Created backup: Expected_departures_20251029_212227.xml
2025-10-29 21:22:27,875 - vessel_data_pipeline - INFO - Updated metadata for Expected_departures.xml
2025-10-29 21:22:27,875 - vessel_data_pipeline - INFO - Successfully downloaded and validated Expected_departures.xml
2025-10-29 21:22:28,057 - vessel_data_pipeline - INFO - Fetch operation completed. Results: {'Arrived_in_last_36_hours.xml': True, 'Departed_in_last_36_hours.xml': True, 'Expected_arrivals.xml': True, 'Expected_departures.xml': True}
2025-10-29 21:22:28,071 - vessel_data_pipeline - INFO - VesselDataFetcher initialized. Pipeline enabled: True
2025-10-29 21:22:28,071 - vessel_data_pipeline - INFO - Starting vessel data fetch operation
2025-10-29 21:22:28,071 - vessel_data_pipeline - INFO - Discovering XML files from Hong Kong Marine Department portal
2025-10-29 21:22:28,383 - vessel_data_pipeline - INFO - Verified access to Arrived_in_last_36_hours.xml
2025-10-29 21:22:28,990 - vessel_data_pipeline - INFO - Verified access to Departed_in_last_36_hours.xml
2025-10-29 21:22:29,262 - vessel_data_pipeline - INFO - Verified access to Expected_arrivals.xml
2025-10-29 21:22:29,876 - vessel_data_pipeline - INFO - Fetch operation completed. Results: {'Arrived_in_last_36_hours.xml': True, 'Departed_in_last_36_hours.xml': True, 'Expected_arrivals.xml': True, 'Expected_departures.xml': True}
2025-10-29 21:22:29,879 - vessel_data_pipeline - INFO - VesselDataFetcher initialized. Pipeline enabled: True
2025-10-29 21:22:29,886 - vessel_data_pipeline - INFO - Starting vessel data fetch operation
2025-10-29 21:22:29,886 - vessel_data_pipeline - INFO - Discovering XML files from Hong Kong Marine Department portal
2025-10-29 21:22:30,112 - vessel_data_pipeline - INFO - Verified access to Expected_departures.xml
2025-10-29 21:22:30,112 - vessel_data_pipeline - INFO - Discovered 4 XML files for download
2025-10-29 21:22:30,112 - vessel_data_pipeline - INFO - Downloading Arrived_in_last_36_hours.xml (attempt 1/3)
2025-10-29 21:22:30,913 - vessel_data_pipeline - INFO - Verified access to Arrived_in_last_36_hours.xml
2025-10-29 21:22:31,026 - vessel_data_pipeline - INFO - File temp_Arrived_in_last_36_hours.xml passed validation checks
2025-10-29 21:22:31,028 - vessel_data_pipeline - INFO - Created backup: Arrived_in_last_36_hours_20251029_212231.xml
2025-10-29 21:22:31,029 - vessel_data_pipeline - INFO - Updated metadata for Arrived_in_last_36_hours.xml
2025-10-29 21:22:31,029 - vessel_data_pipeline - INFO - Successfully downloaded and validated Arrived_in_last_36_hours.xml
2025-10-29 21:22:31,592 - vessel_data_pipeline - INFO - Verified access to Departed_in_last_36_hours.xml
2025-10-29 21:22:31,627 - vessel_data_pipeline - INFO - Verified access to Expected_arrivals.xml
2025-10-29 21:22:32,158 - vessel_data_pipeline - INFO - Verified access to Expected_departures.xml
2025-10-29 21:22:32,159 - vessel_data_pipeline - INFO - Discovered 4 XML files for download
2025-10-29 21:22:32,159 - vessel_data_pipeline - INFO - Downloading Arrived_in_last_36_hours.xml (attempt 1/3)
2025-10-29 21:22:32,633 - vessel_data_pipeline - INFO - File temp_Arrived_in_last_36_hours.xml passed validation checks
2025-10-29 21:22:32,634 - vessel_data_pipeline - INFO - Created backup: Arrived_in_last_36_hours_20251029_212232.xml
2025-10-29 21:22:32,634 - vessel_data_pipeline - INFO - Updated metadata for Arrived_in_last_36_hours.xml
2025-10-29 21:22:32,634 - vessel_data_pipeline - INFO - Successfully downloaded and validated Arrived_in_last_36_hours.xml
2025-10-29 21:22:33,034 - vessel_data_pipeline - INFO - Downloading Departed_in_last_36_hours.xml (attempt 1/3)
2025-10-29 21:22:33,952 - vessel_data_pipeline - INFO - File temp_Departed_in_last_36_hours.xml passed validation checks
2025-10-29 21:22:33,953 - vessel_data_pipeline - INFO - Created backup: Departed_in_last_36_hours_20251029_212233.xml
2025-10-29 21:22:33,954 - vessel_data_pipeline - INFO - Updated metadata for Departed_in_last_36_hours.xml
2025-10-29 21:22:33,954 - vessel_data_pipeline - INFO - Successfully downloaded and validated Departed_in_last_36_hours.xml
2025-10-29 21:22:34,640 - vessel_data_pipeline - INFO - Downloading Departed_in_last_36_hours.xml (attempt 1/3)
2025-10-29 21:22:35,167 - vessel_data_pipeline - INFO - File temp_Departed_in_last_36_hours.xml passed validation checks
2025-10-29 21:22:35,168 - vessel_data_pipeline - INFO - Created backup: Departed_in_last_36_hours_20251029_212235.xml
2025-10-29 21:22:35,168 - vessel_data_pipeline - INFO - Updated metadata for Departed_in_last_36_hours.xml
2025-10-29 21:22:35,168 - vessel_data_pipeline - INFO - Successfully downloaded and validated Departed_in_last_36_hours.xml
2025-10-29 21:22:35,958 - vessel_data_pipeline - INFO - Downloading Expected_arrivals.xml (attempt 1/3)
2025-10-29 21:22:36,674 - vessel_data_pipeline - INFO - File temp_Expected_arrivals.xml passed validation checks
2025-10-29 21:22:36,674 - vessel_data_pipeline - INFO - Created backup: Expected_arrivals_20251029_212236.xml
2025-10-29 21:22:36,674 - vessel_data_pipeline - INFO - Updated metadata for Expected_arrivals.xml
2025-10-29 21:22:36,674 - vessel_data_pipeline - INFO - Successfully downloaded and validated Expected_arrivals.xml
2025-10-29 21:22:37,173 - vessel_data_pipeline - INFO - Downloading Expected_arrivals.xml (attempt 1/3)
2025-10-29 21:22:37,461 - vessel_data_pipeline - INFO - File temp_Expected_arrivals.xml passed validation checks
2025-10-29 21:22:37,462 - vessel_data_pipeline - INFO - Created backup: Expected_arrivals_20251029_212237.xml
2025-10-29 21:22:37,462 - vessel_data_pipeline - INFO - Updated metadata for Expected_arrivals.xml
2025-10-29 21:22:37,462 - vessel_data_pipeline - INFO - Successfully downloaded and validated Expected_arrivals.xml
2025-10-29 21:22:38,680 - vessel_data_pipeline - INFO - Downloading Expected_departures.xml (attempt 1/3)
2025-10-29 21:22:38,977 - vessel_data_pipeline - INFO - File temp_Expected_departures.xml passed validation checks
2025-10-29 21:22:38,978 - vessel_data_pipeline - INFO - Created backup: Expected_departures_20251029_212238.xml
2025-10-29 21:22:38,978 - vessel_data_pipeline - INFO - Updated metadata for Expected_departures.xml
2025-10-29 21:22:38,978 - vessel_data_pipeline - INFO - Successfully downloaded and validated Expected_departures.xml
2025-10-29 21:22:39,463 - vessel_data_pipeline - INFO - Downloading Expected_departures.xml (attempt 1/3)
2025-10-29 21:22:39,739 - vessel_data_pipeline - INFO - File temp_Expected_departures.xml passed validation checks
2025-10-29 21:22:39,740 - vessel_data_pipeline - INFO - Created backup: Expected_departures_20251029_212239.xml
2025-10-29 21:22:39,740 - vessel_data_pipeline - INFO - Updated metadata for Expected_departures.xml
2025-10-29 21:22:39,740 - vessel_data_pipeline - INFO - Successfully downloaded and validated Expected_departures.xml
2025-10-29 21:22:40,983 - vessel_data_pipeline - INFO - Fetch operation completed. Results: {'Arrived_in_last_36_hours.xml': True, 'Departed_in_last_36_hours.xml': True, 'Expected_arrivals.xml': True, 'Expected_departures.xml': True}
2025-10-29 21:22:41,745 - vessel_data_pipeline - INFO - Fetch operation completed. Results: {'Arrived_in_last_36_hours.xml': True, 'Departed_in_last_36_hours.xml': True, 'Expected_arrivals.xml': True, 'Expected_departures.xml': True}
2025-10-29 21:25:21,740 - vessel_data_pipeline - INFO - VesselDataFetcher initialized. Pipeline enabled: True
2025-10-29 21:25:21,741 - vessel_data_pipeline - INFO - Starting vessel data fetch operation
2025-10-29 21:25:21,741 - vessel_data_pipeline - INFO - Discovering XML files from Hong Kong Marine Department portal
2025-10-29 21:25:22,104 - vessel_data_pipeline - INFO - Verified access to Arrived_in_last_36_hours.xml
2025-10-29 21:25:22,598 - vessel_data_pipeline - INFO - Verified access to Departed_in_last_36_hours.xml
2025-10-29 21:25:23,287 - vessel_data_pipeline - INFO - Verified access to Expected_arrivals.xml
2025-10-29 21:25:23,593 - vessel_data_pipeline - INFO - Verified access to Expected_departures.xml
2025-10-29 21:25:23,593 - vessel_data_pipeline - INFO - Discovered 4 XML files for download
2025-10-29 21:25:23,593 - vessel_data_pipeline - INFO - Downloading Arrived_in_last_36_hours.xml (attempt 1/3)
2025-10-29 21:25:24,141 - vessel_data_pipeline - INFO - File temp_Arrived_in_last_36_hours.xml passed validation checks
2025-10-29 21:25:24,143 - vessel_data_pipeline - INFO - Created backup: Arrived_in_last_36_hours_20251029_212524.xml
2025-10-29 21:25:24,144 - vessel_data_pipeline - INFO - Updated metadata for Arrived_in_last_36_hours.xml
2025-10-29 21:25:24,144 - vessel_data_pipeline - INFO - Successfully downloaded and validated Arrived_in_last_36_hours.xml
2025-10-29 21:25:26,148 - vessel_data_pipeline - INFO - Downloading Departed_in_last_36_hours.xml (attempt 1/3)
2025-10-29 21:25:26,866 - vessel_data_pipeline - INFO - File temp_Departed_in_last_36_hours.xml passed validation checks
2025-10-29 21:25:26,867 - vessel_data_pipeline - INFO - Created backup: Departed_in_last_36_hours_20251029_212526.xml
2025-10-29 21:25:26,867 - vessel_data_pipeline - INFO - Updated metadata for Departed_in_last_36_hours.xml
2025-10-29 21:25:26,867 - vessel_data_pipeline - INFO - Successfully downloaded and validated Departed_in_last_36_hours.xml
2025-10-29 21:25:28,871 - vessel_data_pipeline - INFO - Downloading Expected_arrivals.xml (attempt 1/3)
2025-10-29 21:25:29,361 - vessel_data_pipeline - INFO - File temp_Expected_arrivals.xml passed validation checks
2025-10-29 21:25:29,362 - vessel_data_pipeline - INFO - Created backup: Expected_arrivals_20251029_212529.xml
2025-10-29 21:25:29,362 - vessel_data_pipeline - INFO - Updated metadata for Expected_arrivals.xml
2025-10-29 21:25:29,362 - vessel_data_pipeline - INFO - Successfully downloaded and validated Expected_arrivals.xml
2025-10-29 21:25:31,367 - vessel_data_pipeline - INFO - Downloading Expected_departures.xml (attempt 1/3)
2025-10-29 21:25:31,736 - vessel_data_pipeline - INFO - File temp_Expected_departures.xml passed validation checks
2025-10-29 21:25:31,737 - vessel_data_pipeline - INFO - Created backup: Expected_departures_20251029_212531.xml
2025-10-29 21:25:31,737 - vessel_data_pipeline - INFO - Updated metadata for Expected_departures.xml
2025-10-29 21:25:31,737 - vessel_data_pipeline - INFO - Successfully downloaded and validated Expected_departures.xml
2025-10-29 21:25:33,743 - vessel_data_pipeline - INFO - Fetch operation completed. Results: {'Arrived_in_last_36_hours.xml': True, 'Departed_in_last_36_hours.xml': True, 'Expected_arrivals.xml': True, 'Expected_departures.xml': True}
2025-10-29 21:25:34,003 - vessel_data_pipeline - INFO - VesselDataFetcher initialized. Pipeline enabled: True
2025-10-29 21:25:34,004 - vessel_data_pipeline - INFO - Starting vessel data fetch operation
2025-10-29 21:25:34,004 - vessel_data_pipeline - INFO - Discovering XML files from Hong Kong Marine Department portal
2025-10-29 21:25:34,535 - vessel_data_pipeline - INFO - Verified access to Arrived_in_last_36_hours.xml
2025-10-29 21:25:34,855 - vessel_data_pipeline - INFO - Verified access to Departed_in_last_36_hours.xml
2025-10-29 21:25:35,120 - vessel_data_pipeline - INFO - Verified access to Expected_arrivals.xml
2025-10-29 21:25:35,593 - vessel_data_pipeline - INFO - Verified access to Expected_departures.xml
2025-10-29 21:25:35,593 - vessel_data_pipeline - INFO - Discovered 4 XML files for download
2025-10-29 21:25:35,593 - vessel_data_pipeline - INFO - Downloading Arrived_in_last_36_hours.xml (attempt 1/3)
2025-10-29 21:25:36,153 - vessel_data_pipeline - INFO - File temp_Arrived_in_last_36_hours.xml passed validation checks
2025-10-29 21:25:36,153 - vessel_data_pipeline - INFO - Created backup: Arrived_in_last_36_hours_20251029_212536.xml
2025-10-29 21:25:36,153 - vessel_data_pipeline - INFO - Updated metadata for Arrived_in_last_36_hours.xml
2025-10-29 21:25:36,153 - vessel_data_pipeline - INFO - Successfully downloaded and validated Arrived_in_last_36_hours.xml
2025-10-29 21:25:38,159 - vessel_data_pipeline - INFO - Downloading Departed_in_last_36_hours.xml (attempt 1/3)
2025-10-29 21:25:38,474 - vessel_data_pipeline - INFO - File temp_Departed_in_last_36_hours.xml passed validation checks
2025-10-29 21:25:38,475 - vessel_data_pipeline - INFO - Created backup: Departed_in_last_36_hours_20251029_212538.xml
2025-10-29 21:25:38,475 - vessel_data_pipeline - INFO - Updated metadata for Departed_in_last_36_hours.xml
2025-10-29 21:25:38,475 - vessel_data_pipeline - INFO - Successfully downloaded and validated Departed_in_last_36_hours.xml
2025-10-29 21:25:40,475 - vessel_data_pipeline - INFO - Downloading Expected_arrivals.xml (attempt 1/3)
2025-10-29 21:25:41,006 - vessel_data_pipeline - INFO - File temp_Expected_arrivals.xml passed validation checks
2025-10-29 21:25:41,006 - vessel_data_pipeline - INFO - Created backup: Expected_arrivals_20251029_212541.xml
2025-10-29 21:25:41,006 - vessel_data_pipeline - INFO - Updated metadata for Expected_arrivals.xml
2025-10-29 21:25:41,007 - vessel_data_pipeline - INFO - Successfully downloaded and validated Expected_arrivals.xml
2025-10-29 21:25:43,008 - vessel_data_pipeline - INFO - Downloading Expected_departures.xml (attempt 1/3)
2025-10-29 21:25:43,318 - vessel_data_pipeline - INFO - File temp_Expected_departures.xml passed validation checks
2025-10-29 21:25:43,318 - vessel_data_pipeline - INFO - Created backup: Expected_departures_20251029_212543.xml
2025-10-29 21:25:43,319 - vessel_data_pipeline - INFO - Updated metadata for Expected_departures.xml
2025-10-29 21:25:43,319 - vessel_data_pipeline - INFO - Successfully downloaded and validated Expected_departures.xml
2025-10-29 21:25:45,324 - vessel_data_pipeline - INFO - Fetch operation completed. Results: {'Arrived_in_last_36_hours.xml': True, 'Departed_in_last_36_hours.xml': True, 'Expected_arrivals.xml': True, 'Expected_departures.xml': True}
2025-10-29 21:25:45,345 - vessel_data_pipeline - INFO - VesselDataFetcher initialized. Pipeline enabled: True
2025-10-29 21:25:45,349 - vessel_data_pipeline - INFO - Starting vessel data fetch operation
2025-10-29 21:25:45,350 - vessel_data_pipeline - INFO - Discovering XML files from Hong Kong Marine Department portal
2025-10-29 21:25:46,000 - vessel_data_pipeline - INFO - Verified access to Arrived_in_last_36_hours.xml
2025-10-29 21:25:46,916 - vessel_data_pipeline - INFO - Verified access to Departed_in_last_36_hours.xml
2025-10-29 21:25:47,186 - vessel_data_pipeline - INFO - Verified access to Expected_arrivals.xml
2025-10-29 21:25:47,759 - vessel_data_pipeline - INFO - Verified access to Expected_departures.xml
2025-10-29 21:25:47,759 - vessel_data_pipeline - INFO - Discovered 4 XML files for download
2025-10-29 21:25:47,759 - vessel_data_pipeline - INFO - Downloading Arrived_in_last_36_hours.xml (attempt 1/3)
2025-10-29 21:25:48,064 - vessel_data_pipeline - INFO - File temp_Arrived_in_last_36_hours.xml passed validation checks
2025-10-29 21:25:48,065 - vessel_data_pipeline - INFO - Created backup: Arrived_in_last_36_hours_20251029_212548.xml
2025-10-29 21:25:48,065 - vessel_data_pipeline - INFO - Updated metadata for Arrived_in_last_36_hours.xml
2025-10-29 21:25:48,065 - vessel_data_pipeline - INFO - Successfully downloaded and validated Arrived_in_last_36_hours.xml
2025-10-29 21:25:50,070 - vessel_data_pipeline - INFO - Downloading Departed_in_last_36_hours.xml (attempt 1/3)
2025-10-29 21:25:50,774 - vessel_data_pipeline - INFO - File temp_Departed_in_last_36_hours.xml passed validation checks
2025-10-29 21:25:50,774 - vessel_data_pipeline - INFO - Created backup: Departed_in_last_36_hours_20251029_212550.xml
2025-10-29 21:25:50,775 - vessel_data_pipeline - INFO - Updated metadata for Departed_in_last_36_hours.xml
2025-10-29 21:25:50,775 - vessel_data_pipeline - INFO - Successfully downloaded and validated Departed_in_last_36_hours.xml
2025-10-29 21:25:52,780 - vessel_data_pipeline - INFO - Downloading Expected_arrivals.xml (attempt 1/3)
2025-10-29 21:25:53,321 - vessel_data_pipeline - INFO - File temp_Expected_arrivals.xml passed validation checks
2025-10-29 21:25:53,321 - vessel_data_pipeline - INFO - Created backup: Expected_arrivals_20251029_212553.xml
2025-10-29 21:25:53,322 - vessel_data_pipeline - INFO - Updated metadata for Expected_arrivals.xml
2025-10-29 21:25:53,322 - vessel_data_pipeline - INFO - Successfully downloaded and validated Expected_arrivals.xml
2025-10-29 21:25:55,327 - vessel_data_pipeline - INFO - Downloading Expected_departures.xml (attempt 1/3)
2025-10-29 21:25:55,588 - vessel_data_pipeline - INFO - File temp_Expected_departures.xml passed validation checks
2025-10-29 21:25:55,588 - vessel_data_pipeline - INFO - Created backup: Expected_departures_20251029_212555.xml
2025-10-29 21:25:55,589 - vessel_data_pipeline - INFO - Updated metadata for Expected_departures.xml
2025-10-29 21:25:55,589 - vessel_data_pipeline - INFO - Successfully downloaded and validated Expected_departures.xml
2025-10-29 21:25:57,593 - vessel_data_pipeline - INFO - Fetch operation completed. Results: {'Arrived_in_last_36_hours.xml': True, 'Departed_in_last_36_hours.xml': True, 'Expected_arrivals.xml': True, 'Expected_departures.xml': True}
2025-10-29 21:26:00,685 - vessel_data_pipeline - INFO - VesselDataFetcher initialized. Pipeline enabled: True
2025-10-29 21:26:00,686 - vessel_data_pipeline - INFO - Starting vessel data fetch operation
2025-10-29 21:26:00,686 - vessel_data_pipeline - INFO - Discovering XML files from Hong Kong Marine Department portal
2025-10-29 21:26:01,121 - vessel_data_pipeline - INFO - Verified access to Arrived_in_last_36_hours.xml
2025-10-29 21:26:01,812 - vessel_data_pipeline - INFO - Verified access to Departed_in_last_36_hours.xml
2025-10-29 21:26:02,299 - vessel_data_pipeline - INFO - Verified access to Expected_arrivals.xml
2025-10-29 21:26:02,572 - vessel_data_pipeline - INFO - Verified access to Expected_departures.xml
2025-10-29 21:26:02,572 - vessel_data_pipeline - INFO - Discovered 4 XML files for download
2025-10-29 21:26:02,572 - vessel_data_pipeline - INFO - Downloading Arrived_in_last_36_hours.xml (attempt 1/3)
2025-10-29 21:26:02,830 - vessel_data_pipeline - INFO - File temp_Arrived_in_last_36_hours.xml passed validation checks
2025-10-29 21:26:02,831 - vessel_data_pipeline - INFO - Created backup: Arrived_in_last_36_hours_20251029_212602.xml
2025-10-29 21:26:02,832 - vessel_data_pipeline - INFO - Updated metadata for Arrived_in_last_36_hours.xml
2025-10-29 21:26:02,832 - vessel_data_pipeline - INFO - Successfully downloaded and validated Arrived_in_last_36_hours.xml
2025-10-29 21:26:04,834 - vessel_data_pipeline - INFO - Downloading Departed_in_last_36_hours.xml (attempt 1/3)
2025-10-29 21:26:05,441 - vessel_data_pipeline - INFO - File temp_Departed_in_last_36_hours.xml passed validation checks
2025-10-29 21:26:05,441 - vessel_data_pipeline - INFO - Created backup: Departed_in_last_36_hours_20251029_212605.xml
2025-10-29 21:26:05,442 - vessel_data_pipeline - INFO - Updated metadata for Departed_in_last_36_hours.xml
2025-10-29 21:26:05,442 - vessel_data_pipeline - INFO - Successfully downloaded and validated Departed_in_last_36_hours.xml
2025-10-29 21:26:07,444 - vessel_data_pipeline - INFO - Downloading Expected_arrivals.xml (attempt 1/3)
2025-10-29 21:26:08,259 - vessel_data_pipeline - INFO - File temp_Expected_arrivals.xml passed validation checks
2025-10-29 21:26:08,259 - vessel_data_pipeline - INFO - Created backup: Expected_arrivals_20251029_212608.xml
2025-10-29 21:26:08,259 - vessel_data_pipeline - INFO - Updated metadata for Expected_arrivals.xml
2025-10-29 21:26:08,259 - vessel_data_pipeline - INFO - Successfully downloaded and validated Expected_arrivals.xml
2025-10-29 21:26:10,264 - vessel_data_pipeline - INFO - Downloading Expected_departures.xml (attempt 1/3)
2025-10-29 21:26:10,540 - vessel_data_pipeline - INFO - File temp_Expected_departures.xml passed validation checks
2025-10-29 21:26:10,540 - vessel_data_pipeline - INFO - Created backup: Expected_departures_20251029_212610.xml
2025-10-29 21:26:10,541 - vessel_data_pipeline - INFO - Updated metadata for Expected_departures.xml
2025-10-29 21:26:10,541 - vessel_data_pipeline - INFO - Successfully downloaded and validated Expected_departures.xml
2025-10-29 21:26:12,543 - vessel_data_pipeline - INFO - Fetch operation completed. Results: {'Arrived_in_last_36_hours.xml': True, 'Departed_in_last_36_hours.xml': True, 'Expected_arrivals.xml': True, 'Expected_departures.xml': True}
2025-10-29 21:26:12,551 - vessel_data_pipeline - INFO - VesselDataFetcher initialized. Pipeline enabled: True
2025-10-29 21:26:12,551 - vessel_data_pipeline - INFO - Starting vessel data fetch operation
2025-10-29 21:26:12,551 - vessel_data_pipeline - INFO - Discovering XML files from Hong Kong Marine Department portal
2025-10-29 21:26:13,172 - vessel_data_pipeline - INFO - Verified access to Arrived_in_last_36_hours.xml
2025-10-29 21:26:13,428 - vessel_data_pipeline - INFO - Verified access to Departed_in_last_36_hours.xml
2025-10-29 21:26:13,873 - vessel_data_pipeline - INFO - Verified access to Expected_arrivals.xml
2025-10-29 21:26:14,373 - vessel_data_pipeline - INFO - Verified access to Expected_departures.xml
2025-10-29 21:26:14,373 - vessel_data_pipeline - INFO - Discovered 4 XML files for download
2025-10-29 21:26:14,373 - vessel_data_pipeline - INFO - Downloading Arrived_in_last_36_hours.xml (attempt 1/3)
2025-10-29 21:26:14,849 - vessel_data_pipeline - INFO - File temp_Arrived_in_last_36_hours.xml passed validation checks
2025-10-29 21:26:14,850 - vessel_data_pipeline - INFO - Created backup: Arrived_in_last_36_hours_20251029_212614.xml
2025-10-29 21:26:14,851 - vessel_data_pipeline - INFO - Updated metadata for Arrived_in_last_36_hours.xml
2025-10-29 21:26:14,851 - vessel_data_pipeline - INFO - Successfully downloaded and validated Arrived_in_last_36_hours.xml
2025-10-29 21:26:16,852 - vessel_data_pipeline - INFO - Downloading Departed_in_last_36_hours.xml (attempt 1/3)
2025-10-29 21:26:17,456 - vessel_data_pipeline - INFO - File temp_Departed_in_last_36_hours.xml passed validation checks
2025-10-29 21:26:17,456 - vessel_data_pipeline - INFO - Created backup: Departed_in_last_36_hours_20251029_212617.xml
2025-10-29 21:26:17,458 - vessel_data_pipeline - INFO - Updated metadata for Departed_in_last_36_hours.xml
2025-10-29 21:26:17,458 - vessel_data_pipeline - INFO - Successfully downloaded and validated Departed_in_last_36_hours.xml
2025-10-29 21:26:19,462 - vessel_data_pipeline - INFO - Downloading Expected_arrivals.xml (attempt 1/3)
2025-10-29 21:26:20,139 - vessel_data_pipeline - INFO - File temp_Expected_arrivals.xml passed validation checks
2025-10-29 21:26:20,140 - vessel_data_pipeline - INFO - Created backup: Expected_arrivals_20251029_212620.xml
2025-10-29 21:26:20,140 - vessel_data_pipeline - INFO - Updated metadata for Expected_arrivals.xml
2025-10-29 21:26:20,140 - vessel_data_pipeline - INFO - Successfully downloaded and validated Expected_arrivals.xml
2025-10-29 21:26:22,144 - vessel_data_pipeline - INFO - Downloading Expected_departures.xml (attempt 1/3)
2025-10-29 21:26:22,502 - vessel_data_pipeline - INFO - File temp_Expected_departures.xml passed validation checks
2025-10-29 21:26:22,502 - vessel_data_pipeline - INFO - Created backup: Expected_departures_20251029_212622.xml
2025-10-29 21:26:22,503 - vessel_data_pipeline - INFO - Updated metadata for Expected_departures.xml
2025-10-29 21:26:22,503 - vessel_data_pipeline - INFO - Successfully downloaded and validated Expected_departures.xml
2025-10-29 21:26:24,505 - vessel_data_pipeline - INFO - Fetch operation completed. Results: {'Arrived_in_last_36_hours.xml': True, 'Departed_in_last_36_hours.xml': True, 'Expected_arrivals.xml': True, 'Expected_departures.xml': True}
2025-10-29 21:26:24,517 - vessel_data_pipeline - INFO - VesselDataFetcher initialized. Pipeline enabled: True
2025-10-29 21:26:24,517 - vessel_data_pipeline - INFO - Starting vessel data fetch operation
2025-10-29 21:26:24,517 - vessel_data_pipeline - INFO - Discovering XML files from Hong Kong Marine Department portal
2025-10-29 21:26:25,063 - vessel_data_pipeline - INFO - Verified access to Arrived_in_last_36_hours.xml
2025-10-29 21:26:26,055 - vessel_data_pipeline - INFO - Verified access to Departed_in_last_36_hours.xml
2025-10-29 21:26:26,351 - vessel_data_pipeline - INFO - Verified access to Expected_arrivals.xml
2025-10-29 21:26:26,387 - vessel_data_pipeline - INFO - Verified access to Expected_departures.xml
2025-10-29 21:26:26,388 - vessel_data_pipeline - INFO - Discovered 4 XML files for download
2025-10-29 21:26:26,388 - vessel_data_pipeline - INFO - Downloading Arrived_in_last_36_hours.xml (attempt 1/3)
2025-10-29 21:26:26,664 - vessel_data_pipeline - INFO - File temp_Arrived_in_last_36_hours.xml passed validation checks
2025-10-29 21:26:26,666 - vessel_data_pipeline - INFO - Created backup: Arrived_in_last_36_hours_20251029_212626.xml
2025-10-29 21:26:26,666 - vessel_data_pipeline - INFO - Updated metadata for Arrived_in_last_36_hours.xml
2025-10-29 21:26:26,666 - vessel_data_pipeline - INFO - Successfully downloaded and validated Arrived_in_last_36_hours.xml
2025-10-29 21:26:28,667 - vessel_data_pipeline - INFO - Downloading Departed_in_last_36_hours.xml (attempt 1/3)
2025-10-29 21:26:29,901 - vessel_data_pipeline - INFO - File temp_Departed_in_last_36_hours.xml passed validation checks
2025-10-29 21:26:29,902 - vessel_data_pipeline - INFO - Created backup: Departed_in_last_36_hours_20251029_212629.xml
2025-10-29 21:26:29,902 - vessel_data_pipeline - INFO - Updated metadata for Departed_in_last_36_hours.xml
2025-10-29 21:26:29,902 - vessel_data_pipeline - INFO - Successfully downloaded and validated Departed_in_last_36_hours.xml
2025-10-29 21:26:31,908 - vessel_data_pipeline - INFO - Downloading Expected_arrivals.xml (attempt 1/3)
2025-10-29 21:26:32,573 - vessel_data_pipeline - INFO - File temp_Expected_arrivals.xml passed validation checks
2025-10-29 21:26:32,582 - vessel_data_pipeline - INFO - Created backup: Expected_arrivals_20251029_212632.xml
2025-10-29 21:26:32,593 - vessel_data_pipeline - INFO - Updated metadata for Expected_arrivals.xml
2025-10-29 21:26:32,593 - vessel_data_pipeline - INFO - Successfully downloaded and validated Expected_arrivals.xml
2025-10-29 21:26:34,598 - vessel_data_pipeline - INFO - Downloading Expected_departures.xml (attempt 1/3)
2025-10-29 21:26:35,164 - vessel_data_pipeline - INFO - File temp_Expected_departures.xml passed validation checks
2025-10-29 21:26:35,164 - vessel_data_pipeline - INFO - Created backup: Expected_departures_20251029_212635.xml
2025-10-29 21:26:35,165 - vessel_data_pipeline - INFO - Updated metadata for Expected_departures.xml
2025-10-29 21:26:35,165 - vessel_data_pipeline - INFO - Successfully downloaded and validated Expected_departures.xml
2025-10-29 21:26:37,170 - vessel_data_pipeline - INFO - Fetch operation completed. Results: {'Arrived_in_last_36_hours.xml': True, 'Departed_in_last_36_hours.xml': True, 'Expected_arrivals.xml': True, 'Expected_departures.xml': True}
2025-10-29 21:26:37,175 - vessel_data_pipeline - INFO - VesselDataFetcher initialized. Pipeline enabled: True
2025-10-29 21:26:37,175 - vessel_data_pipeline - INFO - Starting vessel data fetch operation
2025-10-29 21:26:37,175 - vessel_data_pipeline - INFO - Discovering XML files from Hong Kong Marine Department portal
2025-10-29 21:26:37,621 - vessel_data_pipeline - INFO - Verified access to Arrived_in_last_36_hours.xml
2025-10-29 21:26:38,954 - vessel_data_pipeline - INFO - Verified access to Departed_in_last_36_hours.xml
2025-10-29 21:26:39,629 - vessel_data_pipeline - INFO - Verified access to Expected_arrivals.xml
2025-10-29 21:26:39,888 - vessel_data_pipeline - INFO - Verified access to Expected_departures.xml
2025-10-29 21:26:39,888 - vessel_data_pipeline - INFO - Discovered 4 XML files for download
2025-10-29 21:26:39,888 - vessel_data_pipeline - INFO - Downloading Arrived_in_last_36_hours.xml (attempt 1/3)
2025-10-29 21:26:40,164 - vessel_data_pipeline - INFO - File temp_Arrived_in_last_36_hours.xml passed validation checks
2025-10-29 21:26:40,165 - vessel_data_pipeline - INFO - Created backup: Arrived_in_last_36_hours_20251029_212640.xml
2025-10-29 21:26:40,165 - vessel_data_pipeline - INFO - Updated metadata for Arrived_in_last_36_hours.xml
2025-10-29 21:26:40,165 - vessel_data_pipeline - INFO - Successfully downloaded and validated Arrived_in_last_36_hours.xml
2025-10-29 21:26:42,170 - vessel_data_pipeline - INFO - Downloading Departed_in_last_36_hours.xml (attempt 1/3)
2025-10-29 21:26:43,096 - vessel_data_pipeline - INFO - File temp_Departed_in_last_36_hours.xml passed validation checks
2025-10-29 21:26:43,096 - vessel_data_pipeline - INFO - Created backup: Departed_in_last_36_hours_20251029_212643.xml
2025-10-29 21:26:43,097 - vessel_data_pipeline - INFO - Updated metadata for Departed_in_last_36_hours.xml
2025-10-29 21:26:43,097 - vessel_data_pipeline - INFO - Successfully downloaded and validated Departed_in_last_36_hours.xml
2025-10-29 21:26:45,103 - vessel_data_pipeline - INFO - Downloading Expected_arrivals.xml (attempt 1/3)
2025-10-29 21:26:45,632 - vessel_data_pipeline - INFO - File temp_Expected_arrivals.xml passed validation checks
2025-10-29 21:26:45,633 - vessel_data_pipeline - INFO - Created backup: Expected_arrivals_20251029_212645.xml
2025-10-29 21:26:45,633 - vessel_data_pipeline - INFO - Updated metadata for Expected_arrivals.xml
2025-10-29 21:26:45,633 - vessel_data_pipeline - INFO - Successfully downloaded and validated Expected_arrivals.xml
2025-10-29 21:26:47,638 - vessel_data_pipeline - INFO - Downloading Expected_departures.xml (attempt 1/3)
2025-10-29 21:26:48,001 - vessel_data_pipeline - INFO - File temp_Expected_departures.xml passed validation checks
2025-10-29 21:26:48,019 - vessel_data_pipeline - INFO - Created backup: Expected_departures_20251029_212648.xml
2025-10-29 21:26:48,028 - vessel_data_pipeline - INFO - Updated metadata for Expected_departures.xml
2025-10-29 21:26:48,029 - vessel_data_pipeline - INFO - Successfully downloaded and validated Expected_departures.xml
2025-10-29 21:26:50,035 - vessel_data_pipeline - INFO - Fetch operation completed. Results: {'Arrived_in_last_36_hours.xml': True, 'Departed_in_last_36_hours.xml': True, 'Expected_arrivals.xml': True, 'Expected_departures.xml': True}
2025-10-29 21:26:51,073 - vessel_data_pipeline - INFO - VesselDataFetcher initialized. Pipeline enabled: True
2025-10-29 21:26:51,074 - vessel_data_pipeline - INFO - VesselDataFetcher initialized. Pipeline enabled: True
2025-10-29 21:26:51,074 - vessel_data_pipeline - INFO - Starting vessel data fetch operation
2025-10-29 21:26:51,074 - vessel_data_pipeline - INFO - Discovering XML files from Hong Kong Marine Department portal
2025-10-29 21:26:51,754 - vessel_data_pipeline - INFO - Verified access to Arrived_in_last_36_hours.xml
2025-10-29 21:26:53,074 - vessel_data_pipeline - INFO - Verified access to Departed_in_last_36_hours.xml
2025-10-29 21:26:53,537 - vessel_data_pipeline - INFO - Verified access to Expected_arrivals.xml
2025-10-29 21:26:53,873 - vessel_data_pipeline - INFO - Verified access to Expected_departures.xml
2025-10-29 21:26:53,873 - vessel_data_pipeline - INFO - Discovered 4 XML files for download
2025-10-29 21:26:53,873 - vessel_data_pipeline - INFO - Downloading Arrived_in_last_36_hours.xml (attempt 1/3)
2025-10-29 21:26:54,206 - vessel_data_pipeline - INFO - File temp_Arrived_in_last_36_hours.xml passed validation checks
2025-10-29 21:26:54,208 - vessel_data_pipeline - INFO - Created backup: Arrived_in_last_36_hours_20251029_212654.xml
2025-10-29 21:26:54,209 - vessel_data_pipeline - INFO - Updated metadata for Arrived_in_last_36_hours.xml
2025-10-29 21:26:54,209 - vessel_data_pipeline - INFO - Successfully downloaded and validated Arrived_in_last_36_hours.xml
2025-10-29 21:26:56,211 - vessel_data_pipeline - INFO - Downloading Departed_in_last_36_hours.xml (attempt 1/3)
2025-10-29 21:26:56,967 - vessel_data_pipeline - INFO - File temp_Departed_in_last_36_hours.xml passed validation checks
2025-10-29 21:26:56,968 - vessel_data_pipeline - INFO - Created backup: Departed_in_last_36_hours_20251029_212656.xml
2025-10-29 21:26:56,968 - vessel_data_pipeline - INFO - Updated metadata for Departed_in_last_36_hours.xml
2025-10-29 21:26:56,969 - vessel_data_pipeline - INFO - Successfully downloaded and validated Departed_in_last_36_hours.xml
2025-10-29 21:26:58,974 - vessel_data_pipeline - INFO - Downloading Expected_arrivals.xml (attempt 1/3)
2025-10-29 21:26:59,665 - vessel_data_pipeline - INFO - File temp_Expected_arrivals.xml passed validation checks
2025-10-29 21:26:59,666 - vessel_data_pipeline - INFO - Created backup: Expected_arrivals_20251029_212659.xml
2025-10-29 21:26:59,666 - vessel_data_pipeline - INFO - Updated metadata for Expected_arrivals.xml
2025-10-29 21:26:59,666 - vessel_data_pipeline - INFO - Successfully downloaded and validated Expected_arrivals.xml
2025-10-29 21:27:01,669 - vessel_data_pipeline - INFO - Downloading Expected_departures.xml (attempt 1/3)
2025-10-29 21:27:02,108 - vessel_data_pipeline - INFO - File temp_Expected_departures.xml passed validation checks
2025-10-29 21:27:02,109 - vessel_data_pipeline - INFO - Created backup: Expected_departures_20251029_212702.xml
2025-10-29 21:27:02,109 - vessel_data_pipeline - INFO - Updated metadata for Expected_departures.xml
2025-10-29 21:27:02,109 - vessel_data_pipeline - INFO - Successfully downloaded and validated Expected_departures.xml
2025-10-29 21:27:04,113 - vessel_data_pipeline - INFO - Fetch operation completed. Results: {'Arrived_in_last_36_hours.xml': True, 'Departed_in_last_36_hours.xml': True, 'Expected_arrivals.xml': True, 'Expected_departures.xml': True}
2025-10-29 21:28:44,096 - vessel_data_pipeline - INFO - VesselDataFetcher initialized. Pipeline enabled: True
2025-10-29 21:28:44,097 - vessel_data_pipeline - INFO - Starting vessel data fetch operation
2025-10-29 21:28:44,097 - vessel_data_pipeline - INFO - Discovering XML files from Hong Kong Marine Department portal
2025-10-29 21:28:44,880 - vessel_data_pipeline - INFO - Verified access to Arrived_in_last_36_hours.xml
2025-10-29 21:28:46,063 - vessel_data_pipeline - INFO - Verified access to Departed_in_last_36_hours.xml
2025-10-29 21:28:47,157 - vessel_data_pipeline - INFO - Verified access to Expected_arrivals.xml
2025-10-29 21:28:47,779 - vessel_data_pipeline - INFO - Verified access to Expected_departures.xml
2025-10-29 21:28:47,779 - vessel_data_pipeline - INFO - Discovered 4 XML files for download
2025-10-29 21:28:47,779 - vessel_data_pipeline - INFO - Downloading Arrived_in_last_36_hours.xml (attempt 1/3)
2025-10-29 21:28:48,255 - vessel_data_pipeline - INFO - File temp_Arrived_in_last_36_hours.xml passed validation checks
2025-10-29 21:28:48,256 - vessel_data_pipeline - INFO - Created backup: Arrived_in_last_36_hours_20251029_212848.xml
2025-10-29 21:28:48,257 - vessel_data_pipeline - INFO - Updated metadata for Arrived_in_last_36_hours.xml
2025-10-29 21:28:48,257 - vessel_data_pipeline - INFO - Successfully downloaded and validated Arrived_in_last_36_hours.xml
2025-10-29 21:28:50,262 - vessel_data_pipeline - INFO - Downloading Departed_in_last_36_hours.xml (attempt 1/3)
2025-10-29 21:28:51,468 - vessel_data_pipeline - INFO - File temp_Departed_in_last_36_hours.xml passed validation checks
2025-10-29 21:28:51,469 - vessel_data_pipeline - INFO - Created backup: Departed_in_last_36_hours_20251029_212851.xml
2025-10-29 21:28:51,469 - vessel_data_pipeline - INFO - Updated metadata for Departed_in_last_36_hours.xml
2025-10-29 21:28:51,469 - vessel_data_pipeline - INFO - Successfully downloaded and validated Departed_in_last_36_hours.xml
2025-10-29 21:28:53,472 - vessel_data_pipeline - INFO - Downloading Expected_arrivals.xml (attempt 1/3)
2025-10-29 21:28:53,814 - vessel_data_pipeline - INFO - File temp_Expected_arrivals.xml passed validation checks
2025-10-29 21:28:53,815 - vessel_data_pipeline - INFO - Created backup: Expected_arrivals_20251029_212853.xml
2025-10-29 21:28:53,815 - vessel_data_pipeline - INFO - Updated metadata for Expected_arrivals.xml
2025-10-29 21:28:53,815 - vessel_data_pipeline - INFO - Successfully downloaded and validated Expected_arrivals.xml
2025-10-29 21:28:55,818 - vessel_data_pipeline - INFO - Downloading Expected_departures.xml (attempt 1/3)
2025-10-29 21:28:56,137 - vessel_data_pipeline - INFO - File temp_Expected_departures.xml passed validation checks
2025-10-29 21:28:56,137 - vessel_data_pipeline - INFO - Created backup: Expected_departures_20251029_212856.xml
2025-10-29 21:28:56,138 - vessel_data_pipeline - INFO - Updated metadata for Expected_departures.xml
2025-10-29 21:28:56,138 - vessel_data_pipeline - INFO - Successfully downloaded and validated Expected_departures.xml
2025-10-29 21:28:58,143 - vessel_data_pipeline - INFO - Fetch operation completed. Results: {'Arrived_in_last_36_hours.xml': True, 'Departed_in_last_36_hours.xml': True, 'Expected_arrivals.xml': True, 'Expected_departures.xml': True}
2025-10-29 21:28:58,442 - vessel_data_pipeline - INFO - VesselDataFetcher initialized. Pipeline enabled: True
2025-10-29 21:28:58,444 - vessel_data_pipeline - INFO - Starting vessel data fetch operation
2025-10-29 21:28:58,444 - vessel_data_pipeline - INFO - Discovering XML files from Hong Kong Marine Department portal
2025-10-29 21:28:59,472 - vessel_data_pipeline - INFO - Verified access to Arrived_in_last_36_hours.xml
2025-10-29 21:28:59,940 - vessel_data_pipeline - INFO - Verified access to Departed_in_last_36_hours.xml
2025-10-29 21:29:00,445 - vessel_data_pipeline - INFO - Verified access to Expected_arrivals.xml
2025-10-29 21:29:00,488 - vessel_data_pipeline - INFO - Verified access to Expected_departures.xml
2025-10-29 21:29:00,488 - vessel_data_pipeline - INFO - Discovered 4 XML files for download
2025-10-29 21:29:00,489 - vessel_data_pipeline - INFO - Downloading Arrived_in_last_36_hours.xml (attempt 1/3)
2025-10-29 21:29:00,965 - vessel_data_pipeline - INFO - File temp_Arrived_in_last_36_hours.xml passed validation checks
2025-10-29 21:29:00,966 - vessel_data_pipeline - INFO - Created backup: Arrived_in_last_36_hours_20251029_212900.xml
2025-10-29 21:29:00,966 - vessel_data_pipeline - INFO - Updated metadata for Arrived_in_last_36_hours.xml
2025-10-29 21:29:00,966 - vessel_data_pipeline - INFO - Successfully downloaded and validated Arrived_in_last_36_hours.xml
2025-10-29 21:29:02,971 - vessel_data_pipeline - INFO - Downloading Departed_in_last_36_hours.xml (attempt 1/3)
2025-10-29 21:29:03,688 - vessel_data_pipeline - INFO - File temp_Departed_in_last_36_hours.xml passed validation checks
2025-10-29 21:29:03,689 - vessel_data_pipeline - INFO - Created backup: Departed_in_last_36_hours_20251029_212903.xml
2025-10-29 21:29:03,689 - vessel_data_pipeline - INFO - Updated metadata for Departed_in_last_36_hours.xml
2025-10-29 21:29:03,689 - vessel_data_pipeline - INFO - Successfully downloaded and validated Departed_in_last_36_hours.xml
2025-10-29 21:29:05,694 - vessel_data_pipeline - INFO - Downloading Expected_arrivals.xml (attempt 1/3)
2025-10-29 21:29:06,005 - vessel_data_pipeline - INFO - File temp_Expected_arrivals.xml passed validation checks
2025-10-29 21:29:06,006 - vessel_data_pipeline - INFO - Created backup: Expected_arrivals_20251029_212906.xml
2025-10-29 21:29:06,006 - vessel_data_pipeline - INFO - Updated metadata for Expected_arrivals.xml
2025-10-29 21:29:06,006 - vessel_data_pipeline - INFO - Successfully downloaded and validated Expected_arrivals.xml
2025-10-29 21:29:08,010 - vessel_data_pipeline - INFO - Downloading Expected_departures.xml (attempt 1/3)
2025-10-29 21:29:08,697 - vessel_data_pipeline - INFO - File temp_Expected_departures.xml passed validation checks
2025-10-29 21:29:08,698 - vessel_data_pipeline - INFO - Created backup: Expected_departures_20251029_212908.xml
2025-10-29 21:29:08,699 - vessel_data_pipeline - INFO - Updated metadata for Expected_departures.xml
2025-10-29 21:29:08,700 - vessel_data_pipeline - INFO - Successfully downloaded and validated Expected_departures.xml
2025-10-29 21:29:10,700 - vessel_data_pipeline - INFO - Fetch operation completed. Results: {'Arrived_in_last_36_hours.xml': True, 'Departed_in_last_36_hours.xml': True, 'Expected_arrivals.xml': True, 'Expected_departures.xml': True}
2025-10-29 21:29:10,707 - vessel_data_pipeline - INFO - VesselDataFetcher initialized. Pipeline enabled: True
2025-10-29 21:29:10,710 - vessel_data_pipeline - INFO - Starting vessel data fetch operation
2025-10-29 21:29:10,710 - vessel_data_pipeline - INFO - Discovering XML files from Hong Kong Marine Department portal
2025-10-29 21:29:11,167 - vessel_data_pipeline - INFO - Verified access to Arrived_in_last_36_hours.xml
2025-10-29 21:29:11,895 - vessel_data_pipeline - INFO - Verified access to Departed_in_last_36_hours.xml
2025-10-29 21:29:12,364 - vessel_data_pipeline - INFO - Verified access to Expected_arrivals.xml
2025-10-29 21:29:12,834 - vessel_data_pipeline - INFO - Verified access to Expected_departures.xml
2025-10-29 21:29:12,835 - vessel_data_pipeline - INFO - Discovered 4 XML files for download
2025-10-29 21:29:12,835 - vessel_data_pipeline - INFO - Downloading Arrived_in_last_36_hours.xml (attempt 1/3)
2025-10-29 21:29:13,137 - vessel_data_pipeline - INFO - File temp_Arrived_in_last_36_hours.xml passed validation checks
2025-10-29 21:29:13,138 - vessel_data_pipeline - INFO - Created backup: Arrived_in_last_36_hours_20251029_212913.xml
2025-10-29 21:29:13,139 - vessel_data_pipeline - INFO - Updated metadata for Arrived_in_last_36_hours.xml
2025-10-29 21:29:13,139 - vessel_data_pipeline - INFO - Successfully downloaded and validated Arrived_in_last_36_hours.xml
2025-10-29 21:29:15,143 - vessel_data_pipeline - INFO - Downloading Departed_in_last_36_hours.xml (attempt 1/3)
2025-10-29 21:29:15,657 - vessel_data_pipeline - INFO - File temp_Departed_in_last_36_hours.xml passed validation checks
2025-10-29 21:29:15,658 - vessel_data_pipeline - INFO - Created backup: Departed_in_last_36_hours_20251029_212915.xml
2025-10-29 21:29:15,658 - vessel_data_pipeline - INFO - Updated metadata for Departed_in_last_36_hours.xml
2025-10-29 21:29:15,658 - vessel_data_pipeline - INFO - Successfully downloaded and validated Departed_in_last_36_hours.xml
2025-10-29 21:29:17,661 - vessel_data_pipeline - INFO - Downloading Expected_arrivals.xml (attempt 1/3)
2025-10-29 21:29:17,955 - vessel_data_pipeline - INFO - File temp_Expected_arrivals.xml passed validation checks
2025-10-29 21:29:17,955 - vessel_data_pipeline - INFO - Created backup: Expected_arrivals_20251029_212917.xml
2025-10-29 21:29:17,955 - vessel_data_pipeline - INFO - Updated metadata for Expected_arrivals.xml
2025-10-29 21:29:17,955 - vessel_data_pipeline - INFO - Successfully downloaded and validated Expected_arrivals.xml
2025-10-29 21:29:19,960 - vessel_data_pipeline - INFO - Downloading Expected_departures.xml (attempt 1/3)
2025-10-29 21:29:20,472 - vessel_data_pipeline - INFO - File temp_Expected_departures.xml passed validation checks
2025-10-29 21:29:20,473 - vessel_data_pipeline - INFO - Created backup: Expected_departures_20251029_212920.xml
2025-10-29 21:29:20,473 - vessel_data_pipeline - INFO - Updated metadata for Expected_departures.xml
2025-10-29 21:29:20,473 - vessel_data_pipeline - INFO - Successfully downloaded and validated Expected_departures.xml
2025-10-29 21:29:22,479 - vessel_data_pipeline - INFO - Fetch operation completed. Results: {'Arrived_in_last_36_hours.xml': True, 'Departed_in_last_36_hours.xml': True, 'Expected_arrivals.xml': True, 'Expected_departures.xml': True}
2025-10-29 21:29:25,402 - vessel_data_pipeline - INFO - VesselDataFetcher initialized. Pipeline enabled: True
2025-10-29 21:29:25,402 - vessel_data_pipeline - INFO - Starting vessel data fetch operation
2025-10-29 21:29:25,402 - vessel_data_pipeline - INFO - Discovering XML files from Hong Kong Marine Department portal
2025-10-29 21:29:25,703 - vessel_data_pipeline - INFO - Verified access to Arrived_in_last_36_hours.xml
2025-10-29 21:29:26,198 - vessel_data_pipeline - INFO - Verified access to Departed_in_last_36_hours.xml
2025-10-29 21:29:26,489 - vessel_data_pipeline - INFO - Verified access to Expected_arrivals.xml
2025-10-29 21:29:27,106 - vessel_data_pipeline - INFO - Verified access to Expected_departures.xml
2025-10-29 21:29:27,106 - vessel_data_pipeline - INFO - Discovered 4 XML files for download
2025-10-29 21:29:27,106 - vessel_data_pipeline - INFO - Downloading Arrived_in_last_36_hours.xml (attempt 1/3)
2025-10-29 21:29:27,381 - vessel_data_pipeline - INFO - File temp_Arrived_in_last_36_hours.xml passed validation checks
2025-10-29 21:29:27,382 - vessel_data_pipeline - INFO - Created backup: Arrived_in_last_36_hours_20251029_212927.xml
2025-10-29 21:29:27,382 - vessel_data_pipeline - INFO - Updated metadata for Arrived_in_last_36_hours.xml
2025-10-29 21:29:27,383 - vessel_data_pipeline - INFO - Successfully downloaded and validated Arrived_in_last_36_hours.xml
2025-10-29 21:29:29,384 - vessel_data_pipeline - INFO - Downloading Departed_in_last_36_hours.xml (attempt 1/3)
2025-10-29 21:29:30,506 - vessel_data_pipeline - INFO - File temp_Departed_in_last_36_hours.xml passed validation checks
2025-10-29 21:29:30,507 - vessel_data_pipeline - INFO - Created backup: Departed_in_last_36_hours_20251029_212930.xml
2025-10-29 21:29:30,507 - vessel_data_pipeline - INFO - Updated metadata for Departed_in_last_36_hours.xml
2025-10-29 21:29:30,507 - vessel_data_pipeline - INFO - Successfully downloaded and validated Departed_in_last_36_hours.xml
2025-10-29 21:29:32,512 - vessel_data_pipeline - INFO - Downloading Expected_arrivals.xml (attempt 1/3)
2025-10-29 21:29:33,446 - vessel_data_pipeline - INFO - File temp_Expected_arrivals.xml passed validation checks
2025-10-29 21:29:33,447 - vessel_data_pipeline - INFO - Created backup: Expected_arrivals_20251029_212933.xml
2025-10-29 21:29:33,448 - vessel_data_pipeline - INFO - Updated metadata for Expected_arrivals.xml
2025-10-29 21:29:33,448 - vessel_data_pipeline - INFO - Successfully downloaded and validated Expected_arrivals.xml
2025-10-29 21:29:35,448 - vessel_data_pipeline - INFO - Downloading Expected_departures.xml (attempt 1/3)
2025-10-29 21:29:35,732 - vessel_data_pipeline - INFO - File temp_Expected_departures.xml passed validation checks
2025-10-29 21:29:35,732 - vessel_data_pipeline - INFO - Created backup: Expected_departures_20251029_212935.xml
2025-10-29 21:29:35,732 - vessel_data_pipeline - INFO - Updated metadata for Expected_departures.xml
2025-10-29 21:29:35,732 - vessel_data_pipeline - INFO - Successfully downloaded and validated Expected_departures.xml
2025-10-29 21:29:37,734 - vessel_data_pipeline - INFO - Fetch operation completed. Results: {'Arrived_in_last_36_hours.xml': True, 'Departed_in_last_36_hours.xml': True, 'Expected_arrivals.xml': True, 'Expected_departures.xml': True}
2025-10-29 21:29:37,740 - vessel_data_pipeline - INFO - VesselDataFetcher initialized. Pipeline enabled: True
2025-10-29 21:29:37,741 - vessel_data_pipeline - INFO - Starting vessel data fetch operation
2025-10-29 21:29:37,741 - vessel_data_pipeline - INFO - Discovering XML files from Hong Kong Marine Department portal
2025-10-29 21:29:38,518 - vessel_data_pipeline - INFO - Verified access to Arrived_in_last_36_hours.xml
2025-10-29 21:29:39,439 - vessel_data_pipeline - INFO - Verified access to Departed_in_last_36_hours.xml
2025-10-29 21:29:39,914 - vessel_data_pipeline - INFO - Verified access to Expected_arrivals.xml
2025-10-29 21:29:40,436 - vessel_data_pipeline - INFO - Verified access to Expected_departures.xml
2025-10-29 21:29:40,436 - vessel_data_pipeline - INFO - Discovered 4 XML files for download
2025-10-29 21:29:40,436 - vessel_data_pipeline - INFO - Downloading Arrived_in_last_36_hours.xml (attempt 1/3)
2025-10-29 21:29:41,136 - vessel_data_pipeline - INFO - File temp_Arrived_in_last_36_hours.xml passed validation checks
2025-10-29 21:29:41,138 - vessel_data_pipeline - INFO - Created backup: Arrived_in_last_36_hours_20251029_212941.xml
2025-10-29 21:29:41,138 - vessel_data_pipeline - INFO - Updated metadata for Arrived_in_last_36_hours.xml
2025-10-29 21:29:41,139 - vessel_data_pipeline - INFO - Successfully downloaded and validated Arrived_in_last_36_hours.xml
2025-10-29 21:29:43,142 - vessel_data_pipeline - INFO - Downloading Departed_in_last_36_hours.xml (attempt 1/3)
2025-10-29 21:29:44,330 - vessel_data_pipeline - INFO - File temp_Departed_in_last_36_hours.xml passed validation checks
2025-10-29 21:29:44,330 - vessel_data_pipeline - INFO - Created backup: Departed_in_last_36_hours_20251029_212944.xml
2025-10-29 21:29:44,331 - vessel_data_pipeline - INFO - Updated metadata for Departed_in_last_36_hours.xml
2025-10-29 21:29:44,331 - vessel_data_pipeline - INFO - Successfully downloaded and validated Departed_in_last_36_hours.xml
2025-10-29 21:29:46,335 - vessel_data_pipeline - INFO - Downloading Expected_arrivals.xml (attempt 1/3)
2025-10-29 21:29:46,799 - vessel_data_pipeline - INFO - File temp_Expected_arrivals.xml passed validation checks
2025-10-29 21:29:46,800 - vessel_data_pipeline - INFO - Created backup: Expected_arrivals_20251029_212946.xml
2025-10-29 21:29:46,801 - vessel_data_pipeline - INFO - Updated metadata for Expected_arrivals.xml
2025-10-29 21:29:46,801 - vessel_data_pipeline - INFO - Successfully downloaded and validated Expected_arrivals.xml
2025-10-29 21:29:48,803 - vessel_data_pipeline - INFO - Downloading Expected_departures.xml (attempt 1/3)
2025-10-29 21:29:49,084 - vessel_data_pipeline - INFO - File temp_Expected_departures.xml passed validation checks
2025-10-29 21:29:49,085 - vessel_data_pipeline - INFO - Created backup: Expected_departures_20251029_212949.xml
2025-10-29 21:29:49,085 - vessel_data_pipeline - INFO - Updated metadata for Expected_departures.xml
2025-10-29 21:29:49,085 - vessel_data_pipeline - INFO - Successfully downloaded and validated Expected_departures.xml
2025-10-29 21:29:51,089 - vessel_data_pipeline - INFO - Fetch operation completed. Results: {'Arrived_in_last_36_hours.xml': True, 'Departed_in_last_36_hours.xml': True, 'Expected_arrivals.xml': True, 'Expected_departures.xml': True}
2025-10-29 21:29:51,102 - vessel_data_pipeline - INFO - VesselDataFetcher initialized. Pipeline enabled: True
2025-10-29 21:29:51,102 - vessel_data_pipeline - INFO - Starting vessel data fetch operation
2025-10-29 21:29:51,102 - vessel_data_pipeline - INFO - Discovering XML files from Hong Kong Marine Department portal
2025-10-29 21:29:51,748 - vessel_data_pipeline - INFO - Verified access to Arrived_in_last_36_hours.xml
2025-10-29 21:29:52,211 - vessel_data_pipeline - INFO - Verified access to Departed_in_last_36_hours.xml
2025-10-29 21:29:52,713 - vessel_data_pipeline - INFO - Verified access to Expected_arrivals.xml
2025-10-29 21:29:52,959 - vessel_data_pipeline - INFO - Verified access to Expected_departures.xml
2025-10-29 21:29:52,959 - vessel_data_pipeline - INFO - Discovered 4 XML files for download
2025-10-29 21:29:52,959 - vessel_data_pipeline - INFO - Downloading Arrived_in_last_36_hours.xml (attempt 1/3)
2025-10-29 21:29:53,227 - vessel_data_pipeline - INFO - File temp_Arrived_in_last_36_hours.xml passed validation checks
2025-10-29 21:29:53,228 - vessel_data_pipeline - INFO - Created backup: Arrived_in_last_36_hours_20251029_212953.xml
2025-10-29 21:29:53,228 - vessel_data_pipeline - INFO - Updated metadata for Arrived_in_last_36_hours.xml
2025-10-29 21:29:53,229 - vessel_data_pipeline - INFO - Successfully downloaded and validated Arrived_in_last_36_hours.xml
2025-10-29 21:29:55,234 - vessel_data_pipeline - INFO - Downloading Departed_in_last_36_hours.xml (attempt 1/3)
2025-10-29 21:29:55,738 - vessel_data_pipeline - INFO - File temp_Departed_in_last_36_hours.xml passed validation checks
2025-10-29 21:29:55,738 - vessel_data_pipeline - INFO - Created backup: Departed_in_last_36_hours_20251029_212955.xml
2025-10-29 21:29:55,739 - vessel_data_pipeline - INFO - Updated metadata for Departed_in_last_36_hours.xml
2025-10-29 21:29:55,739 - vessel_data_pipeline - INFO - Successfully downloaded and validated Departed_in_last_36_hours.xml
2025-10-29 21:29:57,740 - vessel_data_pipeline - INFO - Downloading Expected_arrivals.xml (attempt 1/3)
2025-10-29 21:29:58,493 - vessel_data_pipeline - INFO - File temp_Expected_arrivals.xml passed validation checks
2025-10-29 21:29:58,495 - vessel_data_pipeline - INFO - Created backup: Expected_arrivals_20251029_212958.xml
2025-10-29 21:29:58,496 - vessel_data_pipeline - INFO - Updated metadata for Expected_arrivals.xml
2025-10-29 21:29:58,496 - vessel_data_pipeline - INFO - Successfully downloaded and validated Expected_arrivals.xml
2025-10-29 21:30:00,501 - vessel_data_pipeline - INFO - Downloading Expected_departures.xml (attempt 1/3)
2025-10-29 21:30:00,835 - vessel_data_pipeline - INFO - File temp_Expected_departures.xml passed validation checks
2025-10-29 21:30:00,836 - vessel_data_pipeline - INFO - Created backup: Expected_departures_20251029_213000.xml
2025-10-29 21:30:00,836 - vessel_data_pipeline - INFO - Updated metadata for Expected_departures.xml
2025-10-29 21:30:00,836 - vessel_data_pipeline - INFO - Successfully downloaded and validated Expected_departures.xml
2025-10-29 21:30:02,841 - vessel_data_pipeline - INFO - Fetch operation completed. Results: {'Arrived_in_last_36_hours.xml': True, 'Departed_in_last_36_hours.xml': True, 'Expected_arrivals.xml': True, 'Expected_departures.xml': True}
2025-10-29 21:30:02,845 - vessel_data_pipeline - INFO - VesselDataFetcher initialized. Pipeline enabled: True
2025-10-29 21:30:02,845 - vessel_data_pipeline - INFO - Starting vessel data fetch operation
2025-10-29 21:30:02,845 - vessel_data_pipeline - INFO - Discovering XML files from Hong Kong Marine Department portal
2025-10-29 21:30:03,126 - vessel_data_pipeline - INFO - Verified access to Arrived_in_last_36_hours.xml
2025-10-29 21:30:04,054 - vessel_data_pipeline - INFO - Verified access to Departed_in_last_36_hours.xml
2025-10-29 21:30:04,338 - vessel_data_pipeline - INFO - Verified access to Expected_arrivals.xml
2025-10-29 21:30:04,593 - vessel_data_pipeline - INFO - Verified access to Expected_departures.xml
2025-10-29 21:30:04,594 - vessel_data_pipeline - INFO - Discovered 4 XML files for download
2025-10-29 21:30:04,594 - vessel_data_pipeline - INFO - Downloading Arrived_in_last_36_hours.xml (attempt 1/3)
2025-10-29 21:30:05,280 - vessel_data_pipeline - INFO - File temp_Arrived_in_last_36_hours.xml passed validation checks
2025-10-29 21:30:05,281 - vessel_data_pipeline - INFO - Created backup: Arrived_in_last_36_hours_20251029_213005.xml
2025-10-29 21:30:05,282 - vessel_data_pipeline - INFO - Updated metadata for Arrived_in_last_36_hours.xml
2025-10-29 21:30:05,282 - vessel_data_pipeline - INFO - Successfully downloaded and validated Arrived_in_last_36_hours.xml
2025-10-29 21:30:07,287 - vessel_data_pipeline - INFO - Downloading Departed_in_last_36_hours.xml (attempt 1/3)
2025-10-29 21:30:07,844 - vessel_data_pipeline - INFO - File temp_Departed_in_last_36_hours.xml passed validation checks
2025-10-29 21:30:07,845 - vessel_data_pipeline - INFO - Created backup: Departed_in_last_36_hours_20251029_213007.xml
2025-10-29 21:30:07,845 - vessel_data_pipeline - INFO - Updated metadata for Departed_in_last_36_hours.xml
2025-10-29 21:30:07,845 - vessel_data_pipeline - INFO - Successfully downloaded and validated Departed_in_last_36_hours.xml
2025-10-29 21:30:09,850 - vessel_data_pipeline - INFO - Downloading Expected_arrivals.xml (attempt 1/3)
2025-10-29 21:30:10,364 - vessel_data_pipeline - INFO - File temp_Expected_arrivals.xml passed validation checks
2025-10-29 21:30:10,366 - vessel_data_pipeline - INFO - Created backup: Expected_arrivals_20251029_213010.xml
2025-10-29 21:30:10,366 - vessel_data_pipeline - INFO - Updated metadata for Expected_arrivals.xml
2025-10-29 21:30:10,366 - vessel_data_pipeline - INFO - Successfully downloaded and validated Expected_arrivals.xml
2025-10-29 21:30:12,367 - vessel_data_pipeline - INFO - Downloading Expected_departures.xml (attempt 1/3)
2025-10-29 21:30:12,844 - vessel_data_pipeline - INFO - File temp_Expected_departures.xml passed validation checks
2025-10-29 21:30:12,845 - vessel_data_pipeline - INFO - Created backup: Expected_departures_20251029_213012.xml
2025-10-29 21:30:12,845 - vessel_data_pipeline - INFO - Updated metadata for Expected_departures.xml
2025-10-29 21:30:12,845 - vessel_data_pipeline - INFO - Successfully downloaded and validated Expected_departures.xml
2025-10-29 21:30:14,851 - vessel_data_pipeline - INFO - Fetch operation completed. Results: {'Arrived_in_last_36_hours.xml': True, 'Departed_in_last_36_hours.xml': True, 'Expected_arrivals.xml': True, 'Expected_departures.xml': True}
2025-10-29 21:30:15,786 - vessel_data_pipeline - INFO - VesselDataFetcher initialized. Pipeline enabled: True
2025-10-29 21:30:15,788 - vessel_data_pipeline - INFO - VesselDataFetcher initialized. Pipeline enabled: True
2025-10-29 21:30:15,788 - vessel_data_pipeline - INFO - Starting vessel data fetch operation
2025-10-29 21:30:15,788 - vessel_data_pipeline - INFO - Discovering XML files from Hong Kong Marine Department portal
2025-10-29 21:30:16,205 - vessel_data_pipeline - INFO - Verified access to Arrived_in_last_36_hours.xml
2025-10-29 21:30:16,690 - vessel_data_pipeline - INFO - Verified access to Departed_in_last_36_hours.xml
2025-10-29 21:30:16,736 - vessel_data_pipeline - INFO - Verified access to Expected_arrivals.xml
2025-10-29 21:30:17,203 - vessel_data_pipeline - INFO - Verified access to Expected_departures.xml
2025-10-29 21:30:17,204 - vessel_data_pipeline - INFO - Discovered 4 XML files for download
2025-10-29 21:30:17,204 - vessel_data_pipeline - INFO - Downloading Arrived_in_last_36_hours.xml (attempt 1/3)
2025-10-29 21:30:17,494 - vessel_data_pipeline - INFO - File temp_Arrived_in_last_36_hours.xml passed validation checks
2025-10-29 21:30:17,495 - vessel_data_pipeline - INFO - Created backup: Arrived_in_last_36_hours_20251029_213017.xml
2025-10-29 21:30:17,496 - vessel_data_pipeline - INFO - Updated metadata for Arrived_in_last_36_hours.xml
2025-10-29 21:30:17,496 - vessel_data_pipeline - INFO - Successfully downloaded and validated Arrived_in_last_36_hours.xml
2025-10-29 21:30:19,499 - vessel_data_pipeline - INFO - Downloading Departed_in_last_36_hours.xml (attempt 1/3)
2025-10-29 21:30:19,798 - vessel_data_pipeline - INFO - File temp_Departed_in_last_36_hours.xml passed validation checks
2025-10-29 21:30:19,798 - vessel_data_pipeline - INFO - Created backup: Departed_in_last_36_hours_20251029_213019.xml
2025-10-29 21:30:19,798 - vessel_data_pipeline - INFO - Updated metadata for Departed_in_last_36_hours.xml
2025-10-29 21:30:19,798 - vessel_data_pipeline - INFO - Successfully downloaded and validated Departed_in_last_36_hours.xml
2025-10-29 21:30:21,802 - vessel_data_pipeline - INFO - Downloading Expected_arrivals.xml (attempt 1/3)
2025-10-29 21:30:22,298 - vessel_data_pipeline - INFO - File temp_Expected_arrivals.xml passed validation checks
2025-10-29 21:30:22,299 - vessel_data_pipeline - INFO - Created backup: Expected_arrivals_20251029_213022.xml
2025-10-29 21:30:22,299 - vessel_data_pipeline - INFO - Updated metadata for Expected_arrivals.xml
2025-10-29 21:30:22,299 - vessel_data_pipeline - INFO - Successfully downloaded and validated Expected_arrivals.xml
2025-10-29 21:30:24,303 - vessel_data_pipeline - INFO - Downloading Expected_departures.xml (attempt 1/3)
2025-10-29 21:30:24,596 - vessel_data_pipeline - INFO - File temp_Expected_departures.xml passed validation checks
2025-10-29 21:30:24,597 - vessel_data_pipeline - INFO - Created backup: Expected_departures_20251029_213024.xml
2025-10-29 21:30:24,597 - vessel_data_pipeline - INFO - Updated metadata for Expected_departures.xml
2025-10-29 21:30:24,597 - vessel_data_pipeline - INFO - Successfully downloaded and validated Expected_departures.xml
2025-10-29 21:30:26,600 - vessel_data_pipeline - INFO - Fetch operation completed. Results: {'Arrived_in_last_36_hours.xml': True, 'Departed_in_last_36_hours.xml': True, 'Expected_arrivals.xml': True, 'Expected_departures.xml': True}
2025-10-29 21:31:18,538 - vessel_data_pipeline - INFO - VesselDataFetcher initialized. Pipeline enabled: True
2025-10-29 21:31:18,539 - vessel_data_pipeline - INFO - Starting vessel data fetch operation
2025-10-29 21:31:18,539 - vessel_data_pipeline - INFO - Discovering XML files from Hong Kong Marine Department portal
2025-10-29 21:31:19,331 - vessel_data_pipeline - INFO - Verified access to Arrived_in_last_36_hours.xml
2025-10-29 21:31:19,586 - vessel_data_pipeline - INFO - Verified access to Departed_in_last_36_hours.xml
2025-10-29 21:31:20,064 - vessel_data_pipeline - INFO - Verified access to Expected_arrivals.xml
2025-10-29 21:31:20,546 - vessel_data_pipeline - INFO - Verified access to Expected_departures.xml
2025-10-29 21:31:20,547 - vessel_data_pipeline - INFO - Discovered 4 XML files for download
2025-10-29 21:31:20,547 - vessel_data_pipeline - INFO - Downloading Arrived_in_last_36_hours.xml (attempt 1/3)
2025-10-29 21:31:20,841 - vessel_data_pipeline - INFO - File temp_Arrived_in_last_36_hours.xml passed validation checks
2025-10-29 21:31:20,842 - vessel_data_pipeline - INFO - Created backup: Arrived_in_last_36_hours_20251029_213120.xml
2025-10-29 21:31:20,843 - vessel_data_pipeline - INFO - Updated metadata for Arrived_in_last_36_hours.xml
2025-10-29 21:31:20,843 - vessel_data_pipeline - INFO - Successfully downloaded and validated Arrived_in_last_36_hours.xml
2025-10-29 21:31:22,848 - vessel_data_pipeline - INFO - Downloading Departed_in_last_36_hours.xml (attempt 1/3)
2025-10-29 21:31:23,160 - vessel_data_pipeline - INFO - File temp_Departed_in_last_36_hours.xml passed validation checks
2025-10-29 21:31:23,161 - vessel_data_pipeline - INFO - Created backup: Departed_in_last_36_hours_20251029_213123.xml
2025-10-29 21:31:23,161 - vessel_data_pipeline - INFO - Updated metadata for Departed_in_last_36_hours.xml
2025-10-29 21:31:23,161 - vessel_data_pipeline - INFO - Successfully downloaded and validated Departed_in_last_36_hours.xml
2025-10-29 21:31:25,165 - vessel_data_pipeline - INFO - Downloading Expected_arrivals.xml (attempt 1/3)
2025-10-29 21:31:25,443 - vessel_data_pipeline - INFO - File temp_Expected_arrivals.xml passed validation checks
2025-10-29 21:31:25,444 - vessel_data_pipeline - INFO - Created backup: Expected_arrivals_20251029_213125.xml
2025-10-29 21:31:25,444 - vessel_data_pipeline - INFO - Updated metadata for Expected_arrivals.xml
2025-10-29 21:31:25,444 - vessel_data_pipeline - INFO - Successfully downloaded and validated Expected_arrivals.xml
2025-10-29 21:31:27,445 - vessel_data_pipeline - INFO - Downloading Expected_departures.xml (attempt 1/3)
2025-10-29 21:31:27,885 - vessel_data_pipeline - INFO - File temp_Expected_departures.xml passed validation checks
2025-10-29 21:31:27,886 - vessel_data_pipeline - INFO - Created backup: Expected_departures_20251029_213127.xml
2025-10-29 21:31:27,887 - vessel_data_pipeline - INFO - Updated metadata for Expected_departures.xml
2025-10-29 21:31:27,887 - vessel_data_pipeline - INFO - Successfully downloaded and validated Expected_departures.xml
2025-10-29 21:31:29,889 - vessel_data_pipeline - INFO - Fetch operation completed. Results: {'Arrived_in_last_36_hours.xml': True, 'Departed_in_last_36_hours.xml': True, 'Expected_arrivals.xml': True, 'Expected_departures.xml': True}
2025-10-29 21:31:30,228 - vessel_data_pipeline - INFO - VesselDataFetcher initialized. Pipeline enabled: True
2025-10-29 21:31:30,229 - vessel_data_pipeline - INFO - Starting vessel data fetch operation
2025-10-29 21:31:30,229 - vessel_data_pipeline - INFO - Discovering XML files from Hong Kong Marine Department portal
2025-10-29 21:31:30,751 - vessel_data_pipeline - INFO - Verified access to Arrived_in_last_36_hours.xml
2025-10-29 21:31:30,998 - vessel_data_pipeline - INFO - Verified access to Departed_in_last_36_hours.xml
2025-10-29 21:31:32,112 - vessel_data_pipeline - INFO - Verified access to Expected_arrivals.xml
2025-10-29 21:31:32,608 - vessel_data_pipeline - INFO - Verified access to Expected_departures.xml
2025-10-29 21:31:32,608 - vessel_data_pipeline - INFO - Discovered 4 XML files for download
2025-10-29 21:31:32,608 - vessel_data_pipeline - INFO - Downloading Arrived_in_last_36_hours.xml (attempt 1/3)
2025-10-29 21:31:33,083 - vessel_data_pipeline - INFO - File temp_Arrived_in_last_36_hours.xml passed validation checks
2025-10-29 21:31:33,088 - vessel_data_pipeline - INFO - Created backup: Arrived_in_last_36_hours_20251029_213133.xml
2025-10-29 21:31:33,088 - vessel_data_pipeline - INFO - Updated metadata for Arrived_in_last_36_hours.xml
2025-10-29 21:31:33,088 - vessel_data_pipeline - INFO - Successfully downloaded and validated Arrived_in_last_36_hours.xml
2025-10-29 21:31:35,093 - vessel_data_pipeline - INFO - Downloading Departed_in_last_36_hours.xml (attempt 1/3)
2025-10-29 21:31:35,837 - vessel_data_pipeline - INFO - File temp_Departed_in_last_36_hours.xml passed validation checks
2025-10-29 21:31:35,837 - vessel_data_pipeline - INFO - Created backup: Departed_in_last_36_hours_20251029_213135.xml
2025-10-29 21:31:35,838 - vessel_data_pipeline - INFO - Updated metadata for Departed_in_last_36_hours.xml
2025-10-29 21:31:35,838 - vessel_data_pipeline - INFO - Successfully downloaded and validated Departed_in_last_36_hours.xml
2025-10-29 21:31:37,843 - vessel_data_pipeline - INFO - Downloading Expected_arrivals.xml (attempt 1/3)
2025-10-29 21:31:38,120 - vessel_data_pipeline - INFO - File temp_Expected_arrivals.xml passed validation checks
2025-10-29 21:31:38,121 - vessel_data_pipeline - INFO - Created backup: Expected_arrivals_20251029_213138.xml
2025-10-29 21:31:38,122 - vessel_data_pipeline - INFO - Updated metadata for Expected_arrivals.xml
2025-10-29 21:31:38,122 - vessel_data_pipeline - INFO - Successfully downloaded and validated Expected_arrivals.xml
2025-10-29 21:31:40,127 - vessel_data_pipeline - INFO - Downloading Expected_departures.xml (attempt 1/3)
2025-10-29 21:31:40,421 - vessel_data_pipeline - INFO - File temp_Expected_departures.xml passed validation checks
2025-10-29 21:31:40,422 - vessel_data_pipeline - INFO - Created backup: Expected_departures_20251029_213140.xml
2025-10-29 21:31:40,422 - vessel_data_pipeline - INFO - Updated metadata for Expected_departures.xml
2025-10-29 21:31:40,422 - vessel_data_pipeline - INFO - Successfully downloaded and validated Expected_departures.xml
2025-10-29 21:31:42,426 - vessel_data_pipeline - INFO - Fetch operation completed. Results: {'Arrived_in_last_36_hours.xml': True, 'Departed_in_last_36_hours.xml': True, 'Expected_arrivals.xml': True, 'Expected_departures.xml': True}
2025-10-29 21:31:42,434 - vessel_data_pipeline - INFO - VesselDataFetcher initialized. Pipeline enabled: True
2025-10-29 21:31:42,434 - vessel_data_pipeline - INFO - Starting vessel data fetch operation
2025-10-29 21:31:42,434 - vessel_data_pipeline - INFO - Discovering XML files from Hong Kong Marine Department portal
2025-10-29 21:31:42,787 - vessel_data_pipeline - INFO - Verified access to Arrived_in_last_36_hours.xml
2025-10-29 21:31:43,471 - vessel_data_pipeline - INFO - Verified access to Departed_in_last_36_hours.xml
2025-10-29 21:31:43,806 - vessel_data_pipeline - INFO - Verified access to Expected_arrivals.xml
2025-10-29 21:31:44,267 - vessel_data_pipeline - INFO - Verified access to Expected_departures.xml
2025-10-29 21:31:44,267 - vessel_data_pipeline - INFO - Discovered 4 XML files for download
2025-10-29 21:31:44,267 - vessel_data_pipeline - INFO - Downloading Arrived_in_last_36_hours.xml (attempt 1/3)
2025-10-29 21:31:44,542 - vessel_data_pipeline - INFO - File temp_Arrived_in_last_36_hours.xml passed validation checks
2025-10-29 21:31:44,543 - vessel_data_pipeline - INFO - Created backup: Arrived_in_last_36_hours_20251029_213144.xml
2025-10-29 21:31:44,544 - vessel_data_pipeline - INFO - Updated metadata for Arrived_in_last_36_hours.xml
2025-10-29 21:31:44,545 - vessel_data_pipeline - INFO - Successfully downloaded and validated Arrived_in_last_36_hours.xml
2025-10-29 21:31:46,550 - vessel_data_pipeline - INFO - Downloading Departed_in_last_36_hours.xml (attempt 1/3)
2025-10-29 21:31:47,272 - vessel_data_pipeline - INFO - File temp_Departed_in_last_36_hours.xml passed validation checks
2025-10-29 21:31:47,273 - vessel_data_pipeline - INFO - Created backup: Departed_in_last_36_hours_20251029_213147.xml
2025-10-29 21:31:47,273 - vessel_data_pipeline - INFO - Updated metadata for Departed_in_last_36_hours.xml
2025-10-29 21:31:47,273 - vessel_data_pipeline - INFO - Successfully downloaded and validated Departed_in_last_36_hours.xml
2025-10-29 21:31:49,274 - vessel_data_pipeline - INFO - Downloading Expected_arrivals.xml (attempt 1/3)
2025-10-29 21:31:50,055 - vessel_data_pipeline - INFO - File temp_Expected_arrivals.xml passed validation checks
2025-10-29 21:31:50,056 - vessel_data_pipeline - INFO - Created backup: Expected_arrivals_20251029_213150.xml
2025-10-29 21:31:50,057 - vessel_data_pipeline - INFO - Updated metadata for Expected_arrivals.xml
2025-10-29 21:31:50,057 - vessel_data_pipeline - INFO - Successfully downloaded and validated Expected_arrivals.xml
2025-10-29 21:31:52,063 - vessel_data_pipeline - INFO - Downloading Expected_departures.xml (attempt 1/3)
2025-10-29 21:31:52,584 - vessel_data_pipeline - INFO - File temp_Expected_departures.xml passed validation checks
2025-10-29 21:31:52,585 - vessel_data_pipeline - INFO - Created backup: Expected_departures_20251029_213152.xml
2025-10-29 21:31:52,585 - vessel_data_pipeline - INFO - Updated metadata for Expected_departures.xml
2025-10-29 21:31:52,585 - vessel_data_pipeline - INFO - Successfully downloaded and validated Expected_departures.xml
2025-10-29 21:31:54,591 - vessel_data_pipeline - INFO - Fetch operation completed. Results: {'Arrived_in_last_36_hours.xml': True, 'Departed_in_last_36_hours.xml': True, 'Expected_arrivals.xml': True, 'Expected_departures.xml': True}
2025-10-29 21:31:57,557 - vessel_data_pipeline - INFO - VesselDataFetcher initialized. Pipeline enabled: True
2025-10-29 21:31:57,558 - vessel_data_pipeline - INFO - Starting vessel data fetch operation
2025-10-29 21:31:57,558 - vessel_data_pipeline - INFO - Discovering XML files from Hong Kong Marine Department portal
2025-10-29 21:31:57,951 - vessel_data_pipeline - INFO - Verified access to Arrived_in_last_36_hours.xml
2025-10-29 21:31:58,614 - vessel_data_pipeline - INFO - Verified access to Departed_in_last_36_hours.xml
2025-10-29 21:31:59,182 - vessel_data_pipeline - INFO - Verified access to Expected_arrivals.xml
2025-10-29 21:31:59,466 - vessel_data_pipeline - INFO - Verified access to Expected_departures.xml
2025-10-29 21:31:59,466 - vessel_data_pipeline - INFO - Discovered 4 XML files for download
2025-10-29 21:31:59,466 - vessel_data_pipeline - INFO - Downloading Arrived_in_last_36_hours.xml (attempt 1/3)
2025-10-29 21:31:59,747 - vessel_data_pipeline - INFO - File temp_Arrived_in_last_36_hours.xml passed validation checks
2025-10-29 21:31:59,748 - vessel_data_pipeline - INFO - Created backup: Arrived_in_last_36_hours_20251029_213159.xml
2025-10-29 21:31:59,749 - vessel_data_pipeline - INFO - Updated metadata for Arrived_in_last_36_hours.xml
2025-10-29 21:31:59,749 - vessel_data_pipeline - INFO - Successfully downloaded and validated Arrived_in_last_36_hours.xml
2025-10-29 21:32:01,754 - vessel_data_pipeline - INFO - Downloading Departed_in_last_36_hours.xml (attempt 1/3)
2025-10-29 21:32:02,490 - vessel_data_pipeline - INFO - File temp_Departed_in_last_36_hours.xml passed validation checks
2025-10-29 21:32:02,491 - vessel_data_pipeline - INFO - Created backup: Departed_in_last_36_hours_20251029_213202.xml
2025-10-29 21:32:02,491 - vessel_data_pipeline - INFO - Updated metadata for Departed_in_last_36_hours.xml
2025-10-29 21:32:02,491 - vessel_data_pipeline - INFO - Successfully downloaded and validated Departed_in_last_36_hours.xml
2025-10-29 21:32:04,492 - vessel_data_pipeline - INFO - Downloading Expected_arrivals.xml (attempt 1/3)
2025-10-29 21:32:04,806 - vessel_data_pipeline - INFO - File temp_Expected_arrivals.xml passed validation checks
2025-10-29 21:32:04,806 - vessel_data_pipeline - INFO - Created backup: Expected_arrivals_20251029_213204.xml
2025-10-29 21:32:04,806 - vessel_data_pipeline - INFO - Updated metadata for Expected_arrivals.xml
2025-10-29 21:32:04,806 - vessel_data_pipeline - INFO - Successfully downloaded and validated Expected_arrivals.xml
2025-10-29 21:32:06,807 - vessel_data_pipeline - INFO - Downloading Expected_departures.xml (attempt 1/3)
2025-10-29 21:32:07,337 - vessel_data_pipeline - INFO - File temp_Expected_departures.xml passed validation checks
2025-10-29 21:32:07,338 - vessel_data_pipeline - INFO - Created backup: Expected_departures_20251029_213207.xml
2025-10-29 21:32:07,338 - vessel_data_pipeline - INFO - Updated metadata for Expected_departures.xml
2025-10-29 21:32:07,338 - vessel_data_pipeline - INFO - Successfully downloaded and validated Expected_departures.xml
2025-10-29 21:32:09,341 - vessel_data_pipeline - INFO - Fetch operation completed. Results: {'Arrived_in_last_36_hours.xml': True, 'Departed_in_last_36_hours.xml': True, 'Expected_arrivals.xml': True, 'Expected_departures.xml': True}
2025-10-29 21:32:09,345 - vessel_data_pipeline - INFO - VesselDataFetcher initialized. Pipeline enabled: True
2025-10-29 21:32:09,346 - vessel_data_pipeline - INFO - Starting vessel data fetch operation
2025-10-29 21:32:09,346 - vessel_data_pipeline - INFO - Discovering XML files from Hong Kong Marine Department portal
2025-10-29 21:32:09,838 - vessel_data_pipeline - INFO - Verified access to Arrived_in_last_36_hours.xml
2025-10-29 21:32:10,298 - vessel_data_pipeline - INFO - Verified access to Departed_in_last_36_hours.xml
2025-10-29 21:32:10,773 - vessel_data_pipeline - INFO - Verified access to Expected_arrivals.xml
2025-10-29 21:32:11,354 - vessel_data_pipeline - INFO - Verified access to Expected_departures.xml
2025-10-29 21:32:11,355 - vessel_data_pipeline - INFO - Discovered 4 XML files for download
2025-10-29 21:32:11,355 - vessel_data_pipeline - INFO - Downloading Arrived_in_last_36_hours.xml (attempt 1/3)
2025-10-29 21:32:12,042 - vessel_data_pipeline - INFO - File temp_Arrived_in_last_36_hours.xml passed validation checks
2025-10-29 21:32:12,042 - vessel_data_pipeline - INFO - Created backup: Arrived_in_last_36_hours_20251029_213212.xml
2025-10-29 21:32:12,043 - vessel_data_pipeline - INFO - Updated metadata for Arrived_in_last_36_hours.xml
2025-10-29 21:32:12,043 - vessel_data_pipeline - INFO - Successfully downloaded and validated Arrived_in_last_36_hours.xml
2025-10-29 21:32:14,046 - vessel_data_pipeline - INFO - Downloading Departed_in_last_36_hours.xml (attempt 1/3)
2025-10-29 21:32:14,761 - vessel_data_pipeline - INFO - File temp_Departed_in_last_36_hours.xml passed validation checks
2025-10-29 21:32:14,762 - vessel_data_pipeline - INFO - Created backup: Departed_in_last_36_hours_20251029_213214.xml
2025-10-29 21:32:14,763 - vessel_data_pipeline - INFO - Updated metadata for Departed_in_last_36_hours.xml
2025-10-29 21:32:14,763 - vessel_data_pipeline - INFO - Successfully downloaded and validated Departed_in_last_36_hours.xml
2025-10-29 21:32:16,768 - vessel_data_pipeline - INFO - Downloading Expected_arrivals.xml (attempt 1/3)
2025-10-29 21:32:17,028 - vessel_data_pipeline - INFO - File temp_Expected_arrivals.xml passed validation checks
2025-10-29 21:32:17,029 - vessel_data_pipeline - INFO - Created backup: Expected_arrivals_20251029_213217.xml
2025-10-29 21:32:17,029 - vessel_data_pipeline - INFO - Updated metadata for Expected_arrivals.xml
2025-10-29 21:32:17,029 - vessel_data_pipeline - INFO - Successfully downloaded and validated Expected_arrivals.xml
2025-10-29 21:32:19,034 - vessel_data_pipeline - INFO - Downloading Expected_departures.xml (attempt 1/3)
2025-10-29 21:32:19,516 - vessel_data_pipeline - INFO - File temp_Expected_departures.xml passed validation checks
2025-10-29 21:32:19,517 - vessel_data_pipeline - INFO - Created backup: Expected_departures_20251029_213219.xml
2025-10-29 21:32:19,517 - vessel_data_pipeline - INFO - Updated metadata for Expected_departures.xml
2025-10-29 21:32:19,517 - vessel_data_pipeline - INFO - Successfully downloaded and validated Expected_departures.xml
2025-10-29 21:32:21,520 - vessel_data_pipeline - INFO - Fetch operation completed. Results: {'Arrived_in_last_36_hours.xml': True, 'Departed_in_last_36_hours.xml': True, 'Expected_arrivals.xml': True, 'Expected_departures.xml': True}
2025-10-29 21:32:21,531 - vessel_data_pipeline - INFO - VesselDataFetcher initialized. Pipeline enabled: True
2025-10-29 21:32:21,531 - vessel_data_pipeline - INFO - Starting vessel data fetch operation
2025-10-29 21:32:21,531 - vessel_data_pipeline - INFO - Discovering XML files from Hong Kong Marine Department portal
2025-10-29 21:32:22,098 - vessel_data_pipeline - INFO - Verified access to Arrived_in_last_36_hours.xml
2025-10-29 21:32:22,982 - vessel_data_pipeline - INFO - Verified access to Departed_in_last_36_hours.xml
2025-10-29 21:32:23,262 - vessel_data_pipeline - INFO - Verified access to Expected_arrivals.xml
2025-10-29 21:32:23,546 - vessel_data_pipeline - INFO - Verified access to Expected_departures.xml
2025-10-29 21:32:23,547 - vessel_data_pipeline - INFO - Discovered 4 XML files for download
2025-10-29 21:32:23,547 - vessel_data_pipeline - INFO - Downloading Arrived_in_last_36_hours.xml (attempt 1/3)
2025-10-29 21:32:24,221 - vessel_data_pipeline - INFO - File temp_Arrived_in_last_36_hours.xml passed validation checks
2025-10-29 21:32:24,222 - vessel_data_pipeline - INFO - Created backup: Arrived_in_last_36_hours_20251029_213224.xml
2025-10-29 21:32:24,223 - vessel_data_pipeline - INFO - Updated metadata for Arrived_in_last_36_hours.xml
2025-10-29 21:32:24,223 - vessel_data_pipeline - INFO - Successfully downloaded and validated Arrived_in_last_36_hours.xml
2025-10-29 21:32:26,228 - vessel_data_pipeline - INFO - Downloading Departed_in_last_36_hours.xml (attempt 1/3)
2025-10-29 21:32:26,528 - vessel_data_pipeline - INFO - File temp_Departed_in_last_36_hours.xml passed validation checks
2025-10-29 21:32:26,528 - vessel_data_pipeline - INFO - Created backup: Departed_in_last_36_hours_20251029_213226.xml
2025-10-29 21:32:26,529 - vessel_data_pipeline - INFO - Updated metadata for Departed_in_last_36_hours.xml
2025-10-29 21:32:26,529 - vessel_data_pipeline - INFO - Successfully downloaded and validated Departed_in_last_36_hours.xml
2025-10-29 21:32:28,530 - vessel_data_pipeline - INFO - Downloading Expected_arrivals.xml (attempt 1/3)
2025-10-29 21:32:28,909 - vessel_data_pipeline - INFO - File temp_Expected_arrivals.xml passed validation checks
2025-10-29 21:32:28,909 - vessel_data_pipeline - INFO - Created backup: Expected_arrivals_20251029_213228.xml
2025-10-29 21:32:28,910 - vessel_data_pipeline - INFO - Updated metadata for Expected_arrivals.xml
2025-10-29 21:32:28,910 - vessel_data_pipeline - INFO - Successfully downloaded and validated Expected_arrivals.xml
2025-10-29 21:32:30,917 - vessel_data_pipeline - INFO - Downloading Expected_departures.xml (attempt 1/3)
2025-10-29 21:32:31,433 - vessel_data_pipeline - INFO - File temp_Expected_departures.xml passed validation checks
2025-10-29 21:32:31,433 - vessel_data_pipeline - INFO - Created backup: Expected_departures_20251029_213231.xml
2025-10-29 21:32:31,434 - vessel_data_pipeline - INFO - Updated metadata for Expected_departures.xml
2025-10-29 21:32:31,434 - vessel_data_pipeline - INFO - Successfully downloaded and validated Expected_departures.xml
2025-10-29 21:32:33,439 - vessel_data_pipeline - INFO - Fetch operation completed. Results: {'Arrived_in_last_36_hours.xml': True, 'Departed_in_last_36_hours.xml': True, 'Expected_arrivals.xml': True, 'Expected_departures.xml': True}
2025-10-29 21:32:33,442 - vessel_data_pipeline - INFO - VesselDataFetcher initialized. Pipeline enabled: True
2025-10-29 21:32:33,443 - vessel_data_pipeline - INFO - Starting vessel data fetch operation
2025-10-29 21:32:33,443 - vessel_data_pipeline - INFO - Discovering XML files from Hong Kong Marine Department portal
2025-10-29 21:32:33,966 - vessel_data_pipeline - INFO - Verified access to Arrived_in_last_36_hours.xml
2025-10-29 21:32:34,868 - vessel_data_pipeline - INFO - Verified access to Departed_in_last_36_hours.xml
2025-10-29 21:32:35,327 - vessel_data_pipeline - INFO - Verified access to Expected_arrivals.xml
2025-10-29 21:32:36,040 - vessel_data_pipeline - INFO - Verified access to Expected_departures.xml
2025-10-29 21:32:36,040 - vessel_data_pipeline - INFO - Discovered 4 XML files for download
2025-10-29 21:32:36,040 - vessel_data_pipeline - INFO - Downloading Arrived_in_last_36_hours.xml (attempt 1/3)
2025-10-29 21:32:36,155 - vessel_data_pipeline - INFO - File temp_Arrived_in_last_36_hours.xml passed validation checks
2025-10-29 21:32:36,155 - vessel_data_pipeline - INFO - Created backup: Arrived_in_last_36_hours_20251029_213236.xml
2025-10-29 21:32:36,156 - vessel_data_pipeline - INFO - Updated metadata for Arrived_in_last_36_hours.xml
2025-10-29 21:32:36,156 - vessel_data_pipeline - INFO - Successfully downloaded and validated Arrived_in_last_36_hours.xml
2025-10-29 21:32:38,159 - vessel_data_pipeline - INFO - Downloading Departed_in_last_36_hours.xml (attempt 1/3)
2025-10-29 21:32:38,703 - vessel_data_pipeline - INFO - File temp_Departed_in_last_36_hours.xml passed validation checks
2025-10-29 21:32:38,704 - vessel_data_pipeline - INFO - Created backup: Departed_in_last_36_hours_20251029_213238.xml
2025-10-29 21:32:38,705 - vessel_data_pipeline - INFO - Updated metadata for Departed_in_last_36_hours.xml
2025-10-29 21:32:38,705 - vessel_data_pipeline - INFO - Successfully downloaded and validated Departed_in_last_36_hours.xml
2025-10-29 21:32:40,706 - vessel_data_pipeline - INFO - Downloading Expected_arrivals.xml (attempt 1/3)
2025-10-29 21:32:41,239 - vessel_data_pipeline - INFO - File temp_Expected_arrivals.xml passed validation checks
2025-10-29 21:32:41,239 - vessel_data_pipeline - INFO - Created backup: Expected_arrivals_20251029_213241.xml
2025-10-29 21:32:41,240 - vessel_data_pipeline - INFO - Updated metadata for Expected_arrivals.xml
2025-10-29 21:32:41,240 - vessel_data_pipeline - INFO - Successfully downloaded and validated Expected_arrivals.xml
2025-10-29 21:32:43,241 - vessel_data_pipeline - INFO - Downloading Expected_departures.xml (attempt 1/3)
2025-10-29 21:32:43,915 - vessel_data_pipeline - INFO - File temp_Expected_departures.xml passed validation checks
2025-10-29 21:32:43,915 - vessel_data_pipeline - INFO - Created backup: Expected_departures_20251029_213243.xml
2025-10-29 21:32:43,915 - vessel_data_pipeline - INFO - Updated metadata for Expected_departures.xml
2025-10-29 21:32:43,915 - vessel_data_pipeline - INFO - Successfully downloaded and validated Expected_departures.xml
2025-10-29 21:32:45,920 - vessel_data_pipeline - INFO - Fetch operation completed. Results: {'Arrived_in_last_36_hours.xml': True, 'Departed_in_last_36_hours.xml': True, 'Expected_arrivals.xml': True, 'Expected_departures.xml': True}
2025-10-29 21:32:46,858 - vessel_data_pipeline - INFO - VesselDataFetcher initialized. Pipeline enabled: True
2025-10-29 21:32:46,860 - vessel_data_pipeline - INFO - VesselDataFetcher initialized. Pipeline enabled: True
2025-10-29 21:32:46,860 - vessel_data_pipeline - INFO - Starting vessel data fetch operation
2025-10-29 21:32:46,860 - vessel_data_pipeline - INFO - Discovering XML files from Hong Kong Marine Department portal
2025-10-29 21:32:47,442 - vessel_data_pipeline - INFO - Verified access to Arrived_in_last_36_hours.xml
2025-10-29 21:32:48,550 - vessel_data_pipeline - INFO - Verified access to Departed_in_last_36_hours.xml
2025-10-29 21:32:48,829 - vessel_data_pipeline - INFO - Verified access to Expected_arrivals.xml
2025-10-29 21:32:49,090 - vessel_data_pipeline - INFO - Verified access to Expected_departures.xml
2025-10-29 21:32:49,091 - vessel_data_pipeline - INFO - Discovered 4 XML files for download
2025-10-29 21:32:49,091 - vessel_data_pipeline - INFO - Downloading Arrived_in_last_36_hours.xml (attempt 1/3)
2025-10-29 21:32:49,153 - vessel_data_pipeline - INFO - File temp_Arrived_in_last_36_hours.xml passed validation checks
2025-10-29 21:32:49,154 - vessel_data_pipeline - INFO - Created backup: Arrived_in_last_36_hours_20251029_213249.xml
2025-10-29 21:32:49,155 - vessel_data_pipeline - INFO - Updated metadata for Arrived_in_last_36_hours.xml
2025-10-29 21:32:49,155 - vessel_data_pipeline - INFO - Successfully downloaded and validated Arrived_in_last_36_hours.xml
2025-10-29 21:32:51,160 - vessel_data_pipeline - INFO - Downloading Departed_in_last_36_hours.xml (attempt 1/3)
2025-10-29 21:32:52,299 - vessel_data_pipeline - INFO - File temp_Departed_in_last_36_hours.xml passed validation checks
2025-10-29 21:32:52,299 - vessel_data_pipeline - INFO - Created backup: Departed_in_last_36_hours_20251029_213252.xml
2025-10-29 21:32:52,300 - vessel_data_pipeline - INFO - Updated metadata for Departed_in_last_36_hours.xml
2025-10-29 21:32:52,300 - vessel_data_pipeline - INFO - Successfully downloaded and validated Departed_in_last_36_hours.xml
2025-10-29 21:32:54,303 - vessel_data_pipeline - INFO - Downloading Expected_arrivals.xml (attempt 1/3)
2025-10-29 21:32:54,656 - vessel_data_pipeline - INFO - File temp_Expected_arrivals.xml passed validation checks
2025-10-29 21:32:54,657 - vessel_data_pipeline - INFO - Created backup: Expected_arrivals_20251029_213254.xml
2025-10-29 21:32:54,657 - vessel_data_pipeline - INFO - Updated metadata for Expected_arrivals.xml
2025-10-29 21:32:54,657 - vessel_data_pipeline - INFO - Successfully downloaded and validated Expected_arrivals.xml
2025-10-29 21:32:56,658 - vessel_data_pipeline - INFO - Downloading Expected_departures.xml (attempt 1/3)
2025-10-29 21:32:56,791 - vessel_data_pipeline - INFO - File temp_Expected_departures.xml passed validation checks
2025-10-29 21:32:56,791 - vessel_data_pipeline - INFO - Created backup: Expected_departures_20251029_213256.xml
2025-10-29 21:32:56,791 - vessel_data_pipeline - INFO - Updated metadata for Expected_departures.xml
2025-10-29 21:32:56,791 - vessel_data_pipeline - INFO - Successfully downloaded and validated Expected_departures.xml
2025-10-29 21:32:58,796 - vessel_data_pipeline - INFO - Fetch operation completed. Results: {'Arrived_in_last_36_hours.xml': True, 'Departed_in_last_36_hours.xml': True, 'Expected_arrivals.xml': True, 'Expected_departures.xml': True}
2025-10-29 21:54:18,319 - vessel_data_pipeline - INFO - VesselDataFetcher initialized. Pipeline enabled: True
2025-10-29 21:54:18,320 - vessel_data_pipeline - INFO - Starting vessel data fetch operation
2025-10-29 21:54:18,320 - vessel_data_pipeline - INFO - Discovering XML files from Hong Kong Marine Department portal
2025-10-29 21:54:19,222 - vessel_data_pipeline - INFO - Verified access to Arrived_in_last_36_hours.xml
2025-10-29 21:54:20,983 - vessel_data_pipeline - INFO - Verified access to Departed_in_last_36_hours.xml
2025-10-29 21:54:21,901 - vessel_data_pipeline - INFO - Verified access to Expected_arrivals.xml
2025-10-29 21:54:23,057 - vessel_data_pipeline - INFO - Verified access to Expected_departures.xml
2025-10-29 21:54:23,057 - vessel_data_pipeline - INFO - Discovered 4 XML files for download
2025-10-29 21:54:23,057 - vessel_data_pipeline - INFO - Downloading Arrived_in_last_36_hours.xml (attempt 1/3)
2025-10-29 21:54:23,327 - vessel_data_pipeline - INFO - File temp_Arrived_in_last_36_hours.xml passed validation checks
2025-10-29 21:54:23,327 - vessel_data_pipeline - INFO - Created backup: Arrived_in_last_36_hours_20251029_215423.xml
2025-10-29 21:54:23,328 - vessel_data_pipeline - INFO - Updated metadata for Arrived_in_last_36_hours.xml
2025-10-29 21:54:23,328 - vessel_data_pipeline - INFO - Successfully downloaded and validated Arrived_in_last_36_hours.xml
2025-10-29 21:54:25,333 - vessel_data_pipeline - INFO - Downloading Departed_in_last_36_hours.xml (attempt 1/3)
2025-10-29 21:54:26,039 - vessel_data_pipeline - INFO - File temp_Departed_in_last_36_hours.xml passed validation checks
2025-10-29 21:54:26,040 - vessel_data_pipeline - INFO - Created backup: Departed_in_last_36_hours_20251029_215426.xml
2025-10-29 21:54:26,040 - vessel_data_pipeline - INFO - Updated metadata for Departed_in_last_36_hours.xml
2025-10-29 21:54:26,040 - vessel_data_pipeline - INFO - Successfully downloaded and validated Departed_in_last_36_hours.xml
2025-10-29 21:54:28,045 - vessel_data_pipeline - INFO - Downloading Expected_arrivals.xml (attempt 1/3)
2025-10-29 21:54:28,603 - vessel_data_pipeline - INFO - File temp_Expected_arrivals.xml passed validation checks
2025-10-29 21:54:28,604 - vessel_data_pipeline - INFO - Created backup: Expected_arrivals_20251029_215428.xml
2025-10-29 21:54:28,604 - vessel_data_pipeline - INFO - Updated metadata for Expected_arrivals.xml
2025-10-29 21:54:28,604 - vessel_data_pipeline - INFO - Successfully downloaded and validated Expected_arrivals.xml
2025-10-29 21:54:30,607 - vessel_data_pipeline - INFO - Downloading Expected_departures.xml (attempt 1/3)
2025-10-29 21:54:31,084 - vessel_data_pipeline - INFO - File temp_Expected_departures.xml passed validation checks
2025-10-29 21:54:31,085 - vessel_data_pipeline - INFO - Created backup: Expected_departures_20251029_215431.xml
2025-10-29 21:54:31,085 - vessel_data_pipeline - INFO - Updated metadata for Expected_departures.xml
2025-10-29 21:54:31,085 - vessel_data_pipeline - INFO - Successfully downloaded and validated Expected_departures.xml
2025-10-29 21:54:33,087 - vessel_data_pipeline - INFO - Fetch operation completed. Results: {'Arrived_in_last_36_hours.xml': True, 'Departed_in_last_36_hours.xml': True, 'Expected_arrivals.xml': True, 'Expected_departures.xml': True}
2025-10-29 21:54:33,379 - vessel_data_pipeline - INFO - VesselDataFetcher initialized. Pipeline enabled: True
2025-10-29 21:54:33,381 - vessel_data_pipeline - INFO - Starting vessel data fetch operation
2025-10-29 21:54:33,381 - vessel_data_pipeline - INFO - Discovering XML files from Hong Kong Marine Department portal
2025-10-29 21:54:33,820 - vessel_data_pipeline - INFO - Verified access to Arrived_in_last_36_hours.xml
2025-10-29 21:54:34,504 - vessel_data_pipeline - INFO - Verified access to Departed_in_last_36_hours.xml
2025-10-29 21:54:35,414 - vessel_data_pipeline - INFO - Verified access to Expected_arrivals.xml
2025-10-29 21:54:35,893 - vessel_data_pipeline - INFO - Verified access to Expected_departures.xml
2025-10-29 21:54:35,893 - vessel_data_pipeline - INFO - Discovered 4 XML files for download
2025-10-29 21:54:35,894 - vessel_data_pipeline - INFO - Downloading Arrived_in_last_36_hours.xml (attempt 1/3)
2025-10-29 21:54:36,154 - vessel_data_pipeline - INFO - File temp_Arrived_in_last_36_hours.xml passed validation checks
2025-10-29 21:54:36,155 - vessel_data_pipeline - INFO - Created backup: Arrived_in_last_36_hours_20251029_215436.xml
2025-10-29 21:54:36,155 - vessel_data_pipeline - INFO - Updated metadata for Arrived_in_last_36_hours.xml
2025-10-29 21:54:36,155 - vessel_data_pipeline - INFO - Successfully downloaded and validated Arrived_in_last_36_hours.xml
2025-10-29 21:54:38,159 - vessel_data_pipeline - INFO - Downloading Departed_in_last_36_hours.xml (attempt 1/3)
2025-10-29 21:54:39,534 - vessel_data_pipeline - INFO - File temp_Departed_in_last_36_hours.xml passed validation checks
2025-10-29 21:54:39,535 - vessel_data_pipeline - INFO - Created backup: Departed_in_last_36_hours_20251029_215439.xml
2025-10-29 21:54:39,535 - vessel_data_pipeline - INFO - Updated metadata for Departed_in_last_36_hours.xml
2025-10-29 21:54:39,535 - vessel_data_pipeline - INFO - Successfully downloaded and validated Departed_in_last_36_hours.xml
2025-10-29 21:54:41,540 - vessel_data_pipeline - INFO - Downloading Expected_arrivals.xml (attempt 1/3)
2025-10-29 21:54:41,806 - vessel_data_pipeline - INFO - File temp_Expected_arrivals.xml passed validation checks
2025-10-29 21:54:41,807 - vessel_data_pipeline - INFO - Created backup: Expected_arrivals_20251029_215441.xml
2025-10-29 21:54:41,807 - vessel_data_pipeline - INFO - Updated metadata for Expected_arrivals.xml
2025-10-29 21:54:41,807 - vessel_data_pipeline - INFO - Successfully downloaded and validated Expected_arrivals.xml
2025-10-29 21:54:43,810 - vessel_data_pipeline - INFO - Downloading Expected_departures.xml (attempt 1/3)
2025-10-29 21:54:44,284 - vessel_data_pipeline - INFO - File temp_Expected_departures.xml passed validation checks
2025-10-29 21:54:44,284 - vessel_data_pipeline - INFO - Created backup: Expected_departures_20251029_215444.xml
2025-10-29 21:54:44,284 - vessel_data_pipeline - INFO - Updated metadata for Expected_departures.xml
2025-10-29 21:54:44,284 - vessel_data_pipeline - INFO - Successfully downloaded and validated Expected_departures.xml
2025-10-29 21:54:46,286 - vessel_data_pipeline - INFO - Fetch operation completed. Results: {'Arrived_in_last_36_hours.xml': True, 'Departed_in_last_36_hours.xml': True, 'Expected_arrivals.xml': True, 'Expected_departures.xml': True}
2025-10-29 21:54:46,294 - vessel_data_pipeline - INFO - VesselDataFetcher initialized. Pipeline enabled: True
2025-10-29 21:54:46,295 - vessel_data_pipeline - INFO - Starting vessel data fetch operation
2025-10-29 21:54:46,295 - vessel_data_pipeline - INFO - Discovering XML files from Hong Kong Marine Department portal
2025-10-29 21:54:46,816 - vessel_data_pipeline - INFO - Verified access to Arrived_in_last_36_hours.xml
2025-10-29 21:54:48,223 - vessel_data_pipeline - INFO - Verified access to Departed_in_last_36_hours.xml
2025-10-29 21:54:48,747 - vessel_data_pipeline - INFO - Verified access to Expected_arrivals.xml
2025-10-29 21:54:49,233 - vessel_data_pipeline - INFO - Verified access to Expected_departures.xml
2025-10-29 21:54:49,233 - vessel_data_pipeline - INFO - Discovered 4 XML files for download
2025-10-29 21:54:49,233 - vessel_data_pipeline - INFO - Downloading Arrived_in_last_36_hours.xml (attempt 1/3)
2025-10-29 21:54:49,556 - vessel_data_pipeline - INFO - File temp_Arrived_in_last_36_hours.xml passed validation checks
2025-10-29 21:54:49,557 - vessel_data_pipeline - INFO - Created backup: Arrived_in_last_36_hours_20251029_215449.xml
2025-10-29 21:54:49,557 - vessel_data_pipeline - INFO - Updated metadata for Arrived_in_last_36_hours.xml
2025-10-29 21:54:49,557 - vessel_data_pipeline - INFO - Successfully downloaded and validated Arrived_in_last_36_hours.xml
2025-10-29 21:54:51,559 - vessel_data_pipeline - INFO - Downloading Departed_in_last_36_hours.xml (attempt 1/3)
2025-10-29 21:54:52,452 - vessel_data_pipeline - INFO - File temp_Departed_in_last_36_hours.xml passed validation checks
2025-10-29 21:54:52,452 - vessel_data_pipeline - INFO - Created backup: Departed_in_last_36_hours_20251029_215452.xml
2025-10-29 21:54:52,453 - vessel_data_pipeline - INFO - Updated metadata for Departed_in_last_36_hours.xml
2025-10-29 21:54:52,453 - vessel_data_pipeline - INFO - Successfully downloaded and validated Departed_in_last_36_hours.xml
2025-10-29 21:54:54,456 - vessel_data_pipeline - INFO - Downloading Expected_arrivals.xml (attempt 1/3)
2025-10-29 21:54:54,747 - vessel_data_pipeline - INFO - File temp_Expected_arrivals.xml passed validation checks
2025-10-29 21:54:54,747 - vessel_data_pipeline - INFO - Created backup: Expected_arrivals_20251029_215454.xml
2025-10-29 21:54:54,748 - vessel_data_pipeline - INFO - Updated metadata for Expected_arrivals.xml
2025-10-29 21:54:54,748 - vessel_data_pipeline - INFO - Successfully downloaded and validated Expected_arrivals.xml
2025-10-29 21:54:56,752 - vessel_data_pipeline - INFO - Downloading Expected_departures.xml (attempt 1/3)
2025-10-29 21:54:57,025 - vessel_data_pipeline - INFO - File temp_Expected_departures.xml passed validation checks
2025-10-29 21:54:57,025 - vessel_data_pipeline - INFO - Created backup: Expected_departures_20251029_215457.xml
2025-10-29 21:54:57,026 - vessel_data_pipeline - INFO - Updated metadata for Expected_departures.xml
2025-10-29 21:54:57,026 - vessel_data_pipeline - INFO - Successfully downloaded and validated Expected_departures.xml
2025-10-29 21:54:59,030 - vessel_data_pipeline - INFO - Fetch operation completed. Results: {'Arrived_in_last_36_hours.xml': True, 'Departed_in_last_36_hours.xml': True, 'Expected_arrivals.xml': True, 'Expected_departures.xml': True}
2025-10-29 21:55:02,117 - vessel_data_pipeline - INFO - VesselDataFetcher initialized. Pipeline enabled: True
2025-10-29 21:55:02,124 - vessel_data_pipeline - INFO - Starting vessel data fetch operation
2025-10-29 21:55:02,124 - vessel_data_pipeline - INFO - Discovering XML files from Hong Kong Marine Department portal
2025-10-29 21:55:02,768 - vessel_data_pipeline - INFO - Verified access to Arrived_in_last_36_hours.xml
2025-10-29 21:55:03,238 - vessel_data_pipeline - INFO - Verified access to Departed_in_last_36_hours.xml
2025-10-29 21:55:03,325 - vessel_data_pipeline - INFO - Verified access to Expected_arrivals.xml
2025-10-29 21:55:03,591 - vessel_data_pipeline - INFO - Verified access to Expected_departures.xml
2025-10-29 21:55:03,591 - vessel_data_pipeline - INFO - Discovered 4 XML files for download
2025-10-29 21:55:03,591 - vessel_data_pipeline - INFO - Downloading Arrived_in_last_36_hours.xml (attempt 1/3)
2025-10-29 21:55:03,948 - vessel_data_pipeline - INFO - File temp_Arrived_in_last_36_hours.xml passed validation checks
2025-10-29 21:55:03,950 - vessel_data_pipeline - INFO - Created backup: Arrived_in_last_36_hours_20251029_215503.xml
2025-10-29 21:55:03,951 - vessel_data_pipeline - INFO - Updated metadata for Arrived_in_last_36_hours.xml
2025-10-29 21:55:03,951 - vessel_data_pipeline - INFO - Successfully downloaded and validated Arrived_in_last_36_hours.xml
2025-10-29 21:55:05,957 - vessel_data_pipeline - INFO - Downloading Departed_in_last_36_hours.xml (attempt 1/3)
2025-10-29 21:55:06,898 - vessel_data_pipeline - INFO - File temp_Departed_in_last_36_hours.xml passed validation checks
2025-10-29 21:55:06,898 - vessel_data_pipeline - INFO - Created backup: Departed_in_last_36_hours_20251029_215506.xml
2025-10-29 21:55:06,899 - vessel_data_pipeline - INFO - Updated metadata for Departed_in_last_36_hours.xml
2025-10-29 21:55:06,899 - vessel_data_pipeline - INFO - Successfully downloaded and validated Departed_in_last_36_hours.xml
2025-10-29 21:55:08,904 - vessel_data_pipeline - INFO - Downloading Expected_arrivals.xml (attempt 1/3)
2025-10-29 21:55:09,533 - vessel_data_pipeline - INFO - File temp_Expected_arrivals.xml passed validation checks
2025-10-29 21:55:09,534 - vessel_data_pipeline - INFO - Created backup: Expected_arrivals_20251029_215509.xml
2025-10-29 21:55:09,534 - vessel_data_pipeline - INFO - Updated metadata for Expected_arrivals.xml
2025-10-29 21:55:09,534 - vessel_data_pipeline - INFO - Successfully downloaded and validated Expected_arrivals.xml
2025-10-29 21:55:11,539 - vessel_data_pipeline - INFO - Downloading Expected_departures.xml (attempt 1/3)
2025-10-29 21:55:11,828 - vessel_data_pipeline - INFO - File temp_Expected_departures.xml passed validation checks
2025-10-29 21:55:11,829 - vessel_data_pipeline - INFO - Created backup: Expected_departures_20251029_215511.xml
2025-10-29 21:55:11,829 - vessel_data_pipeline - INFO - Updated metadata for Expected_departures.xml
2025-10-29 21:55:11,830 - vessel_data_pipeline - INFO - Successfully downloaded and validated Expected_departures.xml
2025-10-29 21:55:13,835 - vessel_data_pipeline - INFO - Fetch operation completed. Results: {'Arrived_in_last_36_hours.xml': True, 'Departed_in_last_36_hours.xml': True, 'Expected_arrivals.xml': True, 'Expected_departures.xml': True}
2025-10-29 21:55:13,840 - vessel_data_pipeline - INFO - VesselDataFetcher initialized. Pipeline enabled: True
2025-10-29 21:55:13,841 - vessel_data_pipeline - INFO - Starting vessel data fetch operation
2025-10-29 21:55:13,841 - vessel_data_pipeline - INFO - Discovering XML files from Hong Kong Marine Department portal
2025-10-29 21:55:14,586 - vessel_data_pipeline - INFO - Verified access to Arrived_in_last_36_hours.xml
2025-10-29 21:55:14,907 - vessel_data_pipeline - INFO - Verified access to Departed_in_last_36_hours.xml
2025-10-29 21:55:15,393 - vessel_data_pipeline - INFO - Verified access to Expected_arrivals.xml
2025-10-29 21:55:15,655 - vessel_data_pipeline - INFO - Verified access to Expected_departures.xml
2025-10-29 21:55:15,655 - vessel_data_pipeline - INFO - Discovered 4 XML files for download
2025-10-29 21:55:15,656 - vessel_data_pipeline - INFO - Downloading Arrived_in_last_36_hours.xml (attempt 1/3)
2025-10-29 21:55:15,960 - vessel_data_pipeline - INFO - File temp_Arrived_in_last_36_hours.xml passed validation checks
2025-10-29 21:55:15,962 - vessel_data_pipeline - INFO - Created backup: Arrived_in_last_36_hours_20251029_215515.xml
2025-10-29 21:55:15,963 - vessel_data_pipeline - INFO - Updated metadata for Arrived_in_last_36_hours.xml
2025-10-29 21:55:15,963 - vessel_data_pipeline - INFO - Successfully downloaded and validated Arrived_in_last_36_hours.xml
2025-10-29 21:55:17,966 - vessel_data_pipeline - INFO - Downloading Departed_in_last_36_hours.xml (attempt 1/3)
2025-10-29 21:55:19,093 - vessel_data_pipeline - INFO - File temp_Departed_in_last_36_hours.xml passed validation checks
2025-10-29 21:55:19,094 - vessel_data_pipeline - INFO - Created backup: Departed_in_last_36_hours_20251029_215519.xml
2025-10-29 21:55:19,094 - vessel_data_pipeline - INFO - Updated metadata for Departed_in_last_36_hours.xml
2025-10-29 21:55:19,094 - vessel_data_pipeline - INFO - Successfully downloaded and validated Departed_in_last_36_hours.xml
2025-10-29 21:55:21,099 - vessel_data_pipeline - INFO - Downloading Expected_arrivals.xml (attempt 1/3)
2025-10-29 21:55:21,747 - vessel_data_pipeline - INFO - File temp_Expected_arrivals.xml passed validation checks
2025-10-29 21:55:21,747 - vessel_data_pipeline - INFO - Created backup: Expected_arrivals_20251029_215521.xml
2025-10-29 21:55:21,748 - vessel_data_pipeline - INFO - Updated metadata for Expected_arrivals.xml
2025-10-29 21:55:21,748 - vessel_data_pipeline - INFO - Successfully downloaded and validated Expected_arrivals.xml
2025-10-29 21:55:23,753 - vessel_data_pipeline - INFO - Downloading Expected_departures.xml (attempt 1/3)
2025-10-29 21:55:24,214 - vessel_data_pipeline - INFO - File temp_Expected_departures.xml passed validation checks
2025-10-29 21:55:24,215 - vessel_data_pipeline - INFO - Created backup: Expected_departures_20251029_215524.xml
2025-10-29 21:55:24,215 - vessel_data_pipeline - INFO - Updated metadata for Expected_departures.xml
2025-10-29 21:55:24,215 - vessel_data_pipeline - INFO - Successfully downloaded and validated Expected_departures.xml
2025-10-29 21:55:26,220 - vessel_data_pipeline - INFO - Fetch operation completed. Results: {'Arrived_in_last_36_hours.xml': True, 'Departed_in_last_36_hours.xml': True, 'Expected_arrivals.xml': True, 'Expected_departures.xml': True}
2025-10-29 21:55:26,232 - vessel_data_pipeline - INFO - VesselDataFetcher initialized. Pipeline enabled: True
2025-10-29 21:55:26,233 - vessel_data_pipeline - INFO - Starting vessel data fetch operation
2025-10-29 21:55:26,233 - vessel_data_pipeline - INFO - Discovering XML files from Hong Kong Marine Department portal
2025-10-29 21:55:26,644 - vessel_data_pipeline - INFO - Verified access to Arrived_in_last_36_hours.xml
2025-10-29 21:55:27,779 - vessel_data_pipeline - INFO - Verified access to Departed_in_last_36_hours.xml
2025-10-29 21:55:28,393 - vessel_data_pipeline - INFO - Verified access to Expected_arrivals.xml
2025-10-29 21:55:28,903 - vessel_data_pipeline - INFO - Verified access to Expected_departures.xml
2025-10-29 21:55:28,903 - vessel_data_pipeline - INFO - Discovered 4 XML files for download
2025-10-29 21:55:28,903 - vessel_data_pipeline - INFO - Downloading Arrived_in_last_36_hours.xml (attempt 1/3)
2025-10-29 21:55:29,400 - vessel_data_pipeline - INFO - File temp_Arrived_in_last_36_hours.xml passed validation checks
2025-10-29 21:55:29,401 - vessel_data_pipeline - INFO - Created backup: Arrived_in_last_36_hours_20251029_215529.xml
2025-10-29 21:55:29,401 - vessel_data_pipeline - INFO - Updated metadata for Arrived_in_last_36_hours.xml
2025-10-29 21:55:29,401 - vessel_data_pipeline - INFO - Successfully downloaded and validated Arrived_in_last_36_hours.xml
2025-10-29 21:55:31,405 - vessel_data_pipeline - INFO - Downloading Departed_in_last_36_hours.xml (attempt 1/3)
2025-10-29 21:55:32,111 - vessel_data_pipeline - INFO - File temp_Departed_in_last_36_hours.xml passed validation checks
2025-10-29 21:55:32,111 - vessel_data_pipeline - INFO - Created backup: Departed_in_last_36_hours_20251029_215532.xml
2025-10-29 21:55:32,111 - vessel_data_pipeline - INFO - Updated metadata for Departed_in_last_36_hours.xml
2025-10-29 21:55:32,112 - vessel_data_pipeline - INFO - Successfully downloaded and validated Departed_in_last_36_hours.xml
2025-10-29 21:55:34,117 - vessel_data_pipeline - INFO - Downloading Expected_arrivals.xml (attempt 1/3)
2025-10-29 21:55:34,495 - vessel_data_pipeline - INFO - File temp_Expected_arrivals.xml passed validation checks
2025-10-29 21:55:34,495 - vessel_data_pipeline - INFO - Created backup: Expected_arrivals_20251029_215534.xml
2025-10-29 21:55:34,496 - vessel_data_pipeline - INFO - Updated metadata for Expected_arrivals.xml
2025-10-29 21:55:34,496 - vessel_data_pipeline - INFO - Successfully downloaded and validated Expected_arrivals.xml
2025-10-29 21:55:36,497 - vessel_data_pipeline - INFO - Downloading Expected_departures.xml (attempt 1/3)
2025-10-29 21:55:36,983 - vessel_data_pipeline - INFO - File temp_Expected_departures.xml passed validation checks
2025-10-29 21:55:36,984 - vessel_data_pipeline - INFO - Created backup: Expected_departures_20251029_215536.xml
2025-10-29 21:55:36,984 - vessel_data_pipeline - INFO - Updated metadata for Expected_departures.xml
2025-10-29 21:55:36,984 - vessel_data_pipeline - INFO - Successfully downloaded and validated Expected_departures.xml
2025-10-29 21:55:38,989 - vessel_data_pipeline - INFO - Fetch operation completed. Results: {'Arrived_in_last_36_hours.xml': True, 'Departed_in_last_36_hours.xml': True, 'Expected_arrivals.xml': True, 'Expected_departures.xml': True}
2025-10-29 21:55:38,993 - vessel_data_pipeline - INFO - VesselDataFetcher initialized. Pipeline enabled: True
2025-10-29 21:55:38,993 - vessel_data_pipeline - INFO - Starting vessel data fetch operation
2025-10-29 21:55:38,993 - vessel_data_pipeline - INFO - Discovering XML files from Hong Kong Marine Department portal
2025-10-29 21:55:39,295 - vessel_data_pipeline - INFO - Verified access to Arrived_in_last_36_hours.xml
2025-10-29 21:55:40,215 - vessel_data_pipeline - INFO - Verified access to Departed_in_last_36_hours.xml
2025-10-29 21:55:40,576 - vessel_data_pipeline - INFO - Verified access to Expected_arrivals.xml
2025-10-29 21:55:40,841 - vessel_data_pipeline - INFO - Verified access to Expected_departures.xml
2025-10-29 21:55:40,842 - vessel_data_pipeline - INFO - Discovered 4 XML files for download
2025-10-29 21:55:40,842 - vessel_data_pipeline - INFO - Downloading Arrived_in_last_36_hours.xml (attempt 1/3)
2025-10-29 21:55:41,154 - vessel_data_pipeline - INFO - File temp_Arrived_in_last_36_hours.xml passed validation checks
2025-10-29 21:55:41,155 - vessel_data_pipeline - INFO - Created backup: Arrived_in_last_36_hours_20251029_215541.xml
2025-10-29 21:55:41,156 - vessel_data_pipeline - INFO - Updated metadata for Arrived_in_last_36_hours.xml
2025-10-29 21:55:41,156 - vessel_data_pipeline - INFO - Successfully downloaded and validated Arrived_in_last_36_hours.xml
2025-10-29 21:55:43,157 - vessel_data_pipeline - INFO - Downloading Departed_in_last_36_hours.xml (attempt 1/3)
2025-10-29 21:55:43,685 - vessel_data_pipeline - INFO - File temp_Departed_in_last_36_hours.xml passed validation checks
2025-10-29 21:55:43,685 - vessel_data_pipeline - INFO - Created backup: Departed_in_last_36_hours_20251029_215543.xml
2025-10-29 21:55:43,686 - vessel_data_pipeline - INFO - Updated metadata for Departed_in_last_36_hours.xml
2025-10-29 21:55:43,686 - vessel_data_pipeline - INFO - Successfully downloaded and validated Departed_in_last_36_hours.xml
2025-10-29 21:55:45,688 - vessel_data_pipeline - INFO - Downloading Expected_arrivals.xml (attempt 1/3)
2025-10-29 21:55:46,595 - vessel_data_pipeline - INFO - File temp_Expected_arrivals.xml passed validation checks
2025-10-29 21:55:46,597 - vessel_data_pipeline - INFO - Created backup: Expected_arrivals_20251029_215546.xml
2025-10-29 21:55:46,597 - vessel_data_pipeline - INFO - Updated metadata for Expected_arrivals.xml
2025-10-29 21:55:46,597 - vessel_data_pipeline - INFO - Successfully downloaded and validated Expected_arrivals.xml
2025-10-29 21:55:48,602 - vessel_data_pipeline - INFO - Downloading Expected_departures.xml (attempt 1/3)
2025-10-29 21:55:49,159 - vessel_data_pipeline - INFO - File temp_Expected_departures.xml passed validation checks
2025-10-29 21:55:49,160 - vessel_data_pipeline - INFO - Created backup: Expected_departures_20251029_215549.xml
2025-10-29 21:55:49,160 - vessel_data_pipeline - INFO - Updated metadata for Expected_departures.xml
2025-10-29 21:55:49,160 - vessel_data_pipeline - INFO - Successfully downloaded and validated Expected_departures.xml
2025-10-29 21:55:51,165 - vessel_data_pipeline - INFO - Fetch operation completed. Results: {'Arrived_in_last_36_hours.xml': True, 'Departed_in_last_36_hours.xml': True, 'Expected_arrivals.xml': True, 'Expected_departures.xml': True}
2025-10-29 21:55:52,264 - vessel_data_pipeline - INFO - VesselDataFetcher initialized. Pipeline enabled: True
2025-10-29 21:55:52,265 - vessel_data_pipeline - INFO - VesselDataFetcher initialized. Pipeline enabled: True
2025-10-29 21:55:52,266 - vessel_data_pipeline - INFO - Starting vessel data fetch operation
2025-10-29 21:55:52,266 - vessel_data_pipeline - INFO - Discovering XML files from Hong Kong Marine Department portal
2025-10-29 21:55:52,764 - vessel_data_pipeline - INFO - Verified access to Arrived_in_last_36_hours.xml
2025-10-29 21:55:53,050 - vessel_data_pipeline - INFO - Verified access to Departed_in_last_36_hours.xml
2025-10-29 21:55:53,519 - vessel_data_pipeline - INFO - Verified access to Expected_arrivals.xml
2025-10-29 21:55:54,013 - vessel_data_pipeline - INFO - Verified access to Expected_departures.xml
2025-10-29 21:55:54,014 - vessel_data_pipeline - INFO - Discovered 4 XML files for download
2025-10-29 21:55:54,014 - vessel_data_pipeline - INFO - Downloading Arrived_in_last_36_hours.xml (attempt 1/3)
2025-10-29 21:55:54,916 - vessel_data_pipeline - INFO - File temp_Arrived_in_last_36_hours.xml passed validation checks
2025-10-29 21:55:54,917 - vessel_data_pipeline - INFO - Created backup: Arrived_in_last_36_hours_20251029_215554.xml
2025-10-29 21:55:54,918 - vessel_data_pipeline - INFO - Updated metadata for Arrived_in_last_36_hours.xml
2025-10-29 21:55:54,918 - vessel_data_pipeline - INFO - Successfully downloaded and validated Arrived_in_last_36_hours.xml
2025-10-29 21:55:56,920 - vessel_data_pipeline - INFO - Downloading Departed_in_last_36_hours.xml (attempt 1/3)
2025-10-29 21:55:57,816 - vessel_data_pipeline - INFO - File temp_Departed_in_last_36_hours.xml passed validation checks
2025-10-29 21:55:57,816 - vessel_data_pipeline - INFO - Created backup: Departed_in_last_36_hours_20251029_215557.xml
2025-10-29 21:55:57,816 - vessel_data_pipeline - INFO - Updated metadata for Departed_in_last_36_hours.xml
2025-10-29 21:55:57,817 - vessel_data_pipeline - INFO - Successfully downloaded and validated Departed_in_last_36_hours.xml
2025-10-29 21:55:59,819 - vessel_data_pipeline - INFO - Downloading Expected_arrivals.xml (attempt 1/3)
2025-10-29 21:56:00,101 - vessel_data_pipeline - INFO - File temp_Expected_arrivals.xml passed validation checks
2025-10-29 21:56:00,102 - vessel_data_pipeline - INFO - Created backup: Expected_arrivals_20251029_215600.xml
2025-10-29 21:56:00,102 - vessel_data_pipeline - INFO - Updated metadata for Expected_arrivals.xml
2025-10-29 21:56:00,102 - vessel_data_pipeline - INFO - Successfully downloaded and validated Expected_arrivals.xml
2025-10-29 21:56:02,107 - vessel_data_pipeline - INFO - Downloading Expected_departures.xml (attempt 1/3)
2025-10-29 21:56:03,013 - vessel_data_pipeline - INFO - File temp_Expected_departures.xml passed validation checks
2025-10-29 21:56:03,014 - vessel_data_pipeline - INFO - Created backup: Expected_departures_20251029_215603.xml
2025-10-29 21:56:03,014 - vessel_data_pipeline - INFO - Updated metadata for Expected_departures.xml
2025-10-29 21:56:03,014 - vessel_data_pipeline - INFO - Successfully downloaded and validated Expected_departures.xml
2025-10-29 21:56:05,019 - vessel_data_pipeline - INFO - Fetch operation completed. Results: {'Arrived_in_last_36_hours.xml': True, 'Departed_in_last_36_hours.xml': True, 'Expected_arrivals.xml': True, 'Expected_departures.xml': True}
2025-10-29 21:56:45,917 - vessel_data_pipeline - INFO - VesselDataFetcher initialized. Pipeline enabled: True
2025-10-29 21:56:45,918 - vessel_data_pipeline - INFO - Starting vessel data fetch operation
2025-10-29 21:56:45,918 - vessel_data_pipeline - INFO - Discovering XML files from Hong Kong Marine Department portal
2025-10-29 21:56:46,296 - vessel_data_pipeline - INFO - Verified access to Arrived_in_last_36_hours.xml
2025-10-29 21:56:47,001 - vessel_data_pipeline - INFO - Verified access to Departed_in_last_36_hours.xml
2025-10-29 21:56:47,160 - vessel_data_pipeline - INFO - Verified access to Expected_arrivals.xml
2025-10-29 21:56:47,642 - vessel_data_pipeline - INFO - Verified access to Expected_departures.xml
2025-10-29 21:56:47,642 - vessel_data_pipeline - INFO - Discovered 4 XML files for download
2025-10-29 21:56:47,642 - vessel_data_pipeline - INFO - Downloading Arrived_in_last_36_hours.xml (attempt 1/3)
2025-10-29 21:56:48,165 - vessel_data_pipeline - INFO - File temp_Arrived_in_last_36_hours.xml passed validation checks
2025-10-29 21:56:48,166 - vessel_data_pipeline - INFO - Created backup: Arrived_in_last_36_hours_20251029_215648.xml
2025-10-29 21:56:48,167 - vessel_data_pipeline - INFO - Updated metadata for Arrived_in_last_36_hours.xml
2025-10-29 21:56:48,167 - vessel_data_pipeline - INFO - Successfully downloaded and validated Arrived_in_last_36_hours.xml
2025-10-29 21:56:50,172 - vessel_data_pipeline - INFO - Downloading Departed_in_last_36_hours.xml (attempt 1/3)
2025-10-29 21:56:51,332 - vessel_data_pipeline - INFO - File temp_Departed_in_last_36_hours.xml passed validation checks
2025-10-29 21:56:51,333 - vessel_data_pipeline - INFO - Created backup: Departed_in_last_36_hours_20251029_215651.xml
2025-10-29 21:56:51,333 - vessel_data_pipeline - INFO - Updated metadata for Departed_in_last_36_hours.xml
2025-10-29 21:56:51,333 - vessel_data_pipeline - INFO - Successfully downloaded and validated Departed_in_last_36_hours.xml
2025-10-29 21:56:53,337 - vessel_data_pipeline - INFO - Downloading Expected_arrivals.xml (attempt 1/3)
2025-10-29 21:56:53,831 - vessel_data_pipeline - INFO - File temp_Expected_arrivals.xml passed validation checks
2025-10-29 21:56:53,832 - vessel_data_pipeline - INFO - Created backup: Expected_arrivals_20251029_215653.xml
2025-10-29 21:56:53,832 - vessel_data_pipeline - INFO - Updated metadata for Expected_arrivals.xml
2025-10-29 21:56:53,832 - vessel_data_pipeline - INFO - Successfully downloaded and validated Expected_arrivals.xml
2025-10-29 21:56:55,837 - vessel_data_pipeline - INFO - Downloading Expected_departures.xml (attempt 1/3)
2025-10-29 21:56:56,333 - vessel_data_pipeline - INFO - File temp_Expected_departures.xml passed validation checks
2025-10-29 21:56:56,334 - vessel_data_pipeline - INFO - Created backup: Expected_departures_20251029_215656.xml
2025-10-29 21:56:56,334 - vessel_data_pipeline - INFO - Updated metadata for Expected_departures.xml
2025-10-29 21:56:56,334 - vessel_data_pipeline - INFO - Successfully downloaded and validated Expected_departures.xml
2025-10-29 21:56:58,337 - vessel_data_pipeline - INFO - Fetch operation completed. Results: {'Arrived_in_last_36_hours.xml': True, 'Departed_in_last_36_hours.xml': True, 'Expected_arrivals.xml': True, 'Expected_departures.xml': True}
2025-10-29 21:56:58,606 - vessel_data_pipeline - INFO - VesselDataFetcher initialized. Pipeline enabled: True
2025-10-29 21:56:58,606 - vessel_data_pipeline - INFO - Starting vessel data fetch operation
2025-10-29 21:56:58,606 - vessel_data_pipeline - INFO - Discovering XML files from Hong Kong Marine Department portal
2025-10-29 21:56:58,964 - vessel_data_pipeline - INFO - Verified access to Arrived_in_last_36_hours.xml
2025-10-29 21:56:59,757 - vessel_data_pipeline - INFO - Verified access to Departed_in_last_36_hours.xml
2025-10-29 21:57:00,244 - vessel_data_pipeline - INFO - Verified access to Expected_arrivals.xml
2025-10-29 21:57:00,316 - vessel_data_pipeline - INFO - Verified access to Expected_departures.xml
2025-10-29 21:57:00,316 - vessel_data_pipeline - INFO - Discovered 4 XML files for download
2025-10-29 21:57:00,316 - vessel_data_pipeline - INFO - Downloading Arrived_in_last_36_hours.xml (attempt 1/3)
2025-10-29 21:57:01,000 - vessel_data_pipeline - INFO - File temp_Arrived_in_last_36_hours.xml passed validation checks
2025-10-29 21:57:01,001 - vessel_data_pipeline - INFO - Created backup: Arrived_in_last_36_hours_20251029_215701.xml
2025-10-29 21:57:01,001 - vessel_data_pipeline - INFO - Updated metadata for Arrived_in_last_36_hours.xml
2025-10-29 21:57:01,001 - vessel_data_pipeline - INFO - Successfully downloaded and validated Arrived_in_last_36_hours.xml
2025-10-29 21:57:03,003 - vessel_data_pipeline - INFO - Downloading Departed_in_last_36_hours.xml (attempt 1/3)
2025-10-29 21:57:03,705 - vessel_data_pipeline - INFO - File temp_Departed_in_last_36_hours.xml passed validation checks
2025-10-29 21:57:03,706 - vessel_data_pipeline - INFO - Created backup: Departed_in_last_36_hours_20251029_215703.xml
2025-10-29 21:57:03,706 - vessel_data_pipeline - INFO - Updated metadata for Departed_in_last_36_hours.xml
2025-10-29 21:57:03,706 - vessel_data_pipeline - INFO - Successfully downloaded and validated Departed_in_last_36_hours.xml
2025-10-29 21:57:05,709 - vessel_data_pipeline - INFO - Downloading Expected_arrivals.xml (attempt 1/3)
2025-10-29 21:57:06,387 - vessel_data_pipeline - INFO - File temp_Expected_arrivals.xml passed validation checks
2025-10-29 21:57:06,388 - vessel_data_pipeline - INFO - Created backup: Expected_arrivals_20251029_215706.xml
2025-10-29 21:57:06,388 - vessel_data_pipeline - INFO - Updated metadata for Expected_arrivals.xml
2025-10-29 21:57:06,388 - vessel_data_pipeline - INFO - Successfully downloaded and validated Expected_arrivals.xml
2025-10-29 21:57:08,393 - vessel_data_pipeline - INFO - Downloading Expected_departures.xml (attempt 1/3)
2025-10-29 21:57:08,870 - vessel_data_pipeline - INFO - File temp_Expected_departures.xml passed validation checks
2025-10-29 21:57:08,871 - vessel_data_pipeline - INFO - Created backup: Expected_departures_20251029_215708.xml
2025-10-29 21:57:08,871 - vessel_data_pipeline - INFO - Updated metadata for Expected_departures.xml
2025-10-29 21:57:08,871 - vessel_data_pipeline - INFO - Successfully downloaded and validated Expected_departures.xml
2025-10-29 21:57:10,876 - vessel_data_pipeline - INFO - Fetch operation completed. Results: {'Arrived_in_last_36_hours.xml': True, 'Departed_in_last_36_hours.xml': True, 'Expected_arrivals.xml': True, 'Expected_departures.xml': True}
2025-10-29 21:57:10,884 - vessel_data_pipeline - INFO - VesselDataFetcher initialized. Pipeline enabled: True
2025-10-29 21:57:10,887 - vessel_data_pipeline - INFO - Starting vessel data fetch operation
2025-10-29 21:57:10,887 - vessel_data_pipeline - INFO - Discovering XML files from Hong Kong Marine Department portal
2025-10-29 21:57:11,600 - vessel_data_pipeline - INFO - Verified access to Arrived_in_last_36_hours.xml
2025-10-29 21:57:12,148 - vessel_data_pipeline - INFO - Verified access to Departed_in_last_36_hours.xml
2025-10-29 21:57:12,431 - vessel_data_pipeline - INFO - Verified access to Expected_arrivals.xml
2025-10-29 21:57:12,679 - vessel_data_pipeline - INFO - Verified access to Expected_departures.xml
2025-10-29 21:57:12,679 - vessel_data_pipeline - INFO - Discovered 4 XML files for download
2025-10-29 21:57:12,679 - vessel_data_pipeline - INFO - Downloading Arrived_in_last_36_hours.xml (attempt 1/3)
2025-10-29 21:57:13,369 - vessel_data_pipeline - INFO - File temp_Arrived_in_last_36_hours.xml passed validation checks
2025-10-29 21:57:13,370 - vessel_data_pipeline - INFO - Created backup: Arrived_in_last_36_hours_20251029_215713.xml
2025-10-29 21:57:13,371 - vessel_data_pipeline - INFO - Updated metadata for Arrived_in_last_36_hours.xml
2025-10-29 21:57:13,371 - vessel_data_pipeline - INFO - Successfully downloaded and validated Arrived_in_last_36_hours.xml
2025-10-29 21:57:15,376 - vessel_data_pipeline - INFO - Downloading Departed_in_last_36_hours.xml (attempt 1/3)
2025-10-29 21:57:16,086 - vessel_data_pipeline - INFO - File temp_Departed_in_last_36_hours.xml passed validation checks
2025-10-29 21:57:16,087 - vessel_data_pipeline - INFO - Created backup: Departed_in_last_36_hours_20251029_215716.xml
2025-10-29 21:57:16,087 - vessel_data_pipeline - INFO - Updated metadata for Departed_in_last_36_hours.xml
2025-10-29 21:57:16,087 - vessel_data_pipeline - INFO - Successfully downloaded and validated Departed_in_last_36_hours.xml
2025-10-29 21:57:18,090 - vessel_data_pipeline - INFO - Downloading Expected_arrivals.xml (attempt 1/3)
2025-10-29 21:57:18,615 - vessel_data_pipeline - INFO - File temp_Expected_arrivals.xml passed validation checks
2025-10-29 21:57:18,616 - vessel_data_pipeline - INFO - Created backup: Expected_arrivals_20251029_215718.xml
2025-10-29 21:57:18,616 - vessel_data_pipeline - INFO - Updated metadata for Expected_arrivals.xml
2025-10-29 21:57:18,616 - vessel_data_pipeline - INFO - Successfully downloaded and validated Expected_arrivals.xml
2025-10-29 21:57:20,621 - vessel_data_pipeline - INFO - Downloading Expected_departures.xml (attempt 1/3)
2025-10-29 21:57:21,108 - vessel_data_pipeline - INFO - File temp_Expected_departures.xml passed validation checks
2025-10-29 21:57:21,108 - vessel_data_pipeline - INFO - Created backup: Expected_departures_20251029_215721.xml
2025-10-29 21:57:21,108 - vessel_data_pipeline - INFO - Updated metadata for Expected_departures.xml
2025-10-29 21:57:21,108 - vessel_data_pipeline - INFO - Successfully downloaded and validated Expected_departures.xml
2025-10-29 21:57:23,113 - vessel_data_pipeline - INFO - Fetch operation completed. Results: {'Arrived_in_last_36_hours.xml': True, 'Departed_in_last_36_hours.xml': True, 'Expected_arrivals.xml': True, 'Expected_departures.xml': True}
2025-10-29 21:57:26,012 - vessel_data_pipeline - INFO - VesselDataFetcher initialized. Pipeline enabled: True
2025-10-29 21:57:26,012 - vessel_data_pipeline - INFO - Starting vessel data fetch operation
2025-10-29 21:57:26,012 - vessel_data_pipeline - INFO - Discovering XML files from Hong Kong Marine Department portal
2025-10-29 21:57:26,492 - vessel_data_pipeline - INFO - Verified access to Arrived_in_last_36_hours.xml
2025-10-29 21:57:27,172 - vessel_data_pipeline - INFO - Verified access to Departed_in_last_36_hours.xml
2025-10-29 21:57:27,842 - vessel_data_pipeline - INFO - Verified access to Expected_arrivals.xml
2025-10-29 21:57:27,919 - vessel_data_pipeline - INFO - Verified access to Expected_departures.xml
2025-10-29 21:57:27,919 - vessel_data_pipeline - INFO - Discovered 4 XML files for download
2025-10-29 21:57:27,920 - vessel_data_pipeline - INFO - Downloading Arrived_in_last_36_hours.xml (attempt 1/3)
2025-10-29 21:57:28,409 - vessel_data_pipeline - INFO - File temp_Arrived_in_last_36_hours.xml passed validation checks
2025-10-29 21:57:28,410 - vessel_data_pipeline - INFO - Created backup: Arrived_in_last_36_hours_20251029_215728.xml
2025-10-29 21:57:28,410 - vessel_data_pipeline - INFO - Updated metadata for Arrived_in_last_36_hours.xml
2025-10-29 21:57:28,410 - vessel_data_pipeline - INFO - Successfully downloaded and validated Arrived_in_last_36_hours.xml
2025-10-29 21:57:30,412 - vessel_data_pipeline - INFO - Downloading Departed_in_last_36_hours.xml (attempt 1/3)
2025-10-29 21:57:31,308 - vessel_data_pipeline - INFO - File temp_Departed_in_last_36_hours.xml passed validation checks
2025-10-29 21:57:31,308 - vessel_data_pipeline - INFO - Created backup: Departed_in_last_36_hours_20251029_215731.xml
2025-10-29 21:57:31,308 - vessel_data_pipeline - INFO - Updated metadata for Departed_in_last_36_hours.xml
2025-10-29 21:57:31,308 - vessel_data_pipeline - INFO - Successfully downloaded and validated Departed_in_last_36_hours.xml
2025-10-29 21:57:33,314 - vessel_data_pipeline - INFO - Downloading Expected_arrivals.xml (attempt 1/3)
2025-10-29 21:57:33,801 - vessel_data_pipeline - INFO - File temp_Expected_arrivals.xml passed validation checks
2025-10-29 21:57:33,802 - vessel_data_pipeline - INFO - Created backup: Expected_arrivals_20251029_215733.xml
2025-10-29 21:57:33,802 - vessel_data_pipeline - INFO - Updated metadata for Expected_arrivals.xml
2025-10-29 21:57:33,802 - vessel_data_pipeline - INFO - Successfully downloaded and validated Expected_arrivals.xml
2025-10-29 21:57:35,807 - vessel_data_pipeline - INFO - Downloading Expected_departures.xml (attempt 1/3)
2025-10-29 21:57:36,370 - vessel_data_pipeline - INFO - File temp_Expected_departures.xml passed validation checks
2025-10-29 21:57:36,372 - vessel_data_pipeline - INFO - Created backup: Expected_departures_20251029_215736.xml
2025-10-29 21:57:36,373 - vessel_data_pipeline - INFO - Updated metadata for Expected_departures.xml
2025-10-29 21:57:36,373 - vessel_data_pipeline - INFO - Successfully downloaded and validated Expected_departures.xml
2025-10-29 21:57:38,378 - vessel_data_pipeline - INFO - Fetch operation completed. Results: {'Arrived_in_last_36_hours.xml': True, 'Departed_in_last_36_hours.xml': True, 'Expected_arrivals.xml': True, 'Expected_departures.xml': True}
2025-10-29 21:57:38,382 - vessel_data_pipeline - INFO - VesselDataFetcher initialized. Pipeline enabled: True
2025-10-29 21:57:38,382 - vessel_data_pipeline - INFO - Starting vessel data fetch operation
2025-10-29 21:57:38,382 - vessel_data_pipeline - INFO - Discovering XML files from Hong Kong Marine Department portal
2025-10-29 21:57:39,094 - vessel_data_pipeline - INFO - Verified access to Arrived_in_last_36_hours.xml
2025-10-29 21:57:40,022 - vessel_data_pipeline - INFO - Verified access to Departed_in_last_36_hours.xml
2025-10-29 21:57:40,288 - vessel_data_pipeline - INFO - Verified access to Expected_arrivals.xml
2025-10-29 21:57:40,592 - vessel_data_pipeline - INFO - Verified access to Expected_departures.xml
2025-10-29 21:57:40,592 - vessel_data_pipeline - INFO - Discovered 4 XML files for download
2025-10-29 21:57:40,592 - vessel_data_pipeline - INFO - Downloading Arrived_in_last_36_hours.xml (attempt 1/3)
2025-10-29 21:57:40,911 - vessel_data_pipeline - INFO - File temp_Arrived_in_last_36_hours.xml passed validation checks
2025-10-29 21:57:40,912 - vessel_data_pipeline - INFO - Created backup: Arrived_in_last_36_hours_20251029_215740.xml
2025-10-29 21:57:40,913 - vessel_data_pipeline - INFO - Updated metadata for Arrived_in_last_36_hours.xml
2025-10-29 21:57:40,913 - vessel_data_pipeline - INFO - Successfully downloaded and validated Arrived_in_last_36_hours.xml
2025-10-29 21:57:42,918 - vessel_data_pipeline - INFO - Downloading Departed_in_last_36_hours.xml (attempt 1/3)
2025-10-29 21:57:43,308 - vessel_data_pipeline - INFO - File temp_Departed_in_last_36_hours.xml passed validation checks
2025-10-29 21:57:43,309 - vessel_data_pipeline - INFO - Created backup: Departed_in_last_36_hours_20251029_215743.xml
2025-10-29 21:57:43,309 - vessel_data_pipeline - INFO - Updated metadata for Departed_in_last_36_hours.xml
2025-10-29 21:57:43,310 - vessel_data_pipeline - INFO - Successfully downloaded and validated Departed_in_last_36_hours.xml
2025-10-29 21:57:45,315 - vessel_data_pipeline - INFO - Downloading Expected_arrivals.xml (attempt 1/3)
2025-10-29 21:57:46,126 - vessel_data_pipeline - INFO - File temp_Expected_arrivals.xml passed validation checks
2025-10-29 21:57:46,127 - vessel_data_pipeline - INFO - Created backup: Expected_arrivals_20251029_215746.xml
2025-10-29 21:57:46,128 - vessel_data_pipeline - INFO - Updated metadata for Expected_arrivals.xml
2025-10-29 21:57:46,128 - vessel_data_pipeline - INFO - Successfully downloaded and validated Expected_arrivals.xml
2025-10-29 21:57:48,134 - vessel_data_pipeline - INFO - Downloading Expected_departures.xml (attempt 1/3)
2025-10-29 21:57:48,415 - vessel_data_pipeline - INFO - File temp_Expected_departures.xml passed validation checks
2025-10-29 21:57:48,415 - vessel_data_pipeline - INFO - Created backup: Expected_departures_20251029_215748.xml
2025-10-29 21:57:48,416 - vessel_data_pipeline - INFO - Updated metadata for Expected_departures.xml
2025-10-29 21:57:48,416 - vessel_data_pipeline - INFO - Successfully downloaded and validated Expected_departures.xml
2025-10-29 21:57:50,417 - vessel_data_pipeline - INFO - Fetch operation completed. Results: {'Arrived_in_last_36_hours.xml': True, 'Departed_in_last_36_hours.xml': True, 'Expected_arrivals.xml': True, 'Expected_departures.xml': True}
2025-10-29 21:57:50,434 - vessel_data_pipeline - INFO - VesselDataFetcher initialized. Pipeline enabled: True
2025-10-29 21:57:50,435 - vessel_data_pipeline - INFO - Starting vessel data fetch operation
2025-10-29 21:57:50,435 - vessel_data_pipeline - INFO - Discovering XML files from Hong Kong Marine Department portal
2025-10-29 21:57:51,042 - vessel_data_pipeline - INFO - Verified access to Arrived_in_last_36_hours.xml
2025-10-29 21:57:51,294 - vessel_data_pipeline - INFO - Verified access to Departed_in_last_36_hours.xml
2025-10-29 21:57:51,996 - vessel_data_pipeline - INFO - Verified access to Expected_arrivals.xml
2025-10-29 21:57:52,267 - vessel_data_pipeline - INFO - Verified access to Expected_departures.xml
2025-10-29 21:57:52,267 - vessel_data_pipeline - INFO - Discovered 4 XML files for download
2025-10-29 21:57:52,268 - vessel_data_pipeline - INFO - Downloading Arrived_in_last_36_hours.xml (attempt 1/3)
2025-10-29 21:57:52,744 - vessel_data_pipeline - INFO - File temp_Arrived_in_last_36_hours.xml passed validation checks
2025-10-29 21:57:52,745 - vessel_data_pipeline - INFO - Created backup: Arrived_in_last_36_hours_20251029_215752.xml
2025-10-29 21:57:52,745 - vessel_data_pipeline - INFO - Updated metadata for Arrived_in_last_36_hours.xml
2025-10-29 21:57:52,745 - vessel_data_pipeline - INFO - Successfully downloaded and validated Arrived_in_last_36_hours.xml
2025-10-29 21:57:54,748 - vessel_data_pipeline - INFO - Downloading Departed_in_last_36_hours.xml (attempt 1/3)
2025-10-29 21:57:55,216 - vessel_data_pipeline - INFO - File temp_Departed_in_last_36_hours.xml passed validation checks
2025-10-29 21:57:55,216 - vessel_data_pipeline - INFO - Created backup: Departed_in_last_36_hours_20251029_215755.xml
2025-10-29 21:57:55,217 - vessel_data_pipeline - INFO - Updated metadata for Departed_in_last_36_hours.xml
2025-10-29 21:57:55,217 - vessel_data_pipeline - INFO - Successfully downloaded and validated Departed_in_last_36_hours.xml
2025-10-29 21:57:57,217 - vessel_data_pipeline - INFO - Downloading Expected_arrivals.xml (attempt 1/3)
2025-10-29 21:57:57,916 - vessel_data_pipeline - INFO - File temp_Expected_arrivals.xml passed validation checks
2025-10-29 21:57:57,921 - vessel_data_pipeline - INFO - Created backup: Expected_arrivals_20251029_215757.xml
2025-10-29 21:57:57,926 - vessel_data_pipeline - INFO - Updated metadata for Expected_arrivals.xml
2025-10-29 21:57:57,926 - vessel_data_pipeline - INFO - Successfully downloaded and validated Expected_arrivals.xml
2025-10-29 21:57:59,931 - vessel_data_pipeline - INFO - Downloading Expected_departures.xml (attempt 1/3)
2025-10-29 21:58:00,616 - vessel_data_pipeline - INFO - File temp_Expected_departures.xml passed validation checks
2025-10-29 21:58:00,618 - vessel_data_pipeline - INFO - Created backup: Expected_departures_20251029_215800.xml
2025-10-29 21:58:00,618 - vessel_data_pipeline - INFO - Updated metadata for Expected_departures.xml
2025-10-29 21:58:00,618 - vessel_data_pipeline - INFO - Successfully downloaded and validated Expected_departures.xml
2025-10-29 21:58:02,621 - vessel_data_pipeline - INFO - Fetch operation completed. Results: {'Arrived_in_last_36_hours.xml': True, 'Departed_in_last_36_hours.xml': True, 'Expected_arrivals.xml': True, 'Expected_departures.xml': True}
2025-10-29 21:58:02,625 - vessel_data_pipeline - INFO - VesselDataFetcher initialized. Pipeline enabled: True
2025-10-29 21:58:02,625 - vessel_data_pipeline - INFO - Starting vessel data fetch operation
2025-10-29 21:58:02,625 - vessel_data_pipeline - INFO - Discovering XML files from Hong Kong Marine Department portal
2025-10-29 21:58:03,332 - vessel_data_pipeline - INFO - Verified access to Arrived_in_last_36_hours.xml
2025-10-29 21:58:03,921 - vessel_data_pipeline - INFO - Verified access to Departed_in_last_36_hours.xml
2025-10-29 21:58:04,186 - vessel_data_pipeline - INFO - Verified access to Expected_arrivals.xml
2025-10-29 21:58:04,467 - vessel_data_pipeline - INFO - Verified access to Expected_departures.xml
2025-10-29 21:58:04,467 - vessel_data_pipeline - INFO - Discovered 4 XML files for download
2025-10-29 21:58:04,467 - vessel_data_pipeline - INFO - Downloading Arrived_in_last_36_hours.xml (attempt 1/3)
2025-10-29 21:58:04,974 - vessel_data_pipeline - INFO - File temp_Arrived_in_last_36_hours.xml passed validation checks
2025-10-29 21:58:04,975 - vessel_data_pipeline - INFO - Created backup: Arrived_in_last_36_hours_20251029_215804.xml
2025-10-29 21:58:04,976 - vessel_data_pipeline - INFO - Updated metadata for Arrived_in_last_36_hours.xml
2025-10-29 21:58:04,976 - vessel_data_pipeline - INFO - Successfully downloaded and validated Arrived_in_last_36_hours.xml
2025-10-29 21:58:06,977 - vessel_data_pipeline - INFO - Downloading Departed_in_last_36_hours.xml (attempt 1/3)
2025-10-29 21:58:08,116 - vessel_data_pipeline - INFO - File temp_Departed_in_last_36_hours.xml passed validation checks
2025-10-29 21:58:08,117 - vessel_data_pipeline - INFO - Created backup: Departed_in_last_36_hours_20251029_215808.xml
2025-10-29 21:58:08,117 - vessel_data_pipeline - INFO - Updated metadata for Departed_in_last_36_hours.xml
2025-10-29 21:58:08,117 - vessel_data_pipeline - INFO - Successfully downloaded and validated Departed_in_last_36_hours.xml
2025-10-29 21:58:10,121 - vessel_data_pipeline - INFO - Downloading Expected_arrivals.xml (attempt 1/3)
2025-10-29 21:58:10,423 - vessel_data_pipeline - INFO - File temp_Expected_arrivals.xml passed validation checks
2025-10-29 21:58:10,424 - vessel_data_pipeline - INFO - Created backup: Expected_arrivals_20251029_215810.xml
2025-10-29 21:58:10,424 - vessel_data_pipeline - INFO - Updated metadata for Expected_arrivals.xml
2025-10-29 21:58:10,424 - vessel_data_pipeline - INFO - Successfully downloaded and validated Expected_arrivals.xml
2025-10-29 21:58:12,430 - vessel_data_pipeline - INFO - Downloading Expected_departures.xml (attempt 1/3)
2025-10-29 21:58:13,013 - vessel_data_pipeline - INFO - File temp_Expected_departures.xml passed validation checks
2025-10-29 21:58:13,013 - vessel_data_pipeline - INFO - Created backup: Expected_departures_20251029_215813.xml
2025-10-29 21:58:13,014 - vessel_data_pipeline - INFO - Updated metadata for Expected_departures.xml
2025-10-29 21:58:13,014 - vessel_data_pipeline - INFO - Successfully downloaded and validated Expected_departures.xml
2025-10-29 21:58:15,015 - vessel_data_pipeline - INFO - Fetch operation completed. Results: {'Arrived_in_last_36_hours.xml': True, 'Departed_in_last_36_hours.xml': True, 'Expected_arrivals.xml': True, 'Expected_departures.xml': True}
2025-10-29 21:58:16,107 - vessel_data_pipeline - INFO - VesselDataFetcher initialized. Pipeline enabled: True
2025-10-29 21:58:16,108 - vessel_data_pipeline - INFO - VesselDataFetcher initialized. Pipeline enabled: True
2025-10-29 21:58:16,108 - vessel_data_pipeline - INFO - Starting vessel data fetch operation
2025-10-29 21:58:16,108 - vessel_data_pipeline - INFO - Discovering XML files from Hong Kong Marine Department portal
2025-10-29 21:58:16,433 - vessel_data_pipeline - INFO - Verified access to Arrived_in_last_36_hours.xml
2025-10-29 21:58:17,549 - vessel_data_pipeline - INFO - Verified access to Departed_in_last_36_hours.xml
2025-10-29 21:58:17,588 - vessel_data_pipeline - INFO - Verified access to Expected_arrivals.xml
2025-10-29 21:58:18,081 - vessel_data_pipeline - INFO - Verified access to Expected_departures.xml
2025-10-29 21:58:18,081 - vessel_data_pipeline - INFO - Discovered 4 XML files for download
2025-10-29 21:58:18,082 - vessel_data_pipeline - INFO - Downloading Arrived_in_last_36_hours.xml (attempt 1/3)
2025-10-29 21:58:18,361 - vessel_data_pipeline - INFO - File temp_Arrived_in_last_36_hours.xml passed validation checks
2025-10-29 21:58:18,362 - vessel_data_pipeline - INFO - Created backup: Arrived_in_last_36_hours_20251029_215818.xml
2025-10-29 21:58:18,363 - vessel_data_pipeline - INFO - Updated metadata for Arrived_in_last_36_hours.xml
2025-10-29 21:58:18,364 - vessel_data_pipeline - INFO - Successfully downloaded and validated Arrived_in_last_36_hours.xml
2025-10-29 21:58:20,368 - vessel_data_pipeline - INFO - Downloading Departed_in_last_36_hours.xml (attempt 1/3)
2025-10-29 21:58:21,114 - vessel_data_pipeline - INFO - File temp_Departed_in_last_36_hours.xml passed validation checks
2025-10-29 21:58:21,115 - vessel_data_pipeline - INFO - Created backup: Departed_in_last_36_hours_20251029_215821.xml
2025-10-29 21:58:21,115 - vessel_data_pipeline - INFO - Updated metadata for Departed_in_last_36_hours.xml
2025-10-29 21:58:21,115 - vessel_data_pipeline - INFO - Successfully downloaded and validated Departed_in_last_36_hours.xml
2025-10-29 21:58:23,116 - vessel_data_pipeline - INFO - Downloading Expected_arrivals.xml (attempt 1/3)
2025-10-29 21:58:23,785 - vessel_data_pipeline - INFO - File temp_Expected_arrivals.xml passed validation checks
2025-10-29 21:58:23,786 - vessel_data_pipeline - INFO - Created backup: Expected_arrivals_20251029_215823.xml
2025-10-29 21:58:23,786 - vessel_data_pipeline - INFO - Updated metadata for Expected_arrivals.xml
2025-10-29 21:58:23,787 - vessel_data_pipeline - INFO - Successfully downloaded and validated Expected_arrivals.xml
2025-10-29 21:58:25,791 - vessel_data_pipeline - INFO - Downloading Expected_departures.xml (attempt 1/3)
2025-10-29 21:58:25,941 - vessel_data_pipeline - INFO - File temp_Expected_departures.xml passed validation checks
2025-10-29 21:58:25,942 - vessel_data_pipeline - INFO - Created backup: Expected_departures_20251029_215825.xml
2025-10-29 21:58:25,942 - vessel_data_pipeline - INFO - Updated metadata for Expected_departures.xml
2025-10-29 21:58:25,942 - vessel_data_pipeline - INFO - Successfully downloaded and validated Expected_departures.xml
2025-10-29 21:58:27,947 - vessel_data_pipeline - INFO - Fetch operation completed. Results: {'Arrived_in_last_36_hours.xml': True, 'Departed_in_last_36_hours.xml': True, 'Expected_arrivals.xml': True, 'Expected_departures.xml': True}
2025-10-29 21:58:53,372 - vessel_data_pipeline - INFO - VesselDataFetcher initialized. Pipeline enabled: True
2025-10-29 21:58:53,373 - vessel_data_pipeline - INFO - Starting vessel data fetch operation
2025-10-29 21:58:53,373 - vessel_data_pipeline - INFO - Discovering XML files from Hong Kong Marine Department portal
2025-10-29 21:58:54,220 - vessel_data_pipeline - INFO - Verified access to Arrived_in_last_36_hours.xml
2025-10-29 21:58:54,911 - vessel_data_pipeline - INFO - Verified access to Departed_in_last_36_hours.xml
2025-10-29 21:58:55,390 - vessel_data_pipeline - INFO - Verified access to Expected_arrivals.xml
2025-10-29 21:58:55,660 - vessel_data_pipeline - INFO - Verified access to Expected_departures.xml
2025-10-29 21:58:55,660 - vessel_data_pipeline - INFO - Discovered 4 XML files for download
2025-10-29 21:58:55,660 - vessel_data_pipeline - INFO - Downloading Arrived_in_last_36_hours.xml (attempt 1/3)
2025-10-29 21:58:56,165 - vessel_data_pipeline - INFO - File temp_Arrived_in_last_36_hours.xml passed validation checks
2025-10-29 21:58:56,167 - vessel_data_pipeline - INFO - Created backup: Arrived_in_last_36_hours_20251029_215856.xml
2025-10-29 21:58:56,169 - vessel_data_pipeline - INFO - Updated metadata for Arrived_in_last_36_hours.xml
2025-10-29 21:58:56,169 - vessel_data_pipeline - INFO - Successfully downloaded and validated Arrived_in_last_36_hours.xml
2025-10-29 21:58:58,170 - vessel_data_pipeline - INFO - Downloading Departed_in_last_36_hours.xml (attempt 1/3)
2025-10-29 21:58:58,927 - vessel_data_pipeline - INFO - File temp_Departed_in_last_36_hours.xml passed validation checks
2025-10-29 21:58:58,928 - vessel_data_pipeline - INFO - Created backup: Departed_in_last_36_hours_20251029_215858.xml
2025-10-29 21:58:58,929 - vessel_data_pipeline - INFO - Updated metadata for Departed_in_last_36_hours.xml
2025-10-29 21:58:58,929 - vessel_data_pipeline - INFO - Successfully downloaded and validated Departed_in_last_36_hours.xml
2025-10-29 21:59:00,934 - vessel_data_pipeline - INFO - Downloading Expected_arrivals.xml (attempt 1/3)
2025-10-29 21:59:01,621 - vessel_data_pipeline - INFO - File temp_Expected_arrivals.xml passed validation checks
2025-10-29 21:59:01,622 - vessel_data_pipeline - INFO - Created backup: Expected_arrivals_20251029_215901.xml
2025-10-29 21:59:01,622 - vessel_data_pipeline - INFO - Updated metadata for Expected_arrivals.xml
2025-10-29 21:59:01,622 - vessel_data_pipeline - INFO - Successfully downloaded and validated Expected_arrivals.xml
2025-10-29 21:59:03,626 - vessel_data_pipeline - INFO - Downloading Expected_departures.xml (attempt 1/3)
2025-10-29 21:59:03,924 - vessel_data_pipeline - INFO - File temp_Expected_departures.xml passed validation checks
2025-10-29 21:59:03,924 - vessel_data_pipeline - INFO - Created backup: Expected_departures_20251029_215903.xml
2025-10-29 21:59:03,925 - vessel_data_pipeline - INFO - Updated metadata for Expected_departures.xml
2025-10-29 21:59:03,925 - vessel_data_pipeline - INFO - Successfully downloaded and validated Expected_departures.xml
2025-10-29 21:59:05,930 - vessel_data_pipeline - INFO - Fetch operation completed. Results: {'Arrived_in_last_36_hours.xml': True, 'Departed_in_last_36_hours.xml': True, 'Expected_arrivals.xml': True, 'Expected_departures.xml': True}
2025-10-29 21:59:06,188 - vessel_data_pipeline - INFO - VesselDataFetcher initialized. Pipeline enabled: True
2025-10-29 21:59:06,189 - vessel_data_pipeline - INFO - Starting vessel data fetch operation
2025-10-29 21:59:06,189 - vessel_data_pipeline - INFO - Discovering XML files from Hong Kong Marine Department portal
2025-10-29 21:59:06,861 - vessel_data_pipeline - INFO - Verified access to Arrived_in_last_36_hours.xml
2025-10-29 21:59:07,778 - vessel_data_pipeline - INFO - Verified access to Departed_in_last_36_hours.xml
2025-10-29 21:59:08,240 - vessel_data_pipeline - INFO - Verified access to Expected_arrivals.xml
2025-10-29 21:59:08,517 - vessel_data_pipeline - INFO - Verified access to Expected_departures.xml
2025-10-29 21:59:08,518 - vessel_data_pipeline - INFO - Discovered 4 XML files for download
2025-10-29 21:59:08,518 - vessel_data_pipeline - INFO - Downloading Arrived_in_last_36_hours.xml (attempt 1/3)
2025-10-29 21:59:08,792 - vessel_data_pipeline - INFO - File temp_Arrived_in_last_36_hours.xml passed validation checks
2025-10-29 21:59:08,792 - vessel_data_pipeline - INFO - Created backup: Arrived_in_last_36_hours_20251029_215908.xml
2025-10-29 21:59:08,792 - vessel_data_pipeline - INFO - Updated metadata for Arrived_in_last_36_hours.xml
2025-10-29 21:59:08,792 - vessel_data_pipeline - INFO - Successfully downloaded and validated Arrived_in_last_36_hours.xml
2025-10-29 21:59:10,794 - vessel_data_pipeline - INFO - Downloading Departed_in_last_36_hours.xml (attempt 1/3)
2025-10-29 21:59:11,989 - vessel_data_pipeline - INFO - File temp_Departed_in_last_36_hours.xml passed validation checks
2025-10-29 21:59:11,990 - vessel_data_pipeline - INFO - Created backup: Departed_in_last_36_hours_20251029_215911.xml
2025-10-29 21:59:11,990 - vessel_data_pipeline - INFO - Updated metadata for Departed_in_last_36_hours.xml
2025-10-29 21:59:11,990 - vessel_data_pipeline - INFO - Successfully downloaded and validated Departed_in_last_36_hours.xml
2025-10-29 21:59:13,992 - vessel_data_pipeline - INFO - Downloading Expected_arrivals.xml (attempt 1/3)
2025-10-29 21:59:14,354 - vessel_data_pipeline - INFO - File temp_Expected_arrivals.xml passed validation checks
2025-10-29 21:59:14,354 - vessel_data_pipeline - INFO - Created backup: Expected_arrivals_20251029_215914.xml
2025-10-29 21:59:14,355 - vessel_data_pipeline - INFO - Updated metadata for Expected_arrivals.xml
2025-10-29 21:59:14,355 - vessel_data_pipeline - INFO - Successfully downloaded and validated Expected_arrivals.xml
2025-10-29 21:59:16,360 - vessel_data_pipeline - INFO - Downloading Expected_departures.xml (attempt 1/3)
2025-10-29 21:59:16,827 - vessel_data_pipeline - INFO - File temp_Expected_departures.xml passed validation checks
2025-10-29 21:59:16,827 - vessel_data_pipeline - INFO - Created backup: Expected_departures_20251029_215916.xml
2025-10-29 21:59:16,827 - vessel_data_pipeline - INFO - Updated metadata for Expected_departures.xml
2025-10-29 21:59:16,828 - vessel_data_pipeline - INFO - Successfully downloaded and validated Expected_departures.xml
2025-10-29 21:59:18,833 - vessel_data_pipeline - INFO - Fetch operation completed. Results: {'Arrived_in_last_36_hours.xml': True, 'Departed_in_last_36_hours.xml': True, 'Expected_arrivals.xml': True, 'Expected_departures.xml': True}
2025-10-29 21:59:18,846 - vessel_data_pipeline - INFO - VesselDataFetcher initialized. Pipeline enabled: True
2025-10-29 21:59:18,849 - vessel_data_pipeline - INFO - Starting vessel data fetch operation
2025-10-29 21:59:18,849 - vessel_data_pipeline - INFO - Discovering XML files from Hong Kong Marine Department portal
2025-10-29 21:59:20,052 - vessel_data_pipeline - INFO - Verified access to Arrived_in_last_36_hours.xml
2025-10-29 21:59:21,746 - vessel_data_pipeline - INFO - Verified access to Departed_in_last_36_hours.xml
2025-10-29 21:59:22,790 - vessel_data_pipeline - INFO - Verified access to Expected_arrivals.xml
2025-10-29 21:59:23,313 - vessel_data_pipeline - INFO - Verified access to Expected_departures.xml
2025-10-29 21:59:23,313 - vessel_data_pipeline - INFO - Discovered 4 XML files for download
2025-10-29 21:59:23,314 - vessel_data_pipeline - INFO - Downloading Arrived_in_last_36_hours.xml (attempt 1/3)
2025-10-29 21:59:23,805 - vessel_data_pipeline - INFO - File temp_Arrived_in_last_36_hours.xml passed validation checks
2025-10-29 21:59:23,806 - vessel_data_pipeline - INFO - Created backup: Arrived_in_last_36_hours_20251029_215923.xml
2025-10-29 21:59:23,806 - vessel_data_pipeline - INFO - Updated metadata for Arrived_in_last_36_hours.xml
2025-10-29 21:59:23,806 - vessel_data_pipeline - INFO - Successfully downloaded and validated Arrived_in_last_36_hours.xml
2025-10-29 21:59:25,810 - vessel_data_pipeline - INFO - Downloading Departed_in_last_36_hours.xml (attempt 1/3)
2025-10-29 21:59:26,449 - vessel_data_pipeline - INFO - File temp_Departed_in_last_36_hours.xml passed validation checks
2025-10-29 21:59:26,449 - vessel_data_pipeline - INFO - Created backup: Departed_in_last_36_hours_20251029_215926.xml
2025-10-29 21:59:26,449 - vessel_data_pipeline - INFO - Updated metadata for Departed_in_last_36_hours.xml
2025-10-29 21:59:26,449 - vessel_data_pipeline - INFO - Successfully downloaded and validated Departed_in_last_36_hours.xml
2025-10-29 21:59:28,455 - vessel_data_pipeline - INFO - Downloading Expected_arrivals.xml (attempt 1/3)
2025-10-29 21:59:28,714 - vessel_data_pipeline - INFO - File temp_Expected_arrivals.xml passed validation checks
2025-10-29 21:59:28,714 - vessel_data_pipeline - INFO - Created backup: Expected_arrivals_20251029_215928.xml
2025-10-29 21:59:28,714 - vessel_data_pipeline - INFO - Updated metadata for Expected_arrivals.xml
2025-10-29 21:59:28,715 - vessel_data_pipeline - INFO - Successfully downloaded and validated Expected_arrivals.xml
2025-10-29 21:59:30,720 - vessel_data_pipeline - INFO - Downloading Expected_departures.xml (attempt 1/3)
2025-10-29 21:59:31,631 - vessel_data_pipeline - INFO - File temp_Expected_departures.xml passed validation checks
2025-10-29 21:59:31,633 - vessel_data_pipeline - INFO - Created backup: Expected_departures_20251029_215931.xml
2025-10-29 21:59:31,633 - vessel_data_pipeline - INFO - Updated metadata for Expected_departures.xml
2025-10-29 21:59:31,634 - vessel_data_pipeline - INFO - Successfully downloaded and validated Expected_departures.xml
2025-10-29 21:59:33,639 - vessel_data_pipeline - INFO - Fetch operation completed. Results: {'Arrived_in_last_36_hours.xml': True, 'Departed_in_last_36_hours.xml': True, 'Expected_arrivals.xml': True, 'Expected_departures.xml': True}
2025-10-29 21:59:37,129 - vessel_data_pipeline - INFO - VesselDataFetcher initialized. Pipeline enabled: True
2025-10-29 21:59:37,130 - vessel_data_pipeline - INFO - Starting vessel data fetch operation
2025-10-29 21:59:37,130 - vessel_data_pipeline - INFO - Discovering XML files from Hong Kong Marine Department portal
2025-10-29 21:59:37,793 - vessel_data_pipeline - INFO - Verified access to Arrived_in_last_36_hours.xml
2025-10-29 21:59:38,471 - vessel_data_pipeline - INFO - Verified access to Departed_in_last_36_hours.xml
2025-10-29 21:59:38,762 - vessel_data_pipeline - INFO - Verified access to Expected_arrivals.xml
2025-10-29 21:59:39,065 - vessel_data_pipeline - INFO - Verified access to Expected_departures.xml
2025-10-29 21:59:39,065 - vessel_data_pipeline - INFO - Discovered 4 XML files for download
2025-10-29 21:59:39,065 - vessel_data_pipeline - INFO - Downloading Arrived_in_last_36_hours.xml (attempt 1/3)
2025-10-29 21:59:39,606 - vessel_data_pipeline - INFO - File temp_Arrived_in_last_36_hours.xml passed validation checks
2025-10-29 21:59:39,607 - vessel_data_pipeline - INFO - Created backup: Arrived_in_last_36_hours_20251029_215939.xml
2025-10-29 21:59:39,607 - vessel_data_pipeline - INFO - Updated metadata for Arrived_in_last_36_hours.xml
2025-10-29 21:59:39,607 - vessel_data_pipeline - INFO - Successfully downloaded and validated Arrived_in_last_36_hours.xml
2025-10-29 21:59:41,611 - vessel_data_pipeline - INFO - Downloading Departed_in_last_36_hours.xml (attempt 1/3)
2025-10-29 21:59:42,348 - vessel_data_pipeline - INFO - File temp_Departed_in_last_36_hours.xml passed validation checks
2025-10-29 21:59:42,348 - vessel_data_pipeline - INFO - Created backup: Departed_in_last_36_hours_20251029_215942.xml
2025-10-29 21:59:42,348 - vessel_data_pipeline - INFO - Updated metadata for Departed_in_last_36_hours.xml
2025-10-29 21:59:42,348 - vessel_data_pipeline - INFO - Successfully downloaded and validated Departed_in_last_36_hours.xml
2025-10-29 21:59:44,351 - vessel_data_pipeline - INFO - Downloading Expected_arrivals.xml (attempt 1/3)
2025-10-29 21:59:44,661 - vessel_data_pipeline - INFO - File temp_Expected_arrivals.xml passed validation checks
2025-10-29 21:59:44,661 - vessel_data_pipeline - INFO - Created backup: Expected_arrivals_20251029_215944.xml
2025-10-29 21:59:44,662 - vessel_data_pipeline - INFO - Updated metadata for Expected_arrivals.xml
2025-10-29 21:59:44,662 - vessel_data_pipeline - INFO - Successfully downloaded and validated Expected_arrivals.xml
2025-10-29 21:59:46,667 - vessel_data_pipeline - INFO - Downloading Expected_departures.xml (attempt 1/3)
2025-10-29 21:59:46,959 - vessel_data_pipeline - INFO - File temp_Expected_departures.xml passed validation checks
2025-10-29 21:59:46,959 - vessel_data_pipeline - INFO - Created backup: Expected_departures_20251029_215946.xml
2025-10-29 21:59:46,960 - vessel_data_pipeline - INFO - Updated metadata for Expected_departures.xml
2025-10-29 21:59:46,960 - vessel_data_pipeline - INFO - Successfully downloaded and validated Expected_departures.xml
2025-10-29 21:59:48,964 - vessel_data_pipeline - INFO - Fetch operation completed. Results: {'Arrived_in_last_36_hours.xml': True, 'Departed_in_last_36_hours.xml': True, 'Expected_arrivals.xml': True, 'Expected_departures.xml': True}
2025-10-29 21:59:48,974 - vessel_data_pipeline - INFO - VesselDataFetcher initialized. Pipeline enabled: True
2025-10-29 21:59:48,975 - vessel_data_pipeline - INFO - Starting vessel data fetch operation
2025-10-29 21:59:48,975 - vessel_data_pipeline - INFO - Discovering XML files from Hong Kong Marine Department portal
2025-10-29 21:59:49,849 - vessel_data_pipeline - INFO - Verified access to Arrived_in_last_36_hours.xml
2025-10-29 21:59:50,333 - vessel_data_pipeline - INFO - Verified access to Departed_in_last_36_hours.xml
2025-10-29 21:59:50,736 - vessel_data_pipeline - INFO - Verified access to Expected_arrivals.xml
2025-10-29 21:59:50,998 - vessel_data_pipeline - INFO - Verified access to Expected_departures.xml
2025-10-29 21:59:50,998 - vessel_data_pipeline - INFO - Discovered 4 XML files for download
2025-10-29 21:59:50,998 - vessel_data_pipeline - INFO - Downloading Arrived_in_last_36_hours.xml (attempt 1/3)
2025-10-29 21:59:51,767 - vessel_data_pipeline - INFO - File temp_Arrived_in_last_36_hours.xml passed validation checks
2025-10-29 21:59:51,768 - vessel_data_pipeline - INFO - Created backup: Arrived_in_last_36_hours_20251029_215951.xml
2025-10-29 21:59:51,768 - vessel_data_pipeline - INFO - Updated metadata for Arrived_in_last_36_hours.xml
2025-10-29 21:59:51,768 - vessel_data_pipeline - INFO - Successfully downloaded and validated Arrived_in_last_36_hours.xml
2025-10-29 21:59:53,773 - vessel_data_pipeline - INFO - Downloading Departed_in_last_36_hours.xml (attempt 1/3)
2025-10-29 21:59:54,708 - vessel_data_pipeline - INFO - File temp_Departed_in_last_36_hours.xml passed validation checks
2025-10-29 21:59:54,709 - vessel_data_pipeline - INFO - Created backup: Departed_in_last_36_hours_20251029_215954.xml
2025-10-29 21:59:54,710 - vessel_data_pipeline - INFO - Updated metadata for Departed_in_last_36_hours.xml
2025-10-29 21:59:54,710 - vessel_data_pipeline - INFO - Successfully downloaded and validated Departed_in_last_36_hours.xml
2025-10-29 21:59:56,712 - vessel_data_pipeline - INFO - Downloading Expected_arrivals.xml (attempt 1/3)
2025-10-29 21:59:57,278 - vessel_data_pipeline - INFO - File temp_Expected_arrivals.xml passed validation checks
2025-10-29 21:59:57,279 - vessel_data_pipeline - INFO - Created backup: Expected_arrivals_20251029_215957.xml
2025-10-29 21:59:57,280 - vessel_data_pipeline - INFO - Updated metadata for Expected_arrivals.xml
2025-10-29 21:59:57,280 - vessel_data_pipeline - INFO - Successfully downloaded and validated Expected_arrivals.xml
2025-10-29 21:59:59,284 - vessel_data_pipeline - INFO - Downloading Expected_departures.xml (attempt 1/3)
2025-10-29 21:59:59,332 - vessel_data_pipeline - INFO - File temp_Expected_departures.xml passed validation checks
2025-10-29 21:59:59,333 - vessel_data_pipeline - INFO - Created backup: Expected_departures_20251029_215959.xml
2025-10-29 21:59:59,333 - vessel_data_pipeline - INFO - Updated metadata for Expected_departures.xml
2025-10-29 21:59:59,333 - vessel_data_pipeline - INFO - Successfully downloaded and validated Expected_departures.xml
2025-10-29 22:00:01,338 - vessel_data_pipeline - INFO - Fetch operation completed. Results: {'Arrived_in_last_36_hours.xml': True, 'Departed_in_last_36_hours.xml': True, 'Expected_arrivals.xml': True, 'Expected_departures.xml': True}
2025-10-29 22:00:01,350 - vessel_data_pipeline - INFO - VesselDataFetcher initialized. Pipeline enabled: True
2025-10-29 22:00:01,351 - vessel_data_pipeline - INFO - Starting vessel data fetch operation
2025-10-29 22:00:01,351 - vessel_data_pipeline - INFO - Discovering XML files from Hong Kong Marine Department portal
2025-10-29 22:00:01,842 - vessel_data_pipeline - INFO - Verified access to Arrived_in_last_36_hours.xml
2025-10-29 22:00:02,330 - vessel_data_pipeline - INFO - Verified access to Departed_in_last_36_hours.xml
2025-10-29 22:00:02,806 - vessel_data_pipeline - INFO - Verified access to Expected_arrivals.xml
2025-10-29 22:00:03,302 - vessel_data_pipeline - INFO - Verified access to Expected_departures.xml
2025-10-29 22:00:03,302 - vessel_data_pipeline - INFO - Discovered 4 XML files for download
2025-10-29 22:00:03,302 - vessel_data_pipeline - INFO - Downloading Arrived_in_last_36_hours.xml (attempt 1/3)
2025-10-29 22:00:03,586 - vessel_data_pipeline - INFO - File temp_Arrived_in_last_36_hours.xml passed validation checks
2025-10-29 22:00:03,587 - vessel_data_pipeline - INFO - Created backup: Arrived_in_last_36_hours_20251029_220003.xml
2025-10-29 22:00:03,588 - vessel_data_pipeline - INFO - Updated metadata for Arrived_in_last_36_hours.xml
2025-10-29 22:00:03,588 - vessel_data_pipeline - INFO - Successfully downloaded and validated Arrived_in_last_36_hours.xml
2025-10-29 22:00:05,588 - vessel_data_pipeline - INFO - Downloading Departed_in_last_36_hours.xml (attempt 1/3)
2025-10-29 22:00:06,225 - vessel_data_pipeline - INFO - File temp_Departed_in_last_36_hours.xml passed validation checks
2025-10-29 22:00:06,225 - vessel_data_pipeline - INFO - Created backup: Departed_in_last_36_hours_20251029_220006.xml
2025-10-29 22:00:06,225 - vessel_data_pipeline - INFO - Updated metadata for Departed_in_last_36_hours.xml
2025-10-29 22:00:06,225 - vessel_data_pipeline - INFO - Successfully downloaded and validated Departed_in_last_36_hours.xml
2025-10-29 22:00:08,229 - vessel_data_pipeline - INFO - Downloading Expected_arrivals.xml (attempt 1/3)
2025-10-29 22:00:08,509 - vessel_data_pipeline - INFO - File temp_Expected_arrivals.xml passed validation checks
2025-10-29 22:00:08,509 - vessel_data_pipeline - INFO - Created backup: Expected_arrivals_20251029_220008.xml
2025-10-29 22:00:08,509 - vessel_data_pipeline - INFO - Updated metadata for Expected_arrivals.xml
2025-10-29 22:00:08,509 - vessel_data_pipeline - INFO - Successfully downloaded and validated Expected_arrivals.xml
2025-10-29 22:00:10,513 - vessel_data_pipeline - INFO - Downloading Expected_departures.xml (attempt 1/3)
2025-10-29 22:00:10,990 - vessel_data_pipeline - INFO - File temp_Expected_departures.xml passed validation checks
2025-10-29 22:00:10,990 - vessel_data_pipeline - INFO - Created backup: Expected_departures_20251029_220010.xml
2025-10-29 22:00:10,991 - vessel_data_pipeline - INFO - Updated metadata for Expected_departures.xml
2025-10-29 22:00:10,991 - vessel_data_pipeline - INFO - Successfully downloaded and validated Expected_departures.xml
2025-10-29 22:00:12,995 - vessel_data_pipeline - INFO - Fetch operation completed. Results: {'Arrived_in_last_36_hours.xml': True, 'Departed_in_last_36_hours.xml': True, 'Expected_arrivals.xml': True, 'Expected_departures.xml': True}
2025-10-29 22:00:12,999 - vessel_data_pipeline - INFO - VesselDataFetcher initialized. Pipeline enabled: True
2025-10-29 22:00:13,000 - vessel_data_pipeline - INFO - Starting vessel data fetch operation
2025-10-29 22:00:13,000 - vessel_data_pipeline - INFO - Discovering XML files from Hong Kong Marine Department portal
2025-10-29 22:00:13,481 - vessel_data_pipeline - INFO - Verified access to Arrived_in_last_36_hours.xml
2025-10-29 22:00:13,751 - vessel_data_pipeline - INFO - Verified access to Departed_in_last_36_hours.xml
2025-10-29 22:00:14,308 - vessel_data_pipeline - INFO - Verified access to Expected_arrivals.xml
2025-10-29 22:00:14,633 - vessel_data_pipeline - INFO - Verified access to Expected_departures.xml
2025-10-29 22:00:14,633 - vessel_data_pipeline - INFO - Discovered 4 XML files for download
2025-10-29 22:00:14,634 - vessel_data_pipeline - INFO - Downloading Arrived_in_last_36_hours.xml (attempt 1/3)
2025-10-29 22:00:15,589 - vessel_data_pipeline - INFO - File temp_Arrived_in_last_36_hours.xml passed validation checks
2025-10-29 22:00:15,590 - vessel_data_pipeline - INFO - Created backup: Arrived_in_last_36_hours_20251029_220015.xml
2025-10-29 22:00:15,590 - vessel_data_pipeline - INFO - Updated metadata for Arrived_in_last_36_hours.xml
2025-10-29 22:00:15,590 - vessel_data_pipeline - INFO - Successfully downloaded and validated Arrived_in_last_36_hours.xml
2025-10-29 22:00:17,595 - vessel_data_pipeline - INFO - Downloading Departed_in_last_36_hours.xml (attempt 1/3)
2025-10-29 22:00:18,515 - vessel_data_pipeline - INFO - File temp_Departed_in_last_36_hours.xml passed validation checks
2025-10-29 22:00:18,516 - vessel_data_pipeline - INFO - Created backup: Departed_in_last_36_hours_20251029_220018.xml
2025-10-29 22:00:18,516 - vessel_data_pipeline - INFO - Updated metadata for Departed_in_last_36_hours.xml
2025-10-29 22:00:18,516 - vessel_data_pipeline - INFO - Successfully downloaded and validated Departed_in_last_36_hours.xml
2025-10-29 22:00:20,518 - vessel_data_pipeline - INFO - Downloading Expected_arrivals.xml (attempt 1/3)
2025-10-29 22:00:21,066 - vessel_data_pipeline - INFO - File temp_Expected_arrivals.xml passed validation checks
2025-10-29 22:00:21,066 - vessel_data_pipeline - INFO - Created backup: Expected_arrivals_20251029_220021.xml
2025-10-29 22:00:21,067 - vessel_data_pipeline - INFO - Updated metadata for Expected_arrivals.xml
2025-10-29 22:00:21,067 - vessel_data_pipeline - INFO - Successfully downloaded and validated Expected_arrivals.xml
2025-10-29 22:00:23,075 - vessel_data_pipeline - INFO - Downloading Expected_departures.xml (attempt 1/3)
2025-10-29 22:00:23,610 - vessel_data_pipeline - INFO - File temp_Expected_departures.xml passed validation checks
2025-10-29 22:00:23,612 - vessel_data_pipeline - INFO - Created backup: Expected_departures_20251029_220023.xml
2025-10-29 22:00:23,612 - vessel_data_pipeline - INFO - Updated metadata for Expected_departures.xml
2025-10-29 22:00:23,613 - vessel_data_pipeline - INFO - Successfully downloaded and validated Expected_departures.xml
2025-10-29 22:00:25,618 - vessel_data_pipeline - INFO - Fetch operation completed. Results: {'Arrived_in_last_36_hours.xml': True, 'Departed_in_last_36_hours.xml': True, 'Expected_arrivals.xml': True, 'Expected_departures.xml': True}
2025-10-29 22:00:26,776 - vessel_data_pipeline - INFO - VesselDataFetcher initialized. Pipeline enabled: True
2025-10-29 22:00:26,777 - vessel_data_pipeline - INFO - VesselDataFetcher initialized. Pipeline enabled: True
2025-10-29 22:00:26,777 - vessel_data_pipeline - INFO - Starting vessel data fetch operation
2025-10-29 22:00:26,777 - vessel_data_pipeline - INFO - Discovering XML files from Hong Kong Marine Department portal
2025-10-29 22:00:27,283 - vessel_data_pipeline - INFO - Verified access to Arrived_in_last_36_hours.xml
2025-10-29 22:00:28,442 - vessel_data_pipeline - INFO - Verified access to Departed_in_last_36_hours.xml
2025-10-29 22:00:28,735 - vessel_data_pipeline - INFO - Verified access to Expected_arrivals.xml
2025-10-29 22:00:29,244 - vessel_data_pipeline - INFO - Verified access to Expected_departures.xml
2025-10-29 22:00:29,245 - vessel_data_pipeline - INFO - Discovered 4 XML files for download
2025-10-29 22:00:29,246 - vessel_data_pipeline - INFO - Downloading Arrived_in_last_36_hours.xml (attempt 1/3)
2025-10-29 22:00:29,769 - vessel_data_pipeline - INFO - File temp_Arrived_in_last_36_hours.xml passed validation checks
2025-10-29 22:00:29,770 - vessel_data_pipeline - INFO - Created backup: Arrived_in_last_36_hours_20251029_220029.xml
2025-10-29 22:00:29,771 - vessel_data_pipeline - INFO - Updated metadata for Arrived_in_last_36_hours.xml
2025-10-29 22:00:29,771 - vessel_data_pipeline - INFO - Successfully downloaded and validated Arrived_in_last_36_hours.xml
2025-10-29 22:00:31,774 - vessel_data_pipeline - INFO - Downloading Departed_in_last_36_hours.xml (attempt 1/3)
2025-10-29 22:00:32,317 - vessel_data_pipeline - INFO - File temp_Departed_in_last_36_hours.xml passed validation checks
2025-10-29 22:00:32,318 - vessel_data_pipeline - INFO - Created backup: Departed_in_last_36_hours_20251029_220032.xml
2025-10-29 22:00:32,319 - vessel_data_pipeline - INFO - Updated metadata for Departed_in_last_36_hours.xml
2025-10-29 22:00:32,319 - vessel_data_pipeline - INFO - Successfully downloaded and validated Departed_in_last_36_hours.xml
2025-10-29 22:00:34,321 - vessel_data_pipeline - INFO - Downloading Expected_arrivals.xml (attempt 1/3)
2025-10-29 22:00:34,608 - vessel_data_pipeline - INFO - File temp_Expected_arrivals.xml passed validation checks
2025-10-29 22:00:34,608 - vessel_data_pipeline - INFO - Created backup: Expected_arrivals_20251029_220034.xml
2025-10-29 22:00:34,609 - vessel_data_pipeline - INFO - Updated metadata for Expected_arrivals.xml
2025-10-29 22:00:34,609 - vessel_data_pipeline - INFO - Successfully downloaded and validated Expected_arrivals.xml
2025-10-29 22:00:36,614 - vessel_data_pipeline - INFO - Downloading Expected_departures.xml (attempt 1/3)
2025-10-29 22:00:37,321 - vessel_data_pipeline - INFO - File temp_Expected_departures.xml passed validation checks
2025-10-29 22:00:37,321 - vessel_data_pipeline - INFO - Created backup: Expected_departures_20251029_220037.xml
2025-10-29 22:00:37,321 - vessel_data_pipeline - INFO - Updated metadata for Expected_departures.xml
2025-10-29 22:00:37,321 - vessel_data_pipeline - INFO - Successfully downloaded and validated Expected_departures.xml
2025-10-29 22:00:39,326 - vessel_data_pipeline - INFO - Fetch operation completed. Results: {'Arrived_in_last_36_hours.xml': True, 'Departed_in_last_36_hours.xml': True, 'Expected_arrivals.xml': True, 'Expected_departures.xml': True}
2025-10-29 22:01:57,640 - vessel_data_pipeline - INFO - VesselDataFetcher initialized. Pipeline enabled: True
2025-10-29 22:01:57,641 - vessel_data_pipeline - INFO - Starting vessel data fetch operation
2025-10-29 22:01:57,641 - vessel_data_pipeline - INFO - Discovering XML files from Hong Kong Marine Department portal
2025-10-29 22:01:58,107 - vessel_data_pipeline - INFO - Verified access to Arrived_in_last_36_hours.xml
2025-10-29 22:01:58,834 - vessel_data_pipeline - INFO - Verified access to Departed_in_last_36_hours.xml
2025-10-29 22:01:58,918 - vessel_data_pipeline - INFO - Verified access to Expected_arrivals.xml
2025-10-29 22:01:59,403 - vessel_data_pipeline - INFO - Verified access to Expected_departures.xml
2025-10-29 22:01:59,404 - vessel_data_pipeline - INFO - Discovered 4 XML files for download
2025-10-29 22:01:59,404 - vessel_data_pipeline - INFO - Downloading Arrived_in_last_36_hours.xml (attempt 1/3)
2025-10-29 22:02:00,105 - vessel_data_pipeline - INFO - File temp_Arrived_in_last_36_hours.xml passed validation checks
2025-10-29 22:02:00,108 - vessel_data_pipeline - INFO - Created backup: Arrived_in_last_36_hours_20251029_220200.xml
2025-10-29 22:02:00,109 - vessel_data_pipeline - INFO - Updated metadata for Arrived_in_last_36_hours.xml
2025-10-29 22:02:00,109 - vessel_data_pipeline - INFO - Successfully downloaded and validated Arrived_in_last_36_hours.xml
2025-10-29 22:02:02,113 - vessel_data_pipeline - INFO - Downloading Departed_in_last_36_hours.xml (attempt 1/3)
2025-10-29 22:02:02,848 - vessel_data_pipeline - INFO - File temp_Departed_in_last_36_hours.xml passed validation checks
2025-10-29 22:02:02,849 - vessel_data_pipeline - INFO - Created backup: Departed_in_last_36_hours_20251029_220202.xml
2025-10-29 22:02:02,849 - vessel_data_pipeline - INFO - Updated metadata for Departed_in_last_36_hours.xml
2025-10-29 22:02:02,849 - vessel_data_pipeline - INFO - Successfully downloaded and validated Departed_in_last_36_hours.xml
2025-10-29 22:02:04,854 - vessel_data_pipeline - INFO - Downloading Expected_arrivals.xml (attempt 1/3)
2025-10-29 22:02:04,971 - vessel_data_pipeline - INFO - File temp_Expected_arrivals.xml passed validation checks
2025-10-29 22:02:04,972 - vessel_data_pipeline - INFO - Created backup: Expected_arrivals_20251029_220204.xml
2025-10-29 22:02:04,973 - vessel_data_pipeline - INFO - Updated metadata for Expected_arrivals.xml
2025-10-29 22:02:04,973 - vessel_data_pipeline - INFO - Successfully downloaded and validated Expected_arrivals.xml
2025-10-29 22:02:06,978 - vessel_data_pipeline - INFO - Downloading Expected_departures.xml (attempt 1/3)
2025-10-29 22:02:07,678 - vessel_data_pipeline - INFO - File temp_Expected_departures.xml passed validation checks
2025-10-29 22:02:07,680 - vessel_data_pipeline - INFO - Created backup: Expected_departures_20251029_220207.xml
2025-10-29 22:02:07,681 - vessel_data_pipeline - INFO - Updated metadata for Expected_departures.xml
2025-10-29 22:02:07,681 - vessel_data_pipeline - INFO - Successfully downloaded and validated Expected_departures.xml
2025-10-29 22:02:09,686 - vessel_data_pipeline - INFO - Fetch operation completed. Results: {'Arrived_in_last_36_hours.xml': True, 'Departed_in_last_36_hours.xml': True, 'Expected_arrivals.xml': True, 'Expected_departures.xml': True}
2025-10-29 22:02:09,974 - vessel_data_pipeline - INFO - VesselDataFetcher initialized. Pipeline enabled: True
2025-10-29 22:02:09,976 - vessel_data_pipeline - INFO - Starting vessel data fetch operation
2025-10-29 22:02:09,976 - vessel_data_pipeline - INFO - Discovering XML files from Hong Kong Marine Department portal
2025-10-29 22:02:10,520 - vessel_data_pipeline - INFO - Verified access to Arrived_in_last_36_hours.xml
2025-10-29 22:02:11,014 - vessel_data_pipeline - INFO - Verified access to Departed_in_last_36_hours.xml
2025-10-29 22:02:11,286 - vessel_data_pipeline - INFO - Verified access to Expected_arrivals.xml
2025-10-29 22:02:11,549 - vessel_data_pipeline - INFO - Verified access to Expected_departures.xml
2025-10-29 22:02:11,549 - vessel_data_pipeline - INFO - Discovered 4 XML files for download
2025-10-29 22:02:11,550 - vessel_data_pipeline - INFO - Downloading Arrived_in_last_36_hours.xml (attempt 1/3)
2025-10-29 22:02:12,257 - vessel_data_pipeline - INFO - File temp_Arrived_in_last_36_hours.xml passed validation checks
2025-10-29 22:02:12,257 - vessel_data_pipeline - INFO - Created backup: Arrived_in_last_36_hours_20251029_220212.xml
2025-10-29 22:02:12,258 - vessel_data_pipeline - INFO - Updated metadata for Arrived_in_last_36_hours.xml
2025-10-29 22:02:12,258 - vessel_data_pipeline - INFO - Successfully downloaded and validated Arrived_in_last_36_hours.xml
2025-10-29 22:02:14,263 - vessel_data_pipeline - INFO - Downloading Departed_in_last_36_hours.xml (attempt 1/3)
2025-10-29 22:02:14,952 - vessel_data_pipeline - INFO - File temp_Departed_in_last_36_hours.xml passed validation checks
2025-10-29 22:02:14,953 - vessel_data_pipeline - INFO - Created backup: Departed_in_last_36_hours_20251029_220214.xml
2025-10-29 22:02:14,953 - vessel_data_pipeline - INFO - Updated metadata for Departed_in_last_36_hours.xml
2025-10-29 22:02:14,953 - vessel_data_pipeline - INFO - Successfully downloaded and validated Departed_in_last_36_hours.xml
2025-10-29 22:02:16,958 - vessel_data_pipeline - INFO - Downloading Expected_arrivals.xml (attempt 1/3)
2025-10-29 22:02:18,006 - vessel_data_pipeline - INFO - File temp_Expected_arrivals.xml passed validation checks
2025-10-29 22:02:18,007 - vessel_data_pipeline - INFO - Created backup: Expected_arrivals_20251029_220218.xml
2025-10-29 22:02:18,008 - vessel_data_pipeline - INFO - Updated metadata for Expected_arrivals.xml
2025-10-29 22:02:18,008 - vessel_data_pipeline - INFO - Successfully downloaded and validated Expected_arrivals.xml
2025-10-29 22:02:20,011 - vessel_data_pipeline - INFO - Downloading Expected_departures.xml (attempt 1/3)
2025-10-29 22:02:20,581 - vessel_data_pipeline - INFO - File temp_Expected_departures.xml passed validation checks
2025-10-29 22:02:20,581 - vessel_data_pipeline - INFO - Created backup: Expected_departures_20251029_220220.xml
2025-10-29 22:02:20,582 - vessel_data_pipeline - INFO - Updated metadata for Expected_departures.xml
2025-10-29 22:02:20,582 - vessel_data_pipeline - INFO - Successfully downloaded and validated Expected_departures.xml
2025-10-29 22:02:22,583 - vessel_data_pipeline - INFO - Fetch operation completed. Results: {'Arrived_in_last_36_hours.xml': True, 'Departed_in_last_36_hours.xml': True, 'Expected_arrivals.xml': True, 'Expected_departures.xml': True}
2025-10-29 22:02:22,592 - vessel_data_pipeline - INFO - VesselDataFetcher initialized. Pipeline enabled: True
2025-10-29 22:02:22,593 - vessel_data_pipeline - INFO - Starting vessel data fetch operation
2025-10-29 22:02:22,593 - vessel_data_pipeline - INFO - Discovering XML files from Hong Kong Marine Department portal
2025-10-29 22:02:22,894 - vessel_data_pipeline - INFO - Verified access to Arrived_in_last_36_hours.xml
2025-10-29 22:02:23,356 - vessel_data_pipeline - INFO - Verified access to Departed_in_last_36_hours.xml
2025-10-29 22:02:23,638 - vessel_data_pipeline - INFO - Verified access to Expected_arrivals.xml
2025-10-29 22:02:23,986 - vessel_data_pipeline - INFO - Verified access to Expected_departures.xml
2025-10-29 22:02:23,986 - vessel_data_pipeline - INFO - Discovered 4 XML files for download
2025-10-29 22:02:23,986 - vessel_data_pipeline - INFO - Downloading Arrived_in_last_36_hours.xml (attempt 1/3)
2025-10-29 22:02:24,265 - vessel_data_pipeline - INFO - File temp_Arrived_in_last_36_hours.xml passed validation checks
2025-10-29 22:02:24,266 - vessel_data_pipeline - INFO - Created backup: Arrived_in_last_36_hours_20251029_220224.xml
2025-10-29 22:02:24,267 - vessel_data_pipeline - INFO - Updated metadata for Arrived_in_last_36_hours.xml
2025-10-29 22:02:24,267 - vessel_data_pipeline - INFO - Successfully downloaded and validated Arrived_in_last_36_hours.xml
2025-10-29 22:02:26,272 - vessel_data_pipeline - INFO - Downloading Departed_in_last_36_hours.xml (attempt 1/3)
2025-10-29 22:02:27,123 - vessel_data_pipeline - INFO - File temp_Departed_in_last_36_hours.xml passed validation checks
2025-10-29 22:02:27,124 - vessel_data_pipeline - INFO - Created backup: Departed_in_last_36_hours_20251029_220227.xml
2025-10-29 22:02:27,124 - vessel_data_pipeline - INFO - Updated metadata for Departed_in_last_36_hours.xml
2025-10-29 22:02:27,124 - vessel_data_pipeline - INFO - Successfully downloaded and validated Departed_in_last_36_hours.xml
2025-10-29 22:02:29,129 - vessel_data_pipeline - INFO - Downloading Expected_arrivals.xml (attempt 1/3)
2025-10-29 22:02:29,642 - vessel_data_pipeline - INFO - File temp_Expected_arrivals.xml passed validation checks
2025-10-29 22:02:29,643 - vessel_data_pipeline - INFO - Created backup: Expected_arrivals_20251029_220229.xml
2025-10-29 22:02:29,643 - vessel_data_pipeline - INFO - Updated metadata for Expected_arrivals.xml
2025-10-29 22:02:29,643 - vessel_data_pipeline - INFO - Successfully downloaded and validated Expected_arrivals.xml
2025-10-29 22:02:31,648 - vessel_data_pipeline - INFO - Downloading Expected_departures.xml (attempt 1/3)
2025-10-29 22:02:32,111 - vessel_data_pipeline - INFO - File temp_Expected_departures.xml passed validation checks
2025-10-29 22:02:32,111 - vessel_data_pipeline - INFO - Created backup: Expected_departures_20251029_220232.xml
2025-10-29 22:02:32,112 - vessel_data_pipeline - INFO - Updated metadata for Expected_departures.xml
2025-10-29 22:02:32,112 - vessel_data_pipeline - INFO - Successfully downloaded and validated Expected_departures.xml
2025-10-29 22:02:34,114 - vessel_data_pipeline - INFO - Fetch operation completed. Results: {'Arrived_in_last_36_hours.xml': True, 'Departed_in_last_36_hours.xml': True, 'Expected_arrivals.xml': True, 'Expected_departures.xml': True}
2025-10-29 22:02:37,055 - vessel_data_pipeline - INFO - VesselDataFetcher initialized. Pipeline enabled: True
2025-10-29 22:02:37,056 - vessel_data_pipeline - INFO - Starting vessel data fetch operation
2025-10-29 22:02:37,056 - vessel_data_pipeline - INFO - Discovering XML files from Hong Kong Marine Department portal
2025-10-29 22:02:37,712 - vessel_data_pipeline - INFO - Verified access to Arrived_in_last_36_hours.xml
2025-10-29 22:02:38,989 - vessel_data_pipeline - INFO - Verified access to Departed_in_last_36_hours.xml
2025-10-29 22:02:39,677 - vessel_data_pipeline - INFO - Verified access to Expected_arrivals.xml
2025-10-29 22:02:40,423 - vessel_data_pipeline - INFO - Verified access to Expected_departures.xml
2025-10-29 22:02:40,423 - vessel_data_pipeline - INFO - Discovered 4 XML files for download
2025-10-29 22:02:40,423 - vessel_data_pipeline - INFO - Downloading Arrived_in_last_36_hours.xml (attempt 1/3)
2025-10-29 22:02:40,726 - vessel_data_pipeline - INFO - File temp_Arrived_in_last_36_hours.xml passed validation checks
2025-10-29 22:02:40,727 - vessel_data_pipeline - INFO - Created backup: Arrived_in_last_36_hours_20251029_220240.xml
2025-10-29 22:02:40,728 - vessel_data_pipeline - INFO - Updated metadata for Arrived_in_last_36_hours.xml
2025-10-29 22:02:40,728 - vessel_data_pipeline - INFO - Successfully downloaded and validated Arrived_in_last_36_hours.xml
2025-10-29 22:02:42,731 - vessel_data_pipeline - INFO - Downloading Departed_in_last_36_hours.xml (attempt 1/3)
2025-10-29 22:02:43,212 - vessel_data_pipeline - INFO - File temp_Departed_in_last_36_hours.xml passed validation checks
2025-10-29 22:02:43,212 - vessel_data_pipeline - INFO - Created backup: Departed_in_last_36_hours_20251029_220243.xml
2025-10-29 22:02:43,213 - vessel_data_pipeline - INFO - Updated metadata for Departed_in_last_36_hours.xml
2025-10-29 22:02:43,213 - vessel_data_pipeline - INFO - Successfully downloaded and validated Departed_in_last_36_hours.xml
2025-10-29 22:02:45,218 - vessel_data_pipeline - INFO - Downloading Expected_arrivals.xml (attempt 1/3)
2025-10-29 22:02:45,480 - vessel_data_pipeline - INFO - File temp_Expected_arrivals.xml passed validation checks
2025-10-29 22:02:45,481 - vessel_data_pipeline - INFO - Created backup: Expected_arrivals_20251029_220245.xml
2025-10-29 22:02:45,481 - vessel_data_pipeline - INFO - Updated metadata for Expected_arrivals.xml
2025-10-29 22:02:45,481 - vessel_data_pipeline - INFO - Successfully downloaded and validated Expected_arrivals.xml
2025-10-29 22:02:47,486 - vessel_data_pipeline - INFO - Downloading Expected_departures.xml (attempt 1/3)
2025-10-29 22:02:48,119 - vessel_data_pipeline - INFO - File temp_Expected_departures.xml passed validation checks
2025-10-29 22:02:48,120 - vessel_data_pipeline - INFO - Created backup: Expected_departures_20251029_220248.xml
2025-10-29 22:02:48,120 - vessel_data_pipeline - INFO - Updated metadata for Expected_departures.xml
2025-10-29 22:02:48,120 - vessel_data_pipeline - INFO - Successfully downloaded and validated Expected_departures.xml
2025-10-29 22:02:50,124 - vessel_data_pipeline - INFO - Fetch operation completed. Results: {'Arrived_in_last_36_hours.xml': True, 'Departed_in_last_36_hours.xml': True, 'Expected_arrivals.xml': True, 'Expected_departures.xml': True}
2025-10-29 22:02:50,130 - vessel_data_pipeline - INFO - VesselDataFetcher initialized. Pipeline enabled: True
2025-10-29 22:02:50,131 - vessel_data_pipeline - INFO - Starting vessel data fetch operation
2025-10-29 22:02:50,131 - vessel_data_pipeline - INFO - Discovering XML files from Hong Kong Marine Department portal
2025-10-29 22:02:50,201 - vessel_data_pipeline - INFO - Verified access to Arrived_in_last_36_hours.xml
2025-10-29 22:02:51,384 - vessel_data_pipeline - INFO - Verified access to Departed_in_last_36_hours.xml
2025-10-29 22:02:51,434 - vessel_data_pipeline - INFO - Verified access to Expected_arrivals.xml
2025-10-29 22:02:51,934 - vessel_data_pipeline - INFO - Verified access to Expected_departures.xml
2025-10-29 22:02:51,935 - vessel_data_pipeline - INFO - Discovered 4 XML files for download
2025-10-29 22:02:51,935 - vessel_data_pipeline - INFO - Downloading Arrived_in_last_36_hours.xml (attempt 1/3)
2025-10-29 22:02:52,214 - vessel_data_pipeline - INFO - File temp_Arrived_in_last_36_hours.xml passed validation checks
2025-10-29 22:02:52,215 - vessel_data_pipeline - INFO - Created backup: Arrived_in_last_36_hours_20251029_220252.xml
2025-10-29 22:02:52,216 - vessel_data_pipeline - INFO - Updated metadata for Arrived_in_last_36_hours.xml
2025-10-29 22:02:52,216 - vessel_data_pipeline - INFO - Successfully downloaded and validated Arrived_in_last_36_hours.xml
2025-10-29 22:02:54,221 - vessel_data_pipeline - INFO - Downloading Departed_in_last_36_hours.xml (attempt 1/3)
2025-10-29 22:02:54,705 - vessel_data_pipeline - INFO - File temp_Departed_in_last_36_hours.xml passed validation checks
2025-10-29 22:02:54,706 - vessel_data_pipeline - INFO - Created backup: Departed_in_last_36_hours_20251029_220254.xml
2025-10-29 22:02:54,706 - vessel_data_pipeline - INFO - Updated metadata for Departed_in_last_36_hours.xml
2025-10-29 22:02:54,706 - vessel_data_pipeline - INFO - Successfully downloaded and validated Departed_in_last_36_hours.xml
2025-10-29 22:02:56,708 - vessel_data_pipeline - INFO - Downloading Expected_arrivals.xml (attempt 1/3)
2025-10-29 22:02:56,761 - vessel_data_pipeline - INFO - File temp_Expected_arrivals.xml passed validation checks
2025-10-29 22:02:56,762 - vessel_data_pipeline - INFO - Created backup: Expected_arrivals_20251029_220256.xml
2025-10-29 22:02:56,762 - vessel_data_pipeline - INFO - Updated metadata for Expected_arrivals.xml
2025-10-29 22:02:56,762 - vessel_data_pipeline - INFO - Successfully downloaded and validated Expected_arrivals.xml
2025-10-29 22:02:58,767 - vessel_data_pipeline - INFO - Downloading Expected_departures.xml (attempt 1/3)
2025-10-29 22:02:59,108 - vessel_data_pipeline - INFO - File temp_Expected_departures.xml passed validation checks
2025-10-29 22:02:59,108 - vessel_data_pipeline - INFO - Created backup: Expected_departures_20251029_220259.xml
2025-10-29 22:02:59,109 - vessel_data_pipeline - INFO - Updated metadata for Expected_departures.xml
2025-10-29 22:02:59,109 - vessel_data_pipeline - INFO - Successfully downloaded and validated Expected_departures.xml
2025-10-29 22:03:01,114 - vessel_data_pipeline - INFO - Fetch operation completed. Results: {'Arrived_in_last_36_hours.xml': True, 'Departed_in_last_36_hours.xml': True, 'Expected_arrivals.xml': True, 'Expected_departures.xml': True}
2025-10-29 22:03:01,134 - vessel_data_pipeline - INFO - VesselDataFetcher initialized. Pipeline enabled: True
2025-10-29 22:03:01,135 - vessel_data_pipeline - INFO - Starting vessel data fetch operation
2025-10-29 22:03:01,135 - vessel_data_pipeline - INFO - Discovering XML files from Hong Kong Marine Department portal
2025-10-29 22:03:01,798 - vessel_data_pipeline - INFO - Verified access to Arrived_in_last_36_hours.xml
2025-10-29 22:03:02,336 - vessel_data_pipeline - INFO - Verified access to Departed_in_last_36_hours.xml
2025-10-29 22:03:02,816 - vessel_data_pipeline - INFO - Verified access to Expected_arrivals.xml
2025-10-29 22:03:03,307 - vessel_data_pipeline - INFO - Verified access to Expected_departures.xml
2025-10-29 22:03:03,308 - vessel_data_pipeline - INFO - Discovered 4 XML files for download
2025-10-29 22:03:03,308 - vessel_data_pipeline - INFO - Downloading Arrived_in_last_36_hours.xml (attempt 1/3)
2025-10-29 22:03:03,360 - vessel_data_pipeline - INFO - File temp_Arrived_in_last_36_hours.xml passed validation checks
2025-10-29 22:03:03,361 - vessel_data_pipeline - INFO - Created backup: Arrived_in_last_36_hours_20251029_220303.xml
2025-10-29 22:03:03,362 - vessel_data_pipeline - INFO - Updated metadata for Arrived_in_last_36_hours.xml
2025-10-29 22:03:03,362 - vessel_data_pipeline - INFO - Successfully downloaded and validated Arrived_in_last_36_hours.xml
2025-10-29 22:03:05,367 - vessel_data_pipeline - INFO - Downloading Departed_in_last_36_hours.xml (attempt 1/3)
2025-10-29 22:03:06,701 - vessel_data_pipeline - INFO - File temp_Departed_in_last_36_hours.xml passed validation checks
2025-10-29 22:03:06,702 - vessel_data_pipeline - INFO - Created backup: Departed_in_last_36_hours_20251029_220306.xml
2025-10-29 22:03:06,702 - vessel_data_pipeline - INFO - Updated metadata for Departed_in_last_36_hours.xml
2025-10-29 22:03:06,702 - vessel_data_pipeline - INFO - Successfully downloaded and validated Departed_in_last_36_hours.xml
2025-10-29 22:03:08,703 - vessel_data_pipeline - INFO - Downloading Expected_arrivals.xml (attempt 1/3)
2025-10-29 22:03:09,071 - vessel_data_pipeline - INFO - File temp_Expected_arrivals.xml passed validation checks
2025-10-29 22:03:09,071 - vessel_data_pipeline - INFO - Created backup: Expected_arrivals_20251029_220309.xml
2025-10-29 22:03:09,072 - vessel_data_pipeline - INFO - Updated metadata for Expected_arrivals.xml
2025-10-29 22:03:09,072 - vessel_data_pipeline - INFO - Successfully downloaded and validated Expected_arrivals.xml
2025-10-29 22:03:11,076 - vessel_data_pipeline - INFO - Downloading Expected_departures.xml (attempt 1/3)
2025-10-29 22:03:11,341 - vessel_data_pipeline - INFO - File temp_Expected_departures.xml passed validation checks
2025-10-29 22:03:11,341 - vessel_data_pipeline - INFO - Created backup: Expected_departures_20251029_220311.xml
2025-10-29 22:03:11,342 - vessel_data_pipeline - INFO - Updated metadata for Expected_departures.xml
2025-10-29 22:03:11,342 - vessel_data_pipeline - INFO - Successfully downloaded and validated Expected_departures.xml
2025-10-29 22:03:13,347 - vessel_data_pipeline - INFO - Fetch operation completed. Results: {'Arrived_in_last_36_hours.xml': True, 'Departed_in_last_36_hours.xml': True, 'Expected_arrivals.xml': True, 'Expected_departures.xml': True}
2025-10-29 22:03:13,352 - vessel_data_pipeline - INFO - VesselDataFetcher initialized. Pipeline enabled: True
2025-10-29 22:03:13,353 - vessel_data_pipeline - INFO - Starting vessel data fetch operation
2025-10-29 22:03:13,353 - vessel_data_pipeline - INFO - Discovering XML files from Hong Kong Marine Department portal
2025-10-29 22:03:14,338 - vessel_data_pipeline - INFO - Verified access to Arrived_in_last_36_hours.xml
2025-10-29 22:03:15,023 - vessel_data_pipeline - INFO - Verified access to Departed_in_last_36_hours.xml
2025-10-29 22:03:15,731 - vessel_data_pipeline - INFO - Verified access to Expected_arrivals.xml
2025-10-29 22:03:15,997 - vessel_data_pipeline - INFO - Verified access to Expected_departures.xml
2025-10-29 22:03:15,997 - vessel_data_pipeline - INFO - Discovered 4 XML files for download
2025-10-29 22:03:15,997 - vessel_data_pipeline - INFO - Downloading Arrived_in_last_36_hours.xml (attempt 1/3)
2025-10-29 22:03:16,277 - vessel_data_pipeline - INFO - File temp_Arrived_in_last_36_hours.xml passed validation checks
2025-10-29 22:03:16,277 - vessel_data_pipeline - INFO - Created backup: Arrived_in_last_36_hours_20251029_220316.xml
2025-10-29 22:03:16,277 - vessel_data_pipeline - INFO - Updated metadata for Arrived_in_last_36_hours.xml
2025-10-29 22:03:16,277 - vessel_data_pipeline - INFO - Successfully downloaded and validated Arrived_in_last_36_hours.xml
2025-10-29 22:03:18,283 - vessel_data_pipeline - INFO - Downloading Departed_in_last_36_hours.xml (attempt 1/3)
2025-10-29 22:03:18,580 - vessel_data_pipeline - INFO - File temp_Departed_in_last_36_hours.xml passed validation checks
2025-10-29 22:03:18,580 - vessel_data_pipeline - INFO - Created backup: Departed_in_last_36_hours_20251029_220318.xml
2025-10-29 22:03:18,581 - vessel_data_pipeline - INFO - Updated metadata for Departed_in_last_36_hours.xml
2025-10-29 22:03:18,581 - vessel_data_pipeline - INFO - Successfully downloaded and validated Departed_in_last_36_hours.xml
2025-10-29 22:03:20,586 - vessel_data_pipeline - INFO - Downloading Expected_arrivals.xml (attempt 1/3)
2025-10-29 22:03:21,299 - vessel_data_pipeline - INFO - File temp_Expected_arrivals.xml passed validation checks
2025-10-29 22:03:21,301 - vessel_data_pipeline - INFO - Created backup: Expected_arrivals_20251029_220321.xml
2025-10-29 22:03:21,301 - vessel_data_pipeline - INFO - Updated metadata for Expected_arrivals.xml
2025-10-29 22:03:21,301 - vessel_data_pipeline - INFO - Successfully downloaded and validated Expected_arrivals.xml
2025-10-29 22:03:23,304 - vessel_data_pipeline - INFO - Downloading Expected_departures.xml (attempt 1/3)
2025-10-29 22:03:23,932 - vessel_data_pipeline - INFO - File temp_Expected_departures.xml passed validation checks
2025-10-29 22:03:23,933 - vessel_data_pipeline - INFO - Created backup: Expected_departures_20251029_220323.xml
2025-10-29 22:03:23,934 - vessel_data_pipeline - INFO - Updated metadata for Expected_departures.xml
2025-10-29 22:03:23,934 - vessel_data_pipeline - INFO - Successfully downloaded and validated Expected_departures.xml
2025-10-29 22:03:25,939 - vessel_data_pipeline - INFO - Fetch operation completed. Results: {'Arrived_in_last_36_hours.xml': True, 'Departed_in_last_36_hours.xml': True, 'Expected_arrivals.xml': True, 'Expected_departures.xml': True}
2025-10-29 22:03:27,145 - vessel_data_pipeline - INFO - VesselDataFetcher initialized. Pipeline enabled: True
2025-10-29 22:03:27,147 - vessel_data_pipeline - INFO - VesselDataFetcher initialized. Pipeline enabled: True
2025-10-29 22:03:27,147 - vessel_data_pipeline - INFO - Starting vessel data fetch operation
2025-10-29 22:03:27,147 - vessel_data_pipeline - INFO - Discovering XML files from Hong Kong Marine Department portal
2025-10-29 22:03:27,744 - vessel_data_pipeline - INFO - Verified access to Arrived_in_last_36_hours.xml
2025-10-29 22:03:28,213 - vessel_data_pipeline - INFO - Verified access to Departed_in_last_36_hours.xml
2025-10-29 22:03:28,898 - vessel_data_pipeline - INFO - Verified access to Expected_arrivals.xml
2025-10-29 22:03:29,167 - vessel_data_pipeline - INFO - Verified access to Expected_departures.xml
2025-10-29 22:03:29,168 - vessel_data_pipeline - INFO - Discovered 4 XML files for download
2025-10-29 22:03:29,168 - vessel_data_pipeline - INFO - Downloading Arrived_in_last_36_hours.xml (attempt 1/3)
2025-10-29 22:03:29,639 - vessel_data_pipeline - INFO - File temp_Arrived_in_last_36_hours.xml passed validation checks
2025-10-29 22:03:29,640 - vessel_data_pipeline - INFO - Created backup: Arrived_in_last_36_hours_20251029_220329.xml
2025-10-29 22:03:29,641 - vessel_data_pipeline - INFO - Updated metadata for Arrived_in_last_36_hours.xml
2025-10-29 22:03:29,641 - vessel_data_pipeline - INFO - Successfully downloaded and validated Arrived_in_last_36_hours.xml
2025-10-29 22:03:31,646 - vessel_data_pipeline - INFO - Downloading Departed_in_last_36_hours.xml (attempt 1/3)
2025-10-29 22:03:32,177 - vessel_data_pipeline - INFO - File temp_Departed_in_last_36_hours.xml passed validation checks
2025-10-29 22:03:32,177 - vessel_data_pipeline - INFO - Created backup: Departed_in_last_36_hours_20251029_220332.xml
2025-10-29 22:03:32,178 - vessel_data_pipeline - INFO - Updated metadata for Departed_in_last_36_hours.xml
2025-10-29 22:03:32,178 - vessel_data_pipeline - INFO - Successfully downloaded and validated Departed_in_last_36_hours.xml
2025-10-29 22:03:34,183 - vessel_data_pipeline - INFO - Downloading Expected_arrivals.xml (attempt 1/3)
2025-10-29 22:03:34,674 - vessel_data_pipeline - INFO - File temp_Expected_arrivals.xml passed validation checks
2025-10-29 22:03:34,674 - vessel_data_pipeline - INFO - Created backup: Expected_arrivals_20251029_220334.xml
2025-10-29 22:03:34,674 - vessel_data_pipeline - INFO - Updated metadata for Expected_arrivals.xml
2025-10-29 22:03:34,674 - vessel_data_pipeline - INFO - Successfully downloaded and validated Expected_arrivals.xml
2025-10-29 22:03:36,680 - vessel_data_pipeline - INFO - Downloading Expected_departures.xml (attempt 1/3)
2025-10-29 22:03:37,236 - vessel_data_pipeline - INFO - File temp_Expected_departures.xml passed validation checks
2025-10-29 22:03:37,236 - vessel_data_pipeline - INFO - Created backup: Expected_departures_20251029_220337.xml
2025-10-29 22:03:37,236 - vessel_data_pipeline - INFO - Updated metadata for Expected_departures.xml
2025-10-29 22:03:37,237 - vessel_data_pipeline - INFO - Successfully downloaded and validated Expected_departures.xml
2025-10-29 22:03:39,242 - vessel_data_pipeline - INFO - Fetch operation completed. Results: {'Arrived_in_last_36_hours.xml': True, 'Departed_in_last_36_hours.xml': True, 'Expected_arrivals.xml': True, 'Expected_departures.xml': True}
2025-10-29 22:04:14,130 - vessel_data_pipeline - INFO - VesselDataFetcher initialized. Pipeline enabled: True
2025-10-29 22:04:14,131 - vessel_data_pipeline - INFO - Starting vessel data fetch operation
2025-10-29 22:04:14,131 - vessel_data_pipeline - INFO - Discovering XML files from Hong Kong Marine Department portal
2025-10-29 22:04:14,734 - vessel_data_pipeline - INFO - Verified access to Arrived_in_last_36_hours.xml
2025-10-29 22:04:15,463 - vessel_data_pipeline - INFO - Verified access to Departed_in_last_36_hours.xml
2025-10-29 22:04:15,863 - vessel_data_pipeline - INFO - Verified access to Expected_arrivals.xml
2025-10-29 22:04:16,260 - vessel_data_pipeline - INFO - Verified access to Expected_departures.xml
2025-10-29 22:04:16,260 - vessel_data_pipeline - INFO - Discovered 4 XML files for download
2025-10-29 22:04:16,261 - vessel_data_pipeline - INFO - Downloading Arrived_in_last_36_hours.xml (attempt 1/3)
2025-10-29 22:04:16,539 - vessel_data_pipeline - INFO - File temp_Arrived_in_last_36_hours.xml passed validation checks
2025-10-29 22:04:16,541 - vessel_data_pipeline - INFO - Created backup: Arrived_in_last_36_hours_20251029_220416.xml
2025-10-29 22:04:16,542 - vessel_data_pipeline - INFO - Updated metadata for Arrived_in_last_36_hours.xml
2025-10-29 22:04:16,542 - vessel_data_pipeline - INFO - Successfully downloaded and validated Arrived_in_last_36_hours.xml
2025-10-29 22:04:18,547 - vessel_data_pipeline - INFO - Downloading Departed_in_last_36_hours.xml (attempt 1/3)
2025-10-29 22:04:19,204 - vessel_data_pipeline - INFO - File temp_Departed_in_last_36_hours.xml passed validation checks
2025-10-29 22:04:19,205 - vessel_data_pipeline - INFO - Created backup: Departed_in_last_36_hours_20251029_220419.xml
2025-10-29 22:04:19,205 - vessel_data_pipeline - INFO - Updated metadata for Departed_in_last_36_hours.xml
2025-10-29 22:04:19,205 - vessel_data_pipeline - INFO - Successfully downloaded and validated Departed_in_last_36_hours.xml
2025-10-29 22:04:21,210 - vessel_data_pipeline - INFO - Downloading Expected_arrivals.xml (attempt 1/3)
2025-10-29 22:04:21,805 - vessel_data_pipeline - INFO - File temp_Expected_arrivals.xml passed validation checks
2025-10-29 22:04:21,806 - vessel_data_pipeline - INFO - Created backup: Expected_arrivals_20251029_220421.xml
2025-10-29 22:04:21,806 - vessel_data_pipeline - INFO - Updated metadata for Expected_arrivals.xml
2025-10-29 22:04:21,806 - vessel_data_pipeline - INFO - Successfully downloaded and validated Expected_arrivals.xml
2025-10-29 22:04:23,809 - vessel_data_pipeline - INFO - Downloading Expected_departures.xml (attempt 1/3)
2025-10-29 22:04:24,435 - vessel_data_pipeline - INFO - File temp_Expected_departures.xml passed validation checks
2025-10-29 22:04:24,436 - vessel_data_pipeline - INFO - Created backup: Expected_departures_20251029_220424.xml
2025-10-29 22:04:24,436 - vessel_data_pipeline - INFO - Updated metadata for Expected_departures.xml
2025-10-29 22:04:24,436 - vessel_data_pipeline - INFO - Successfully downloaded and validated Expected_departures.xml
2025-10-29 22:04:26,441 - vessel_data_pipeline - INFO - Fetch operation completed. Results: {'Arrived_in_last_36_hours.xml': True, 'Departed_in_last_36_hours.xml': True, 'Expected_arrivals.xml': True, 'Expected_departures.xml': True}
2025-10-29 22:04:26,710 - vessel_data_pipeline - INFO - VesselDataFetcher initialized. Pipeline enabled: True
2025-10-29 22:04:26,712 - vessel_data_pipeline - INFO - Starting vessel data fetch operation
2025-10-29 22:04:26,712 - vessel_data_pipeline - INFO - Discovering XML files from Hong Kong Marine Department portal
2025-10-29 22:04:27,281 - vessel_data_pipeline - INFO - Verified access to Arrived_in_last_36_hours.xml
2025-10-29 22:04:27,884 - vessel_data_pipeline - INFO - Verified access to Departed_in_last_36_hours.xml
2025-10-29 22:04:28,135 - vessel_data_pipeline - INFO - Verified access to Expected_arrivals.xml
2025-10-29 22:04:28,663 - vessel_data_pipeline - INFO - Verified access to Expected_departures.xml
2025-10-29 22:04:28,663 - vessel_data_pipeline - INFO - Discovered 4 XML files for download
2025-10-29 22:04:28,663 - vessel_data_pipeline - INFO - Downloading Arrived_in_last_36_hours.xml (attempt 1/3)
2025-10-29 22:04:28,961 - vessel_data_pipeline - INFO - File temp_Arrived_in_last_36_hours.xml passed validation checks
2025-10-29 22:04:28,961 - vessel_data_pipeline - INFO - Created backup: Arrived_in_last_36_hours_20251029_220428.xml
2025-10-29 22:04:28,962 - vessel_data_pipeline - INFO - Updated metadata for Arrived_in_last_36_hours.xml
2025-10-29 22:04:28,962 - vessel_data_pipeline - INFO - Successfully downloaded and validated Arrived_in_last_36_hours.xml
2025-10-29 22:04:30,964 - vessel_data_pipeline - INFO - Downloading Departed_in_last_36_hours.xml (attempt 1/3)
2025-10-29 22:04:31,659 - vessel_data_pipeline - INFO - File temp_Departed_in_last_36_hours.xml passed validation checks
2025-10-29 22:04:31,660 - vessel_data_pipeline - INFO - Created backup: Departed_in_last_36_hours_20251029_220431.xml
2025-10-29 22:04:31,660 - vessel_data_pipeline - INFO - Updated metadata for Departed_in_last_36_hours.xml
2025-10-29 22:04:31,660 - vessel_data_pipeline - INFO - Successfully downloaded and validated Departed_in_last_36_hours.xml
2025-10-29 22:04:33,664 - vessel_data_pipeline - INFO - Downloading Expected_arrivals.xml (attempt 1/3)
2025-10-29 22:04:33,956 - vessel_data_pipeline - INFO - File temp_Expected_arrivals.xml passed validation checks
2025-10-29 22:04:33,956 - vessel_data_pipeline - INFO - Created backup: Expected_arrivals_20251029_220433.xml
2025-10-29 22:04:33,957 - vessel_data_pipeline - INFO - Updated metadata for Expected_arrivals.xml
2025-10-29 22:04:33,957 - vessel_data_pipeline - INFO - Successfully downloaded and validated Expected_arrivals.xml
2025-10-29 22:04:35,961 - vessel_data_pipeline - INFO - Downloading Expected_departures.xml (attempt 1/3)
2025-10-29 22:04:36,230 - vessel_data_pipeline - INFO - File temp_Expected_departures.xml passed validation checks
2025-10-29 22:04:36,230 - vessel_data_pipeline - INFO - Created backup: Expected_departures_20251029_220436.xml
2025-10-29 22:04:36,231 - vessel_data_pipeline - INFO - Updated metadata for Expected_departures.xml
2025-10-29 22:04:36,231 - vessel_data_pipeline - INFO - Successfully downloaded and validated Expected_departures.xml
2025-10-29 22:04:38,235 - vessel_data_pipeline - INFO - Fetch operation completed. Results: {'Arrived_in_last_36_hours.xml': True, 'Departed_in_last_36_hours.xml': True, 'Expected_arrivals.xml': True, 'Expected_departures.xml': True}
2025-10-29 22:04:38,246 - vessel_data_pipeline - INFO - VesselDataFetcher initialized. Pipeline enabled: True
2025-10-29 22:04:38,259 - vessel_data_pipeline - INFO - Starting vessel data fetch operation
2025-10-29 22:04:38,259 - vessel_data_pipeline - INFO - Discovering XML files from Hong Kong Marine Department portal
2025-10-29 22:04:39,163 - vessel_data_pipeline - INFO - Verified access to Arrived_in_last_36_hours.xml
2025-10-29 22:04:39,437 - vessel_data_pipeline - INFO - Verified access to Departed_in_last_36_hours.xml
2025-10-29 22:04:39,725 - vessel_data_pipeline - INFO - Verified access to Expected_arrivals.xml
2025-10-29 22:04:40,195 - vessel_data_pipeline - INFO - Verified access to Expected_departures.xml
2025-10-29 22:04:40,195 - vessel_data_pipeline - INFO - Discovered 4 XML files for download
2025-10-29 22:04:40,195 - vessel_data_pipeline - INFO - Downloading Arrived_in_last_36_hours.xml (attempt 1/3)
2025-10-29 22:04:40,724 - vessel_data_pipeline - INFO - File temp_Arrived_in_last_36_hours.xml passed validation checks
2025-10-29 22:04:40,725 - vessel_data_pipeline - INFO - Created backup: Arrived_in_last_36_hours_20251029_220440.xml
2025-10-29 22:04:40,726 - vessel_data_pipeline - INFO - Updated metadata for Arrived_in_last_36_hours.xml
2025-10-29 22:04:40,726 - vessel_data_pipeline - INFO - Successfully downloaded and validated Arrived_in_last_36_hours.xml
2025-10-29 22:04:42,731 - vessel_data_pipeline - INFO - Downloading Departed_in_last_36_hours.xml (attempt 1/3)
2025-10-29 22:04:43,268 - vessel_data_pipeline - INFO - File temp_Departed_in_last_36_hours.xml passed validation checks
2025-10-29 22:04:43,268 - vessel_data_pipeline - INFO - Created backup: Departed_in_last_36_hours_20251029_220443.xml
2025-10-29 22:04:43,269 - vessel_data_pipeline - INFO - Updated metadata for Departed_in_last_36_hours.xml
2025-10-29 22:04:43,269 - vessel_data_pipeline - INFO - Successfully downloaded and validated Departed_in_last_36_hours.xml
2025-10-29 22:04:45,274 - vessel_data_pipeline - INFO - Downloading Expected_arrivals.xml (attempt 1/3)
2025-10-29 22:04:45,318 - vessel_data_pipeline - INFO - File temp_Expected_arrivals.xml passed validation checks
2025-10-29 22:04:45,319 - vessel_data_pipeline - INFO - Created backup: Expected_arrivals_20251029_220445.xml
2025-10-29 22:04:45,319 - vessel_data_pipeline - INFO - Updated metadata for Expected_arrivals.xml
2025-10-29 22:04:45,319 - vessel_data_pipeline - INFO - Successfully downloaded and validated Expected_arrivals.xml
2025-10-29 22:04:47,324 - vessel_data_pipeline - INFO - Downloading Expected_departures.xml (attempt 1/3)
2025-10-29 22:04:47,844 - vessel_data_pipeline - INFO - File temp_Expected_departures.xml passed validation checks
2025-10-29 22:04:47,846 - vessel_data_pipeline - INFO - Created backup: Expected_departures_20251029_220447.xml
2025-10-29 22:04:47,847 - vessel_data_pipeline - INFO - Updated metadata for Expected_departures.xml
2025-10-29 22:04:47,847 - vessel_data_pipeline - INFO - Successfully downloaded and validated Expected_departures.xml
2025-10-29 22:04:49,852 - vessel_data_pipeline - INFO - Fetch operation completed. Results: {'Arrived_in_last_36_hours.xml': True, 'Departed_in_last_36_hours.xml': True, 'Expected_arrivals.xml': True, 'Expected_departures.xml': True}
2025-10-29 22:04:52,783 - vessel_data_pipeline - INFO - VesselDataFetcher initialized. Pipeline enabled: True
2025-10-29 22:04:52,784 - vessel_data_pipeline - INFO - Starting vessel data fetch operation
2025-10-29 22:04:52,784 - vessel_data_pipeline - INFO - Discovering XML files from Hong Kong Marine Department portal
2025-10-29 22:04:53,750 - vessel_data_pipeline - INFO - Verified access to Arrived_in_last_36_hours.xml
2025-10-29 22:04:54,664 - vessel_data_pipeline - INFO - Verified access to Departed_in_last_36_hours.xml
2025-10-29 22:04:55,182 - vessel_data_pipeline - INFO - Verified access to Expected_arrivals.xml
2025-10-29 22:04:55,692 - vessel_data_pipeline - INFO - Verified access to Expected_departures.xml
2025-10-29 22:04:55,693 - vessel_data_pipeline - INFO - Discovered 4 XML files for download
2025-10-29 22:04:55,693 - vessel_data_pipeline - INFO - Downloading Arrived_in_last_36_hours.xml (attempt 1/3)
2025-10-29 22:04:56,163 - vessel_data_pipeline - INFO - File temp_Arrived_in_last_36_hours.xml passed validation checks
2025-10-29 22:04:56,165 - vessel_data_pipeline - INFO - Created backup: Arrived_in_last_36_hours_20251029_220456.xml
2025-10-29 22:04:56,166 - vessel_data_pipeline - INFO - Updated metadata for Arrived_in_last_36_hours.xml
2025-10-29 22:04:56,166 - vessel_data_pipeline - INFO - Successfully downloaded and validated Arrived_in_last_36_hours.xml
2025-10-29 22:04:58,166 - vessel_data_pipeline - INFO - Downloading Departed_in_last_36_hours.xml (attempt 1/3)
2025-10-29 22:04:58,685 - vessel_data_pipeline - INFO - File temp_Departed_in_last_36_hours.xml passed validation checks
2025-10-29 22:04:58,686 - vessel_data_pipeline - INFO - Created backup: Departed_in_last_36_hours_20251029_220458.xml
2025-10-29 22:04:58,686 - vessel_data_pipeline - INFO - Updated metadata for Departed_in_last_36_hours.xml
2025-10-29 22:04:58,686 - vessel_data_pipeline - INFO - Successfully downloaded and validated Departed_in_last_36_hours.xml
2025-10-29 22:05:00,691 - vessel_data_pipeline - INFO - Downloading Expected_arrivals.xml (attempt 1/3)
2025-10-29 22:05:01,167 - vessel_data_pipeline - INFO - File temp_Expected_arrivals.xml passed validation checks
2025-10-29 22:05:01,167 - vessel_data_pipeline - INFO - Created backup: Expected_arrivals_20251029_220501.xml
2025-10-29 22:05:01,167 - vessel_data_pipeline - INFO - Updated metadata for Expected_arrivals.xml
2025-10-29 22:05:01,167 - vessel_data_pipeline - INFO - Successfully downloaded and validated Expected_arrivals.xml
2025-10-29 22:05:03,173 - vessel_data_pipeline - INFO - Downloading Expected_departures.xml (attempt 1/3)
2025-10-29 22:05:03,462 - vessel_data_pipeline - INFO - File temp_Expected_departures.xml passed validation checks
2025-10-29 22:05:03,463 - vessel_data_pipeline - INFO - Created backup: Expected_departures_20251029_220503.xml
2025-10-29 22:05:03,463 - vessel_data_pipeline - INFO - Updated metadata for Expected_departures.xml
2025-10-29 22:05:03,463 - vessel_data_pipeline - INFO - Successfully downloaded and validated Expected_departures.xml
2025-10-29 22:05:05,465 - vessel_data_pipeline - INFO - Fetch operation completed. Results: {'Arrived_in_last_36_hours.xml': True, 'Departed_in_last_36_hours.xml': True, 'Expected_arrivals.xml': True, 'Expected_departures.xml': True}
2025-10-29 22:05:05,469 - vessel_data_pipeline - INFO - VesselDataFetcher initialized. Pipeline enabled: True
2025-10-29 22:05:05,469 - vessel_data_pipeline - INFO - Starting vessel data fetch operation
2025-10-29 22:05:05,469 - vessel_data_pipeline - INFO - Discovering XML files from Hong Kong Marine Department portal
2025-10-29 22:05:05,767 - vessel_data_pipeline - INFO - Verified access to Arrived_in_last_36_hours.xml
2025-10-29 22:05:06,240 - vessel_data_pipeline - INFO - Verified access to Departed_in_last_36_hours.xml
2025-10-29 22:05:06,756 - vessel_data_pipeline - INFO - Verified access to Expected_arrivals.xml
2025-10-29 22:05:07,219 - vessel_data_pipeline - INFO - Verified access to Expected_departures.xml
2025-10-29 22:05:07,220 - vessel_data_pipeline - INFO - Discovered 4 XML files for download
2025-10-29 22:05:07,220 - vessel_data_pipeline - INFO - Downloading Arrived_in_last_36_hours.xml (attempt 1/3)
2025-10-29 22:05:07,589 - vessel_data_pipeline - INFO - File temp_Arrived_in_last_36_hours.xml passed validation checks
2025-10-29 22:05:07,590 - vessel_data_pipeline - INFO - Created backup: Arrived_in_last_36_hours_20251029_220507.xml
2025-10-29 22:05:07,590 - vessel_data_pipeline - INFO - Updated metadata for Arrived_in_last_36_hours.xml
2025-10-29 22:05:07,591 - vessel_data_pipeline - INFO - Successfully downloaded and validated Arrived_in_last_36_hours.xml
2025-10-29 22:05:09,599 - vessel_data_pipeline - INFO - Downloading Departed_in_last_36_hours.xml (attempt 1/3)
2025-10-29 22:05:09,871 - vessel_data_pipeline - INFO - File temp_Departed_in_last_36_hours.xml passed validation checks
2025-10-29 22:05:09,871 - vessel_data_pipeline - INFO - Created backup: Departed_in_last_36_hours_20251029_220509.xml
2025-10-29 22:05:09,872 - vessel_data_pipeline - INFO - Updated metadata for Departed_in_last_36_hours.xml
2025-10-29 22:05:09,872 - vessel_data_pipeline - INFO - Successfully downloaded and validated Departed_in_last_36_hours.xml
2025-10-29 22:05:11,877 - vessel_data_pipeline - INFO - Downloading Expected_arrivals.xml (attempt 1/3)
2025-10-29 22:05:12,423 - vessel_data_pipeline - INFO - File temp_Expected_arrivals.xml passed validation checks
2025-10-29 22:05:12,424 - vessel_data_pipeline - INFO - Created backup: Expected_arrivals_20251029_220512.xml
2025-10-29 22:05:12,424 - vessel_data_pipeline - INFO - Updated metadata for Expected_arrivals.xml
2025-10-29 22:05:12,424 - vessel_data_pipeline - INFO - Successfully downloaded and validated Expected_arrivals.xml
2025-10-29 22:05:14,429 - vessel_data_pipeline - INFO - Downloading Expected_departures.xml (attempt 1/3)
2025-10-29 22:05:15,108 - vessel_data_pipeline - INFO - File temp_Expected_departures.xml passed validation checks
2025-10-29 22:05:15,108 - vessel_data_pipeline - INFO - Created backup: Expected_departures_20251029_220515.xml
2025-10-29 22:05:15,109 - vessel_data_pipeline - INFO - Updated metadata for Expected_departures.xml
2025-10-29 22:05:15,109 - vessel_data_pipeline - INFO - Successfully downloaded and validated Expected_departures.xml
2025-10-29 22:05:17,114 - vessel_data_pipeline - INFO - Fetch operation completed. Results: {'Arrived_in_last_36_hours.xml': True, 'Departed_in_last_36_hours.xml': True, 'Expected_arrivals.xml': True, 'Expected_departures.xml': True}
2025-10-29 22:05:17,138 - vessel_data_pipeline - INFO - VesselDataFetcher initialized. Pipeline enabled: True
2025-10-29 22:05:17,139 - vessel_data_pipeline - INFO - Starting vessel data fetch operation
2025-10-29 22:05:17,139 - vessel_data_pipeline - INFO - Discovering XML files from Hong Kong Marine Department portal
2025-10-29 22:05:17,784 - vessel_data_pipeline - INFO - Verified access to Arrived_in_last_36_hours.xml
2025-10-29 22:05:18,835 - vessel_data_pipeline - INFO - Verified access to Departed_in_last_36_hours.xml
2025-10-29 22:05:18,873 - vessel_data_pipeline - INFO - Verified access to Expected_arrivals.xml
2025-10-29 22:05:19,332 - vessel_data_pipeline - INFO - Verified access to Expected_departures.xml
2025-10-29 22:05:19,332 - vessel_data_pipeline - INFO - Discovered 4 XML files for download
2025-10-29 22:05:19,333 - vessel_data_pipeline - INFO - Downloading Arrived_in_last_36_hours.xml (attempt 1/3)
2025-10-29 22:05:19,648 - vessel_data_pipeline - INFO - File temp_Arrived_in_last_36_hours.xml passed validation checks
2025-10-29 22:05:19,649 - vessel_data_pipeline - INFO - Created backup: Arrived_in_last_36_hours_20251029_220519.xml
2025-10-29 22:05:19,649 - vessel_data_pipeline - INFO - Updated metadata for Arrived_in_last_36_hours.xml
2025-10-29 22:05:19,649 - vessel_data_pipeline - INFO - Successfully downloaded and validated Arrived_in_last_36_hours.xml
2025-10-29 22:05:21,651 - vessel_data_pipeline - INFO - Downloading Departed_in_last_36_hours.xml (attempt 1/3)
2025-10-29 22:05:22,146 - vessel_data_pipeline - INFO - File temp_Departed_in_last_36_hours.xml passed validation checks
2025-10-29 22:05:22,146 - vessel_data_pipeline - INFO - Created backup: Departed_in_last_36_hours_20251029_220522.xml
2025-10-29 22:05:22,147 - vessel_data_pipeline - INFO - Updated metadata for Departed_in_last_36_hours.xml
2025-10-29 22:05:22,147 - vessel_data_pipeline - INFO - Successfully downloaded and validated Departed_in_last_36_hours.xml
2025-10-29 22:05:24,151 - vessel_data_pipeline - INFO - Downloading Expected_arrivals.xml (attempt 1/3)
2025-10-29 22:05:24,449 - vessel_data_pipeline - INFO - File temp_Expected_arrivals.xml passed validation checks
2025-10-29 22:05:24,449 - vessel_data_pipeline - INFO - Created backup: Expected_arrivals_20251029_220524.xml
2025-10-29 22:05:24,450 - vessel_data_pipeline - INFO - Updated metadata for Expected_arrivals.xml
2025-10-29 22:05:24,450 - vessel_data_pipeline - INFO - Successfully downloaded and validated Expected_arrivals.xml
2025-10-29 22:05:26,454 - vessel_data_pipeline - INFO - Downloading Expected_departures.xml (attempt 1/3)
2025-10-29 22:05:26,937 - vessel_data_pipeline - INFO - File temp_Expected_departures.xml passed validation checks
2025-10-29 22:05:26,938 - vessel_data_pipeline - INFO - Created backup: Expected_departures_20251029_220526.xml
2025-10-29 22:05:26,938 - vessel_data_pipeline - INFO - Updated metadata for Expected_departures.xml
2025-10-29 22:05:26,938 - vessel_data_pipeline - INFO - Successfully downloaded and validated Expected_departures.xml
2025-10-29 22:05:28,940 - vessel_data_pipeline - INFO - Fetch operation completed. Results: {'Arrived_in_last_36_hours.xml': True, 'Departed_in_last_36_hours.xml': True, 'Expected_arrivals.xml': True, 'Expected_departures.xml': True}
2025-10-29 22:05:28,947 - vessel_data_pipeline - INFO - VesselDataFetcher initialized. Pipeline enabled: True
2025-10-29 22:05:28,948 - vessel_data_pipeline - INFO - Starting vessel data fetch operation
2025-10-29 22:05:28,948 - vessel_data_pipeline - INFO - Discovering XML files from Hong Kong Marine Department portal
2025-10-29 22:05:29,664 - vessel_data_pipeline - INFO - Verified access to Arrived_in_last_36_hours.xml
2025-10-29 22:05:31,123 - vessel_data_pipeline - INFO - Verified access to Departed_in_last_36_hours.xml
2025-10-29 22:05:31,840 - vessel_data_pipeline - INFO - Verified access to Expected_arrivals.xml
2025-10-29 22:05:32,105 - vessel_data_pipeline - INFO - Verified access to Expected_departures.xml
2025-10-29 22:05:32,105 - vessel_data_pipeline - INFO - Discovered 4 XML files for download
2025-10-29 22:05:32,106 - vessel_data_pipeline - INFO - Downloading Arrived_in_last_36_hours.xml (attempt 1/3)
2025-10-29 22:05:32,392 - vessel_data_pipeline - INFO - File temp_Arrived_in_last_36_hours.xml passed validation checks
2025-10-29 22:05:32,392 - vessel_data_pipeline - INFO - Created backup: Arrived_in_last_36_hours_20251029_220532.xml
2025-10-29 22:05:32,393 - vessel_data_pipeline - INFO - Updated metadata for Arrived_in_last_36_hours.xml
2025-10-29 22:05:32,393 - vessel_data_pipeline - INFO - Successfully downloaded and validated Arrived_in_last_36_hours.xml
2025-10-29 22:05:34,398 - vessel_data_pipeline - INFO - Downloading Departed_in_last_36_hours.xml (attempt 1/3)
2025-10-29 22:05:34,917 - vessel_data_pipeline - INFO - File temp_Departed_in_last_36_hours.xml passed validation checks
2025-10-29 22:05:34,918 - vessel_data_pipeline - INFO - Created backup: Departed_in_last_36_hours_20251029_220534.xml
2025-10-29 22:05:34,918 - vessel_data_pipeline - INFO - Updated metadata for Departed_in_last_36_hours.xml
2025-10-29 22:05:34,918 - vessel_data_pipeline - INFO - Successfully downloaded and validated Departed_in_last_36_hours.xml
2025-10-29 22:05:36,924 - vessel_data_pipeline - INFO - Downloading Expected_arrivals.xml (attempt 1/3)
2025-10-29 22:05:37,407 - vessel_data_pipeline - INFO - File temp_Expected_arrivals.xml passed validation checks
2025-10-29 22:05:37,408 - vessel_data_pipeline - INFO - Created backup: Expected_arrivals_20251029_220537.xml
2025-10-29 22:05:37,408 - vessel_data_pipeline - INFO - Updated metadata for Expected_arrivals.xml
2025-10-29 22:05:37,408 - vessel_data_pipeline - INFO - Successfully downloaded and validated Expected_arrivals.xml
2025-10-29 22:05:39,409 - vessel_data_pipeline - INFO - Downloading Expected_departures.xml (attempt 1/3)
2025-10-29 22:05:39,858 - vessel_data_pipeline - INFO - File temp_Expected_departures.xml passed validation checks
2025-10-29 22:05:39,858 - vessel_data_pipeline - INFO - Created backup: Expected_departures_20251029_220539.xml
2025-10-29 22:05:39,858 - vessel_data_pipeline - INFO - Updated metadata for Expected_departures.xml
2025-10-29 22:05:39,858 - vessel_data_pipeline - INFO - Successfully downloaded and validated Expected_departures.xml
2025-10-29 22:05:41,864 - vessel_data_pipeline - INFO - Fetch operation completed. Results: {'Arrived_in_last_36_hours.xml': True, 'Departed_in_last_36_hours.xml': True, 'Expected_arrivals.xml': True, 'Expected_departures.xml': True}
2025-10-29 22:05:43,138 - vessel_data_pipeline - INFO - VesselDataFetcher initialized. Pipeline enabled: True
2025-10-29 22:05:43,139 - vessel_data_pipeline - INFO - VesselDataFetcher initialized. Pipeline enabled: True
2025-10-29 22:05:43,139 - vessel_data_pipeline - INFO - Starting vessel data fetch operation
2025-10-29 22:05:43,139 - vessel_data_pipeline - INFO - Discovering XML files from Hong Kong Marine Department portal
2025-10-29 22:05:43,566 - vessel_data_pipeline - INFO - Verified access to Arrived_in_last_36_hours.xml
2025-10-29 22:05:44,239 - vessel_data_pipeline - INFO - Verified access to Departed_in_last_36_hours.xml
2025-10-29 22:05:44,721 - vessel_data_pipeline - INFO - Verified access to Expected_arrivals.xml
2025-10-29 22:05:45,000 - vessel_data_pipeline - INFO - Verified access to Expected_departures.xml
2025-10-29 22:05:45,000 - vessel_data_pipeline - INFO - Discovered 4 XML files for download
2025-10-29 22:05:45,001 - vessel_data_pipeline - INFO - Downloading Arrived_in_last_36_hours.xml (attempt 1/3)
2025-10-29 22:05:45,316 - vessel_data_pipeline - INFO - File temp_Arrived_in_last_36_hours.xml passed validation checks
2025-10-29 22:05:45,317 - vessel_data_pipeline - INFO - Created backup: Arrived_in_last_36_hours_20251029_220545.xml
2025-10-29 22:05:45,318 - vessel_data_pipeline - INFO - Updated metadata for Arrived_in_last_36_hours.xml
2025-10-29 22:05:45,318 - vessel_data_pipeline - INFO - Successfully downloaded and validated Arrived_in_last_36_hours.xml
2025-10-29 22:05:47,323 - vessel_data_pipeline - INFO - Downloading Departed_in_last_36_hours.xml (attempt 1/3)
2025-10-29 22:05:48,021 - vessel_data_pipeline - INFO - File temp_Departed_in_last_36_hours.xml passed validation checks
2025-10-29 22:05:48,022 - vessel_data_pipeline - INFO - Created backup: Departed_in_last_36_hours_20251029_220548.xml
2025-10-29 22:05:48,023 - vessel_data_pipeline - INFO - Updated metadata for Departed_in_last_36_hours.xml
2025-10-29 22:05:48,023 - vessel_data_pipeline - INFO - Successfully downloaded and validated Departed_in_last_36_hours.xml
2025-10-29 22:05:50,028 - vessel_data_pipeline - INFO - Downloading Expected_arrivals.xml (attempt 1/3)
2025-10-29 22:05:50,323 - vessel_data_pipeline - INFO - File temp_Expected_arrivals.xml passed validation checks
2025-10-29 22:05:50,323 - vessel_data_pipeline - INFO - Created backup: Expected_arrivals_20251029_220550.xml
2025-10-29 22:05:50,324 - vessel_data_pipeline - INFO - Updated metadata for Expected_arrivals.xml
2025-10-29 22:05:50,324 - vessel_data_pipeline - INFO - Successfully downloaded and validated Expected_arrivals.xml
2025-10-29 22:05:52,329 - vessel_data_pipeline - INFO - Downloading Expected_departures.xml (attempt 1/3)
2025-10-29 22:05:53,034 - vessel_data_pipeline - INFO - File temp_Expected_departures.xml passed validation checks
2025-10-29 22:05:53,034 - vessel_data_pipeline - INFO - Created backup: Expected_departures_20251029_220553.xml
2025-10-29 22:05:53,034 - vessel_data_pipeline - INFO - Updated metadata for Expected_departures.xml
2025-10-29 22:05:53,035 - vessel_data_pipeline - INFO - Successfully downloaded and validated Expected_departures.xml
2025-10-29 22:05:55,040 - vessel_data_pipeline - INFO - Fetch operation completed. Results: {'Arrived_in_last_36_hours.xml': True, 'Departed_in_last_36_hours.xml': True, 'Expected_arrivals.xml': True, 'Expected_departures.xml': True}
2025-10-29 22:06:46,217 - vessel_data_pipeline - INFO - VesselDataFetcher initialized. Pipeline enabled: True
2025-10-29 22:06:46,217 - vessel_data_pipeline - INFO - Starting vessel data fetch operation
2025-10-29 22:06:46,217 - vessel_data_pipeline - INFO - Discovering XML files from Hong Kong Marine Department portal
2025-10-29 22:06:47,031 - vessel_data_pipeline - INFO - Verified access to Arrived_in_last_36_hours.xml
2025-10-29 22:06:48,563 - vessel_data_pipeline - INFO - Verified access to Departed_in_last_36_hours.xml
2025-10-29 22:06:49,029 - vessel_data_pipeline - INFO - Verified access to Expected_arrivals.xml
2025-10-29 22:06:49,490 - vessel_data_pipeline - INFO - Verified access to Expected_departures.xml
2025-10-29 22:06:49,491 - vessel_data_pipeline - INFO - Discovered 4 XML files for download
2025-10-29 22:06:49,491 - vessel_data_pipeline - INFO - Downloading Arrived_in_last_36_hours.xml (attempt 1/3)
2025-10-29 22:06:49,986 - vessel_data_pipeline - INFO - File temp_Arrived_in_last_36_hours.xml passed validation checks
2025-10-29 22:06:49,988 - vessel_data_pipeline - INFO - Created backup: Arrived_in_last_36_hours_20251029_220649.xml
2025-10-29 22:06:49,989 - vessel_data_pipeline - INFO - Updated metadata for Arrived_in_last_36_hours.xml
2025-10-29 22:06:49,989 - vessel_data_pipeline - INFO - Successfully downloaded and validated Arrived_in_last_36_hours.xml
2025-10-29 22:06:51,991 - vessel_data_pipeline - INFO - Downloading Departed_in_last_36_hours.xml (attempt 1/3)
2025-10-29 22:06:52,500 - vessel_data_pipeline - INFO - File temp_Departed_in_last_36_hours.xml passed validation checks
2025-10-29 22:06:52,501 - vessel_data_pipeline - INFO - Created backup: Departed_in_last_36_hours_20251029_220652.xml
2025-10-29 22:06:52,501 - vessel_data_pipeline - INFO - Updated metadata for Departed_in_last_36_hours.xml
2025-10-29 22:06:52,501 - vessel_data_pipeline - INFO - Successfully downloaded and validated Departed_in_last_36_hours.xml
2025-10-29 22:06:54,506 - vessel_data_pipeline - INFO - Downloading Expected_arrivals.xml (attempt 1/3)
2025-10-29 22:06:55,026 - vessel_data_pipeline - INFO - File temp_Expected_arrivals.xml passed validation checks
2025-10-29 22:06:55,026 - vessel_data_pipeline - INFO - Created backup: Expected_arrivals_20251029_220655.xml
2025-10-29 22:06:55,026 - vessel_data_pipeline - INFO - Updated metadata for Expected_arrivals.xml
2025-10-29 22:06:55,026 - vessel_data_pipeline - INFO - Successfully downloaded and validated Expected_arrivals.xml
2025-10-29 22:06:57,027 - vessel_data_pipeline - INFO - Downloading Expected_departures.xml (attempt 1/3)
2025-10-29 22:06:57,347 - vessel_data_pipeline - INFO - File temp_Expected_departures.xml passed validation checks
2025-10-29 22:06:57,347 - vessel_data_pipeline - INFO - Created backup: Expected_departures_20251029_220657.xml
2025-10-29 22:06:57,348 - vessel_data_pipeline - INFO - Updated metadata for Expected_departures.xml
2025-10-29 22:06:57,348 - vessel_data_pipeline - INFO - Successfully downloaded and validated Expected_departures.xml
2025-10-29 22:06:59,352 - vessel_data_pipeline - INFO - Fetch operation completed. Results: {'Arrived_in_last_36_hours.xml': True, 'Departed_in_last_36_hours.xml': True, 'Expected_arrivals.xml': True, 'Expected_departures.xml': True}
2025-10-29 22:06:59,639 - vessel_data_pipeline - INFO - VesselDataFetcher initialized. Pipeline enabled: True
2025-10-29 22:06:59,641 - vessel_data_pipeline - INFO - Starting vessel data fetch operation
2025-10-29 22:06:59,641 - vessel_data_pipeline - INFO - Discovering XML files from Hong Kong Marine Department portal
2025-10-29 22:07:00,538 - vessel_data_pipeline - INFO - Verified access to Arrived_in_last_36_hours.xml
2025-10-29 22:07:01,526 - vessel_data_pipeline - INFO - Verified access to Departed_in_last_36_hours.xml
2025-10-29 22:07:01,805 - vessel_data_pipeline - INFO - Verified access to Expected_arrivals.xml
2025-10-29 22:07:02,089 - vessel_data_pipeline - INFO - Verified access to Expected_departures.xml
2025-10-29 22:07:02,089 - vessel_data_pipeline - INFO - Discovered 4 XML files for download
2025-10-29 22:07:02,089 - vessel_data_pipeline - INFO - Downloading Arrived_in_last_36_hours.xml (attempt 1/3)
2025-10-29 22:07:02,527 - vessel_data_pipeline - INFO - File temp_Arrived_in_last_36_hours.xml passed validation checks
2025-10-29 22:07:02,527 - vessel_data_pipeline - INFO - Created backup: Arrived_in_last_36_hours_20251029_220702.xml
2025-10-29 22:07:02,528 - vessel_data_pipeline - INFO - Updated metadata for Arrived_in_last_36_hours.xml
2025-10-29 22:07:02,528 - vessel_data_pipeline - INFO - Successfully downloaded and validated Arrived_in_last_36_hours.xml
2025-10-29 22:07:04,533 - vessel_data_pipeline - INFO - Downloading Departed_in_last_36_hours.xml (attempt 1/3)
2025-10-29 22:07:05,259 - vessel_data_pipeline - INFO - File temp_Departed_in_last_36_hours.xml passed validation checks
2025-10-29 22:07:05,260 - vessel_data_pipeline - INFO - Created backup: Departed_in_last_36_hours_20251029_220705.xml
2025-10-29 22:07:05,261 - vessel_data_pipeline - INFO - Updated metadata for Departed_in_last_36_hours.xml
2025-10-29 22:07:05,261 - vessel_data_pipeline - INFO - Successfully downloaded and validated Departed_in_last_36_hours.xml
2025-10-29 22:07:07,266 - vessel_data_pipeline - INFO - Downloading Expected_arrivals.xml (attempt 1/3)
2025-10-29 22:07:07,549 - vessel_data_pipeline - INFO - File temp_Expected_arrivals.xml passed validation checks
2025-10-29 22:07:07,550 - vessel_data_pipeline - INFO - Created backup: Expected_arrivals_20251029_220707.xml
2025-10-29 22:07:07,550 - vessel_data_pipeline - INFO - Updated metadata for Expected_arrivals.xml
2025-10-29 22:07:07,550 - vessel_data_pipeline - INFO - Successfully downloaded and validated Expected_arrivals.xml
2025-10-29 22:07:09,555 - vessel_data_pipeline - INFO - Downloading Expected_departures.xml (attempt 1/3)
2025-10-29 22:07:10,043 - vessel_data_pipeline - INFO - File temp_Expected_departures.xml passed validation checks
2025-10-29 22:07:10,043 - vessel_data_pipeline - INFO - Created backup: Expected_departures_20251029_220710.xml
2025-10-29 22:07:10,043 - vessel_data_pipeline - INFO - Updated metadata for Expected_departures.xml
2025-10-29 22:07:10,043 - vessel_data_pipeline - INFO - Successfully downloaded and validated Expected_departures.xml
2025-10-29 22:07:12,045 - vessel_data_pipeline - INFO - Fetch operation completed. Results: {'Arrived_in_last_36_hours.xml': True, 'Departed_in_last_36_hours.xml': True, 'Expected_arrivals.xml': True, 'Expected_departures.xml': True}
2025-10-29 22:07:12,057 - vessel_data_pipeline - INFO - VesselDataFetcher initialized. Pipeline enabled: True
2025-10-29 22:07:12,063 - vessel_data_pipeline - INFO - Starting vessel data fetch operation
2025-10-29 22:07:12,063 - vessel_data_pipeline - INFO - Discovering XML files from Hong Kong Marine Department portal
2025-10-29 22:07:12,582 - vessel_data_pipeline - INFO - Verified access to Arrived_in_last_36_hours.xml
2025-10-29 22:07:13,482 - vessel_data_pipeline - INFO - Verified access to Departed_in_last_36_hours.xml
2025-10-29 22:07:13,965 - vessel_data_pipeline - INFO - Verified access to Expected_arrivals.xml
2025-10-29 22:07:14,483 - vessel_data_pipeline - INFO - Verified access to Expected_departures.xml
2025-10-29 22:07:14,484 - vessel_data_pipeline - INFO - Discovered 4 XML files for download
2025-10-29 22:07:14,484 - vessel_data_pipeline - INFO - Downloading Arrived_in_last_36_hours.xml (attempt 1/3)
2025-10-29 22:07:15,178 - vessel_data_pipeline - INFO - File temp_Arrived_in_last_36_hours.xml passed validation checks
2025-10-29 22:07:15,178 - vessel_data_pipeline - INFO - Created backup: Arrived_in_last_36_hours_20251029_220715.xml
2025-10-29 22:07:15,179 - vessel_data_pipeline - INFO - Updated metadata for Arrived_in_last_36_hours.xml
2025-10-29 22:07:15,179 - vessel_data_pipeline - INFO - Successfully downloaded and validated Arrived_in_last_36_hours.xml
2025-10-29 22:07:17,180 - vessel_data_pipeline - INFO - Downloading Departed_in_last_36_hours.xml (attempt 1/3)
2025-10-29 22:07:18,288 - vessel_data_pipeline - INFO - File temp_Departed_in_last_36_hours.xml passed validation checks
2025-10-29 22:07:18,288 - vessel_data_pipeline - INFO - Created backup: Departed_in_last_36_hours_20251029_220718.xml
2025-10-29 22:07:18,289 - vessel_data_pipeline - INFO - Updated metadata for Departed_in_last_36_hours.xml
2025-10-29 22:07:18,289 - vessel_data_pipeline - INFO - Successfully downloaded and validated Departed_in_last_36_hours.xml
2025-10-29 22:07:20,290 - vessel_data_pipeline - INFO - Downloading Expected_arrivals.xml (attempt 1/3)
2025-10-29 22:07:20,563 - vessel_data_pipeline - INFO - File temp_Expected_arrivals.xml passed validation checks
2025-10-29 22:07:20,564 - vessel_data_pipeline - INFO - Created backup: Expected_arrivals_20251029_220720.xml
2025-10-29 22:07:20,564 - vessel_data_pipeline - INFO - Updated metadata for Expected_arrivals.xml
2025-10-29 22:07:20,564 - vessel_data_pipeline - INFO - Successfully downloaded and validated Expected_arrivals.xml
2025-10-29 22:07:22,569 - vessel_data_pipeline - INFO - Downloading Expected_departures.xml (attempt 1/3)
2025-10-29 22:07:23,057 - vessel_data_pipeline - INFO - File temp_Expected_departures.xml passed validation checks
2025-10-29 22:07:23,057 - vessel_data_pipeline - INFO - Created backup: Expected_departures_20251029_220723.xml
2025-10-29 22:07:23,057 - vessel_data_pipeline - INFO - Updated metadata for Expected_departures.xml
2025-10-29 22:07:23,057 - vessel_data_pipeline - INFO - Successfully downloaded and validated Expected_departures.xml
2025-10-29 22:07:25,062 - vessel_data_pipeline - INFO - Fetch operation completed. Results: {'Arrived_in_last_36_hours.xml': True, 'Departed_in_last_36_hours.xml': True, 'Expected_arrivals.xml': True, 'Expected_departures.xml': True}
2025-10-29 22:07:28,067 - vessel_data_pipeline - INFO - VesselDataFetcher initialized. Pipeline enabled: True
2025-10-29 22:07:28,073 - vessel_data_pipeline - INFO - Starting vessel data fetch operation
2025-10-29 22:07:28,073 - vessel_data_pipeline - INFO - Discovering XML files from Hong Kong Marine Department portal
2025-10-29 22:07:28,678 - vessel_data_pipeline - INFO - Verified access to Arrived_in_last_36_hours.xml
2025-10-29 22:07:29,191 - vessel_data_pipeline - INFO - Verified access to Departed_in_last_36_hours.xml
2025-10-29 22:07:29,705 - vessel_data_pipeline - INFO - Verified access to Expected_arrivals.xml
2025-10-29 22:07:29,962 - vessel_data_pipeline - INFO - Verified access to Expected_departures.xml
2025-10-29 22:07:29,962 - vessel_data_pipeline - INFO - Discovered 4 XML files for download
2025-10-29 22:07:29,962 - vessel_data_pipeline - INFO - Downloading Arrived_in_last_36_hours.xml (attempt 1/3)
2025-10-29 22:07:30,435 - vessel_data_pipeline - INFO - File temp_Arrived_in_last_36_hours.xml passed validation checks
2025-10-29 22:07:30,437 - vessel_data_pipeline - INFO - Created backup: Arrived_in_last_36_hours_20251029_220730.xml
2025-10-29 22:07:30,438 - vessel_data_pipeline - INFO - Updated metadata for Arrived_in_last_36_hours.xml
2025-10-29 22:07:30,438 - vessel_data_pipeline - INFO - Successfully downloaded and validated Arrived_in_last_36_hours.xml
2025-10-29 22:07:32,442 - vessel_data_pipeline - INFO - Downloading Departed_in_last_36_hours.xml (attempt 1/3)
2025-10-29 22:07:32,706 - vessel_data_pipeline - INFO - File temp_Departed_in_last_36_hours.xml passed validation checks
2025-10-29 22:07:32,707 - vessel_data_pipeline - INFO - Created backup: Departed_in_last_36_hours_20251029_220732.xml
2025-10-29 22:07:32,707 - vessel_data_pipeline - INFO - Updated metadata for Departed_in_last_36_hours.xml
2025-10-29 22:07:32,707 - vessel_data_pipeline - INFO - Successfully downloaded and validated Departed_in_last_36_hours.xml
2025-10-29 22:07:34,712 - vessel_data_pipeline - INFO - Downloading Expected_arrivals.xml (attempt 1/3)
2025-10-29 22:07:35,003 - vessel_data_pipeline - INFO - File temp_Expected_arrivals.xml passed validation checks
2025-10-29 22:07:35,003 - vessel_data_pipeline - INFO - Created backup: Expected_arrivals_20251029_220735.xml
2025-10-29 22:07:35,004 - vessel_data_pipeline - INFO - Updated metadata for Expected_arrivals.xml
2025-10-29 22:07:35,004 - vessel_data_pipeline - INFO - Successfully downloaded and validated Expected_arrivals.xml
2025-10-29 22:07:37,009 - vessel_data_pipeline - INFO - Downloading Expected_departures.xml (attempt 1/3)
2025-10-29 22:07:37,497 - vessel_data_pipeline - INFO - File temp_Expected_departures.xml passed validation checks
2025-10-29 22:07:37,497 - vessel_data_pipeline - INFO - Created backup: Expected_departures_20251029_220737.xml
2025-10-29 22:07:37,497 - vessel_data_pipeline - INFO - Updated metadata for Expected_departures.xml
2025-10-29 22:07:37,497 - vessel_data_pipeline - INFO - Successfully downloaded and validated Expected_departures.xml
2025-10-29 22:07:39,502 - vessel_data_pipeline - INFO - Fetch operation completed. Results: {'Arrived_in_last_36_hours.xml': True, 'Departed_in_last_36_hours.xml': True, 'Expected_arrivals.xml': True, 'Expected_departures.xml': True}
2025-10-29 22:07:39,505 - vessel_data_pipeline - INFO - VesselDataFetcher initialized. Pipeline enabled: True
2025-10-29 22:07:39,505 - vessel_data_pipeline - INFO - Starting vessel data fetch operation
2025-10-29 22:07:39,505 - vessel_data_pipeline - INFO - Discovering XML files from Hong Kong Marine Department portal
2025-10-29 22:07:39,691 - vessel_data_pipeline - INFO - Verified access to Arrived_in_last_36_hours.xml
2025-10-29 22:07:40,157 - vessel_data_pipeline - INFO - Verified access to Departed_in_last_36_hours.xml
2025-10-29 22:07:40,467 - vessel_data_pipeline - INFO - Verified access to Expected_arrivals.xml
2025-10-29 22:07:40,959 - vessel_data_pipeline - INFO - Verified access to Expected_departures.xml
2025-10-29 22:07:40,959 - vessel_data_pipeline - INFO - Discovered 4 XML files for download
2025-10-29 22:07:40,959 - vessel_data_pipeline - INFO - Downloading Arrived_in_last_36_hours.xml (attempt 1/3)
2025-10-29 22:07:41,033 - vessel_data_pipeline - INFO - File temp_Arrived_in_last_36_hours.xml passed validation checks
2025-10-29 22:07:41,035 - vessel_data_pipeline - INFO - Created backup: Arrived_in_last_36_hours_20251029_220741.xml
2025-10-29 22:07:41,037 - vessel_data_pipeline - INFO - Updated metadata for Arrived_in_last_36_hours.xml
2025-10-29 22:07:41,037 - vessel_data_pipeline - INFO - Successfully downloaded and validated Arrived_in_last_36_hours.xml
2025-10-29 22:07:43,042 - vessel_data_pipeline - INFO - Downloading Departed_in_last_36_hours.xml (attempt 1/3)
2025-10-29 22:07:43,125 - vessel_data_pipeline - INFO - File temp_Departed_in_last_36_hours.xml passed validation checks
2025-10-29 22:07:43,126 - vessel_data_pipeline - INFO - Created backup: Departed_in_last_36_hours_20251029_220743.xml
2025-10-29 22:07:43,126 - vessel_data_pipeline - INFO - Updated metadata for Departed_in_last_36_hours.xml
2025-10-29 22:07:43,126 - vessel_data_pipeline - INFO - Successfully downloaded and validated Departed_in_last_36_hours.xml
2025-10-29 22:07:45,131 - vessel_data_pipeline - INFO - Downloading Expected_arrivals.xml (attempt 1/3)
2025-10-29 22:07:45,487 - vessel_data_pipeline - INFO - File temp_Expected_arrivals.xml passed validation checks
2025-10-29 22:07:45,487 - vessel_data_pipeline - INFO - Created backup: Expected_arrivals_20251029_220745.xml
2025-10-29 22:07:45,488 - vessel_data_pipeline - INFO - Updated metadata for Expected_arrivals.xml
2025-10-29 22:07:45,488 - vessel_data_pipeline - INFO - Successfully downloaded and validated Expected_arrivals.xml
2025-10-29 22:07:47,493 - vessel_data_pipeline - INFO - Downloading Expected_departures.xml (attempt 1/3)
2025-10-29 22:07:48,079 - vessel_data_pipeline - INFO - File temp_Expected_departures.xml passed validation checks
2025-10-29 22:07:48,079 - vessel_data_pipeline - INFO - Created backup: Expected_departures_20251029_220748.xml
2025-10-29 22:07:48,080 - vessel_data_pipeline - INFO - Updated metadata for Expected_departures.xml
2025-10-29 22:07:48,080 - vessel_data_pipeline - INFO - Successfully downloaded and validated Expected_departures.xml
2025-10-29 22:07:50,085 - vessel_data_pipeline - INFO - Fetch operation completed. Results: {'Arrived_in_last_36_hours.xml': True, 'Departed_in_last_36_hours.xml': True, 'Expected_arrivals.xml': True, 'Expected_departures.xml': True}
2025-10-29 22:07:50,097 - vessel_data_pipeline - INFO - VesselDataFetcher initialized. Pipeline enabled: True
2025-10-29 22:07:50,098 - vessel_data_pipeline - INFO - Starting vessel data fetch operation
2025-10-29 22:07:50,098 - vessel_data_pipeline - INFO - Discovering XML files from Hong Kong Marine Department portal
2025-10-29 22:07:50,619 - vessel_data_pipeline - INFO - Verified access to Arrived_in_last_36_hours.xml
2025-10-29 22:07:50,862 - vessel_data_pipeline - INFO - Verified access to Departed_in_last_36_hours.xml
2025-10-29 22:07:51,353 - vessel_data_pipeline - INFO - Verified access to Expected_arrivals.xml
2025-10-29 22:07:51,627 - vessel_data_pipeline - INFO - Verified access to Expected_departures.xml
2025-10-29 22:07:51,627 - vessel_data_pipeline - INFO - Discovered 4 XML files for download
2025-10-29 22:07:51,627 - vessel_data_pipeline - INFO - Downloading Arrived_in_last_36_hours.xml (attempt 1/3)
2025-10-29 22:07:52,311 - vessel_data_pipeline - INFO - File temp_Arrived_in_last_36_hours.xml passed validation checks
2025-10-29 22:07:52,312 - vessel_data_pipeline - INFO - Created backup: Arrived_in_last_36_hours_20251029_220752.xml
2025-10-29 22:07:52,313 - vessel_data_pipeline - INFO - Updated metadata for Arrived_in_last_36_hours.xml
2025-10-29 22:07:52,313 - vessel_data_pipeline - INFO - Successfully downloaded and validated Arrived_in_last_36_hours.xml
2025-10-29 22:07:54,318 - vessel_data_pipeline - INFO - Downloading Departed_in_last_36_hours.xml (attempt 1/3)
2025-10-29 22:07:55,057 - vessel_data_pipeline - INFO - File temp_Departed_in_last_36_hours.xml passed validation checks
2025-10-29 22:07:55,058 - vessel_data_pipeline - INFO - Created backup: Departed_in_last_36_hours_20251029_220755.xml
2025-10-29 22:07:55,058 - vessel_data_pipeline - INFO - Updated metadata for Departed_in_last_36_hours.xml
2025-10-29 22:07:55,058 - vessel_data_pipeline - INFO - Successfully downloaded and validated Departed_in_last_36_hours.xml
2025-10-29 22:07:57,063 - vessel_data_pipeline - INFO - Downloading Expected_arrivals.xml (attempt 1/3)
2025-10-29 22:07:57,349 - vessel_data_pipeline - INFO - File temp_Expected_arrivals.xml passed validation checks
2025-10-29 22:07:57,350 - vessel_data_pipeline - INFO - Created backup: Expected_arrivals_20251029_220757.xml
2025-10-29 22:07:57,350 - vessel_data_pipeline - INFO - Updated metadata for Expected_arrivals.xml
2025-10-29 22:07:57,350 - vessel_data_pipeline - INFO - Successfully downloaded and validated Expected_arrivals.xml
2025-10-29 22:07:59,355 - vessel_data_pipeline - INFO - Downloading Expected_departures.xml (attempt 1/3)
2025-10-29 22:07:59,885 - vessel_data_pipeline - INFO - File temp_Expected_departures.xml passed validation checks
2025-10-29 22:07:59,885 - vessel_data_pipeline - INFO - Created backup: Expected_departures_20251029_220759.xml
2025-10-29 22:07:59,885 - vessel_data_pipeline - INFO - Updated metadata for Expected_departures.xml
2025-10-29 22:07:59,885 - vessel_data_pipeline - INFO - Successfully downloaded and validated Expected_departures.xml
2025-10-29 22:08:01,886 - vessel_data_pipeline - INFO - Fetch operation completed. Results: {'Arrived_in_last_36_hours.xml': True, 'Departed_in_last_36_hours.xml': True, 'Expected_arrivals.xml': True, 'Expected_departures.xml': True}
2025-10-29 22:08:01,890 - vessel_data_pipeline - INFO - VesselDataFetcher initialized. Pipeline enabled: True
2025-10-29 22:08:01,891 - vessel_data_pipeline - INFO - Starting vessel data fetch operation
2025-10-29 22:08:01,891 - vessel_data_pipeline - INFO - Discovering XML files from Hong Kong Marine Department portal
2025-10-29 22:08:02,658 - vessel_data_pipeline - INFO - Verified access to Arrived_in_last_36_hours.xml
2025-10-29 22:08:03,594 - vessel_data_pipeline - INFO - Verified access to Departed_in_last_36_hours.xml
2025-10-29 22:08:04,490 - vessel_data_pipeline - INFO - Verified access to Expected_arrivals.xml
2025-10-29 22:08:04,954 - vessel_data_pipeline - INFO - Verified access to Expected_departures.xml
2025-10-29 22:08:04,954 - vessel_data_pipeline - INFO - Discovered 4 XML files for download
2025-10-29 22:08:04,954 - vessel_data_pipeline - INFO - Downloading Arrived_in_last_36_hours.xml (attempt 1/3)
2025-10-29 22:08:05,652 - vessel_data_pipeline - INFO - File temp_Arrived_in_last_36_hours.xml passed validation checks
2025-10-29 22:08:05,653 - vessel_data_pipeline - INFO - Created backup: Arrived_in_last_36_hours_20251029_220805.xml
2025-10-29 22:08:05,653 - vessel_data_pipeline - INFO - Updated metadata for Arrived_in_last_36_hours.xml
2025-10-29 22:08:05,653 - vessel_data_pipeline - INFO - Successfully downloaded and validated Arrived_in_last_36_hours.xml
2025-10-29 22:08:07,658 - vessel_data_pipeline - INFO - Downloading Departed_in_last_36_hours.xml (attempt 1/3)
2025-10-29 22:08:08,826 - vessel_data_pipeline - INFO - File temp_Departed_in_last_36_hours.xml passed validation checks
2025-10-29 22:08:08,826 - vessel_data_pipeline - INFO - Created backup: Departed_in_last_36_hours_20251029_220808.xml
2025-10-29 22:08:08,826 - vessel_data_pipeline - INFO - Updated metadata for Departed_in_last_36_hours.xml
2025-10-29 22:08:08,826 - vessel_data_pipeline - INFO - Successfully downloaded and validated Departed_in_last_36_hours.xml
2025-10-29 22:08:10,831 - vessel_data_pipeline - INFO - Downloading Expected_arrivals.xml (attempt 1/3)
2025-10-29 22:08:11,339 - vessel_data_pipeline - INFO - File temp_Expected_arrivals.xml passed validation checks
2025-10-29 22:08:11,339 - vessel_data_pipeline - INFO - Created backup: Expected_arrivals_20251029_220811.xml
2025-10-29 22:08:11,340 - vessel_data_pipeline - INFO - Updated metadata for Expected_arrivals.xml
2025-10-29 22:08:11,340 - vessel_data_pipeline - INFO - Successfully downloaded and validated Expected_arrivals.xml
2025-10-29 22:08:13,340 - vessel_data_pipeline - INFO - Downloading Expected_departures.xml (attempt 1/3)
2025-10-29 22:08:13,882 - vessel_data_pipeline - INFO - File temp_Expected_departures.xml passed validation checks
2025-10-29 22:08:13,882 - vessel_data_pipeline - INFO - Created backup: Expected_departures_20251029_220813.xml
2025-10-29 22:08:13,882 - vessel_data_pipeline - INFO - Updated metadata for Expected_departures.xml
2025-10-29 22:08:13,882 - vessel_data_pipeline - INFO - Successfully downloaded and validated Expected_departures.xml
2025-10-29 22:08:15,883 - vessel_data_pipeline - INFO - Fetch operation completed. Results: {'Arrived_in_last_36_hours.xml': True, 'Departed_in_last_36_hours.xml': True, 'Expected_arrivals.xml': True, 'Expected_departures.xml': True}
2025-10-29 22:08:17,159 - vessel_data_pipeline - INFO - VesselDataFetcher initialized. Pipeline enabled: True
2025-10-29 22:08:17,160 - vessel_data_pipeline - INFO - VesselDataFetcher initialized. Pipeline enabled: True
2025-10-29 22:08:17,161 - vessel_data_pipeline - INFO - Starting vessel data fetch operation
2025-10-29 22:08:17,161 - vessel_data_pipeline - INFO - Discovering XML files from Hong Kong Marine Department portal
2025-10-29 22:08:17,800 - vessel_data_pipeline - INFO - Verified access to Arrived_in_last_36_hours.xml
2025-10-29 22:08:18,268 - vessel_data_pipeline - INFO - Verified access to Departed_in_last_36_hours.xml
2025-10-29 22:08:18,763 - vessel_data_pipeline - INFO - Verified access to Expected_arrivals.xml
2025-10-29 22:08:19,035 - vessel_data_pipeline - INFO - Verified access to Expected_departures.xml
2025-10-29 22:08:19,036 - vessel_data_pipeline - INFO - Discovered 4 XML files for download
2025-10-29 22:08:19,036 - vessel_data_pipeline - INFO - Downloading Arrived_in_last_36_hours.xml (attempt 1/3)
2025-10-29 22:08:19,513 - vessel_data_pipeline - INFO - File temp_Arrived_in_last_36_hours.xml passed validation checks
2025-10-29 22:08:19,515 - vessel_data_pipeline - INFO - Created backup: Arrived_in_last_36_hours_20251029_220819.xml
2025-10-29 22:08:19,515 - vessel_data_pipeline - INFO - Updated metadata for Arrived_in_last_36_hours.xml
2025-10-29 22:08:19,515 - vessel_data_pipeline - INFO - Successfully downloaded and validated Arrived_in_last_36_hours.xml
2025-10-29 22:08:21,518 - vessel_data_pipeline - INFO - Downloading Departed_in_last_36_hours.xml (attempt 1/3)
2025-10-29 22:08:22,418 - vessel_data_pipeline - INFO - File temp_Departed_in_last_36_hours.xml passed validation checks
2025-10-29 22:08:22,419 - vessel_data_pipeline - INFO - Created backup: Departed_in_last_36_hours_20251029_220822.xml
2025-10-29 22:08:22,419 - vessel_data_pipeline - INFO - Updated metadata for Departed_in_last_36_hours.xml
2025-10-29 22:08:22,419 - vessel_data_pipeline - INFO - Successfully downloaded and validated Departed_in_last_36_hours.xml
2025-10-29 22:08:24,419 - vessel_data_pipeline - INFO - Downloading Expected_arrivals.xml (attempt 1/3)
2025-10-29 22:08:25,333 - vessel_data_pipeline - INFO - File temp_Expected_arrivals.xml passed validation checks
2025-10-29 22:08:25,333 - vessel_data_pipeline - INFO - Created backup: Expected_arrivals_20251029_220825.xml
2025-10-29 22:08:25,333 - vessel_data_pipeline - INFO - Updated metadata for Expected_arrivals.xml
2025-10-29 22:08:25,333 - vessel_data_pipeline - INFO - Successfully downloaded and validated Expected_arrivals.xml
2025-10-29 22:08:27,337 - vessel_data_pipeline - INFO - Downloading Expected_departures.xml (attempt 1/3)
2025-10-29 22:08:28,023 - vessel_data_pipeline - INFO - File temp_Expected_departures.xml passed validation checks
2025-10-29 22:08:28,023 - vessel_data_pipeline - INFO - Created backup: Expected_departures_20251029_220828.xml
2025-10-29 22:08:28,023 - vessel_data_pipeline - INFO - Updated metadata for Expected_departures.xml
2025-10-29 22:08:28,023 - vessel_data_pipeline - INFO - Successfully downloaded and validated Expected_departures.xml
2025-10-29 22:08:30,025 - vessel_data_pipeline - INFO - Fetch operation completed. Results: {'Arrived_in_last_36_hours.xml': True, 'Departed_in_last_36_hours.xml': True, 'Expected_arrivals.xml': True, 'Expected_departures.xml': True}
2025-10-29 22:08:50,886 - vessel_data_pipeline - INFO - VesselDataFetcher initialized. Pipeline enabled: True
2025-10-29 22:08:50,886 - vessel_data_pipeline - INFO - Starting vessel data fetch operation
2025-10-29 22:08:50,886 - vessel_data_pipeline - INFO - Discovering XML files from Hong Kong Marine Department portal
2025-10-29 22:08:51,194 - vessel_data_pipeline - INFO - Verified access to Arrived_in_last_36_hours.xml
2025-10-29 22:08:51,232 - vessel_data_pipeline - INFO - Verified access to Departed_in_last_36_hours.xml
2025-10-29 22:08:51,958 - vessel_data_pipeline - INFO - Verified access to Expected_arrivals.xml
2025-10-29 22:08:52,465 - vessel_data_pipeline - INFO - Verified access to Expected_departures.xml
2025-10-29 22:08:52,465 - vessel_data_pipeline - INFO - Discovered 4 XML files for download
2025-10-29 22:08:52,465 - vessel_data_pipeline - INFO - Downloading Arrived_in_last_36_hours.xml (attempt 1/3)
2025-10-29 22:08:52,770 - vessel_data_pipeline - INFO - File temp_Arrived_in_last_36_hours.xml passed validation checks
2025-10-29 22:08:52,772 - vessel_data_pipeline - INFO - Created backup: Arrived_in_last_36_hours_20251029_220852.xml
2025-10-29 22:08:52,773 - vessel_data_pipeline - INFO - Updated metadata for Arrived_in_last_36_hours.xml
2025-10-29 22:08:52,774 - vessel_data_pipeline - INFO - Successfully downloaded and validated Arrived_in_last_36_hours.xml
2025-10-29 22:08:54,776 - vessel_data_pipeline - INFO - Downloading Departed_in_last_36_hours.xml (attempt 1/3)
2025-10-29 22:08:55,083 - vessel_data_pipeline - INFO - File temp_Departed_in_last_36_hours.xml passed validation checks
2025-10-29 22:08:55,083 - vessel_data_pipeline - INFO - Created backup: Departed_in_last_36_hours_20251029_220855.xml
2025-10-29 22:08:55,084 - vessel_data_pipeline - INFO - Updated metadata for Departed_in_last_36_hours.xml
2025-10-29 22:08:55,084 - vessel_data_pipeline - INFO - Successfully downloaded and validated Departed_in_last_36_hours.xml
2025-10-29 22:08:57,087 - vessel_data_pipeline - INFO - Downloading Expected_arrivals.xml (attempt 1/3)
2025-10-29 22:08:57,557 - vessel_data_pipeline - INFO - File temp_Expected_arrivals.xml passed validation checks
2025-10-29 22:08:57,558 - vessel_data_pipeline - INFO - Created backup: Expected_arrivals_20251029_220857.xml
2025-10-29 22:08:57,559 - vessel_data_pipeline - INFO - Updated metadata for Expected_arrivals.xml
2025-10-29 22:08:57,559 - vessel_data_pipeline - INFO - Successfully downloaded and validated Expected_arrivals.xml
2025-10-29 22:08:59,560 - vessel_data_pipeline - INFO - Downloading Expected_departures.xml (attempt 1/3)
2025-10-29 22:09:00,007 - vessel_data_pipeline - INFO - File temp_Expected_departures.xml passed validation checks
2025-10-29 22:09:00,007 - vessel_data_pipeline - INFO - Created backup: Expected_departures_20251029_220900.xml
2025-10-29 22:09:00,007 - vessel_data_pipeline - INFO - Updated metadata for Expected_departures.xml
2025-10-29 22:09:00,007 - vessel_data_pipeline - INFO - Successfully downloaded and validated Expected_departures.xml
2025-10-29 22:09:02,011 - vessel_data_pipeline - INFO - Fetch operation completed. Results: {'Arrived_in_last_36_hours.xml': True, 'Departed_in_last_36_hours.xml': True, 'Expected_arrivals.xml': True, 'Expected_departures.xml': True}
2025-10-29 22:09:02,287 - vessel_data_pipeline - INFO - VesselDataFetcher initialized. Pipeline enabled: True
2025-10-29 22:09:02,287 - vessel_data_pipeline - INFO - Starting vessel data fetch operation
2025-10-29 22:09:02,287 - vessel_data_pipeline - INFO - Discovering XML files from Hong Kong Marine Department portal
2025-10-29 22:09:02,577 - vessel_data_pipeline - INFO - Verified access to Arrived_in_last_36_hours.xml
2025-10-29 22:09:02,892 - vessel_data_pipeline - INFO - Verified access to Departed_in_last_36_hours.xml
2025-10-29 22:09:03,413 - vessel_data_pipeline - INFO - Verified access to Expected_arrivals.xml
2025-10-29 22:09:03,974 - vessel_data_pipeline - INFO - Verified access to Expected_departures.xml
2025-10-29 22:09:03,974 - vessel_data_pipeline - INFO - Discovered 4 XML files for download
2025-10-29 22:09:03,974 - vessel_data_pipeline - INFO - Downloading Arrived_in_last_36_hours.xml (attempt 1/3)
2025-10-29 22:09:04,670 - vessel_data_pipeline - INFO - File temp_Arrived_in_last_36_hours.xml passed validation checks
2025-10-29 22:09:04,670 - vessel_data_pipeline - INFO - Created backup: Arrived_in_last_36_hours_20251029_220904.xml
2025-10-29 22:09:04,671 - vessel_data_pipeline - INFO - Updated metadata for Arrived_in_last_36_hours.xml
2025-10-29 22:09:04,671 - vessel_data_pipeline - INFO - Successfully downloaded and validated Arrived_in_last_36_hours.xml
2025-10-29 22:09:06,676 - vessel_data_pipeline - INFO - Downloading Departed_in_last_36_hours.xml (attempt 1/3)
2025-10-29 22:09:07,730 - vessel_data_pipeline - INFO - File temp_Departed_in_last_36_hours.xml passed validation checks
2025-10-29 22:09:07,731 - vessel_data_pipeline - INFO - Created backup: Departed_in_last_36_hours_20251029_220907.xml
2025-10-29 22:09:07,732 - vessel_data_pipeline - INFO - Updated metadata for Departed_in_last_36_hours.xml
2025-10-29 22:09:07,732 - vessel_data_pipeline - INFO - Successfully downloaded and validated Departed_in_last_36_hours.xml
2025-10-29 22:09:09,733 - vessel_data_pipeline - INFO - Downloading Expected_arrivals.xml (attempt 1/3)
2025-10-29 22:09:10,234 - vessel_data_pipeline - INFO - File temp_Expected_arrivals.xml passed validation checks
2025-10-29 22:09:10,235 - vessel_data_pipeline - INFO - Created backup: Expected_arrivals_20251029_220910.xml
2025-10-29 22:09:10,235 - vessel_data_pipeline - INFO - Updated metadata for Expected_arrivals.xml
2025-10-29 22:09:10,235 - vessel_data_pipeline - INFO - Successfully downloaded and validated Expected_arrivals.xml
2025-10-29 22:09:12,240 - vessel_data_pipeline - INFO - Downloading Expected_departures.xml (attempt 1/3)
2025-10-29 22:09:12,718 - vessel_data_pipeline - INFO - File temp_Expected_departures.xml passed validation checks
2025-10-29 22:09:12,719 - vessel_data_pipeline - INFO - Created backup: Expected_departures_20251029_220912.xml
2025-10-29 22:09:12,719 - vessel_data_pipeline - INFO - Updated metadata for Expected_departures.xml
2025-10-29 22:09:12,719 - vessel_data_pipeline - INFO - Successfully downloaded and validated Expected_departures.xml
2025-10-29 22:09:14,723 - vessel_data_pipeline - INFO - Fetch operation completed. Results: {'Arrived_in_last_36_hours.xml': True, 'Departed_in_last_36_hours.xml': True, 'Expected_arrivals.xml': True, 'Expected_departures.xml': True}
2025-10-29 22:09:14,730 - vessel_data_pipeline - INFO - VesselDataFetcher initialized. Pipeline enabled: True
2025-10-29 22:09:14,734 - vessel_data_pipeline - INFO - Starting vessel data fetch operation
2025-10-29 22:09:14,734 - vessel_data_pipeline - INFO - Discovering XML files from Hong Kong Marine Department portal
2025-10-29 22:09:15,364 - vessel_data_pipeline - INFO - Verified access to Arrived_in_last_36_hours.xml
2025-10-29 22:09:16,035 - vessel_data_pipeline - INFO - Verified access to Departed_in_last_36_hours.xml
2025-10-29 22:09:16,312 - vessel_data_pipeline - INFO - Verified access to Expected_arrivals.xml
2025-10-29 22:09:16,558 - vessel_data_pipeline - INFO - Verified access to Expected_departures.xml
2025-10-29 22:09:16,559 - vessel_data_pipeline - INFO - Discovered 4 XML files for download
2025-10-29 22:09:16,559 - vessel_data_pipeline - INFO - Downloading Arrived_in_last_36_hours.xml (attempt 1/3)
2025-10-29 22:09:16,846 - vessel_data_pipeline - INFO - File temp_Arrived_in_last_36_hours.xml passed validation checks
2025-10-29 22:09:16,848 - vessel_data_pipeline - INFO - Created backup: Arrived_in_last_36_hours_20251029_220916.xml
2025-10-29 22:09:16,848 - vessel_data_pipeline - INFO - Updated metadata for Arrived_in_last_36_hours.xml
2025-10-29 22:09:16,848 - vessel_data_pipeline - INFO - Successfully downloaded and validated Arrived_in_last_36_hours.xml
2025-10-29 22:09:18,854 - vessel_data_pipeline - INFO - Downloading Departed_in_last_36_hours.xml (attempt 1/3)
2025-10-29 22:09:19,782 - vessel_data_pipeline - INFO - File temp_Departed_in_last_36_hours.xml passed validation checks
2025-10-29 22:09:19,783 - vessel_data_pipeline - INFO - Created backup: Departed_in_last_36_hours_20251029_220919.xml
2025-10-29 22:09:19,784 - vessel_data_pipeline - INFO - Updated metadata for Departed_in_last_36_hours.xml
2025-10-29 22:09:19,784 - vessel_data_pipeline - INFO - Successfully downloaded and validated Departed_in_last_36_hours.xml
2025-10-29 22:09:21,784 - vessel_data_pipeline - INFO - Downloading Expected_arrivals.xml (attempt 1/3)
2025-10-29 22:09:22,597 - vessel_data_pipeline - INFO - File temp_Expected_arrivals.xml passed validation checks
2025-10-29 22:09:22,597 - vessel_data_pipeline - INFO - Created backup: Expected_arrivals_20251029_220922.xml
2025-10-29 22:09:22,597 - vessel_data_pipeline - INFO - Updated metadata for Expected_arrivals.xml
2025-10-29 22:09:22,597 - vessel_data_pipeline - INFO - Successfully downloaded and validated Expected_arrivals.xml
2025-10-29 22:09:24,600 - vessel_data_pipeline - INFO - Downloading Expected_departures.xml (attempt 1/3)
2025-10-29 22:09:25,672 - vessel_data_pipeline - INFO - File temp_Expected_departures.xml passed validation checks
2025-10-29 22:09:25,672 - vessel_data_pipeline - INFO - Created backup: Expected_departures_20251029_220925.xml
2025-10-29 22:09:25,673 - vessel_data_pipeline - INFO - Updated metadata for Expected_departures.xml
2025-10-29 22:09:25,673 - vessel_data_pipeline - INFO - Successfully downloaded and validated Expected_departures.xml
2025-10-29 22:09:27,678 - vessel_data_pipeline - INFO - Fetch operation completed. Results: {'Arrived_in_last_36_hours.xml': True, 'Departed_in_last_36_hours.xml': True, 'Expected_arrivals.xml': True, 'Expected_departures.xml': True}
2025-10-29 22:09:30,784 - vessel_data_pipeline - INFO - VesselDataFetcher initialized. Pipeline enabled: True
2025-10-29 22:09:30,786 - vessel_data_pipeline - INFO - Starting vessel data fetch operation
2025-10-29 22:09:30,790 - vessel_data_pipeline - INFO - Discovering XML files from Hong Kong Marine Department portal
2025-10-29 22:09:31,162 - vessel_data_pipeline - INFO - Verified access to Arrived_in_last_36_hours.xml
2025-10-29 22:09:31,562 - vessel_data_pipeline - INFO - Verified access to Departed_in_last_36_hours.xml
2025-10-29 22:09:31,830 - vessel_data_pipeline - INFO - Verified access to Expected_arrivals.xml
2025-10-29 22:09:32,122 - vessel_data_pipeline - INFO - Verified access to Expected_departures.xml
2025-10-29 22:09:32,122 - vessel_data_pipeline - INFO - Discovered 4 XML files for download
2025-10-29 22:09:32,122 - vessel_data_pipeline - INFO - Downloading Arrived_in_last_36_hours.xml (attempt 1/3)
2025-10-29 22:09:32,207 - vessel_data_pipeline - INFO - File temp_Arrived_in_last_36_hours.xml passed validation checks
2025-10-29 22:09:32,209 - vessel_data_pipeline - INFO - Created backup: Arrived_in_last_36_hours_20251029_220932.xml
2025-10-29 22:09:32,209 - vessel_data_pipeline - INFO - Updated metadata for Arrived_in_last_36_hours.xml
2025-10-29 22:09:32,209 - vessel_data_pipeline - INFO - Successfully downloaded and validated Arrived_in_last_36_hours.xml
2025-10-29 22:09:34,213 - vessel_data_pipeline - INFO - Downloading Departed_in_last_36_hours.xml (attempt 1/3)
2025-10-29 22:09:34,939 - vessel_data_pipeline - INFO - File temp_Departed_in_last_36_hours.xml passed validation checks
2025-10-29 22:09:34,941 - vessel_data_pipeline - INFO - Created backup: Departed_in_last_36_hours_20251029_220934.xml
2025-10-29 22:09:34,941 - vessel_data_pipeline - INFO - Updated metadata for Departed_in_last_36_hours.xml
2025-10-29 22:09:34,941 - vessel_data_pipeline - INFO - Successfully downloaded and validated Departed_in_last_36_hours.xml
2025-10-29 22:09:36,944 - vessel_data_pipeline - INFO - Downloading Expected_arrivals.xml (attempt 1/3)
2025-10-29 22:09:37,220 - vessel_data_pipeline - INFO - File temp_Expected_arrivals.xml passed validation checks
2025-10-29 22:09:37,221 - vessel_data_pipeline - INFO - Created backup: Expected_arrivals_20251029_220937.xml
2025-10-29 22:09:37,221 - vessel_data_pipeline - INFO - Updated metadata for Expected_arrivals.xml
2025-10-29 22:09:37,221 - vessel_data_pipeline - INFO - Successfully downloaded and validated Expected_arrivals.xml
2025-10-29 22:09:39,226 - vessel_data_pipeline - INFO - Downloading Expected_departures.xml (attempt 1/3)
2025-10-29 22:09:39,530 - vessel_data_pipeline - INFO - File temp_Expected_departures.xml passed validation checks
2025-10-29 22:09:39,531 - vessel_data_pipeline - INFO - Created backup: Expected_departures_20251029_220939.xml
2025-10-29 22:09:39,531 - vessel_data_pipeline - INFO - Updated metadata for Expected_departures.xml
2025-10-29 22:09:39,531 - vessel_data_pipeline - INFO - Successfully downloaded and validated Expected_departures.xml
2025-10-29 22:09:41,536 - vessel_data_pipeline - INFO - Fetch operation completed. Results: {'Arrived_in_last_36_hours.xml': True, 'Departed_in_last_36_hours.xml': True, 'Expected_arrivals.xml': True, 'Expected_departures.xml': True}
2025-10-29 22:09:41,540 - vessel_data_pipeline - INFO - VesselDataFetcher initialized. Pipeline enabled: True
2025-10-29 22:09:41,541 - vessel_data_pipeline - INFO - Starting vessel data fetch operation
2025-10-29 22:09:41,541 - vessel_data_pipeline - INFO - Discovering XML files from Hong Kong Marine Department portal
2025-10-29 22:09:42,185 - vessel_data_pipeline - INFO - Verified access to Arrived_in_last_36_hours.xml
2025-10-29 22:09:42,518 - vessel_data_pipeline - INFO - Verified access to Departed_in_last_36_hours.xml
2025-10-29 22:09:42,774 - vessel_data_pipeline - INFO - Verified access to Expected_arrivals.xml
2025-10-29 22:09:43,261 - vessel_data_pipeline - INFO - Verified access to Expected_departures.xml
2025-10-29 22:09:43,261 - vessel_data_pipeline - INFO - Discovered 4 XML files for download
2025-10-29 22:09:43,261 - vessel_data_pipeline - INFO - Downloading Arrived_in_last_36_hours.xml (attempt 1/3)
2025-10-29 22:09:43,945 - vessel_data_pipeline - INFO - File temp_Arrived_in_last_36_hours.xml passed validation checks
2025-10-29 22:09:43,946 - vessel_data_pipeline - INFO - Created backup: Arrived_in_last_36_hours_20251029_220943.xml
2025-10-29 22:09:43,947 - vessel_data_pipeline - INFO - Updated metadata for Arrived_in_last_36_hours.xml
2025-10-29 22:09:43,947 - vessel_data_pipeline - INFO - Successfully downloaded and validated Arrived_in_last_36_hours.xml
2025-10-29 22:09:45,953 - vessel_data_pipeline - INFO - Downloading Departed_in_last_36_hours.xml (attempt 1/3)
2025-10-29 22:09:46,684 - vessel_data_pipeline - INFO - File temp_Departed_in_last_36_hours.xml passed validation checks
2025-10-29 22:09:46,684 - vessel_data_pipeline - INFO - Created backup: Departed_in_last_36_hours_20251029_220946.xml
2025-10-29 22:09:46,685 - vessel_data_pipeline - INFO - Updated metadata for Departed_in_last_36_hours.xml
2025-10-29 22:09:46,685 - vessel_data_pipeline - INFO - Successfully downloaded and validated Departed_in_last_36_hours.xml
2025-10-29 22:09:48,688 - vessel_data_pipeline - INFO - Downloading Expected_arrivals.xml (attempt 1/3)
2025-10-29 22:09:49,170 - vessel_data_pipeline - INFO - File temp_Expected_arrivals.xml passed validation checks
2025-10-29 22:09:49,170 - vessel_data_pipeline - INFO - Created backup: Expected_arrivals_20251029_220949.xml
2025-10-29 22:09:49,171 - vessel_data_pipeline - INFO - Updated metadata for Expected_arrivals.xml
2025-10-29 22:09:49,171 - vessel_data_pipeline - INFO - Successfully downloaded and validated Expected_arrivals.xml
2025-10-29 22:09:51,176 - vessel_data_pipeline - INFO - Downloading Expected_departures.xml (attempt 1/3)
2025-10-29 22:09:52,176 - vessel_data_pipeline - INFO - File temp_Expected_departures.xml passed validation checks
2025-10-29 22:09:52,177 - vessel_data_pipeline - INFO - Created backup: Expected_departures_20251029_220952.xml
2025-10-29 22:09:52,177 - vessel_data_pipeline - INFO - Updated metadata for Expected_departures.xml
2025-10-29 22:09:52,177 - vessel_data_pipeline - INFO - Successfully downloaded and validated Expected_departures.xml
2025-10-29 22:09:54,180 - vessel_data_pipeline - INFO - Fetch operation completed. Results: {'Arrived_in_last_36_hours.xml': True, 'Departed_in_last_36_hours.xml': True, 'Expected_arrivals.xml': True, 'Expected_departures.xml': True}
2025-10-29 22:09:54,192 - vessel_data_pipeline - INFO - VesselDataFetcher initialized. Pipeline enabled: True
2025-10-29 22:09:54,192 - vessel_data_pipeline - INFO - Starting vessel data fetch operation
2025-10-29 22:09:54,193 - vessel_data_pipeline - INFO - Discovering XML files from Hong Kong Marine Department portal
2025-10-29 22:09:54,876 - vessel_data_pipeline - INFO - Verified access to Arrived_in_last_36_hours.xml
2025-10-29 22:09:55,422 - vessel_data_pipeline - INFO - Verified access to Departed_in_last_36_hours.xml
2025-10-29 22:09:55,689 - vessel_data_pipeline - INFO - Verified access to Expected_arrivals.xml
2025-10-29 22:09:55,972 - vessel_data_pipeline - INFO - Verified access to Expected_departures.xml
2025-10-29 22:09:55,972 - vessel_data_pipeline - INFO - Discovered 4 XML files for download
2025-10-29 22:09:55,972 - vessel_data_pipeline - INFO - Downloading Arrived_in_last_36_hours.xml (attempt 1/3)
2025-10-29 22:09:56,274 - vessel_data_pipeline - INFO - File temp_Arrived_in_last_36_hours.xml passed validation checks
2025-10-29 22:09:56,275 - vessel_data_pipeline - INFO - Created backup: Arrived_in_last_36_hours_20251029_220956.xml
2025-10-29 22:09:56,276 - vessel_data_pipeline - INFO - Updated metadata for Arrived_in_last_36_hours.xml
2025-10-29 22:09:56,277 - vessel_data_pipeline - INFO - Successfully downloaded and validated Arrived_in_last_36_hours.xml
2025-10-29 22:09:58,278 - vessel_data_pipeline - INFO - Downloading Departed_in_last_36_hours.xml (attempt 1/3)
2025-10-29 22:09:59,202 - vessel_data_pipeline - INFO - File temp_Departed_in_last_36_hours.xml passed validation checks
2025-10-29 22:09:59,203 - vessel_data_pipeline - INFO - Created backup: Departed_in_last_36_hours_20251029_220959.xml
2025-10-29 22:09:59,203 - vessel_data_pipeline - INFO - Updated metadata for Departed_in_last_36_hours.xml
2025-10-29 22:09:59,203 - vessel_data_pipeline - INFO - Successfully downloaded and validated Departed_in_last_36_hours.xml
2025-10-29 22:10:01,208 - vessel_data_pipeline - INFO - Downloading Expected_arrivals.xml (attempt 1/3)
2025-10-29 22:10:01,674 - vessel_data_pipeline - INFO - File temp_Expected_arrivals.xml passed validation checks
2025-10-29 22:10:01,697 - vessel_data_pipeline - INFO - Created backup: Expected_arrivals_20251029_221001.xml
2025-10-29 22:10:01,706 - vessel_data_pipeline - INFO - Updated metadata for Expected_arrivals.xml
2025-10-29 22:10:01,706 - vessel_data_pipeline - INFO - Successfully downloaded and validated Expected_arrivals.xml
2025-10-29 22:10:03,707 - vessel_data_pipeline - INFO - Downloading Expected_departures.xml (attempt 1/3)
2025-10-29 22:10:03,978 - vessel_data_pipeline - INFO - File temp_Expected_departures.xml passed validation checks
2025-10-29 22:10:03,978 - vessel_data_pipeline - INFO - Created backup: Expected_departures_20251029_221003.xml
2025-10-29 22:10:03,978 - vessel_data_pipeline - INFO - Updated metadata for Expected_departures.xml
2025-10-29 22:10:03,978 - vessel_data_pipeline - INFO - Successfully downloaded and validated Expected_departures.xml
2025-10-29 22:10:05,983 - vessel_data_pipeline - INFO - Fetch operation completed. Results: {'Arrived_in_last_36_hours.xml': True, 'Departed_in_last_36_hours.xml': True, 'Expected_arrivals.xml': True, 'Expected_departures.xml': True}
2025-10-29 22:10:05,990 - vessel_data_pipeline - INFO - VesselDataFetcher initialized. Pipeline enabled: True
2025-10-29 22:10:05,991 - vessel_data_pipeline - INFO - Starting vessel data fetch operation
2025-10-29 22:10:05,992 - vessel_data_pipeline - INFO - Discovering XML files from Hong Kong Marine Department portal
2025-10-29 22:10:06,493 - vessel_data_pipeline - INFO - Verified access to Arrived_in_last_36_hours.xml
2025-10-29 22:10:07,596 - vessel_data_pipeline - INFO - Verified access to Departed_in_last_36_hours.xml
2025-10-29 22:10:08,072 - vessel_data_pipeline - INFO - Verified access to Expected_arrivals.xml
2025-10-29 22:10:08,571 - vessel_data_pipeline - INFO - Verified access to Expected_departures.xml
2025-10-29 22:10:08,571 - vessel_data_pipeline - INFO - Discovered 4 XML files for download
2025-10-29 22:10:08,571 - vessel_data_pipeline - INFO - Downloading Arrived_in_last_36_hours.xml (attempt 1/3)
2025-10-29 22:10:08,942 - vessel_data_pipeline - INFO - File temp_Arrived_in_last_36_hours.xml passed validation checks
2025-10-29 22:10:08,942 - vessel_data_pipeline - INFO - Created backup: Arrived_in_last_36_hours_20251029_221008.xml
2025-10-29 22:10:08,942 - vessel_data_pipeline - INFO - Updated metadata for Arrived_in_last_36_hours.xml
2025-10-29 22:10:08,942 - vessel_data_pipeline - INFO - Successfully downloaded and validated Arrived_in_last_36_hours.xml
2025-10-29 22:10:10,948 - vessel_data_pipeline - INFO - Downloading Departed_in_last_36_hours.xml (attempt 1/3)
2025-10-29 22:10:11,701 - vessel_data_pipeline - INFO - File temp_Departed_in_last_36_hours.xml passed validation checks
2025-10-29 22:10:11,702 - vessel_data_pipeline - INFO - Created backup: Departed_in_last_36_hours_20251029_221011.xml
2025-10-29 22:10:11,702 - vessel_data_pipeline - INFO - Updated metadata for Departed_in_last_36_hours.xml
2025-10-29 22:10:11,703 - vessel_data_pipeline - INFO - Successfully downloaded and validated Departed_in_last_36_hours.xml
2025-10-29 22:10:13,708 - vessel_data_pipeline - INFO - Downloading Expected_arrivals.xml (attempt 1/3)
2025-10-29 22:10:13,977 - vessel_data_pipeline - INFO - File temp_Expected_arrivals.xml passed validation checks
2025-10-29 22:10:13,977 - vessel_data_pipeline - INFO - Created backup: Expected_arrivals_20251029_221013.xml
2025-10-29 22:10:13,977 - vessel_data_pipeline - INFO - Updated metadata for Expected_arrivals.xml
2025-10-29 22:10:13,977 - vessel_data_pipeline - INFO - Successfully downloaded and validated Expected_arrivals.xml
2025-10-29 22:10:15,983 - vessel_data_pipeline - INFO - Downloading Expected_departures.xml (attempt 1/3)
2025-10-29 22:10:16,508 - vessel_data_pipeline - INFO - File temp_Expected_departures.xml passed validation checks
2025-10-29 22:10:16,509 - vessel_data_pipeline - INFO - Created backup: Expected_departures_20251029_221016.xml
2025-10-29 22:10:16,509 - vessel_data_pipeline - INFO - Updated metadata for Expected_departures.xml
2025-10-29 22:10:16,509 - vessel_data_pipeline - INFO - Successfully downloaded and validated Expected_departures.xml
2025-10-29 22:10:18,510 - vessel_data_pipeline - INFO - Fetch operation completed. Results: {'Arrived_in_last_36_hours.xml': True, 'Departed_in_last_36_hours.xml': True, 'Expected_arrivals.xml': True, 'Expected_departures.xml': True}
2025-10-29 22:10:19,761 - vessel_data_pipeline - INFO - VesselDataFetcher initialized. Pipeline enabled: True
2025-10-29 22:10:19,762 - vessel_data_pipeline - INFO - VesselDataFetcher initialized. Pipeline enabled: True
2025-10-29 22:10:19,762 - vessel_data_pipeline - INFO - Starting vessel data fetch operation
2025-10-29 22:10:19,762 - vessel_data_pipeline - INFO - Discovering XML files from Hong Kong Marine Department portal
2025-10-29 22:10:20,266 - vessel_data_pipeline - INFO - Verified access to Arrived_in_last_36_hours.xml
2025-10-29 22:10:20,740 - vessel_data_pipeline - INFO - Verified access to Departed_in_last_36_hours.xml
2025-10-29 22:10:21,231 - vessel_data_pipeline - INFO - Verified access to Expected_arrivals.xml
2025-10-29 22:10:21,726 - vessel_data_pipeline - INFO - Verified access to Expected_departures.xml
2025-10-29 22:10:21,726 - vessel_data_pipeline - INFO - Discovered 4 XML files for download
2025-10-29 22:10:21,726 - vessel_data_pipeline - INFO - Downloading Arrived_in_last_36_hours.xml (attempt 1/3)
2025-10-29 22:10:22,226 - vessel_data_pipeline - INFO - File temp_Arrived_in_last_36_hours.xml passed validation checks
2025-10-29 22:10:22,228 - vessel_data_pipeline - INFO - Created backup: Arrived_in_last_36_hours_20251029_221022.xml
2025-10-29 22:10:22,229 - vessel_data_pipeline - INFO - Updated metadata for Arrived_in_last_36_hours.xml
2025-10-29 22:10:22,229 - vessel_data_pipeline - INFO - Successfully downloaded and validated Arrived_in_last_36_hours.xml
2025-10-29 22:10:24,234 - vessel_data_pipeline - INFO - Downloading Departed_in_last_36_hours.xml (attempt 1/3)
2025-10-29 22:10:24,747 - vessel_data_pipeline - INFO - File temp_Departed_in_last_36_hours.xml passed validation checks
2025-10-29 22:10:24,748 - vessel_data_pipeline - INFO - Created backup: Departed_in_last_36_hours_20251029_221024.xml
2025-10-29 22:10:24,748 - vessel_data_pipeline - INFO - Updated metadata for Departed_in_last_36_hours.xml
2025-10-29 22:10:24,748 - vessel_data_pipeline - INFO - Successfully downloaded and validated Departed_in_last_36_hours.xml
2025-10-29 22:10:26,751 - vessel_data_pipeline - INFO - Downloading Expected_arrivals.xml (attempt 1/3)
2025-10-29 22:10:27,234 - vessel_data_pipeline - INFO - File temp_Expected_arrivals.xml passed validation checks
2025-10-29 22:10:27,235 - vessel_data_pipeline - INFO - Created backup: Expected_arrivals_20251029_221027.xml
2025-10-29 22:10:27,235 - vessel_data_pipeline - INFO - Updated metadata for Expected_arrivals.xml
2025-10-29 22:10:27,235 - vessel_data_pipeline - INFO - Successfully downloaded and validated Expected_arrivals.xml
2025-10-29 22:10:29,240 - vessel_data_pipeline - INFO - Downloading Expected_departures.xml (attempt 1/3)
2025-10-29 22:10:29,547 - vessel_data_pipeline - INFO - File temp_Expected_departures.xml passed validation checks
2025-10-29 22:10:29,547 - vessel_data_pipeline - INFO - Created backup: Expected_departures_20251029_221029.xml
2025-10-29 22:10:29,548 - vessel_data_pipeline - INFO - Updated metadata for Expected_departures.xml
2025-10-29 22:10:29,548 - vessel_data_pipeline - INFO - Successfully downloaded and validated Expected_departures.xml
2025-10-29 22:10:31,553 - vessel_data_pipeline - INFO - Fetch operation completed. Results: {'Arrived_in_last_36_hours.xml': True, 'Departed_in_last_36_hours.xml': True, 'Expected_arrivals.xml': True, 'Expected_departures.xml': True}
2025-10-29 22:12:25,644 - vessel_data_pipeline - INFO - VesselDataFetcher initialized. Pipeline enabled: True
2025-10-29 22:12:25,645 - vessel_data_pipeline - INFO - Starting vessel data fetch operation
2025-10-29 22:12:25,645 - vessel_data_pipeline - INFO - Discovering XML files from Hong Kong Marine Department portal
2025-10-29 22:12:26,002 - vessel_data_pipeline - INFO - Verified access to Arrived_in_last_36_hours.xml
2025-10-29 22:12:26,495 - vessel_data_pipeline - INFO - Verified access to Departed_in_last_36_hours.xml
2025-10-29 22:12:26,760 - vessel_data_pipeline - INFO - Verified access to Expected_arrivals.xml
2025-10-29 22:12:27,032 - vessel_data_pipeline - INFO - Verified access to Expected_departures.xml
2025-10-29 22:12:27,032 - vessel_data_pipeline - INFO - Discovered 4 XML files for download
2025-10-29 22:12:27,032 - vessel_data_pipeline - INFO - Downloading Arrived_in_last_36_hours.xml (attempt 1/3)
2025-10-29 22:12:27,373 - vessel_data_pipeline - INFO - File temp_Arrived_in_last_36_hours.xml passed validation checks
2025-10-29 22:12:27,374 - vessel_data_pipeline - INFO - Created backup: Arrived_in_last_36_hours_20251029_221227.xml
2025-10-29 22:12:27,375 - vessel_data_pipeline - INFO - Updated metadata for Arrived_in_last_36_hours.xml
2025-10-29 22:12:27,375 - vessel_data_pipeline - INFO - Successfully downloaded and validated Arrived_in_last_36_hours.xml
2025-10-29 22:12:29,379 - vessel_data_pipeline - INFO - Downloading Departed_in_last_36_hours.xml (attempt 1/3)
2025-10-29 22:12:30,283 - vessel_data_pipeline - INFO - File temp_Departed_in_last_36_hours.xml passed validation checks
2025-10-29 22:12:30,284 - vessel_data_pipeline - INFO - Created backup: Departed_in_last_36_hours_20251029_221230.xml
2025-10-29 22:12:30,284 - vessel_data_pipeline - INFO - Updated metadata for Departed_in_last_36_hours.xml
2025-10-29 22:12:30,284 - vessel_data_pipeline - INFO - Successfully downloaded and validated Departed_in_last_36_hours.xml
2025-10-29 22:12:32,289 - vessel_data_pipeline - INFO - Downloading Expected_arrivals.xml (attempt 1/3)
2025-10-29 22:12:32,613 - vessel_data_pipeline - INFO - File temp_Expected_arrivals.xml passed validation checks
2025-10-29 22:12:32,614 - vessel_data_pipeline - INFO - Created backup: Expected_arrivals_20251029_221232.xml
2025-10-29 22:12:32,615 - vessel_data_pipeline - INFO - Updated metadata for Expected_arrivals.xml
2025-10-29 22:12:32,615 - vessel_data_pipeline - INFO - Successfully downloaded and validated Expected_arrivals.xml
2025-10-29 22:12:34,616 - vessel_data_pipeline - INFO - Downloading Expected_departures.xml (attempt 1/3)
2025-10-29 22:12:35,141 - vessel_data_pipeline - INFO - File temp_Expected_departures.xml passed validation checks
2025-10-29 22:12:35,141 - vessel_data_pipeline - INFO - Created backup: Expected_departures_20251029_221235.xml
2025-10-29 22:12:35,142 - vessel_data_pipeline - INFO - Updated metadata for Expected_departures.xml
2025-10-29 22:12:35,142 - vessel_data_pipeline - INFO - Successfully downloaded and validated Expected_departures.xml
2025-10-29 22:12:37,146 - vessel_data_pipeline - INFO - Fetch operation completed. Results: {'Arrived_in_last_36_hours.xml': True, 'Departed_in_last_36_hours.xml': True, 'Expected_arrivals.xml': True, 'Expected_departures.xml': True}
2025-10-29 22:12:37,427 - vessel_data_pipeline - INFO - VesselDataFetcher initialized. Pipeline enabled: True
2025-10-29 22:12:37,430 - vessel_data_pipeline - INFO - Starting vessel data fetch operation
2025-10-29 22:12:37,430 - vessel_data_pipeline - INFO - Discovering XML files from Hong Kong Marine Department portal
2025-10-29 22:12:37,727 - vessel_data_pipeline - INFO - Verified access to Arrived_in_last_36_hours.xml
2025-10-29 22:12:38,629 - vessel_data_pipeline - INFO - Verified access to Departed_in_last_36_hours.xml
2025-10-29 22:12:38,703 - vessel_data_pipeline - INFO - Verified access to Expected_arrivals.xml
2025-10-29 22:12:39,059 - vessel_data_pipeline - INFO - Verified access to Expected_departures.xml
2025-10-29 22:12:39,059 - vessel_data_pipeline - INFO - Discovered 4 XML files for download
2025-10-29 22:12:39,060 - vessel_data_pipeline - INFO - Downloading Arrived_in_last_36_hours.xml (attempt 1/3)
2025-10-29 22:12:39,345 - vessel_data_pipeline - INFO - File temp_Arrived_in_last_36_hours.xml passed validation checks
2025-10-29 22:12:39,347 - vessel_data_pipeline - INFO - Created backup: Arrived_in_last_36_hours_20251029_221239.xml
2025-10-29 22:12:39,347 - vessel_data_pipeline - INFO - Updated metadata for Arrived_in_last_36_hours.xml
2025-10-29 22:12:39,347 - vessel_data_pipeline - INFO - Successfully downloaded and validated Arrived_in_last_36_hours.xml
2025-10-29 22:12:41,353 - vessel_data_pipeline - INFO - Downloading Departed_in_last_36_hours.xml (attempt 1/3)
2025-10-29 22:12:42,106 - vessel_data_pipeline - INFO - File temp_Departed_in_last_36_hours.xml passed validation checks
2025-10-29 22:12:42,106 - vessel_data_pipeline - INFO - Created backup: Departed_in_last_36_hours_20251029_221242.xml
2025-10-29 22:12:42,107 - vessel_data_pipeline - INFO - Updated metadata for Departed_in_last_36_hours.xml
2025-10-29 22:12:42,107 - vessel_data_pipeline - INFO - Successfully downloaded and validated Departed_in_last_36_hours.xml
2025-10-29 22:12:44,111 - vessel_data_pipeline - INFO - Downloading Expected_arrivals.xml (attempt 1/3)
2025-10-29 22:12:44,704 - vessel_data_pipeline - INFO - File temp_Expected_arrivals.xml passed validation checks
2025-10-29 22:12:44,705 - vessel_data_pipeline - INFO - Created backup: Expected_arrivals_20251029_221244.xml
2025-10-29 22:12:44,706 - vessel_data_pipeline - INFO - Updated metadata for Expected_arrivals.xml
2025-10-29 22:12:44,706 - vessel_data_pipeline - INFO - Successfully downloaded and validated Expected_arrivals.xml
2025-10-29 22:12:46,708 - vessel_data_pipeline - INFO - Downloading Expected_departures.xml (attempt 1/3)
2025-10-29 22:12:47,397 - vessel_data_pipeline - INFO - File temp_Expected_departures.xml passed validation checks
2025-10-29 22:12:47,398 - vessel_data_pipeline - INFO - Created backup: Expected_departures_20251029_221247.xml
2025-10-29 22:12:47,398 - vessel_data_pipeline - INFO - Updated metadata for Expected_departures.xml
2025-10-29 22:12:47,398 - vessel_data_pipeline - INFO - Successfully downloaded and validated Expected_departures.xml
2025-10-29 22:12:49,403 - vessel_data_pipeline - INFO - Fetch operation completed. Results: {'Arrived_in_last_36_hours.xml': True, 'Departed_in_last_36_hours.xml': True, 'Expected_arrivals.xml': True, 'Expected_departures.xml': True}
2025-10-29 22:12:49,411 - vessel_data_pipeline - INFO - VesselDataFetcher initialized. Pipeline enabled: True
2025-10-29 22:12:49,413 - vessel_data_pipeline - INFO - Starting vessel data fetch operation
2025-10-29 22:12:49,413 - vessel_data_pipeline - INFO - Discovering XML files from Hong Kong Marine Department portal
2025-10-29 22:12:49,716 - vessel_data_pipeline - INFO - Verified access to Arrived_in_last_36_hours.xml
2025-10-29 22:12:50,387 - vessel_data_pipeline - INFO - Verified access to Departed_in_last_36_hours.xml
2025-10-29 22:12:50,458 - vessel_data_pipeline - INFO - Verified access to Expected_arrivals.xml
2025-10-29 22:12:50,727 - vessel_data_pipeline - INFO - Verified access to Expected_departures.xml
2025-10-29 22:12:50,728 - vessel_data_pipeline - INFO - Discovered 4 XML files for download
2025-10-29 22:12:50,728 - vessel_data_pipeline - INFO - Downloading Arrived_in_last_36_hours.xml (attempt 1/3)
2025-10-29 22:12:51,225 - vessel_data_pipeline - INFO - File temp_Arrived_in_last_36_hours.xml passed validation checks
2025-10-29 22:12:51,227 - vessel_data_pipeline - INFO - Created backup: Arrived_in_last_36_hours_20251029_221251.xml
2025-10-29 22:12:51,228 - vessel_data_pipeline - INFO - Updated metadata for Arrived_in_last_36_hours.xml
2025-10-29 22:12:51,228 - vessel_data_pipeline - INFO - Successfully downloaded and validated Arrived_in_last_36_hours.xml
2025-10-29 22:12:53,233 - vessel_data_pipeline - INFO - Downloading Departed_in_last_36_hours.xml (attempt 1/3)
2025-10-29 22:12:54,367 - vessel_data_pipeline - INFO - File temp_Departed_in_last_36_hours.xml passed validation checks
2025-10-29 22:12:54,368 - vessel_data_pipeline - INFO - Created backup: Departed_in_last_36_hours_20251029_221254.xml
2025-10-29 22:12:54,368 - vessel_data_pipeline - INFO - Updated metadata for Departed_in_last_36_hours.xml
2025-10-29 22:12:54,368 - vessel_data_pipeline - INFO - Successfully downloaded and validated Departed_in_last_36_hours.xml
2025-10-29 22:12:56,373 - vessel_data_pipeline - INFO - Downloading Expected_arrivals.xml (attempt 1/3)
2025-10-29 22:12:56,679 - vessel_data_pipeline - INFO - File temp_Expected_arrivals.xml passed validation checks
2025-10-29 22:12:56,680 - vessel_data_pipeline - INFO - Created backup: Expected_arrivals_20251029_221256.xml
2025-10-29 22:12:56,680 - vessel_data_pipeline - INFO - Updated metadata for Expected_arrivals.xml
2025-10-29 22:12:56,680 - vessel_data_pipeline - INFO - Successfully downloaded and validated Expected_arrivals.xml
2025-10-29 22:12:58,685 - vessel_data_pipeline - INFO - Downloading Expected_departures.xml (attempt 1/3)
2025-10-29 22:12:59,033 - vessel_data_pipeline - INFO - File temp_Expected_departures.xml passed validation checks
2025-10-29 22:12:59,033 - vessel_data_pipeline - INFO - Created backup: Expected_departures_20251029_221259.xml
2025-10-29 22:12:59,034 - vessel_data_pipeline - INFO - Updated metadata for Expected_departures.xml
2025-10-29 22:12:59,034 - vessel_data_pipeline - INFO - Successfully downloaded and validated Expected_departures.xml
2025-10-29 22:13:01,035 - vessel_data_pipeline - INFO - Fetch operation completed. Results: {'Arrived_in_last_36_hours.xml': True, 'Departed_in_last_36_hours.xml': True, 'Expected_arrivals.xml': True, 'Expected_departures.xml': True}
2025-10-29 22:13:03,985 - vessel_data_pipeline - INFO - VesselDataFetcher initialized. Pipeline enabled: True
2025-10-29 22:13:03,985 - vessel_data_pipeline - INFO - Starting vessel data fetch operation
2025-10-29 22:13:03,985 - vessel_data_pipeline - INFO - Discovering XML files from Hong Kong Marine Department portal
2025-10-29 22:13:04,064 - vessel_data_pipeline - INFO - Verified access to Arrived_in_last_36_hours.xml
2025-10-29 22:13:04,765 - vessel_data_pipeline - INFO - Verified access to Departed_in_last_36_hours.xml
2025-10-29 22:13:05,687 - vessel_data_pipeline - INFO - Verified access to Expected_arrivals.xml
2025-10-29 22:13:06,170 - vessel_data_pipeline - INFO - Verified access to Expected_departures.xml
2025-10-29 22:13:06,170 - vessel_data_pipeline - INFO - Discovered 4 XML files for download
2025-10-29 22:13:06,170 - vessel_data_pipeline - INFO - Downloading Arrived_in_last_36_hours.xml (attempt 1/3)
2025-10-29 22:13:06,669 - vessel_data_pipeline - INFO - File temp_Arrived_in_last_36_hours.xml passed validation checks
2025-10-29 22:13:06,671 - vessel_data_pipeline - INFO - Created backup: Arrived_in_last_36_hours_20251029_221306.xml
2025-10-29 22:13:06,672 - vessel_data_pipeline - INFO - Updated metadata for Arrived_in_last_36_hours.xml
2025-10-29 22:13:06,672 - vessel_data_pipeline - INFO - Successfully downloaded and validated Arrived_in_last_36_hours.xml
2025-10-29 22:13:08,675 - vessel_data_pipeline - INFO - Downloading Departed_in_last_36_hours.xml (attempt 1/3)
2025-10-29 22:13:09,219 - vessel_data_pipeline - INFO - File temp_Departed_in_last_36_hours.xml passed validation checks
2025-10-29 22:13:09,220 - vessel_data_pipeline - INFO - Created backup: Departed_in_last_36_hours_20251029_221309.xml
2025-10-29 22:13:09,220 - vessel_data_pipeline - INFO - Updated metadata for Departed_in_last_36_hours.xml
2025-10-29 22:13:09,220 - vessel_data_pipeline - INFO - Successfully downloaded and validated Departed_in_last_36_hours.xml
2025-10-29 22:13:11,221 - vessel_data_pipeline - INFO - Downloading Expected_arrivals.xml (attempt 1/3)
2025-10-29 22:13:11,584 - vessel_data_pipeline - INFO - File temp_Expected_arrivals.xml passed validation checks
2025-10-29 22:13:11,585 - vessel_data_pipeline - INFO - Created backup: Expected_arrivals_20251029_221311.xml
2025-10-29 22:13:11,585 - vessel_data_pipeline - INFO - Updated metadata for Expected_arrivals.xml
2025-10-29 22:13:11,585 - vessel_data_pipeline - INFO - Successfully downloaded and validated Expected_arrivals.xml
2025-10-29 22:13:13,591 - vessel_data_pipeline - INFO - Downloading Expected_departures.xml (attempt 1/3)
2025-10-29 22:13:14,081 - vessel_data_pipeline - INFO - File temp_Expected_departures.xml passed validation checks
2025-10-29 22:13:14,082 - vessel_data_pipeline - INFO - Created backup: Expected_departures_20251029_221314.xml
2025-10-29 22:13:14,082 - vessel_data_pipeline - INFO - Updated metadata for Expected_departures.xml
2025-10-29 22:13:14,082 - vessel_data_pipeline - INFO - Successfully downloaded and validated Expected_departures.xml
2025-10-29 22:13:16,088 - vessel_data_pipeline - INFO - Fetch operation completed. Results: {'Arrived_in_last_36_hours.xml': True, 'Departed_in_last_36_hours.xml': True, 'Expected_arrivals.xml': True, 'Expected_departures.xml': True}
2025-10-29 22:13:16,092 - vessel_data_pipeline - INFO - VesselDataFetcher initialized. Pipeline enabled: True
2025-10-29 22:13:16,092 - vessel_data_pipeline - INFO - Starting vessel data fetch operation
2025-10-29 22:13:16,092 - vessel_data_pipeline - INFO - Discovering XML files from Hong Kong Marine Department portal
2025-10-29 22:13:16,157 - vessel_data_pipeline - INFO - Verified access to Arrived_in_last_36_hours.xml
2025-10-29 22:13:17,251 - vessel_data_pipeline - INFO - Verified access to Departed_in_last_36_hours.xml
2025-10-29 22:13:17,768 - vessel_data_pipeline - INFO - Verified access to Expected_arrivals.xml
2025-10-29 22:13:18,075 - vessel_data_pipeline - INFO - Verified access to Expected_departures.xml
2025-10-29 22:13:18,076 - vessel_data_pipeline - INFO - Discovered 4 XML files for download
2025-10-29 22:13:18,076 - vessel_data_pipeline - INFO - Downloading Arrived_in_last_36_hours.xml (attempt 1/3)
2025-10-29 22:13:18,964 - vessel_data_pipeline - INFO - File temp_Arrived_in_last_36_hours.xml passed validation checks
2025-10-29 22:13:18,965 - vessel_data_pipeline - INFO - Created backup: Arrived_in_last_36_hours_20251029_221318.xml
2025-10-29 22:13:18,965 - vessel_data_pipeline - INFO - Updated metadata for Arrived_in_last_36_hours.xml
2025-10-29 22:13:18,965 - vessel_data_pipeline - INFO - Successfully downloaded and validated Arrived_in_last_36_hours.xml
2025-10-29 22:13:20,971 - vessel_data_pipeline - INFO - Downloading Departed_in_last_36_hours.xml (attempt 1/3)
2025-10-29 22:13:21,736 - vessel_data_pipeline - INFO - File temp_Departed_in_last_36_hours.xml passed validation checks
2025-10-29 22:13:21,736 - vessel_data_pipeline - INFO - Created backup: Departed_in_last_36_hours_20251029_221321.xml
2025-10-29 22:13:21,737 - vessel_data_pipeline - INFO - Updated metadata for Departed_in_last_36_hours.xml
2025-10-29 22:13:21,737 - vessel_data_pipeline - INFO - Successfully downloaded and validated Departed_in_last_36_hours.xml
2025-10-29 22:13:23,742 - vessel_data_pipeline - INFO - Downloading Expected_arrivals.xml (attempt 1/3)
2025-10-29 22:13:24,029 - vessel_data_pipeline - INFO - File temp_Expected_arrivals.xml passed validation checks
2025-10-29 22:13:24,030 - vessel_data_pipeline - INFO - Created backup: Expected_arrivals_20251029_221324.xml
2025-10-29 22:13:24,030 - vessel_data_pipeline - INFO - Updated metadata for Expected_arrivals.xml
2025-10-29 22:13:24,030 - vessel_data_pipeline - INFO - Successfully downloaded and validated Expected_arrivals.xml
2025-10-29 22:13:26,035 - vessel_data_pipeline - INFO - Downloading Expected_departures.xml (attempt 1/3)
2025-10-29 22:13:26,544 - vessel_data_pipeline - INFO - File temp_Expected_departures.xml passed validation checks
2025-10-29 22:13:26,544 - vessel_data_pipeline - INFO - Created backup: Expected_departures_20251029_221326.xml
2025-10-29 22:13:26,544 - vessel_data_pipeline - INFO - Updated metadata for Expected_departures.xml
2025-10-29 22:13:26,545 - vessel_data_pipeline - INFO - Successfully downloaded and validated Expected_departures.xml
2025-10-29 22:13:28,549 - vessel_data_pipeline - INFO - Fetch operation completed. Results: {'Arrived_in_last_36_hours.xml': True, 'Departed_in_last_36_hours.xml': True, 'Expected_arrivals.xml': True, 'Expected_departures.xml': True}
2025-10-29 22:13:28,562 - vessel_data_pipeline - INFO - VesselDataFetcher initialized. Pipeline enabled: True
2025-10-29 22:13:28,563 - vessel_data_pipeline - INFO - Starting vessel data fetch operation
2025-10-29 22:13:28,563 - vessel_data_pipeline - INFO - Discovering XML files from Hong Kong Marine Department portal
2025-10-29 22:13:29,373 - vessel_data_pipeline - INFO - Verified access to Arrived_in_last_36_hours.xml
2025-10-29 22:13:30,293 - vessel_data_pipeline - INFO - Verified access to Departed_in_last_36_hours.xml
2025-10-29 22:13:30,346 - vessel_data_pipeline - INFO - Verified access to Expected_arrivals.xml
2025-10-29 22:13:30,833 - vessel_data_pipeline - INFO - Verified access to Expected_departures.xml
2025-10-29 22:13:30,833 - vessel_data_pipeline - INFO - Discovered 4 XML files for download
2025-10-29 22:13:30,833 - vessel_data_pipeline - INFO - Downloading Arrived_in_last_36_hours.xml (attempt 1/3)
2025-10-29 22:13:31,315 - vessel_data_pipeline - INFO - File temp_Arrived_in_last_36_hours.xml passed validation checks
2025-10-29 22:13:31,316 - vessel_data_pipeline - INFO - Created backup: Arrived_in_last_36_hours_20251029_221331.xml
2025-10-29 22:13:31,316 - vessel_data_pipeline - INFO - Updated metadata for Arrived_in_last_36_hours.xml
2025-10-29 22:13:31,316 - vessel_data_pipeline - INFO - Successfully downloaded and validated Arrived_in_last_36_hours.xml
2025-10-29 22:13:33,321 - vessel_data_pipeline - INFO - Downloading Departed_in_last_36_hours.xml (attempt 1/3)
2025-10-29 22:13:34,159 - vessel_data_pipeline - INFO - File temp_Departed_in_last_36_hours.xml passed validation checks
2025-10-29 22:13:34,159 - vessel_data_pipeline - INFO - Created backup: Departed_in_last_36_hours_20251029_221334.xml
2025-10-29 22:13:34,160 - vessel_data_pipeline - INFO - Updated metadata for Departed_in_last_36_hours.xml
2025-10-29 22:13:34,160 - vessel_data_pipeline - INFO - Successfully downloaded and validated Departed_in_last_36_hours.xml
2025-10-29 22:13:36,164 - vessel_data_pipeline - INFO - Downloading Expected_arrivals.xml (attempt 1/3)
2025-10-29 22:13:36,703 - vessel_data_pipeline - INFO - File temp_Expected_arrivals.xml passed validation checks
2025-10-29 22:13:36,704 - vessel_data_pipeline - INFO - Created backup: Expected_arrivals_20251029_221336.xml
2025-10-29 22:13:36,704 - vessel_data_pipeline - INFO - Updated metadata for Expected_arrivals.xml
2025-10-29 22:13:36,704 - vessel_data_pipeline - INFO - Successfully downloaded and validated Expected_arrivals.xml
2025-10-29 22:13:38,709 - vessel_data_pipeline - INFO - Downloading Expected_departures.xml (attempt 1/3)
2025-10-29 22:13:38,975 - vessel_data_pipeline - INFO - File temp_Expected_departures.xml passed validation checks
2025-10-29 22:13:38,976 - vessel_data_pipeline - INFO - Created backup: Expected_departures_20251029_221338.xml
2025-10-29 22:13:38,976 - vessel_data_pipeline - INFO - Updated metadata for Expected_departures.xml
2025-10-29 22:13:38,976 - vessel_data_pipeline - INFO - Successfully downloaded and validated Expected_departures.xml
2025-10-29 22:13:40,981 - vessel_data_pipeline - INFO - Fetch operation completed. Results: {'Arrived_in_last_36_hours.xml': True, 'Departed_in_last_36_hours.xml': True, 'Expected_arrivals.xml': True, 'Expected_departures.xml': True}
2025-10-29 22:13:40,985 - vessel_data_pipeline - INFO - VesselDataFetcher initialized. Pipeline enabled: True
2025-10-29 22:13:40,986 - vessel_data_pipeline - INFO - Starting vessel data fetch operation
2025-10-29 22:13:40,986 - vessel_data_pipeline - INFO - Discovering XML files from Hong Kong Marine Department portal
2025-10-29 22:13:41,285 - vessel_data_pipeline - INFO - Verified access to Arrived_in_last_36_hours.xml
2025-10-29 22:13:41,936 - vessel_data_pipeline - INFO - Verified access to Departed_in_last_36_hours.xml
2025-10-29 22:13:42,234 - vessel_data_pipeline - INFO - Verified access to Expected_arrivals.xml
2025-10-29 22:13:42,867 - vessel_data_pipeline - INFO - Verified access to Expected_departures.xml
2025-10-29 22:13:42,867 - vessel_data_pipeline - INFO - Discovered 4 XML files for download
2025-10-29 22:13:42,868 - vessel_data_pipeline - INFO - Downloading Arrived_in_last_36_hours.xml (attempt 1/3)
2025-10-29 22:13:43,697 - vessel_data_pipeline - INFO - File temp_Arrived_in_last_36_hours.xml passed validation checks
2025-10-29 22:13:43,698 - vessel_data_pipeline - INFO - Created backup: Arrived_in_last_36_hours_20251029_221343.xml
2025-10-29 22:13:43,698 - vessel_data_pipeline - INFO - Updated metadata for Arrived_in_last_36_hours.xml
2025-10-29 22:13:43,698 - vessel_data_pipeline - INFO - Successfully downloaded and validated Arrived_in_last_36_hours.xml
2025-10-29 22:13:45,703 - vessel_data_pipeline - INFO - Downloading Departed_in_last_36_hours.xml (attempt 1/3)
2025-10-29 22:13:46,617 - vessel_data_pipeline - INFO - File temp_Departed_in_last_36_hours.xml passed validation checks
2025-10-29 22:13:46,618 - vessel_data_pipeline - INFO - Created backup: Departed_in_last_36_hours_20251029_221346.xml
2025-10-29 22:13:46,618 - vessel_data_pipeline - INFO - Updated metadata for Departed_in_last_36_hours.xml
2025-10-29 22:13:46,619 - vessel_data_pipeline - INFO - Successfully downloaded and validated Departed_in_last_36_hours.xml
2025-10-29 22:13:48,624 - vessel_data_pipeline - INFO - Downloading Expected_arrivals.xml (attempt 1/3)
2025-10-29 22:13:49,360 - vessel_data_pipeline - INFO - File temp_Expected_arrivals.xml passed validation checks
2025-10-29 22:13:49,361 - vessel_data_pipeline - INFO - Created backup: Expected_arrivals_20251029_221349.xml
2025-10-29 22:13:49,361 - vessel_data_pipeline - INFO - Updated metadata for Expected_arrivals.xml
2025-10-29 22:13:49,361 - vessel_data_pipeline - INFO - Successfully downloaded and validated Expected_arrivals.xml
2025-10-29 22:13:51,367 - vessel_data_pipeline - INFO - Downloading Expected_departures.xml (attempt 1/3)
2025-10-29 22:13:51,866 - vessel_data_pipeline - INFO - File temp_Expected_departures.xml passed validation checks
2025-10-29 22:13:51,888 - vessel_data_pipeline - INFO - Created backup: Expected_departures_20251029_221351.xml
2025-10-29 22:13:51,901 - vessel_data_pipeline - INFO - Updated metadata for Expected_departures.xml
2025-10-29 22:13:51,904 - vessel_data_pipeline - INFO - Successfully downloaded and validated Expected_departures.xml
2025-10-29 22:13:53,910 - vessel_data_pipeline - INFO - Fetch operation completed. Results: {'Arrived_in_last_36_hours.xml': True, 'Departed_in_last_36_hours.xml': True, 'Expected_arrivals.xml': True, 'Expected_departures.xml': True}
2025-10-29 22:13:55,182 - vessel_data_pipeline - INFO - VesselDataFetcher initialized. Pipeline enabled: True
2025-10-29 22:13:55,183 - vessel_data_pipeline - INFO - VesselDataFetcher initialized. Pipeline enabled: True
2025-10-29 22:13:55,184 - vessel_data_pipeline - INFO - Starting vessel data fetch operation
2025-10-29 22:13:55,184 - vessel_data_pipeline - INFO - Discovering XML files from Hong Kong Marine Department portal
2025-10-29 22:13:55,692 - vessel_data_pipeline - INFO - Verified access to Arrived_in_last_36_hours.xml
2025-10-29 22:13:55,968 - vessel_data_pipeline - INFO - Verified access to Departed_in_last_36_hours.xml
2025-10-29 22:13:56,243 - vessel_data_pipeline - INFO - Verified access to Expected_arrivals.xml
2025-10-29 22:13:56,279 - vessel_data_pipeline - INFO - Verified access to Expected_departures.xml
2025-10-29 22:13:56,279 - vessel_data_pipeline - INFO - Discovered 4 XML files for download
2025-10-29 22:13:56,280 - vessel_data_pipeline - INFO - Downloading Arrived_in_last_36_hours.xml (attempt 1/3)
2025-10-29 22:13:56,588 - vessel_data_pipeline - INFO - File temp_Arrived_in_last_36_hours.xml passed validation checks
2025-10-29 22:13:56,590 - vessel_data_pipeline - INFO - Created backup: Arrived_in_last_36_hours_20251029_221356.xml
2025-10-29 22:13:56,591 - vessel_data_pipeline - INFO - Updated metadata for Arrived_in_last_36_hours.xml
2025-10-29 22:13:56,591 - vessel_data_pipeline - INFO - Successfully downloaded and validated Arrived_in_last_36_hours.xml
2025-10-29 22:13:58,595 - vessel_data_pipeline - INFO - Downloading Departed_in_last_36_hours.xml (attempt 1/3)
2025-10-29 22:13:59,292 - vessel_data_pipeline - INFO - File temp_Departed_in_last_36_hours.xml passed validation checks
2025-10-29 22:13:59,292 - vessel_data_pipeline - INFO - Created backup: Departed_in_last_36_hours_20251029_221359.xml
2025-10-29 22:13:59,292 - vessel_data_pipeline - INFO - Updated metadata for Departed_in_last_36_hours.xml
2025-10-29 22:13:59,292 - vessel_data_pipeline - INFO - Successfully downloaded and validated Departed_in_last_36_hours.xml
2025-10-29 22:14:01,293 - vessel_data_pipeline - INFO - Downloading Expected_arrivals.xml (attempt 1/3)
2025-10-29 22:14:01,918 - vessel_data_pipeline - INFO - File temp_Expected_arrivals.xml passed validation checks
2025-10-29 22:14:01,921 - vessel_data_pipeline - INFO - Created backup: Expected_arrivals_20251029_221401.xml
2025-10-29 22:14:01,922 - vessel_data_pipeline - INFO - Updated metadata for Expected_arrivals.xml
2025-10-29 22:14:01,922 - vessel_data_pipeline - INFO - Successfully downloaded and validated Expected_arrivals.xml
2025-10-29 22:14:03,922 - vessel_data_pipeline - INFO - Downloading Expected_departures.xml (attempt 1/3)
2025-10-29 22:14:04,537 - vessel_data_pipeline - INFO - File temp_Expected_departures.xml passed validation checks
2025-10-29 22:14:04,538 - vessel_data_pipeline - INFO - Created backup: Expected_departures_20251029_221404.xml
2025-10-29 22:14:04,538 - vessel_data_pipeline - INFO - Updated metadata for Expected_departures.xml
2025-10-29 22:14:04,538 - vessel_data_pipeline - INFO - Successfully downloaded and validated Expected_departures.xml
2025-10-29 22:14:06,541 - vessel_data_pipeline - INFO - Fetch operation completed. Results: {'Arrived_in_last_36_hours.xml': True, 'Departed_in_last_36_hours.xml': True, 'Expected_arrivals.xml': True, 'Expected_departures.xml': True}
2025-10-29 22:14:30,286 - vessel_data_pipeline - INFO - VesselDataFetcher initialized. Pipeline enabled: True
2025-10-29 22:14:30,287 - vessel_data_pipeline - INFO - Starting vessel data fetch operation
2025-10-29 22:14:30,287 - vessel_data_pipeline - INFO - Discovering XML files from Hong Kong Marine Department portal
2025-10-29 22:14:30,859 - vessel_data_pipeline - INFO - Verified access to Arrived_in_last_36_hours.xml
2025-10-29 22:14:31,776 - vessel_data_pipeline - INFO - Verified access to Departed_in_last_36_hours.xml
2025-10-29 22:14:32,287 - vessel_data_pipeline - INFO - Verified access to Expected_arrivals.xml
2025-10-29 22:14:32,908 - vessel_data_pipeline - INFO - Verified access to Expected_departures.xml
2025-10-29 22:14:32,908 - vessel_data_pipeline - INFO - Discovered 4 XML files for download
2025-10-29 22:14:32,908 - vessel_data_pipeline - INFO - Downloading Arrived_in_last_36_hours.xml (attempt 1/3)
2025-10-29 22:14:33,534 - vessel_data_pipeline - INFO - File temp_Arrived_in_last_36_hours.xml passed validation checks
2025-10-29 22:14:33,535 - vessel_data_pipeline - INFO - Created backup: Arrived_in_last_36_hours_20251029_221433.xml
2025-10-29 22:14:33,536 - vessel_data_pipeline - INFO - Updated metadata for Arrived_in_last_36_hours.xml
2025-10-29 22:14:33,536 - vessel_data_pipeline - INFO - Successfully downloaded and validated Arrived_in_last_36_hours.xml
2025-10-29 22:14:35,541 - vessel_data_pipeline - INFO - Downloading Departed_in_last_36_hours.xml (attempt 1/3)
2025-10-29 22:14:36,366 - vessel_data_pipeline - INFO - File temp_Departed_in_last_36_hours.xml passed validation checks
2025-10-29 22:14:36,367 - vessel_data_pipeline - INFO - Created backup: Departed_in_last_36_hours_20251029_221436.xml
2025-10-29 22:14:36,367 - vessel_data_pipeline - INFO - Updated metadata for Departed_in_last_36_hours.xml
2025-10-29 22:14:36,367 - vessel_data_pipeline - INFO - Successfully downloaded and validated Departed_in_last_36_hours.xml
2025-10-29 22:14:38,368 - vessel_data_pipeline - INFO - Downloading Expected_arrivals.xml (attempt 1/3)
2025-10-29 22:14:38,900 - vessel_data_pipeline - INFO - File temp_Expected_arrivals.xml passed validation checks
2025-10-29 22:14:38,901 - vessel_data_pipeline - INFO - Created backup: Expected_arrivals_20251029_221438.xml
2025-10-29 22:14:38,901 - vessel_data_pipeline - INFO - Updated metadata for Expected_arrivals.xml
2025-10-29 22:14:38,901 - vessel_data_pipeline - INFO - Successfully downloaded and validated Expected_arrivals.xml
2025-10-29 22:14:40,906 - vessel_data_pipeline - INFO - Downloading Expected_departures.xml (attempt 1/3)
2025-10-29 22:14:41,734 - vessel_data_pipeline - INFO - File temp_Expected_departures.xml passed validation checks
2025-10-29 22:14:41,735 - vessel_data_pipeline - INFO - Created backup: Expected_departures_20251029_221441.xml
2025-10-29 22:14:41,735 - vessel_data_pipeline - INFO - Updated metadata for Expected_departures.xml
2025-10-29 22:14:41,735 - vessel_data_pipeline - INFO - Successfully downloaded and validated Expected_departures.xml
2025-10-29 22:14:43,740 - vessel_data_pipeline - INFO - Fetch operation completed. Results: {'Arrived_in_last_36_hours.xml': True, 'Departed_in_last_36_hours.xml': True, 'Expected_arrivals.xml': True, 'Expected_departures.xml': True}
2025-10-29 22:14:43,995 - vessel_data_pipeline - INFO - VesselDataFetcher initialized. Pipeline enabled: True
2025-10-29 22:14:43,996 - vessel_data_pipeline - INFO - Starting vessel data fetch operation
2025-10-29 22:14:43,996 - vessel_data_pipeline - INFO - Discovering XML files from Hong Kong Marine Department portal
2025-10-29 22:14:44,473 - vessel_data_pipeline - INFO - Verified access to Arrived_in_last_36_hours.xml
2025-10-29 22:14:45,376 - vessel_data_pipeline - INFO - Verified access to Departed_in_last_36_hours.xml
2025-10-29 22:14:45,730 - vessel_data_pipeline - INFO - Verified access to Expected_arrivals.xml
2025-10-29 22:14:46,038 - vessel_data_pipeline - INFO - Verified access to Expected_departures.xml
2025-10-29 22:14:46,039 - vessel_data_pipeline - INFO - Discovered 4 XML files for download
2025-10-29 22:14:46,039 - vessel_data_pipeline - INFO - Downloading Arrived_in_last_36_hours.xml (attempt 1/3)
2025-10-29 22:14:46,407 - vessel_data_pipeline - INFO - File temp_Arrived_in_last_36_hours.xml passed validation checks
2025-10-29 22:14:46,408 - vessel_data_pipeline - INFO - Created backup: Arrived_in_last_36_hours_20251029_221446.xml
2025-10-29 22:14:46,408 - vessel_data_pipeline - INFO - Updated metadata for Arrived_in_last_36_hours.xml
2025-10-29 22:14:46,408 - vessel_data_pipeline - INFO - Successfully downloaded and validated Arrived_in_last_36_hours.xml
2025-10-29 22:14:48,411 - vessel_data_pipeline - INFO - Downloading Departed_in_last_36_hours.xml (attempt 1/3)
2025-10-29 22:14:48,929 - vessel_data_pipeline - INFO - File temp_Departed_in_last_36_hours.xml passed validation checks
2025-10-29 22:14:48,929 - vessel_data_pipeline - INFO - Created backup: Departed_in_last_36_hours_20251029_221448.xml
2025-10-29 22:14:48,929 - vessel_data_pipeline - INFO - Updated metadata for Departed_in_last_36_hours.xml
2025-10-29 22:14:48,929 - vessel_data_pipeline - INFO - Successfully downloaded and validated Departed_in_last_36_hours.xml
2025-10-29 22:14:50,935 - vessel_data_pipeline - INFO - Downloading Expected_arrivals.xml (attempt 1/3)
2025-10-29 22:14:51,676 - vessel_data_pipeline - INFO - File temp_Expected_arrivals.xml passed validation checks
2025-10-29 22:14:51,678 - vessel_data_pipeline - INFO - Created backup: Expected_arrivals_20251029_221451.xml
2025-10-29 22:14:51,678 - vessel_data_pipeline - INFO - Updated metadata for Expected_arrivals.xml
2025-10-29 22:14:51,679 - vessel_data_pipeline - INFO - Successfully downloaded and validated Expected_arrivals.xml
2025-10-29 22:14:53,681 - vessel_data_pipeline - INFO - Downloading Expected_departures.xml (attempt 1/3)
2025-10-29 22:14:53,953 - vessel_data_pipeline - INFO - File temp_Expected_departures.xml passed validation checks
2025-10-29 22:14:53,954 - vessel_data_pipeline - INFO - Created backup: Expected_departures_20251029_221453.xml
2025-10-29 22:14:53,954 - vessel_data_pipeline - INFO - Updated metadata for Expected_departures.xml
2025-10-29 22:14:53,954 - vessel_data_pipeline - INFO - Successfully downloaded and validated Expected_departures.xml
2025-10-29 22:14:55,959 - vessel_data_pipeline - INFO - Fetch operation completed. Results: {'Arrived_in_last_36_hours.xml': True, 'Departed_in_last_36_hours.xml': True, 'Expected_arrivals.xml': True, 'Expected_departures.xml': True}
2025-10-29 22:14:55,974 - vessel_data_pipeline - INFO - VesselDataFetcher initialized. Pipeline enabled: True
2025-10-29 22:14:55,981 - vessel_data_pipeline - INFO - Starting vessel data fetch operation
2025-10-29 22:14:55,981 - vessel_data_pipeline - INFO - Discovering XML files from Hong Kong Marine Department portal
2025-10-29 22:14:56,293 - vessel_data_pipeline - INFO - Verified access to Arrived_in_last_36_hours.xml
2025-10-29 22:14:57,230 - vessel_data_pipeline - INFO - Verified access to Departed_in_last_36_hours.xml
2025-10-29 22:14:57,813 - vessel_data_pipeline - INFO - Verified access to Expected_arrivals.xml
2025-10-29 22:14:58,097 - vessel_data_pipeline - INFO - Verified access to Expected_departures.xml
2025-10-29 22:14:58,098 - vessel_data_pipeline - INFO - Discovered 4 XML files for download
2025-10-29 22:14:58,098 - vessel_data_pipeline - INFO - Downloading Arrived_in_last_36_hours.xml (attempt 1/3)
2025-10-29 22:14:58,588 - vessel_data_pipeline - INFO - File temp_Arrived_in_last_36_hours.xml passed validation checks
2025-10-29 22:14:58,588 - vessel_data_pipeline - INFO - Created backup: Arrived_in_last_36_hours_20251029_221458.xml
2025-10-29 22:14:58,589 - vessel_data_pipeline - INFO - Updated metadata for Arrived_in_last_36_hours.xml
2025-10-29 22:14:58,589 - vessel_data_pipeline - INFO - Successfully downloaded and validated Arrived_in_last_36_hours.xml
2025-10-29 22:15:00,594 - vessel_data_pipeline - INFO - Downloading Departed_in_last_36_hours.xml (attempt 1/3)
2025-10-29 22:15:01,558 - vessel_data_pipeline - INFO - File temp_Departed_in_last_36_hours.xml passed validation checks
2025-10-29 22:15:01,559 - vessel_data_pipeline - INFO - Created backup: Departed_in_last_36_hours_20251029_221501.xml
2025-10-29 22:15:01,559 - vessel_data_pipeline - INFO - Updated metadata for Departed_in_last_36_hours.xml
2025-10-29 22:15:01,559 - vessel_data_pipeline - INFO - Successfully downloaded and validated Departed_in_last_36_hours.xml
2025-10-29 22:15:03,564 - vessel_data_pipeline - INFO - Downloading Expected_arrivals.xml (attempt 1/3)
2025-10-29 22:15:04,110 - vessel_data_pipeline - INFO - File temp_Expected_arrivals.xml passed validation checks
2025-10-29 22:15:04,112 - vessel_data_pipeline - INFO - Created backup: Expected_arrivals_20251029_221504.xml
2025-10-29 22:15:04,112 - vessel_data_pipeline - INFO - Updated metadata for Expected_arrivals.xml
2025-10-29 22:15:04,113 - vessel_data_pipeline - INFO - Successfully downloaded and validated Expected_arrivals.xml
2025-10-29 22:15:06,118 - vessel_data_pipeline - INFO - Downloading Expected_departures.xml (attempt 1/3)
2025-10-29 22:15:06,461 - vessel_data_pipeline - INFO - File temp_Expected_departures.xml passed validation checks
2025-10-29 22:15:06,461 - vessel_data_pipeline - INFO - Created backup: Expected_departures_20251029_221506.xml
2025-10-29 22:15:06,461 - vessel_data_pipeline - INFO - Updated metadata for Expected_departures.xml
2025-10-29 22:15:06,461 - vessel_data_pipeline - INFO - Successfully downloaded and validated Expected_departures.xml
2025-10-29 22:15:08,464 - vessel_data_pipeline - INFO - Fetch operation completed. Results: {'Arrived_in_last_36_hours.xml': True, 'Departed_in_last_36_hours.xml': True, 'Expected_arrivals.xml': True, 'Expected_departures.xml': True}
2025-10-29 22:15:11,392 - vessel_data_pipeline - INFO - VesselDataFetcher initialized. Pipeline enabled: True
2025-10-29 22:15:11,393 - vessel_data_pipeline - INFO - Starting vessel data fetch operation
2025-10-29 22:15:11,393 - vessel_data_pipeline - INFO - Discovering XML files from Hong Kong Marine Department portal
2025-10-29 22:15:11,947 - vessel_data_pipeline - INFO - Verified access to Arrived_in_last_36_hours.xml
2025-10-29 22:15:12,855 - vessel_data_pipeline - INFO - Verified access to Departed_in_last_36_hours.xml
2025-10-29 22:15:13,117 - vessel_data_pipeline - INFO - Verified access to Expected_arrivals.xml
2025-10-29 22:15:13,185 - vessel_data_pipeline - INFO - Verified access to Expected_departures.xml
2025-10-29 22:15:13,185 - vessel_data_pipeline - INFO - Discovered 4 XML files for download
2025-10-29 22:15:13,185 - vessel_data_pipeline - INFO - Downloading Arrived_in_last_36_hours.xml (attempt 1/3)
2025-10-29 22:15:13,462 - vessel_data_pipeline - INFO - File temp_Arrived_in_last_36_hours.xml passed validation checks
2025-10-29 22:15:13,463 - vessel_data_pipeline - INFO - Created backup: Arrived_in_last_36_hours_20251029_221513.xml
2025-10-29 22:15:13,464 - vessel_data_pipeline - INFO - Updated metadata for Arrived_in_last_36_hours.xml
2025-10-29 22:15:13,464 - vessel_data_pipeline - INFO - Successfully downloaded and validated Arrived_in_last_36_hours.xml
2025-10-29 22:15:15,468 - vessel_data_pipeline - INFO - Downloading Departed_in_last_36_hours.xml (attempt 1/3)
2025-10-29 22:15:16,150 - vessel_data_pipeline - INFO - File temp_Departed_in_last_36_hours.xml passed validation checks
2025-10-29 22:15:16,151 - vessel_data_pipeline - INFO - Created backup: Departed_in_last_36_hours_20251029_221516.xml
2025-10-29 22:15:16,151 - vessel_data_pipeline - INFO - Updated metadata for Departed_in_last_36_hours.xml
2025-10-29 22:15:16,151 - vessel_data_pipeline - INFO - Successfully downloaded and validated Departed_in_last_36_hours.xml
2025-10-29 22:15:18,152 - vessel_data_pipeline - INFO - Downloading Expected_arrivals.xml (attempt 1/3)
2025-10-29 22:15:18,458 - vessel_data_pipeline - INFO - File temp_Expected_arrivals.xml passed validation checks
2025-10-29 22:15:18,459 - vessel_data_pipeline - INFO - Created backup: Expected_arrivals_20251029_221518.xml
2025-10-29 22:15:18,459 - vessel_data_pipeline - INFO - Updated metadata for Expected_arrivals.xml
2025-10-29 22:15:18,459 - vessel_data_pipeline - INFO - Successfully downloaded and validated Expected_arrivals.xml
2025-10-29 22:15:20,462 - vessel_data_pipeline - INFO - Downloading Expected_departures.xml (attempt 1/3)
2025-10-29 22:15:21,124 - vessel_data_pipeline - INFO - File temp_Expected_departures.xml passed validation checks
2025-10-29 22:15:21,124 - vessel_data_pipeline - INFO - Created backup: Expected_departures_20251029_221521.xml
2025-10-29 22:15:21,125 - vessel_data_pipeline - INFO - Updated metadata for Expected_departures.xml
2025-10-29 22:15:21,125 - vessel_data_pipeline - INFO - Successfully downloaded and validated Expected_departures.xml
2025-10-29 22:15:23,129 - vessel_data_pipeline - INFO - Fetch operation completed. Results: {'Arrived_in_last_36_hours.xml': True, 'Departed_in_last_36_hours.xml': True, 'Expected_arrivals.xml': True, 'Expected_departures.xml': True}
2025-10-29 22:15:23,134 - vessel_data_pipeline - INFO - VesselDataFetcher initialized. Pipeline enabled: True
2025-10-29 22:15:23,134 - vessel_data_pipeline - INFO - Starting vessel data fetch operation
2025-10-29 22:15:23,134 - vessel_data_pipeline - INFO - Discovering XML files from Hong Kong Marine Department portal
2025-10-29 22:15:23,878 - vessel_data_pipeline - INFO - Verified access to Arrived_in_last_36_hours.xml
2025-10-29 22:15:24,559 - vessel_data_pipeline - INFO - Verified access to Departed_in_last_36_hours.xml
2025-10-29 22:15:25,460 - vessel_data_pipeline - INFO - Verified access to Expected_arrivals.xml
2025-10-29 22:15:25,721 - vessel_data_pipeline - INFO - Verified access to Expected_departures.xml
2025-10-29 22:15:25,721 - vessel_data_pipeline - INFO - Discovered 4 XML files for download
2025-10-29 22:15:25,721 - vessel_data_pipeline - INFO - Downloading Arrived_in_last_36_hours.xml (attempt 1/3)
2025-10-29 22:15:26,417 - vessel_data_pipeline - INFO - File temp_Arrived_in_last_36_hours.xml passed validation checks
2025-10-29 22:15:26,418 - vessel_data_pipeline - INFO - Created backup: Arrived_in_last_36_hours_20251029_221526.xml
2025-10-29 22:15:26,418 - vessel_data_pipeline - INFO - Updated metadata for Arrived_in_last_36_hours.xml
2025-10-29 22:15:26,418 - vessel_data_pipeline - INFO - Successfully downloaded and validated Arrived_in_last_36_hours.xml
2025-10-29 22:15:28,421 - vessel_data_pipeline - INFO - Downloading Departed_in_last_36_hours.xml (attempt 1/3)
2025-10-29 22:15:29,809 - vessel_data_pipeline - INFO - File temp_Departed_in_last_36_hours.xml passed validation checks
2025-10-29 22:15:29,810 - vessel_data_pipeline - INFO - Created backup: Departed_in_last_36_hours_20251029_221529.xml
2025-10-29 22:15:29,811 - vessel_data_pipeline - INFO - Updated metadata for Departed_in_last_36_hours.xml
2025-10-29 22:15:29,812 - vessel_data_pipeline - INFO - Successfully downloaded and validated Departed_in_last_36_hours.xml
2025-10-29 22:15:31,813 - vessel_data_pipeline - INFO - Downloading Expected_arrivals.xml (attempt 1/3)
2025-10-29 22:15:32,389 - vessel_data_pipeline - INFO - File temp_Expected_arrivals.xml passed validation checks
2025-10-29 22:15:32,389 - vessel_data_pipeline - INFO - Created backup: Expected_arrivals_20251029_221532.xml
2025-10-29 22:15:32,389 - vessel_data_pipeline - INFO - Updated metadata for Expected_arrivals.xml
2025-10-29 22:15:32,389 - vessel_data_pipeline - INFO - Successfully downloaded and validated Expected_arrivals.xml
2025-10-29 22:15:34,391 - vessel_data_pipeline - INFO - Downloading Expected_departures.xml (attempt 1/3)
2025-10-29 22:15:35,076 - vessel_data_pipeline - INFO - File temp_Expected_departures.xml passed validation checks
2025-10-29 22:15:35,077 - vessel_data_pipeline - INFO - Created backup: Expected_departures_20251029_221535.xml
2025-10-29 22:15:35,077 - vessel_data_pipeline - INFO - Updated metadata for Expected_departures.xml
2025-10-29 22:15:35,077 - vessel_data_pipeline - INFO - Successfully downloaded and validated Expected_departures.xml
2025-10-29 22:15:37,081 - vessel_data_pipeline - INFO - Fetch operation completed. Results: {'Arrived_in_last_36_hours.xml': True, 'Departed_in_last_36_hours.xml': True, 'Expected_arrivals.xml': True, 'Expected_departures.xml': True}
2025-10-29 22:15:37,093 - vessel_data_pipeline - INFO - VesselDataFetcher initialized. Pipeline enabled: True
2025-10-29 22:15:37,094 - vessel_data_pipeline - INFO - Starting vessel data fetch operation
2025-10-29 22:15:37,094 - vessel_data_pipeline - INFO - Discovering XML files from Hong Kong Marine Department portal
2025-10-29 22:15:37,542 - vessel_data_pipeline - INFO - Verified access to Arrived_in_last_36_hours.xml
2025-10-29 22:15:37,805 - vessel_data_pipeline - INFO - Verified access to Departed_in_last_36_hours.xml
2025-10-29 22:15:38,072 - vessel_data_pipeline - INFO - Verified access to Expected_arrivals.xml
2025-10-29 22:15:38,336 - vessel_data_pipeline - INFO - Verified access to Expected_departures.xml
2025-10-29 22:15:38,336 - vessel_data_pipeline - INFO - Discovered 4 XML files for download
2025-10-29 22:15:38,336 - vessel_data_pipeline - INFO - Downloading Arrived_in_last_36_hours.xml (attempt 1/3)
2025-10-29 22:15:38,678 - vessel_data_pipeline - INFO - File temp_Arrived_in_last_36_hours.xml passed validation checks
2025-10-29 22:15:38,679 - vessel_data_pipeline - INFO - Created backup: Arrived_in_last_36_hours_20251029_221538.xml
2025-10-29 22:15:38,679 - vessel_data_pipeline - INFO - Updated metadata for Arrived_in_last_36_hours.xml
2025-10-29 22:15:38,679 - vessel_data_pipeline - INFO - Successfully downloaded and validated Arrived_in_last_36_hours.xml
2025-10-29 22:15:40,685 - vessel_data_pipeline - INFO - Downloading Departed_in_last_36_hours.xml (attempt 1/3)
2025-10-29 22:15:42,254 - vessel_data_pipeline - INFO - File temp_Departed_in_last_36_hours.xml passed validation checks
2025-10-29 22:15:42,255 - vessel_data_pipeline - INFO - Created backup: Departed_in_last_36_hours_20251029_221542.xml
2025-10-29 22:15:42,255 - vessel_data_pipeline - INFO - Updated metadata for Departed_in_last_36_hours.xml
2025-10-29 22:15:42,255 - vessel_data_pipeline - INFO - Successfully downloaded and validated Departed_in_last_36_hours.xml
2025-10-29 22:15:44,260 - vessel_data_pipeline - INFO - Downloading Expected_arrivals.xml (attempt 1/3)
2025-10-29 22:15:44,781 - vessel_data_pipeline - INFO - File temp_Expected_arrivals.xml passed validation checks
2025-10-29 22:15:44,809 - vessel_data_pipeline - INFO - Created backup: Expected_arrivals_20251029_221544.xml
2025-10-29 22:15:44,819 - vessel_data_pipeline - INFO - Updated metadata for Expected_arrivals.xml
2025-10-29 22:15:44,820 - vessel_data_pipeline - INFO - Successfully downloaded and validated Expected_arrivals.xml
2025-10-29 22:15:46,821 - vessel_data_pipeline - INFO - Downloading Expected_departures.xml (attempt 1/3)
2025-10-29 22:15:47,346 - vessel_data_pipeline - INFO - File temp_Expected_departures.xml passed validation checks
2025-10-29 22:15:47,347 - vessel_data_pipeline - INFO - Created backup: Expected_departures_20251029_221547.xml
2025-10-29 22:15:47,347 - vessel_data_pipeline - INFO - Updated metadata for Expected_departures.xml
2025-10-29 22:15:47,347 - vessel_data_pipeline - INFO - Successfully downloaded and validated Expected_departures.xml
2025-10-29 22:15:49,352 - vessel_data_pipeline - INFO - Fetch operation completed. Results: {'Arrived_in_last_36_hours.xml': True, 'Departed_in_last_36_hours.xml': True, 'Expected_arrivals.xml': True, 'Expected_departures.xml': True}
2025-10-29 22:15:49,358 - vessel_data_pipeline - INFO - VesselDataFetcher initialized. Pipeline enabled: True
2025-10-29 22:15:49,359 - vessel_data_pipeline - INFO - Starting vessel data fetch operation
2025-10-29 22:15:49,359 - vessel_data_pipeline - INFO - Discovering XML files from Hong Kong Marine Department portal
2025-10-29 22:15:49,649 - vessel_data_pipeline - INFO - Verified access to Arrived_in_last_36_hours.xml
2025-10-29 22:15:50,319 - vessel_data_pipeline - INFO - Verified access to Departed_in_last_36_hours.xml
2025-10-29 22:15:50,578 - vessel_data_pipeline - INFO - Verified access to Expected_arrivals.xml
2025-10-29 22:15:50,866 - vessel_data_pipeline - INFO - Verified access to Expected_departures.xml
2025-10-29 22:15:50,866 - vessel_data_pipeline - INFO - Discovered 4 XML files for download
2025-10-29 22:15:50,866 - vessel_data_pipeline - INFO - Downloading Arrived_in_last_36_hours.xml (attempt 1/3)
2025-10-29 22:15:51,155 - vessel_data_pipeline - INFO - File temp_Arrived_in_last_36_hours.xml passed validation checks
2025-10-29 22:15:51,157 - vessel_data_pipeline - INFO - Created backup: Arrived_in_last_36_hours_20251029_221551.xml
2025-10-29 22:15:51,157 - vessel_data_pipeline - INFO - Updated metadata for Arrived_in_last_36_hours.xml
2025-10-29 22:15:51,158 - vessel_data_pipeline - INFO - Successfully downloaded and validated Arrived_in_last_36_hours.xml
2025-10-29 22:15:53,163 - vessel_data_pipeline - INFO - Downloading Departed_in_last_36_hours.xml (attempt 1/3)
2025-10-29 22:15:53,923 - vessel_data_pipeline - INFO - File temp_Departed_in_last_36_hours.xml passed validation checks
2025-10-29 22:15:53,924 - vessel_data_pipeline - INFO - Created backup: Departed_in_last_36_hours_20251029_221553.xml
2025-10-29 22:15:53,925 - vessel_data_pipeline - INFO - Updated metadata for Departed_in_last_36_hours.xml
2025-10-29 22:15:53,925 - vessel_data_pipeline - INFO - Successfully downloaded and validated Departed_in_last_36_hours.xml
2025-10-29 22:15:55,930 - vessel_data_pipeline - INFO - Downloading Expected_arrivals.xml (attempt 1/3)
2025-10-29 22:15:56,642 - vessel_data_pipeline - INFO - File temp_Expected_arrivals.xml passed validation checks
2025-10-29 22:15:56,644 - vessel_data_pipeline - INFO - Created backup: Expected_arrivals_20251029_221556.xml
2025-10-29 22:15:56,644 - vessel_data_pipeline - INFO - Updated metadata for Expected_arrivals.xml
2025-10-29 22:15:56,644 - vessel_data_pipeline - INFO - Successfully downloaded and validated Expected_arrivals.xml
2025-10-29 22:15:58,653 - vessel_data_pipeline - INFO - Downloading Expected_departures.xml (attempt 1/3)
2025-10-29 22:15:58,941 - vessel_data_pipeline - INFO - File temp_Expected_departures.xml passed validation checks
2025-10-29 22:15:58,942 - vessel_data_pipeline - INFO - Created backup: Expected_departures_20251029_221558.xml
2025-10-29 22:15:58,942 - vessel_data_pipeline - INFO - Updated metadata for Expected_departures.xml
2025-10-29 22:15:58,942 - vessel_data_pipeline - INFO - Successfully downloaded and validated Expected_departures.xml
2025-10-29 22:16:00,947 - vessel_data_pipeline - INFO - Fetch operation completed. Results: {'Arrived_in_last_36_hours.xml': True, 'Departed_in_last_36_hours.xml': True, 'Expected_arrivals.xml': True, 'Expected_departures.xml': True}
2025-10-29 22:16:02,166 - vessel_data_pipeline - INFO - VesselDataFetcher initialized. Pipeline enabled: True
2025-10-29 22:16:02,168 - vessel_data_pipeline - INFO - VesselDataFetcher initialized. Pipeline enabled: True
2025-10-29 22:16:02,168 - vessel_data_pipeline - INFO - Starting vessel data fetch operation
2025-10-29 22:16:02,168 - vessel_data_pipeline - INFO - Discovering XML files from Hong Kong Marine Department portal
2025-10-29 22:16:02,631 - vessel_data_pipeline - INFO - Verified access to Arrived_in_last_36_hours.xml
2025-10-29 22:16:03,144 - vessel_data_pipeline - INFO - Verified access to Departed_in_last_36_hours.xml
2025-10-29 22:16:03,640 - vessel_data_pipeline - INFO - Verified access to Expected_arrivals.xml
2025-10-29 22:16:04,160 - vessel_data_pipeline - INFO - Verified access to Expected_departures.xml
2025-10-29 22:16:04,161 - vessel_data_pipeline - INFO - Discovered 4 XML files for download
2025-10-29 22:16:04,161 - vessel_data_pipeline - INFO - Downloading Arrived_in_last_36_hours.xml (attempt 1/3)
2025-10-29 22:16:04,465 - vessel_data_pipeline - INFO - File temp_Arrived_in_last_36_hours.xml passed validation checks
2025-10-29 22:16:04,466 - vessel_data_pipeline - INFO - Created backup: Arrived_in_last_36_hours_20251029_221604.xml
2025-10-29 22:16:04,467 - vessel_data_pipeline - INFO - Updated metadata for Arrived_in_last_36_hours.xml
2025-10-29 22:16:04,467 - vessel_data_pipeline - INFO - Successfully downloaded and validated Arrived_in_last_36_hours.xml
2025-10-29 22:16:06,472 - vessel_data_pipeline - INFO - Downloading Departed_in_last_36_hours.xml (attempt 1/3)
2025-10-29 22:16:07,030 - vessel_data_pipeline - INFO - File temp_Departed_in_last_36_hours.xml passed validation checks
2025-10-29 22:16:07,031 - vessel_data_pipeline - INFO - Created backup: Departed_in_last_36_hours_20251029_221607.xml
2025-10-29 22:16:07,031 - vessel_data_pipeline - INFO - Updated metadata for Departed_in_last_36_hours.xml
2025-10-29 22:16:07,031 - vessel_data_pipeline - INFO - Successfully downloaded and validated Departed_in_last_36_hours.xml
2025-10-29 22:16:09,033 - vessel_data_pipeline - INFO - Downloading Expected_arrivals.xml (attempt 1/3)
2025-10-29 22:16:09,512 - vessel_data_pipeline - INFO - File temp_Expected_arrivals.xml passed validation checks
2025-10-29 22:16:09,513 - vessel_data_pipeline - INFO - Created backup: Expected_arrivals_20251029_221609.xml
2025-10-29 22:16:09,513 - vessel_data_pipeline - INFO - Updated metadata for Expected_arrivals.xml
2025-10-29 22:16:09,513 - vessel_data_pipeline - INFO - Successfully downloaded and validated Expected_arrivals.xml
2025-10-29 22:16:11,518 - vessel_data_pipeline - INFO - Downloading Expected_departures.xml (attempt 1/3)
2025-10-29 22:16:11,810 - vessel_data_pipeline - INFO - File temp_Expected_departures.xml passed validation checks
2025-10-29 22:16:11,810 - vessel_data_pipeline - INFO - Created backup: Expected_departures_20251029_221611.xml
2025-10-29 22:16:11,810 - vessel_data_pipeline - INFO - Updated metadata for Expected_departures.xml
2025-10-29 22:16:11,810 - vessel_data_pipeline - INFO - Successfully downloaded and validated Expected_departures.xml
2025-10-29 22:16:13,816 - vessel_data_pipeline - INFO - Fetch operation completed. Results: {'Arrived_in_last_36_hours.xml': True, 'Departed_in_last_36_hours.xml': True, 'Expected_arrivals.xml': True, 'Expected_departures.xml': True}
2025-10-29 22:16:58,063 - vessel_data_pipeline - INFO - VesselDataFetcher initialized. Pipeline enabled: True
2025-10-29 22:16:58,064 - vessel_data_pipeline - INFO - Starting vessel data fetch operation
2025-10-29 22:16:58,064 - vessel_data_pipeline - INFO - Discovering XML files from Hong Kong Marine Department portal
2025-10-29 22:16:58,503 - vessel_data_pipeline - INFO - Verified access to Arrived_in_last_36_hours.xml
2025-10-29 22:16:59,191 - vessel_data_pipeline - INFO - Verified access to Departed_in_last_36_hours.xml
2025-10-29 22:16:59,454 - vessel_data_pipeline - INFO - Verified access to Expected_arrivals.xml
2025-10-29 22:16:59,742 - vessel_data_pipeline - INFO - Verified access to Expected_departures.xml
2025-10-29 22:16:59,742 - vessel_data_pipeline - INFO - Discovered 4 XML files for download
2025-10-29 22:16:59,742 - vessel_data_pipeline - INFO - Downloading Arrived_in_last_36_hours.xml (attempt 1/3)
2025-10-29 22:17:00,236 - vessel_data_pipeline - INFO - File temp_Arrived_in_last_36_hours.xml passed validation checks
2025-10-29 22:17:00,238 - vessel_data_pipeline - INFO - Created backup: Arrived_in_last_36_hours_20251029_221700.xml
2025-10-29 22:17:00,238 - vessel_data_pipeline - INFO - Updated metadata for Arrived_in_last_36_hours.xml
2025-10-29 22:17:00,239 - vessel_data_pipeline - INFO - Successfully downloaded and validated Arrived_in_last_36_hours.xml
2025-10-29 22:17:02,244 - vessel_data_pipeline - INFO - Downloading Departed_in_last_36_hours.xml (attempt 1/3)
2025-10-29 22:17:02,550 - vessel_data_pipeline - INFO - File temp_Departed_in_last_36_hours.xml passed validation checks
2025-10-29 22:17:02,551 - vessel_data_pipeline - INFO - Created backup: Departed_in_last_36_hours_20251029_221702.xml
2025-10-29 22:17:02,551 - vessel_data_pipeline - INFO - Updated metadata for Departed_in_last_36_hours.xml
2025-10-29 22:17:02,551 - vessel_data_pipeline - INFO - Successfully downloaded and validated Departed_in_last_36_hours.xml
2025-10-29 22:17:04,556 - vessel_data_pipeline - INFO - Downloading Expected_arrivals.xml (attempt 1/3)
2025-10-29 22:17:04,844 - vessel_data_pipeline - INFO - File temp_Expected_arrivals.xml passed validation checks
2025-10-29 22:17:04,845 - vessel_data_pipeline - INFO - Created backup: Expected_arrivals_20251029_221704.xml
2025-10-29 22:17:04,845 - vessel_data_pipeline - INFO - Updated metadata for Expected_arrivals.xml
2025-10-29 22:17:04,845 - vessel_data_pipeline - INFO - Successfully downloaded and validated Expected_arrivals.xml
2025-10-29 22:17:06,851 - vessel_data_pipeline - INFO - Downloading Expected_departures.xml (attempt 1/3)
2025-10-29 22:17:07,539 - vessel_data_pipeline - INFO - File temp_Expected_departures.xml passed validation checks
2025-10-29 22:17:07,540 - vessel_data_pipeline - INFO - Created backup: Expected_departures_20251029_221707.xml
2025-10-29 22:17:07,541 - vessel_data_pipeline - INFO - Updated metadata for Expected_departures.xml
2025-10-29 22:17:07,541 - vessel_data_pipeline - INFO - Successfully downloaded and validated Expected_departures.xml
2025-10-29 22:17:09,544 - vessel_data_pipeline - INFO - Fetch operation completed. Results: {'Arrived_in_last_36_hours.xml': True, 'Departed_in_last_36_hours.xml': True, 'Expected_arrivals.xml': True, 'Expected_departures.xml': True}
2025-10-29 22:17:09,904 - vessel_data_pipeline - INFO - VesselDataFetcher initialized. Pipeline enabled: True
2025-10-29 22:17:09,905 - vessel_data_pipeline - INFO - Starting vessel data fetch operation
2025-10-29 22:17:09,905 - vessel_data_pipeline - INFO - Discovering XML files from Hong Kong Marine Department portal
2025-10-29 22:17:10,799 - vessel_data_pipeline - INFO - Verified access to Arrived_in_last_36_hours.xml
2025-10-29 22:17:11,726 - vessel_data_pipeline - INFO - Verified access to Departed_in_last_36_hours.xml
2025-10-29 22:17:12,221 - vessel_data_pipeline - INFO - Verified access to Expected_arrivals.xml
2025-10-29 22:17:12,495 - vessel_data_pipeline - INFO - Verified access to Expected_departures.xml
2025-10-29 22:17:12,495 - vessel_data_pipeline - INFO - Discovered 4 XML files for download
2025-10-29 22:17:12,495 - vessel_data_pipeline - INFO - Downloading Arrived_in_last_36_hours.xml (attempt 1/3)
2025-10-29 22:17:12,781 - vessel_data_pipeline - INFO - File temp_Arrived_in_last_36_hours.xml passed validation checks
2025-10-29 22:17:12,783 - vessel_data_pipeline - INFO - Created backup: Arrived_in_last_36_hours_20251029_221712.xml
2025-10-29 22:17:12,785 - vessel_data_pipeline - INFO - Updated metadata for Arrived_in_last_36_hours.xml
2025-10-29 22:17:12,785 - vessel_data_pipeline - INFO - Successfully downloaded and validated Arrived_in_last_36_hours.xml
2025-10-29 22:17:14,790 - vessel_data_pipeline - INFO - Downloading Departed_in_last_36_hours.xml (attempt 1/3)
2025-10-29 22:17:15,562 - vessel_data_pipeline - INFO - File temp_Departed_in_last_36_hours.xml passed validation checks
2025-10-29 22:17:15,562 - vessel_data_pipeline - INFO - Created backup: Departed_in_last_36_hours_20251029_221715.xml
2025-10-29 22:17:15,563 - vessel_data_pipeline - INFO - Updated metadata for Departed_in_last_36_hours.xml
2025-10-29 22:17:15,563 - vessel_data_pipeline - INFO - Successfully downloaded and validated Departed_in_last_36_hours.xml
2025-10-29 22:17:17,566 - vessel_data_pipeline - INFO - Downloading Expected_arrivals.xml (attempt 1/3)
2025-10-29 22:17:17,878 - vessel_data_pipeline - INFO - File temp_Expected_arrivals.xml passed validation checks
2025-10-29 22:17:17,878 - vessel_data_pipeline - INFO - Created backup: Expected_arrivals_20251029_221717.xml
2025-10-29 22:17:17,878 - vessel_data_pipeline - INFO - Updated metadata for Expected_arrivals.xml
2025-10-29 22:17:17,878 - vessel_data_pipeline - INFO - Successfully downloaded and validated Expected_arrivals.xml
2025-10-29 22:17:19,883 - vessel_data_pipeline - INFO - Downloading Expected_departures.xml (attempt 1/3)
2025-10-29 22:17:20,156 - vessel_data_pipeline - INFO - File temp_Expected_departures.xml passed validation checks
2025-10-29 22:17:20,157 - vessel_data_pipeline - INFO - Created backup: Expected_departures_20251029_221720.xml
2025-10-29 22:17:20,157 - vessel_data_pipeline - INFO - Updated metadata for Expected_departures.xml
2025-10-29 22:17:20,157 - vessel_data_pipeline - INFO - Successfully downloaded and validated Expected_departures.xml
2025-10-29 22:17:22,162 - vessel_data_pipeline - INFO - Fetch operation completed. Results: {'Arrived_in_last_36_hours.xml': True, 'Departed_in_last_36_hours.xml': True, 'Expected_arrivals.xml': True, 'Expected_departures.xml': True}
2025-10-29 22:17:22,173 - vessel_data_pipeline - INFO - VesselDataFetcher initialized. Pipeline enabled: True
2025-10-29 22:17:22,180 - vessel_data_pipeline - INFO - Starting vessel data fetch operation
2025-10-29 22:17:22,180 - vessel_data_pipeline - INFO - Discovering XML files from Hong Kong Marine Department portal
2025-10-29 22:17:22,656 - vessel_data_pipeline - INFO - Verified access to Arrived_in_last_36_hours.xml
2025-10-29 22:17:22,695 - vessel_data_pipeline - INFO - Verified access to Departed_in_last_36_hours.xml
2025-10-29 22:17:23,003 - vessel_data_pipeline - INFO - Verified access to Expected_arrivals.xml
2025-10-29 22:17:23,460 - vessel_data_pipeline - INFO - Verified access to Expected_departures.xml
2025-10-29 22:17:23,460 - vessel_data_pipeline - INFO - Discovered 4 XML files for download
2025-10-29 22:17:23,460 - vessel_data_pipeline - INFO - Downloading Arrived_in_last_36_hours.xml (attempt 1/3)
2025-10-29 22:17:23,957 - vessel_data_pipeline - INFO - File temp_Arrived_in_last_36_hours.xml passed validation checks
2025-10-29 22:17:23,958 - vessel_data_pipeline - INFO - Created backup: Arrived_in_last_36_hours_20251029_221723.xml
2025-10-29 22:17:23,960 - vessel_data_pipeline - INFO - Updated metadata for Arrived_in_last_36_hours.xml
2025-10-29 22:17:23,960 - vessel_data_pipeline - INFO - Successfully downloaded and validated Arrived_in_last_36_hours.xml
2025-10-29 22:17:25,965 - vessel_data_pipeline - INFO - Downloading Departed_in_last_36_hours.xml (attempt 1/3)
2025-10-29 22:17:26,653 - vessel_data_pipeline - INFO - File temp_Departed_in_last_36_hours.xml passed validation checks
2025-10-29 22:17:26,653 - vessel_data_pipeline - INFO - Created backup: Departed_in_last_36_hours_20251029_221726.xml
2025-10-29 22:17:26,654 - vessel_data_pipeline - INFO - Updated metadata for Departed_in_last_36_hours.xml
2025-10-29 22:17:26,654 - vessel_data_pipeline - INFO - Successfully downloaded and validated Departed_in_last_36_hours.xml
2025-10-29 22:17:28,655 - vessel_data_pipeline - INFO - Downloading Expected_arrivals.xml (attempt 1/3)
2025-10-29 22:17:28,971 - vessel_data_pipeline - INFO - File temp_Expected_arrivals.xml passed validation checks
2025-10-29 22:17:28,971 - vessel_data_pipeline - INFO - Created backup: Expected_arrivals_20251029_221728.xml
2025-10-29 22:17:28,971 - vessel_data_pipeline - INFO - Updated metadata for Expected_arrivals.xml
2025-10-29 22:17:28,971 - vessel_data_pipeline - INFO - Successfully downloaded and validated Expected_arrivals.xml
2025-10-29 22:17:30,978 - vessel_data_pipeline - INFO - Downloading Expected_departures.xml (attempt 1/3)
2025-10-29 22:17:31,037 - vessel_data_pipeline - INFO - File temp_Expected_departures.xml passed validation checks
2025-10-29 22:17:31,038 - vessel_data_pipeline - INFO - Created backup: Expected_departures_20251029_221731.xml
2025-10-29 22:17:31,038 - vessel_data_pipeline - INFO - Updated metadata for Expected_departures.xml
2025-10-29 22:17:31,038 - vessel_data_pipeline - INFO - Successfully downloaded and validated Expected_departures.xml
2025-10-29 22:17:33,043 - vessel_data_pipeline - INFO - Fetch operation completed. Results: {'Arrived_in_last_36_hours.xml': True, 'Departed_in_last_36_hours.xml': True, 'Expected_arrivals.xml': True, 'Expected_departures.xml': True}
2025-10-29 22:17:35,983 - vessel_data_pipeline - INFO - VesselDataFetcher initialized. Pipeline enabled: True
2025-10-29 22:17:35,983 - vessel_data_pipeline - INFO - Starting vessel data fetch operation
2025-10-29 22:17:35,983 - vessel_data_pipeline - INFO - Discovering XML files from Hong Kong Marine Department portal
2025-10-29 22:17:36,919 - vessel_data_pipeline - INFO - Verified access to Arrived_in_last_36_hours.xml
2025-10-29 22:17:37,612 - vessel_data_pipeline - INFO - Verified access to Departed_in_last_36_hours.xml
2025-10-29 22:17:37,872 - vessel_data_pipeline - INFO - Verified access to Expected_arrivals.xml
2025-10-29 22:17:38,140 - vessel_data_pipeline - INFO - Verified access to Expected_departures.xml
2025-10-29 22:17:38,141 - vessel_data_pipeline - INFO - Discovered 4 XML files for download
2025-10-29 22:17:38,141 - vessel_data_pipeline - INFO - Downloading Arrived_in_last_36_hours.xml (attempt 1/3)
2025-10-29 22:17:42,374 - vessel_data_pipeline - INFO - VesselDataFetcher initialized. Pipeline enabled: True
2025-10-29 22:17:42,374 - vessel_data_pipeline - INFO - Starting vessel data fetch operation
2025-10-29 22:17:42,374 - vessel_data_pipeline - INFO - Discovering XML files from Hong Kong Marine Department portal
2025-10-29 22:17:43,015 - vessel_data_pipeline - INFO - Verified access to Arrived_in_last_36_hours.xml
2025-10-29 22:17:43,690 - vessel_data_pipeline - INFO - Verified access to Departed_in_last_36_hours.xml
2025-10-29 22:17:44,199 - vessel_data_pipeline - INFO - Verified access to Expected_arrivals.xml
2025-10-29 22:17:44,474 - vessel_data_pipeline - INFO - Verified access to Expected_departures.xml
2025-10-29 22:17:44,474 - vessel_data_pipeline - INFO - Discovered 4 XML files for download
2025-10-29 22:17:44,474 - vessel_data_pipeline - INFO - Downloading Arrived_in_last_36_hours.xml (attempt 1/3)
2025-10-29 22:17:44,851 - vessel_data_pipeline - INFO - File temp_Arrived_in_last_36_hours.xml passed validation checks
2025-10-29 22:17:44,852 - vessel_data_pipeline - INFO - Created backup: Arrived_in_last_36_hours_20251029_221744.xml
2025-10-29 22:17:44,853 - vessel_data_pipeline - INFO - Updated metadata for Arrived_in_last_36_hours.xml
2025-10-29 22:17:44,853 - vessel_data_pipeline - INFO - Successfully downloaded and validated Arrived_in_last_36_hours.xml
2025-10-29 22:17:46,858 - vessel_data_pipeline - INFO - Downloading Departed_in_last_36_hours.xml (attempt 1/3)
2025-10-29 22:17:47,579 - vessel_data_pipeline - INFO - File temp_Departed_in_last_36_hours.xml passed validation checks
2025-10-29 22:17:47,580 - vessel_data_pipeline - INFO - Created backup: Departed_in_last_36_hours_20251029_221747.xml
2025-10-29 22:17:47,580 - vessel_data_pipeline - INFO - Updated metadata for Departed_in_last_36_hours.xml
2025-10-29 22:17:47,580 - vessel_data_pipeline - INFO - Successfully downloaded and validated Departed_in_last_36_hours.xml
2025-10-29 22:17:49,583 - vessel_data_pipeline - INFO - Downloading Expected_arrivals.xml (attempt 1/3)
2025-10-29 22:17:50,713 - vessel_data_pipeline - INFO - File temp_Expected_arrivals.xml passed validation checks
2025-10-29 22:17:50,713 - vessel_data_pipeline - INFO - Created backup: Expected_arrivals_20251029_221750.xml
2025-10-29 22:17:50,713 - vessel_data_pipeline - INFO - Updated metadata for Expected_arrivals.xml
2025-10-29 22:17:50,714 - vessel_data_pipeline - INFO - Successfully downloaded and validated Expected_arrivals.xml
2025-10-29 22:17:52,719 - vessel_data_pipeline - INFO - Downloading Expected_departures.xml (attempt 1/3)
2025-10-29 22:17:53,242 - vessel_data_pipeline - INFO - File temp_Expected_departures.xml passed validation checks
2025-10-29 22:17:53,242 - vessel_data_pipeline - INFO - Created backup: Expected_departures_20251029_221753.xml
2025-10-29 22:17:53,243 - vessel_data_pipeline - INFO - Updated metadata for Expected_departures.xml
2025-10-29 22:17:53,243 - vessel_data_pipeline - INFO - Successfully downloaded and validated Expected_departures.xml
2025-10-29 22:17:55,244 - vessel_data_pipeline - INFO - Fetch operation completed. Results: {'Arrived_in_last_36_hours.xml': True, 'Departed_in_last_36_hours.xml': True, 'Expected_arrivals.xml': True, 'Expected_departures.xml': True}
2025-10-29 22:17:55,496 - vessel_data_pipeline - INFO - VesselDataFetcher initialized. Pipeline enabled: True
2025-10-29 22:17:55,497 - vessel_data_pipeline - INFO - Starting vessel data fetch operation
2025-10-29 22:17:55,497 - vessel_data_pipeline - INFO - Discovering XML files from Hong Kong Marine Department portal
2025-10-29 22:17:56,478 - vessel_data_pipeline - INFO - Verified access to Arrived_in_last_36_hours.xml
2025-10-29 22:17:56,942 - vessel_data_pipeline - INFO - Verified access to Departed_in_last_36_hours.xml
2025-10-29 22:17:57,449 - vessel_data_pipeline - INFO - Verified access to Expected_arrivals.xml
2025-10-29 22:17:57,936 - vessel_data_pipeline - INFO - Verified access to Expected_departures.xml
2025-10-29 22:17:57,936 - vessel_data_pipeline - INFO - Discovered 4 XML files for download
2025-10-29 22:17:57,936 - vessel_data_pipeline - INFO - Downloading Arrived_in_last_36_hours.xml (attempt 1/3)
2025-10-29 22:17:58,206 - vessel_data_pipeline - INFO - File temp_Arrived_in_last_36_hours.xml passed validation checks
2025-10-29 22:17:58,208 - vessel_data_pipeline - INFO - Created backup: Arrived_in_last_36_hours_20251029_221758.xml
2025-10-29 22:17:58,208 - vessel_data_pipeline - INFO - Updated metadata for Arrived_in_last_36_hours.xml
2025-10-29 22:17:58,208 - vessel_data_pipeline - INFO - Successfully downloaded and validated Arrived_in_last_36_hours.xml
2025-10-29 22:18:00,211 - vessel_data_pipeline - INFO - Downloading Departed_in_last_36_hours.xml (attempt 1/3)
2025-10-29 22:18:01,165 - vessel_data_pipeline - INFO - File temp_Departed_in_last_36_hours.xml passed validation checks
2025-10-29 22:18:01,166 - vessel_data_pipeline - INFO - Created backup: Departed_in_last_36_hours_20251029_221801.xml
2025-10-29 22:18:01,167 - vessel_data_pipeline - INFO - Updated metadata for Departed_in_last_36_hours.xml
2025-10-29 22:18:01,167 - vessel_data_pipeline - INFO - Successfully downloaded and validated Departed_in_last_36_hours.xml
2025-10-29 22:18:03,172 - vessel_data_pipeline - INFO - Downloading Expected_arrivals.xml (attempt 1/3)
2025-10-29 22:18:03,876 - vessel_data_pipeline - INFO - File temp_Expected_arrivals.xml passed validation checks
2025-10-29 22:18:03,876 - vessel_data_pipeline - INFO - Created backup: Expected_arrivals_20251029_221803.xml
2025-10-29 22:18:03,876 - vessel_data_pipeline - INFO - Updated metadata for Expected_arrivals.xml
2025-10-29 22:18:03,876 - vessel_data_pipeline - INFO - Successfully downloaded and validated Expected_arrivals.xml
2025-10-29 22:18:05,881 - vessel_data_pipeline - INFO - Downloading Expected_departures.xml (attempt 1/3)
2025-10-29 22:18:06,170 - vessel_data_pipeline - INFO - File temp_Expected_departures.xml passed validation checks
2025-10-29 22:18:06,170 - vessel_data_pipeline - INFO - Created backup: Expected_departures_20251029_221806.xml
2025-10-29 22:18:06,171 - vessel_data_pipeline - INFO - Updated metadata for Expected_departures.xml
2025-10-29 22:18:06,171 - vessel_data_pipeline - INFO - Successfully downloaded and validated Expected_departures.xml
2025-10-29 22:18:08,172 - vessel_data_pipeline - INFO - Fetch operation completed. Results: {'Arrived_in_last_36_hours.xml': True, 'Departed_in_last_36_hours.xml': True, 'Expected_arrivals.xml': True, 'Expected_departures.xml': True}
2025-10-29 22:18:08,182 - vessel_data_pipeline - INFO - VesselDataFetcher initialized. Pipeline enabled: True
2025-10-29 22:18:08,186 - vessel_data_pipeline - INFO - Starting vessel data fetch operation
2025-10-29 22:18:08,186 - vessel_data_pipeline - INFO - Discovering XML files from Hong Kong Marine Department portal
2025-10-29 22:18:08,294 - vessel_data_pipeline - INFO - Verified access to Arrived_in_last_36_hours.xml
2025-10-29 22:18:08,983 - vessel_data_pipeline - INFO - Verified access to Departed_in_last_36_hours.xml
2025-10-29 22:18:09,303 - vessel_data_pipeline - INFO - Verified access to Expected_arrivals.xml
2025-10-29 22:18:09,980 - vessel_data_pipeline - INFO - Verified access to Expected_departures.xml
2025-10-29 22:18:09,980 - vessel_data_pipeline - INFO - Discovered 4 XML files for download
2025-10-29 22:18:09,980 - vessel_data_pipeline - INFO - Downloading Arrived_in_last_36_hours.xml (attempt 1/3)
2025-10-29 22:18:10,271 - vessel_data_pipeline - INFO - File temp_Arrived_in_last_36_hours.xml passed validation checks
2025-10-29 22:18:10,272 - vessel_data_pipeline - INFO - Created backup: Arrived_in_last_36_hours_20251029_221810.xml
2025-10-29 22:18:10,273 - vessel_data_pipeline - INFO - Updated metadata for Arrived_in_last_36_hours.xml
2025-10-29 22:18:10,273 - vessel_data_pipeline - INFO - Successfully downloaded and validated Arrived_in_last_36_hours.xml
2025-10-29 22:18:12,278 - vessel_data_pipeline - INFO - Downloading Departed_in_last_36_hours.xml (attempt 1/3)
2025-10-29 22:18:13,004 - vessel_data_pipeline - INFO - File temp_Departed_in_last_36_hours.xml passed validation checks
2025-10-29 22:18:13,005 - vessel_data_pipeline - INFO - Created backup: Departed_in_last_36_hours_20251029_221813.xml
2025-10-29 22:18:13,005 - vessel_data_pipeline - INFO - Updated metadata for Departed_in_last_36_hours.xml
2025-10-29 22:18:13,005 - vessel_data_pipeline - INFO - Successfully downloaded and validated Departed_in_last_36_hours.xml
2025-10-29 22:18:15,007 - vessel_data_pipeline - INFO - Downloading Expected_arrivals.xml (attempt 1/3)
2025-10-29 22:18:15,982 - vessel_data_pipeline - INFO - File temp_Expected_arrivals.xml passed validation checks
2025-10-29 22:18:15,983 - vessel_data_pipeline - INFO - Created backup: Expected_arrivals_20251029_221815.xml
2025-10-29 22:18:15,983 - vessel_data_pipeline - INFO - Updated metadata for Expected_arrivals.xml
2025-10-29 22:18:15,983 - vessel_data_pipeline - INFO - Successfully downloaded and validated Expected_arrivals.xml
2025-10-29 22:18:17,988 - vessel_data_pipeline - INFO - Downloading Expected_departures.xml (attempt 1/3)
2025-10-29 22:18:18,254 - vessel_data_pipeline - INFO - File temp_Expected_departures.xml passed validation checks
2025-10-29 22:18:18,254 - vessel_data_pipeline - INFO - Created backup: Expected_departures_20251029_221818.xml
2025-10-29 22:18:18,254 - vessel_data_pipeline - INFO - Updated metadata for Expected_departures.xml
2025-10-29 22:18:18,254 - vessel_data_pipeline - INFO - Successfully downloaded and validated Expected_departures.xml
2025-10-29 22:18:20,256 - vessel_data_pipeline - INFO - Fetch operation completed. Results: {'Arrived_in_last_36_hours.xml': True, 'Departed_in_last_36_hours.xml': True, 'Expected_arrivals.xml': True, 'Expected_departures.xml': True}
2025-10-29 22:18:23,180 - vessel_data_pipeline - INFO - VesselDataFetcher initialized. Pipeline enabled: True
2025-10-29 22:18:23,181 - vessel_data_pipeline - INFO - Starting vessel data fetch operation
2025-10-29 22:18:23,181 - vessel_data_pipeline - INFO - Discovering XML files from Hong Kong Marine Department portal
2025-10-29 22:18:23,489 - vessel_data_pipeline - INFO - Verified access to Arrived_in_last_36_hours.xml
2025-10-29 22:18:24,624 - vessel_data_pipeline - INFO - Verified access to Departed_in_last_36_hours.xml
2025-10-29 22:18:25,105 - vessel_data_pipeline - INFO - Verified access to Expected_arrivals.xml
2025-10-29 22:18:25,599 - vessel_data_pipeline - INFO - Verified access to Expected_departures.xml
2025-10-29 22:18:25,599 - vessel_data_pipeline - INFO - Discovered 4 XML files for download
2025-10-29 22:18:25,600 - vessel_data_pipeline - INFO - Downloading Arrived_in_last_36_hours.xml (attempt 1/3)
2025-10-29 22:18:26,138 - vessel_data_pipeline - INFO - File temp_Arrived_in_last_36_hours.xml passed validation checks
2025-10-29 22:18:26,140 - vessel_data_pipeline - INFO - Created backup: Arrived_in_last_36_hours_20251029_221826.xml
2025-10-29 22:18:26,141 - vessel_data_pipeline - INFO - Updated metadata for Arrived_in_last_36_hours.xml
2025-10-29 22:18:26,141 - vessel_data_pipeline - INFO - Successfully downloaded and validated Arrived_in_last_36_hours.xml
2025-10-29 22:18:28,146 - vessel_data_pipeline - INFO - Downloading Departed_in_last_36_hours.xml (attempt 1/3)
2025-10-29 22:18:28,412 - vessel_data_pipeline - INFO - File temp_Departed_in_last_36_hours.xml passed validation checks
2025-10-29 22:18:28,412 - vessel_data_pipeline - INFO - Created backup: Departed_in_last_36_hours_20251029_221828.xml
2025-10-29 22:18:28,412 - vessel_data_pipeline - INFO - Updated metadata for Departed_in_last_36_hours.xml
2025-10-29 22:18:28,412 - vessel_data_pipeline - INFO - Successfully downloaded and validated Departed_in_last_36_hours.xml
2025-10-29 22:18:30,417 - vessel_data_pipeline - INFO - Downloading Expected_arrivals.xml (attempt 1/3)
2025-10-29 22:18:31,033 - vessel_data_pipeline - INFO - File temp_Expected_arrivals.xml passed validation checks
2025-10-29 22:18:31,033 - vessel_data_pipeline - INFO - Created backup: Expected_arrivals_20251029_221831.xml
2025-10-29 22:18:31,034 - vessel_data_pipeline - INFO - Updated metadata for Expected_arrivals.xml
2025-10-29 22:18:31,034 - vessel_data_pipeline - INFO - Successfully downloaded and validated Expected_arrivals.xml
2025-10-29 22:18:33,039 - vessel_data_pipeline - INFO - Downloading Expected_departures.xml (attempt 1/3)
2025-10-29 22:18:33,518 - vessel_data_pipeline - INFO - File temp_Expected_departures.xml passed validation checks
2025-10-29 22:18:33,519 - vessel_data_pipeline - INFO - Created backup: Expected_departures_20251029_221833.xml
2025-10-29 22:18:33,519 - vessel_data_pipeline - INFO - Updated metadata for Expected_departures.xml
2025-10-29 22:18:33,519 - vessel_data_pipeline - INFO - Successfully downloaded and validated Expected_departures.xml
2025-10-29 22:18:35,524 - vessel_data_pipeline - INFO - Fetch operation completed. Results: {'Arrived_in_last_36_hours.xml': True, 'Departed_in_last_36_hours.xml': True, 'Expected_arrivals.xml': True, 'Expected_departures.xml': True}
2025-10-29 22:18:35,529 - vessel_data_pipeline - INFO - VesselDataFetcher initialized. Pipeline enabled: True
2025-10-29 22:18:35,529 - vessel_data_pipeline - INFO - Starting vessel data fetch operation
2025-10-29 22:18:35,529 - vessel_data_pipeline - INFO - Discovering XML files from Hong Kong Marine Department portal
2025-10-29 22:18:35,940 - vessel_data_pipeline - INFO - Verified access to Arrived_in_last_36_hours.xml
2025-10-29 22:18:36,483 - vessel_data_pipeline - INFO - Verified access to Departed_in_last_36_hours.xml
2025-10-29 22:18:37,231 - vessel_data_pipeline - INFO - Verified access to Expected_arrivals.xml
2025-10-29 22:18:37,494 - vessel_data_pipeline - INFO - Verified access to Expected_departures.xml
2025-10-29 22:18:37,494 - vessel_data_pipeline - INFO - Discovered 4 XML files for download
2025-10-29 22:18:37,494 - vessel_data_pipeline - INFO - Downloading Arrived_in_last_36_hours.xml (attempt 1/3)
2025-10-29 22:18:37,979 - vessel_data_pipeline - INFO - File temp_Arrived_in_last_36_hours.xml passed validation checks
2025-10-29 22:18:37,981 - vessel_data_pipeline - INFO - Created backup: Arrived_in_last_36_hours_20251029_221837.xml
2025-10-29 22:18:37,981 - vessel_data_pipeline - INFO - Updated metadata for Arrived_in_last_36_hours.xml
2025-10-29 22:18:37,982 - vessel_data_pipeline - INFO - Successfully downloaded and validated Arrived_in_last_36_hours.xml
2025-10-29 22:18:39,987 - vessel_data_pipeline - INFO - Downloading Departed_in_last_36_hours.xml (attempt 1/3)
2025-10-29 22:18:40,670 - vessel_data_pipeline - INFO - File temp_Departed_in_last_36_hours.xml passed validation checks
2025-10-29 22:18:40,671 - vessel_data_pipeline - INFO - Created backup: Departed_in_last_36_hours_20251029_221840.xml
2025-10-29 22:18:40,671 - vessel_data_pipeline - INFO - Updated metadata for Departed_in_last_36_hours.xml
2025-10-29 22:18:40,672 - vessel_data_pipeline - INFO - Successfully downloaded and validated Departed_in_last_36_hours.xml
2025-10-29 22:18:42,673 - vessel_data_pipeline - INFO - Downloading Expected_arrivals.xml (attempt 1/3)
2025-10-29 22:18:43,249 - vessel_data_pipeline - INFO - File temp_Expected_arrivals.xml passed validation checks
2025-10-29 22:18:43,250 - vessel_data_pipeline - INFO - Created backup: Expected_arrivals_20251029_221843.xml
2025-10-29 22:18:43,250 - vessel_data_pipeline - INFO - Updated metadata for Expected_arrivals.xml
2025-10-29 22:18:43,250 - vessel_data_pipeline - INFO - Successfully downloaded and validated Expected_arrivals.xml
2025-10-29 22:18:45,255 - vessel_data_pipeline - INFO - Downloading Expected_departures.xml (attempt 1/3)
2025-10-29 22:18:45,304 - vessel_data_pipeline - INFO - File temp_Expected_departures.xml passed validation checks
2025-10-29 22:18:45,305 - vessel_data_pipeline - INFO - Created backup: Expected_departures_20251029_221845.xml
2025-10-29 22:18:45,305 - vessel_data_pipeline - INFO - Updated metadata for Expected_departures.xml
2025-10-29 22:18:45,305 - vessel_data_pipeline - INFO - Successfully downloaded and validated Expected_departures.xml
2025-10-29 22:18:47,310 - vessel_data_pipeline - INFO - Fetch operation completed. Results: {'Arrived_in_last_36_hours.xml': True, 'Departed_in_last_36_hours.xml': True, 'Expected_arrivals.xml': True, 'Expected_departures.xml': True}
2025-10-29 22:18:47,323 - vessel_data_pipeline - INFO - VesselDataFetcher initialized. Pipeline enabled: True
2025-10-29 22:18:47,323 - vessel_data_pipeline - INFO - Starting vessel data fetch operation
2025-10-29 22:18:47,323 - vessel_data_pipeline - INFO - Discovering XML files from Hong Kong Marine Department portal
2025-10-29 22:18:47,637 - vessel_data_pipeline - INFO - Verified access to Arrived_in_last_36_hours.xml
2025-10-29 22:18:48,428 - vessel_data_pipeline - INFO - Verified access to Departed_in_last_36_hours.xml
2025-10-29 22:18:48,693 - vessel_data_pipeline - INFO - Verified access to Expected_arrivals.xml
2025-10-29 22:18:49,240 - vessel_data_pipeline - INFO - Verified access to Expected_departures.xml
2025-10-29 22:18:49,241 - vessel_data_pipeline - INFO - Discovered 4 XML files for download
2025-10-29 22:18:49,241 - vessel_data_pipeline - INFO - Downloading Arrived_in_last_36_hours.xml (attempt 1/3)
2025-10-29 22:18:49,573 - vessel_data_pipeline - INFO - File temp_Arrived_in_last_36_hours.xml passed validation checks
2025-10-29 22:18:49,574 - vessel_data_pipeline - INFO - Created backup: Arrived_in_last_36_hours_20251029_221849.xml
2025-10-29 22:18:49,575 - vessel_data_pipeline - INFO - Updated metadata for Arrived_in_last_36_hours.xml
2025-10-29 22:18:49,575 - vessel_data_pipeline - INFO - Successfully downloaded and validated Arrived_in_last_36_hours.xml
2025-10-29 22:18:51,580 - vessel_data_pipeline - INFO - Downloading Departed_in_last_36_hours.xml (attempt 1/3)
2025-10-29 22:18:52,086 - vessel_data_pipeline - INFO - File temp_Departed_in_last_36_hours.xml passed validation checks
2025-10-29 22:18:52,087 - vessel_data_pipeline - INFO - Created backup: Departed_in_last_36_hours_20251029_221852.xml
2025-10-29 22:18:52,088 - vessel_data_pipeline - INFO - Updated metadata for Departed_in_last_36_hours.xml
2025-10-29 22:18:52,088 - vessel_data_pipeline - INFO - Successfully downloaded and validated Departed_in_last_36_hours.xml
2025-10-29 22:18:54,090 - vessel_data_pipeline - INFO - Downloading Expected_arrivals.xml (attempt 1/3)
2025-10-29 22:18:54,369 - vessel_data_pipeline - INFO - File temp_Expected_arrivals.xml passed validation checks
2025-10-29 22:18:54,369 - vessel_data_pipeline - INFO - Created backup: Expected_arrivals_20251029_221854.xml
2025-10-29 22:18:54,369 - vessel_data_pipeline - INFO - Updated metadata for Expected_arrivals.xml
2025-10-29 22:18:54,369 - vessel_data_pipeline - INFO - Successfully downloaded and validated Expected_arrivals.xml
2025-10-29 22:18:56,373 - vessel_data_pipeline - INFO - Downloading Expected_departures.xml (attempt 1/3)
2025-10-29 22:18:56,932 - vessel_data_pipeline - INFO - File temp_Expected_departures.xml passed validation checks
2025-10-29 22:18:56,933 - vessel_data_pipeline - INFO - Created backup: Expected_departures_20251029_221856.xml
2025-10-29 22:18:56,933 - vessel_data_pipeline - INFO - Updated metadata for Expected_departures.xml
2025-10-29 22:18:56,933 - vessel_data_pipeline - INFO - Successfully downloaded and validated Expected_departures.xml
2025-10-29 22:18:58,935 - vessel_data_pipeline - INFO - Fetch operation completed. Results: {'Arrived_in_last_36_hours.xml': True, 'Departed_in_last_36_hours.xml': True, 'Expected_arrivals.xml': True, 'Expected_departures.xml': True}
2025-10-29 22:18:58,941 - vessel_data_pipeline - INFO - VesselDataFetcher initialized. Pipeline enabled: True
2025-10-29 22:18:58,941 - vessel_data_pipeline - INFO - Starting vessel data fetch operation
2025-10-29 22:18:58,941 - vessel_data_pipeline - INFO - Discovering XML files from Hong Kong Marine Department portal
2025-10-29 22:18:59,230 - vessel_data_pipeline - INFO - Verified access to Arrived_in_last_36_hours.xml
2025-10-29 22:18:59,891 - vessel_data_pipeline - INFO - Verified access to Departed_in_last_36_hours.xml
2025-10-29 22:18:59,935 - vessel_data_pipeline - INFO - Verified access to Expected_arrivals.xml
2025-10-29 22:19:00,301 - vessel_data_pipeline - INFO - Verified access to Expected_departures.xml
2025-10-29 22:19:00,301 - vessel_data_pipeline - INFO - Discovered 4 XML files for download
2025-10-29 22:19:00,301 - vessel_data_pipeline - INFO - Downloading Arrived_in_last_36_hours.xml (attempt 1/3)
2025-10-29 22:19:00,782 - vessel_data_pipeline - INFO - File temp_Arrived_in_last_36_hours.xml passed validation checks
2025-10-29 22:19:00,784 - vessel_data_pipeline - INFO - Created backup: Arrived_in_last_36_hours_20251029_221900.xml
2025-10-29 22:19:00,785 - vessel_data_pipeline - INFO - Updated metadata for Arrived_in_last_36_hours.xml
2025-10-29 22:19:00,785 - vessel_data_pipeline - INFO - Successfully downloaded and validated Arrived_in_last_36_hours.xml
2025-10-29 22:19:02,790 - vessel_data_pipeline - INFO - Downloading Departed_in_last_36_hours.xml (attempt 1/3)
2025-10-29 22:19:03,524 - vessel_data_pipeline - INFO - File temp_Departed_in_last_36_hours.xml passed validation checks
2025-10-29 22:19:03,525 - vessel_data_pipeline - INFO - Created backup: Departed_in_last_36_hours_20251029_221903.xml
2025-10-29 22:19:03,525 - vessel_data_pipeline - INFO - Updated metadata for Departed_in_last_36_hours.xml
2025-10-29 22:19:03,526 - vessel_data_pipeline - INFO - Successfully downloaded and validated Departed_in_last_36_hours.xml
2025-10-29 22:19:05,529 - vessel_data_pipeline - INFO - Downloading Expected_arrivals.xml (attempt 1/3)
2025-10-29 22:19:05,810 - vessel_data_pipeline - INFO - File temp_Expected_arrivals.xml passed validation checks
2025-10-29 22:19:05,811 - vessel_data_pipeline - INFO - Created backup: Expected_arrivals_20251029_221905.xml
2025-10-29 22:19:05,811 - vessel_data_pipeline - INFO - Updated metadata for Expected_arrivals.xml
2025-10-29 22:19:05,811 - vessel_data_pipeline - INFO - Successfully downloaded and validated Expected_arrivals.xml
2025-10-29 22:19:07,813 - vessel_data_pipeline - INFO - Downloading Expected_departures.xml (attempt 1/3)
2025-10-29 22:19:08,329 - vessel_data_pipeline - INFO - File temp_Expected_departures.xml passed validation checks
2025-10-29 22:19:08,330 - vessel_data_pipeline - INFO - Created backup: Expected_departures_20251029_221908.xml
2025-10-29 22:19:08,330 - vessel_data_pipeline - INFO - Updated metadata for Expected_departures.xml
2025-10-29 22:19:08,330 - vessel_data_pipeline - INFO - Successfully downloaded and validated Expected_departures.xml
2025-10-29 22:19:10,336 - vessel_data_pipeline - INFO - Fetch operation completed. Results: {'Arrived_in_last_36_hours.xml': True, 'Departed_in_last_36_hours.xml': True, 'Expected_arrivals.xml': True, 'Expected_departures.xml': True}
2025-10-29 22:19:12,165 - vessel_data_pipeline - INFO - VesselDataFetcher initialized. Pipeline enabled: True
2025-10-29 22:19:12,166 - vessel_data_pipeline - INFO - VesselDataFetcher initialized. Pipeline enabled: True
2025-10-29 22:19:12,167 - vessel_data_pipeline - INFO - Starting vessel data fetch operation
2025-10-29 22:19:12,167 - vessel_data_pipeline - INFO - Discovering XML files from Hong Kong Marine Department portal
2025-10-29 22:19:12,395 - vessel_data_pipeline - INFO - Verified access to Arrived_in_last_36_hours.xml
2025-10-29 22:19:12,897 - vessel_data_pipeline - INFO - Verified access to Departed_in_last_36_hours.xml
2025-10-29 22:19:13,408 - vessel_data_pipeline - INFO - Verified access to Expected_arrivals.xml
2025-10-29 22:19:13,869 - vessel_data_pipeline - INFO - Verified access to Expected_departures.xml
2025-10-29 22:19:13,869 - vessel_data_pipeline - INFO - Discovered 4 XML files for download
2025-10-29 22:19:13,869 - vessel_data_pipeline - INFO - Downloading Arrived_in_last_36_hours.xml (attempt 1/3)
2025-10-29 22:19:14,569 - vessel_data_pipeline - INFO - File temp_Arrived_in_last_36_hours.xml passed validation checks
2025-10-29 22:19:14,571 - vessel_data_pipeline - INFO - Created backup: Arrived_in_last_36_hours_20251029_221914.xml
2025-10-29 22:19:14,572 - vessel_data_pipeline - INFO - Updated metadata for Arrived_in_last_36_hours.xml
2025-10-29 22:19:14,572 - vessel_data_pipeline - INFO - Successfully downloaded and validated Arrived_in_last_36_hours.xml
2025-10-29 22:19:16,578 - vessel_data_pipeline - INFO - Downloading Departed_in_last_36_hours.xml (attempt 1/3)
2025-10-29 22:19:17,492 - vessel_data_pipeline - INFO - File temp_Departed_in_last_36_hours.xml passed validation checks
2025-10-29 22:19:17,492 - vessel_data_pipeline - INFO - Created backup: Departed_in_last_36_hours_20251029_221917.xml
2025-10-29 22:19:17,492 - vessel_data_pipeline - INFO - Updated metadata for Departed_in_last_36_hours.xml
2025-10-29 22:19:17,492 - vessel_data_pipeline - INFO - Successfully downloaded and validated Departed_in_last_36_hours.xml
2025-10-29 22:19:19,497 - vessel_data_pipeline - INFO - Downloading Expected_arrivals.xml (attempt 1/3)
2025-10-29 22:19:19,759 - vessel_data_pipeline - INFO - File temp_Expected_arrivals.xml passed validation checks
2025-10-29 22:19:19,759 - vessel_data_pipeline - INFO - Created backup: Expected_arrivals_20251029_221919.xml
2025-10-29 22:19:19,759 - vessel_data_pipeline - INFO - Updated metadata for Expected_arrivals.xml
2025-10-29 22:19:19,759 - vessel_data_pipeline - INFO - Successfully downloaded and validated Expected_arrivals.xml
2025-10-29 22:19:21,763 - vessel_data_pipeline - INFO - Downloading Expected_departures.xml (attempt 1/3)
2025-10-29 22:19:22,302 - vessel_data_pipeline - INFO - File temp_Expected_departures.xml passed validation checks
2025-10-29 22:19:22,303 - vessel_data_pipeline - INFO - Created backup: Expected_departures_20251029_221922.xml
2025-10-29 22:19:22,303 - vessel_data_pipeline - INFO - Updated metadata for Expected_departures.xml
2025-10-29 22:19:22,303 - vessel_data_pipeline - INFO - Successfully downloaded and validated Expected_departures.xml
2025-10-29 22:19:24,309 - vessel_data_pipeline - INFO - Fetch operation completed. Results: {'Arrived_in_last_36_hours.xml': True, 'Departed_in_last_36_hours.xml': True, 'Expected_arrivals.xml': True, 'Expected_departures.xml': True}
2025-10-29 22:20:15,407 - vessel_data_pipeline - INFO - VesselDataFetcher initialized. Pipeline enabled: True
2025-10-29 22:20:15,408 - vessel_data_pipeline - INFO - Starting vessel data fetch operation
2025-10-29 22:20:15,408 - vessel_data_pipeline - INFO - Discovering XML files from Hong Kong Marine Department portal
2025-10-29 22:20:16,208 - vessel_data_pipeline - INFO - Verified access to Arrived_in_last_36_hours.xml
2025-10-29 22:20:17,946 - vessel_data_pipeline - INFO - Verified access to Departed_in_last_36_hours.xml
2025-10-29 22:20:18,759 - vessel_data_pipeline - INFO - Verified access to Expected_arrivals.xml
2025-10-29 22:20:19,355 - vessel_data_pipeline - INFO - Verified access to Expected_departures.xml
2025-10-29 22:20:19,356 - vessel_data_pipeline - INFO - Discovered 4 XML files for download
2025-10-29 22:20:19,356 - vessel_data_pipeline - INFO - Downloading Arrived_in_last_36_hours.xml (attempt 1/3)
2025-10-29 22:20:19,849 - vessel_data_pipeline - INFO - File temp_Arrived_in_last_36_hours.xml passed validation checks
2025-10-29 22:20:19,851 - vessel_data_pipeline - INFO - Created backup: Arrived_in_last_36_hours_20251029_222019.xml
2025-10-29 22:20:19,852 - vessel_data_pipeline - INFO - Updated metadata for Arrived_in_last_36_hours.xml
2025-10-29 22:20:19,853 - vessel_data_pipeline - INFO - Successfully downloaded and validated Arrived_in_last_36_hours.xml
2025-10-29 22:20:21,854 - vessel_data_pipeline - INFO - Downloading Departed_in_last_36_hours.xml (attempt 1/3)
2025-10-29 22:20:22,418 - vessel_data_pipeline - INFO - File temp_Departed_in_last_36_hours.xml passed validation checks
2025-10-29 22:20:22,419 - vessel_data_pipeline - INFO - Created backup: Departed_in_last_36_hours_20251029_222022.xml
2025-10-29 22:20:22,419 - vessel_data_pipeline - INFO - Updated metadata for Departed_in_last_36_hours.xml
2025-10-29 22:20:22,419 - vessel_data_pipeline - INFO - Successfully downloaded and validated Departed_in_last_36_hours.xml
2025-10-29 22:20:24,423 - vessel_data_pipeline - INFO - Downloading Expected_arrivals.xml (attempt 1/3)
2025-10-29 22:20:24,991 - vessel_data_pipeline - INFO - File temp_Expected_arrivals.xml passed validation checks
2025-10-29 22:20:24,992 - vessel_data_pipeline - INFO - Created backup: Expected_arrivals_20251029_222024.xml
2025-10-29 22:20:24,992 - vessel_data_pipeline - INFO - Updated metadata for Expected_arrivals.xml
2025-10-29 22:20:24,992 - vessel_data_pipeline - INFO - Successfully downloaded and validated Expected_arrivals.xml
2025-10-29 22:20:26,997 - vessel_data_pipeline - INFO - Downloading Expected_departures.xml (attempt 1/3)
2025-10-29 22:20:27,487 - vessel_data_pipeline - INFO - File temp_Expected_departures.xml passed validation checks
2025-10-29 22:20:27,488 - vessel_data_pipeline - INFO - Created backup: Expected_departures_20251029_222027.xml
2025-10-29 22:20:27,488 - vessel_data_pipeline - INFO - Updated metadata for Expected_departures.xml
2025-10-29 22:20:27,488 - vessel_data_pipeline - INFO - Successfully downloaded and validated Expected_departures.xml
2025-10-29 22:20:29,493 - vessel_data_pipeline - INFO - Fetch operation completed. Results: {'Arrived_in_last_36_hours.xml': True, 'Departed_in_last_36_hours.xml': True, 'Expected_arrivals.xml': True, 'Expected_departures.xml': True}
2025-10-29 22:20:29,760 - vessel_data_pipeline - INFO - VesselDataFetcher initialized. Pipeline enabled: True
2025-10-29 22:20:29,762 - vessel_data_pipeline - INFO - Starting vessel data fetch operation
2025-10-29 22:20:29,762 - vessel_data_pipeline - INFO - Discovering XML files from Hong Kong Marine Department portal
2025-10-29 22:20:30,289 - vessel_data_pipeline - INFO - Verified access to Arrived_in_last_36_hours.xml
2025-10-29 22:20:31,198 - vessel_data_pipeline - INFO - Verified access to Departed_in_last_36_hours.xml
2025-10-29 22:20:31,451 - vessel_data_pipeline - INFO - Verified access to Expected_arrivals.xml
2025-10-29 22:20:32,122 - vessel_data_pipeline - INFO - Verified access to Expected_departures.xml
2025-10-29 22:20:32,122 - vessel_data_pipeline - INFO - Discovered 4 XML files for download
2025-10-29 22:20:32,122 - vessel_data_pipeline - INFO - Downloading Arrived_in_last_36_hours.xml (attempt 1/3)
2025-10-29 22:20:32,639 - vessel_data_pipeline - INFO - File temp_Arrived_in_last_36_hours.xml passed validation checks
2025-10-29 22:20:32,641 - vessel_data_pipeline - INFO - Created backup: Arrived_in_last_36_hours_20251029_222032.xml
2025-10-29 22:20:32,645 - vessel_data_pipeline - INFO - Updated metadata for Arrived_in_last_36_hours.xml
2025-10-29 22:20:32,645 - vessel_data_pipeline - INFO - Successfully downloaded and validated Arrived_in_last_36_hours.xml
2025-10-29 22:20:34,649 - vessel_data_pipeline - INFO - Downloading Departed_in_last_36_hours.xml (attempt 1/3)
2025-10-29 22:20:35,764 - vessel_data_pipeline - INFO - File temp_Departed_in_last_36_hours.xml passed validation checks
2025-10-29 22:20:35,764 - vessel_data_pipeline - INFO - Created backup: Departed_in_last_36_hours_20251029_222035.xml
2025-10-29 22:20:35,765 - vessel_data_pipeline - INFO - Updated metadata for Departed_in_last_36_hours.xml
2025-10-29 22:20:35,765 - vessel_data_pipeline - INFO - Successfully downloaded and validated Departed_in_last_36_hours.xml
2025-10-29 22:20:37,768 - vessel_data_pipeline - INFO - Downloading Expected_arrivals.xml (attempt 1/3)
2025-10-29 22:20:38,250 - vessel_data_pipeline - INFO - File temp_Expected_arrivals.xml passed validation checks
2025-10-29 22:20:38,251 - vessel_data_pipeline - INFO - Created backup: Expected_arrivals_20251029_222038.xml
2025-10-29 22:20:38,251 - vessel_data_pipeline - INFO - Updated metadata for Expected_arrivals.xml
2025-10-29 22:20:38,251 - vessel_data_pipeline - INFO - Successfully downloaded and validated Expected_arrivals.xml
2025-10-29 22:20:40,256 - vessel_data_pipeline - INFO - Downloading Expected_departures.xml (attempt 1/3)
2025-10-29 22:20:40,777 - vessel_data_pipeline - INFO - File temp_Expected_departures.xml passed validation checks
2025-10-29 22:20:40,777 - vessel_data_pipeline - INFO - Created backup: Expected_departures_20251029_222040.xml
2025-10-29 22:20:40,777 - vessel_data_pipeline - INFO - Updated metadata for Expected_departures.xml
2025-10-29 22:20:40,777 - vessel_data_pipeline - INFO - Successfully downloaded and validated Expected_departures.xml
2025-10-29 22:20:42,781 - vessel_data_pipeline - INFO - Fetch operation completed. Results: {'Arrived_in_last_36_hours.xml': True, 'Departed_in_last_36_hours.xml': True, 'Expected_arrivals.xml': True, 'Expected_departures.xml': True}
2025-10-29 22:20:42,792 - vessel_data_pipeline - INFO - VesselDataFetcher initialized. Pipeline enabled: True
2025-10-29 22:20:42,796 - vessel_data_pipeline - INFO - Starting vessel data fetch operation
2025-10-29 22:20:42,796 - vessel_data_pipeline - INFO - Discovering XML files from Hong Kong Marine Department portal
2025-10-29 22:20:43,100 - vessel_data_pipeline - INFO - Verified access to Arrived_in_last_36_hours.xml
2025-10-29 22:20:43,911 - vessel_data_pipeline - INFO - Verified access to Departed_in_last_36_hours.xml
2025-10-29 22:20:44,385 - vessel_data_pipeline - INFO - Verified access to Expected_arrivals.xml
2025-10-29 22:20:45,120 - vessel_data_pipeline - INFO - Verified access to Expected_departures.xml
2025-10-29 22:20:45,120 - vessel_data_pipeline - INFO - Discovered 4 XML files for download
2025-10-29 22:20:45,120 - vessel_data_pipeline - INFO - Downloading Arrived_in_last_36_hours.xml (attempt 1/3)
2025-10-29 22:20:45,169 - vessel_data_pipeline - INFO - File temp_Arrived_in_last_36_hours.xml passed validation checks
2025-10-29 22:20:45,171 - vessel_data_pipeline - INFO - Created backup: Arrived_in_last_36_hours_20251029_222045.xml
2025-10-29 22:20:45,172 - vessel_data_pipeline - INFO - Updated metadata for Arrived_in_last_36_hours.xml
2025-10-29 22:20:45,172 - vessel_data_pipeline - INFO - Successfully downloaded and validated Arrived_in_last_36_hours.xml
2025-10-29 22:20:47,173 - vessel_data_pipeline - INFO - Downloading Departed_in_last_36_hours.xml (attempt 1/3)
2025-10-29 22:20:47,775 - vessel_data_pipeline - INFO - File temp_Departed_in_last_36_hours.xml passed validation checks
2025-10-29 22:20:47,776 - vessel_data_pipeline - INFO - Created backup: Departed_in_last_36_hours_20251029_222047.xml
2025-10-29 22:20:47,777 - vessel_data_pipeline - INFO - Updated metadata for Departed_in_last_36_hours.xml
2025-10-29 22:20:47,777 - vessel_data_pipeline - INFO - Successfully downloaded and validated Departed_in_last_36_hours.xml
2025-10-29 22:20:49,782 - vessel_data_pipeline - INFO - Downloading Expected_arrivals.xml (attempt 1/3)
2025-10-29 22:20:50,288 - vessel_data_pipeline - INFO - File temp_Expected_arrivals.xml passed validation checks
2025-10-29 22:20:50,289 - vessel_data_pipeline - INFO - Created backup: Expected_arrivals_20251029_222050.xml
2025-10-29 22:20:50,289 - vessel_data_pipeline - INFO - Updated metadata for Expected_arrivals.xml
2025-10-29 22:20:50,289 - vessel_data_pipeline - INFO - Successfully downloaded and validated Expected_arrivals.xml
2025-10-29 22:20:52,290 - vessel_data_pipeline - INFO - Downloading Expected_departures.xml (attempt 1/3)
2025-10-29 22:20:52,341 - vessel_data_pipeline - INFO - File temp_Expected_departures.xml passed validation checks
2025-10-29 22:20:52,342 - vessel_data_pipeline - INFO - Created backup: Expected_departures_20251029_222052.xml
2025-10-29 22:20:52,342 - vessel_data_pipeline - INFO - Updated metadata for Expected_departures.xml
2025-10-29 22:20:52,342 - vessel_data_pipeline - INFO - Successfully downloaded and validated Expected_departures.xml
2025-10-29 22:20:54,347 - vessel_data_pipeline - INFO - Fetch operation completed. Results: {'Arrived_in_last_36_hours.xml': True, 'Departed_in_last_36_hours.xml': True, 'Expected_arrivals.xml': True, 'Expected_departures.xml': True}
2025-10-29 22:20:57,342 - vessel_data_pipeline - INFO - VesselDataFetcher initialized. Pipeline enabled: True
2025-10-29 22:20:57,343 - vessel_data_pipeline - INFO - Starting vessel data fetch operation
2025-10-29 22:20:57,343 - vessel_data_pipeline - INFO - Discovering XML files from Hong Kong Marine Department portal
2025-10-29 22:20:57,851 - vessel_data_pipeline - INFO - Verified access to Arrived_in_last_36_hours.xml
2025-10-29 22:20:58,565 - vessel_data_pipeline - INFO - Verified access to Departed_in_last_36_hours.xml
2025-10-29 22:20:58,860 - vessel_data_pipeline - INFO - Verified access to Expected_arrivals.xml
2025-10-29 22:20:59,121 - vessel_data_pipeline - INFO - Verified access to Expected_departures.xml
2025-10-29 22:20:59,122 - vessel_data_pipeline - INFO - Discovered 4 XML files for download
2025-10-29 22:20:59,122 - vessel_data_pipeline - INFO - Downloading Arrived_in_last_36_hours.xml (attempt 1/3)
2025-10-29 22:20:59,402 - vessel_data_pipeline - INFO - File temp_Arrived_in_last_36_hours.xml passed validation checks
2025-10-29 22:20:59,404 - vessel_data_pipeline - INFO - Created backup: Arrived_in_last_36_hours_20251029_222059.xml
2025-10-29 22:20:59,405 - vessel_data_pipeline - INFO - Updated metadata for Arrived_in_last_36_hours.xml
2025-10-29 22:20:59,405 - vessel_data_pipeline - INFO - Successfully downloaded and validated Arrived_in_last_36_hours.xml
2025-10-29 22:21:01,410 - vessel_data_pipeline - INFO - Downloading Departed_in_last_36_hours.xml (attempt 1/3)
2025-10-29 22:21:02,327 - vessel_data_pipeline - INFO - File temp_Departed_in_last_36_hours.xml passed validation checks
2025-10-29 22:21:02,327 - vessel_data_pipeline - INFO - Created backup: Departed_in_last_36_hours_20251029_222102.xml
2025-10-29 22:21:02,327 - vessel_data_pipeline - INFO - Updated metadata for Departed_in_last_36_hours.xml
2025-10-29 22:21:02,327 - vessel_data_pipeline - INFO - Successfully downloaded and validated Departed_in_last_36_hours.xml
2025-10-29 22:21:04,333 - vessel_data_pipeline - INFO - Downloading Expected_arrivals.xml (attempt 1/3)
2025-10-29 22:21:04,633 - vessel_data_pipeline - INFO - File temp_Expected_arrivals.xml passed validation checks
2025-10-29 22:21:04,634 - vessel_data_pipeline - INFO - Created backup: Expected_arrivals_20251029_222104.xml
2025-10-29 22:21:04,634 - vessel_data_pipeline - INFO - Updated metadata for Expected_arrivals.xml
2025-10-29 22:21:04,634 - vessel_data_pipeline - INFO - Successfully downloaded and validated Expected_arrivals.xml
2025-10-29 22:21:06,639 - vessel_data_pipeline - INFO - Downloading Expected_departures.xml (attempt 1/3)
2025-10-29 22:21:07,131 - vessel_data_pipeline - INFO - File temp_Expected_departures.xml passed validation checks
2025-10-29 22:21:07,131 - vessel_data_pipeline - INFO - Created backup: Expected_departures_20251029_222107.xml
2025-10-29 22:21:07,132 - vessel_data_pipeline - INFO - Updated metadata for Expected_departures.xml
2025-10-29 22:21:07,132 - vessel_data_pipeline - INFO - Successfully downloaded and validated Expected_departures.xml
2025-10-29 22:21:09,132 - vessel_data_pipeline - INFO - Fetch operation completed. Results: {'Arrived_in_last_36_hours.xml': True, 'Departed_in_last_36_hours.xml': True, 'Expected_arrivals.xml': True, 'Expected_departures.xml': True}
2025-10-29 22:21:09,136 - vessel_data_pipeline - INFO - VesselDataFetcher initialized. Pipeline enabled: True
2025-10-29 22:21:09,137 - vessel_data_pipeline - INFO - Starting vessel data fetch operation
2025-10-29 22:21:09,137 - vessel_data_pipeline - INFO - Discovering XML files from Hong Kong Marine Department portal
2025-10-29 22:21:09,834 - vessel_data_pipeline - INFO - Verified access to Arrived_in_last_36_hours.xml
2025-10-29 22:21:10,321 - vessel_data_pipeline - INFO - Verified access to Departed_in_last_36_hours.xml
2025-10-29 22:21:10,382 - vessel_data_pipeline - INFO - Verified access to Expected_arrivals.xml
2025-10-29 22:21:10,641 - vessel_data_pipeline - INFO - Verified access to Expected_departures.xml
2025-10-29 22:21:10,641 - vessel_data_pipeline - INFO - Discovered 4 XML files for download
2025-10-29 22:21:10,641 - vessel_data_pipeline - INFO - Downloading Arrived_in_last_36_hours.xml (attempt 1/3)
2025-10-29 22:21:10,909 - vessel_data_pipeline - INFO - File temp_Arrived_in_last_36_hours.xml passed validation checks
2025-10-29 22:21:10,910 - vessel_data_pipeline - INFO - Created backup: Arrived_in_last_36_hours_20251029_222110.xml
2025-10-29 22:21:10,910 - vessel_data_pipeline - INFO - Updated metadata for Arrived_in_last_36_hours.xml
2025-10-29 22:21:10,910 - vessel_data_pipeline - INFO - Successfully downloaded and validated Arrived_in_last_36_hours.xml
2025-10-29 22:21:12,913 - vessel_data_pipeline - INFO - Downloading Departed_in_last_36_hours.xml (attempt 1/3)
2025-10-29 22:21:13,649 - vessel_data_pipeline - INFO - File temp_Departed_in_last_36_hours.xml passed validation checks
2025-10-29 22:21:13,650 - vessel_data_pipeline - INFO - Created backup: Departed_in_last_36_hours_20251029_222113.xml
2025-10-29 22:21:13,650 - vessel_data_pipeline - INFO - Updated metadata for Departed_in_last_36_hours.xml
2025-10-29 22:21:13,650 - vessel_data_pipeline - INFO - Successfully downloaded and validated Departed_in_last_36_hours.xml
2025-10-29 22:21:15,653 - vessel_data_pipeline - INFO - Downloading Expected_arrivals.xml (attempt 1/3)
2025-10-29 22:21:16,266 - vessel_data_pipeline - INFO - File temp_Expected_arrivals.xml passed validation checks
2025-10-29 22:21:16,266 - vessel_data_pipeline - INFO - Created backup: Expected_arrivals_20251029_222116.xml
2025-10-29 22:21:16,267 - vessel_data_pipeline - INFO - Updated metadata for Expected_arrivals.xml
2025-10-29 22:21:16,267 - vessel_data_pipeline - INFO - Successfully downloaded and validated Expected_arrivals.xml
2025-10-29 22:21:18,267 - vessel_data_pipeline - INFO - Downloading Expected_departures.xml (attempt 1/3)
2025-10-29 22:21:18,537 - vessel_data_pipeline - INFO - File temp_Expected_departures.xml passed validation checks
2025-10-29 22:21:18,537 - vessel_data_pipeline - INFO - Created backup: Expected_departures_20251029_222118.xml
2025-10-29 22:21:18,537 - vessel_data_pipeline - INFO - Updated metadata for Expected_departures.xml
2025-10-29 22:21:18,537 - vessel_data_pipeline - INFO - Successfully downloaded and validated Expected_departures.xml
2025-10-29 22:21:20,540 - vessel_data_pipeline - INFO - Fetch operation completed. Results: {'Arrived_in_last_36_hours.xml': True, 'Departed_in_last_36_hours.xml': True, 'Expected_arrivals.xml': True, 'Expected_departures.xml': True}
2025-10-29 22:21:20,557 - vessel_data_pipeline - INFO - VesselDataFetcher initialized. Pipeline enabled: True
2025-10-29 22:21:20,558 - vessel_data_pipeline - INFO - Starting vessel data fetch operation
2025-10-29 22:21:20,558 - vessel_data_pipeline - INFO - Discovering XML files from Hong Kong Marine Department portal
2025-10-29 22:21:20,871 - vessel_data_pipeline - INFO - Verified access to Arrived_in_last_36_hours.xml
2025-10-29 22:21:21,136 - vessel_data_pipeline - INFO - Verified access to Departed_in_last_36_hours.xml
2025-10-29 22:21:21,617 - vessel_data_pipeline - INFO - Verified access to Expected_arrivals.xml
2025-10-29 22:21:21,891 - vessel_data_pipeline - INFO - Verified access to Expected_departures.xml
2025-10-29 22:21:21,891 - vessel_data_pipeline - INFO - Discovered 4 XML files for download
2025-10-29 22:21:21,892 - vessel_data_pipeline - INFO - Downloading Arrived_in_last_36_hours.xml (attempt 1/3)
2025-10-29 22:21:22,171 - vessel_data_pipeline - INFO - File temp_Arrived_in_last_36_hours.xml passed validation checks
2025-10-29 22:21:22,173 - vessel_data_pipeline - INFO - Created backup: Arrived_in_last_36_hours_20251029_222122.xml
2025-10-29 22:21:22,174 - vessel_data_pipeline - INFO - Updated metadata for Arrived_in_last_36_hours.xml
2025-10-29 22:21:22,174 - vessel_data_pipeline - INFO - Successfully downloaded and validated Arrived_in_last_36_hours.xml
2025-10-29 22:21:24,179 - vessel_data_pipeline - INFO - Downloading Departed_in_last_36_hours.xml (attempt 1/3)
2025-10-29 22:21:24,695 - vessel_data_pipeline - INFO - File temp_Departed_in_last_36_hours.xml passed validation checks
2025-10-29 22:21:24,696 - vessel_data_pipeline - INFO - Created backup: Departed_in_last_36_hours_20251029_222124.xml
2025-10-29 22:21:24,696 - vessel_data_pipeline - INFO - Updated metadata for Departed_in_last_36_hours.xml
2025-10-29 22:21:24,696 - vessel_data_pipeline - INFO - Successfully downloaded and validated Departed_in_last_36_hours.xml
2025-10-29 22:21:26,700 - vessel_data_pipeline - INFO - Downloading Expected_arrivals.xml (attempt 1/3)
2025-10-29 22:21:27,017 - vessel_data_pipeline - INFO - File temp_Expected_arrivals.xml passed validation checks
2025-10-29 22:21:27,021 - vessel_data_pipeline - INFO - Created backup: Expected_arrivals_20251029_222127.xml
2025-10-29 22:21:27,024 - vessel_data_pipeline - INFO - Updated metadata for Expected_arrivals.xml
2025-10-29 22:21:27,024 - vessel_data_pipeline - INFO - Successfully downloaded and validated Expected_arrivals.xml
2025-10-29 22:21:29,029 - vessel_data_pipeline - INFO - Downloading Expected_departures.xml (attempt 1/3)
2025-10-29 22:21:29,290 - vessel_data_pipeline - INFO - File temp_Expected_departures.xml passed validation checks
2025-10-29 22:21:29,290 - vessel_data_pipeline - INFO - Created backup: Expected_departures_20251029_222129.xml
2025-10-29 22:21:29,290 - vessel_data_pipeline - INFO - Updated metadata for Expected_departures.xml
2025-10-29 22:21:29,291 - vessel_data_pipeline - INFO - Successfully downloaded and validated Expected_departures.xml
2025-10-29 22:21:31,296 - vessel_data_pipeline - INFO - Fetch operation completed. Results: {'Arrived_in_last_36_hours.xml': True, 'Departed_in_last_36_hours.xml': True, 'Expected_arrivals.xml': True, 'Expected_departures.xml': True}
2025-10-29 22:21:31,301 - vessel_data_pipeline - INFO - VesselDataFetcher initialized. Pipeline enabled: True
2025-10-29 22:21:31,301 - vessel_data_pipeline - INFO - Starting vessel data fetch operation
2025-10-29 22:21:31,301 - vessel_data_pipeline - INFO - Discovering XML files from Hong Kong Marine Department portal
2025-10-29 22:21:31,758 - vessel_data_pipeline - INFO - Verified access to Arrived_in_last_36_hours.xml
2025-10-29 22:21:32,206 - vessel_data_pipeline - INFO - Verified access to Departed_in_last_36_hours.xml
2025-10-29 22:21:32,567 - vessel_data_pipeline - INFO - Verified access to Expected_arrivals.xml
2025-10-29 22:21:32,827 - vessel_data_pipeline - INFO - Verified access to Expected_departures.xml
2025-10-29 22:21:32,827 - vessel_data_pipeline - INFO - Discovered 4 XML files for download
2025-10-29 22:21:32,827 - vessel_data_pipeline - INFO - Downloading Arrived_in_last_36_hours.xml (attempt 1/3)
2025-10-29 22:21:33,305 - vessel_data_pipeline - INFO - File temp_Arrived_in_last_36_hours.xml passed validation checks
2025-10-29 22:21:33,306 - vessel_data_pipeline - INFO - Created backup: Arrived_in_last_36_hours_20251029_222133.xml
2025-10-29 22:21:33,307 - vessel_data_pipeline - INFO - Updated metadata for Arrived_in_last_36_hours.xml
2025-10-29 22:21:33,307 - vessel_data_pipeline - INFO - Successfully downloaded and validated Arrived_in_last_36_hours.xml
2025-10-29 22:21:35,312 - vessel_data_pipeline - INFO - Downloading Departed_in_last_36_hours.xml (attempt 1/3)
2025-10-29 22:21:35,614 - vessel_data_pipeline - INFO - File temp_Departed_in_last_36_hours.xml passed validation checks
2025-10-29 22:21:35,615 - vessel_data_pipeline - INFO - Created backup: Departed_in_last_36_hours_20251029_222135.xml
2025-10-29 22:21:35,615 - vessel_data_pipeline - INFO - Updated metadata for Departed_in_last_36_hours.xml
2025-10-29 22:21:35,615 - vessel_data_pipeline - INFO - Successfully downloaded and validated Departed_in_last_36_hours.xml
2025-10-29 22:21:37,615 - vessel_data_pipeline - INFO - Downloading Expected_arrivals.xml (attempt 1/3)
2025-10-29 22:21:38,305 - vessel_data_pipeline - INFO - File temp_Expected_arrivals.xml passed validation checks
2025-10-29 22:21:38,305 - vessel_data_pipeline - INFO - Created backup: Expected_arrivals_20251029_222138.xml
2025-10-29 22:21:38,306 - vessel_data_pipeline - INFO - Updated metadata for Expected_arrivals.xml
2025-10-29 22:21:38,306 - vessel_data_pipeline - INFO - Successfully downloaded and validated Expected_arrivals.xml
2025-10-29 22:21:40,311 - vessel_data_pipeline - INFO - Downloading Expected_departures.xml (attempt 1/3)
2025-10-29 22:21:40,573 - vessel_data_pipeline - INFO - File temp_Expected_departures.xml passed validation checks
2025-10-29 22:21:40,573 - vessel_data_pipeline - INFO - Created backup: Expected_departures_20251029_222140.xml
2025-10-29 22:21:40,573 - vessel_data_pipeline - INFO - Updated metadata for Expected_departures.xml
2025-10-29 22:21:40,573 - vessel_data_pipeline - INFO - Successfully downloaded and validated Expected_departures.xml
2025-10-29 22:21:42,574 - vessel_data_pipeline - INFO - Fetch operation completed. Results: {'Arrived_in_last_36_hours.xml': True, 'Departed_in_last_36_hours.xml': True, 'Expected_arrivals.xml': True, 'Expected_departures.xml': True}
2025-10-29 22:21:43,852 - vessel_data_pipeline - INFO - VesselDataFetcher initialized. Pipeline enabled: True
2025-10-29 22:21:43,853 - vessel_data_pipeline - INFO - VesselDataFetcher initialized. Pipeline enabled: True
2025-10-29 22:21:43,853 - vessel_data_pipeline - INFO - Starting vessel data fetch operation
2025-10-29 22:21:43,853 - vessel_data_pipeline - INFO - Discovering XML files from Hong Kong Marine Department portal
2025-10-29 22:21:44,528 - vessel_data_pipeline - INFO - Verified access to Arrived_in_last_36_hours.xml
2025-10-29 22:21:45,233 - vessel_data_pipeline - INFO - Verified access to Departed_in_last_36_hours.xml
2025-10-29 22:21:45,564 - vessel_data_pipeline - INFO - Verified access to Expected_arrivals.xml
2025-10-29 22:21:46,033 - vessel_data_pipeline - INFO - Verified access to Expected_departures.xml
2025-10-29 22:21:46,034 - vessel_data_pipeline - INFO - Discovered 4 XML files for download
2025-10-29 22:21:46,034 - vessel_data_pipeline - INFO - Downloading Arrived_in_last_36_hours.xml (attempt 1/3)
2025-10-29 22:21:46,408 - vessel_data_pipeline - INFO - File temp_Arrived_in_last_36_hours.xml passed validation checks
2025-10-29 22:21:46,409 - vessel_data_pipeline - INFO - Created backup: Arrived_in_last_36_hours_20251029_222146.xml
2025-10-29 22:21:46,410 - vessel_data_pipeline - INFO - Updated metadata for Arrived_in_last_36_hours.xml
2025-10-29 22:21:46,410 - vessel_data_pipeline - INFO - Successfully downloaded and validated Arrived_in_last_36_hours.xml
2025-10-29 22:21:48,414 - vessel_data_pipeline - INFO - Downloading Departed_in_last_36_hours.xml (attempt 1/3)
2025-10-29 22:21:49,769 - vessel_data_pipeline - INFO - File temp_Departed_in_last_36_hours.xml passed validation checks
2025-10-29 22:21:49,769 - vessel_data_pipeline - INFO - Created backup: Departed_in_last_36_hours_20251029_222149.xml
2025-10-29 22:21:49,770 - vessel_data_pipeline - INFO - Updated metadata for Departed_in_last_36_hours.xml
2025-10-29 22:21:49,770 - vessel_data_pipeline - INFO - Successfully downloaded and validated Departed_in_last_36_hours.xml
2025-10-29 22:21:51,772 - vessel_data_pipeline - INFO - Downloading Expected_arrivals.xml (attempt 1/3)
2025-10-29 22:21:52,464 - vessel_data_pipeline - INFO - File temp_Expected_arrivals.xml passed validation checks
2025-10-29 22:21:52,465 - vessel_data_pipeline - INFO - Created backup: Expected_arrivals_20251029_222152.xml
2025-10-29 22:21:52,465 - vessel_data_pipeline - INFO - Updated metadata for Expected_arrivals.xml
2025-10-29 22:21:52,465 - vessel_data_pipeline - INFO - Successfully downloaded and validated Expected_arrivals.xml
2025-10-29 22:21:54,468 - vessel_data_pipeline - INFO - Downloading Expected_departures.xml (attempt 1/3)
2025-10-29 22:21:55,003 - vessel_data_pipeline - INFO - File temp_Expected_departures.xml passed validation checks
2025-10-29 22:21:55,004 - vessel_data_pipeline - INFO - Created backup: Expected_departures_20251029_222155.xml
2025-10-29 22:21:55,006 - vessel_data_pipeline - INFO - Updated metadata for Expected_departures.xml
2025-10-29 22:21:55,006 - vessel_data_pipeline - INFO - Successfully downloaded and validated Expected_departures.xml
2025-10-29 22:21:57,008 - vessel_data_pipeline - INFO - Fetch operation completed. Results: {'Arrived_in_last_36_hours.xml': True, 'Departed_in_last_36_hours.xml': True, 'Expected_arrivals.xml': True, 'Expected_departures.xml': True}
2025-10-29 22:22:18,422 - vessel_data_pipeline - INFO - VesselDataFetcher initialized. Pipeline enabled: True
2025-10-29 22:22:18,423 - vessel_data_pipeline - INFO - Starting vessel data fetch operation
2025-10-29 22:22:18,423 - vessel_data_pipeline - INFO - Discovering XML files from Hong Kong Marine Department portal
2025-10-29 22:22:18,743 - vessel_data_pipeline - INFO - Verified access to Arrived_in_last_36_hours.xml
2025-10-29 22:22:19,699 - vessel_data_pipeline - INFO - Verified access to Departed_in_last_36_hours.xml
2025-10-29 22:22:19,975 - vessel_data_pipeline - INFO - Verified access to Expected_arrivals.xml
2025-10-29 22:22:20,021 - vessel_data_pipeline - INFO - Verified access to Expected_departures.xml
2025-10-29 22:22:20,021 - vessel_data_pipeline - INFO - Discovered 4 XML files for download
2025-10-29 22:22:20,022 - vessel_data_pipeline - INFO - Downloading Arrived_in_last_36_hours.xml (attempt 1/3)
2025-10-29 22:22:20,514 - vessel_data_pipeline - INFO - File temp_Arrived_in_last_36_hours.xml passed validation checks
2025-10-29 22:22:20,515 - vessel_data_pipeline - INFO - Created backup: Arrived_in_last_36_hours_20251029_222220.xml
2025-10-29 22:22:20,516 - vessel_data_pipeline - INFO - Updated metadata for Arrived_in_last_36_hours.xml
2025-10-29 22:22:20,516 - vessel_data_pipeline - INFO - Successfully downloaded and validated Arrived_in_last_36_hours.xml
2025-10-29 22:22:22,520 - vessel_data_pipeline - INFO - Downloading Departed_in_last_36_hours.xml (attempt 1/3)
2025-10-29 22:22:23,111 - vessel_data_pipeline - INFO - File temp_Departed_in_last_36_hours.xml passed validation checks
2025-10-29 22:22:23,112 - vessel_data_pipeline - INFO - Created backup: Departed_in_last_36_hours_20251029_222223.xml
2025-10-29 22:22:23,112 - vessel_data_pipeline - INFO - Updated metadata for Departed_in_last_36_hours.xml
2025-10-29 22:22:23,112 - vessel_data_pipeline - INFO - Successfully downloaded and validated Departed_in_last_36_hours.xml
2025-10-29 22:22:25,113 - vessel_data_pipeline - INFO - Downloading Expected_arrivals.xml (attempt 1/3)
2025-10-29 22:22:25,735 - vessel_data_pipeline - INFO - File temp_Expected_arrivals.xml passed validation checks
2025-10-29 22:22:25,736 - vessel_data_pipeline - INFO - Created backup: Expected_arrivals_20251029_222225.xml
2025-10-29 22:22:25,736 - vessel_data_pipeline - INFO - Updated metadata for Expected_arrivals.xml
2025-10-29 22:22:25,736 - vessel_data_pipeline - INFO - Successfully downloaded and validated Expected_arrivals.xml
2025-10-29 22:22:27,739 - vessel_data_pipeline - INFO - Downloading Expected_departures.xml (attempt 1/3)
2025-10-29 22:22:28,017 - vessel_data_pipeline - INFO - File temp_Expected_departures.xml passed validation checks
2025-10-29 22:22:28,018 - vessel_data_pipeline - INFO - Created backup: Expected_departures_20251029_222228.xml
2025-10-29 22:22:28,018 - vessel_data_pipeline - INFO - Updated metadata for Expected_departures.xml
2025-10-29 22:22:28,018 - vessel_data_pipeline - INFO - Successfully downloaded and validated Expected_departures.xml
2025-10-29 22:22:30,022 - vessel_data_pipeline - INFO - Fetch operation completed. Results: {'Arrived_in_last_36_hours.xml': True, 'Departed_in_last_36_hours.xml': True, 'Expected_arrivals.xml': True, 'Expected_departures.xml': True}
2025-10-29 22:22:30,287 - vessel_data_pipeline - INFO - VesselDataFetcher initialized. Pipeline enabled: True
2025-10-29 22:22:30,287 - vessel_data_pipeline - INFO - Starting vessel data fetch operation
2025-10-29 22:22:30,287 - vessel_data_pipeline - INFO - Discovering XML files from Hong Kong Marine Department portal
2025-10-29 22:22:30,681 - vessel_data_pipeline - INFO - Verified access to Arrived_in_last_36_hours.xml
2025-10-29 22:22:31,362 - vessel_data_pipeline - INFO - Verified access to Departed_in_last_36_hours.xml
2025-10-29 22:22:31,733 - vessel_data_pipeline - INFO - Verified access to Expected_arrivals.xml
2025-10-29 22:22:32,002 - vessel_data_pipeline - INFO - Verified access to Expected_departures.xml
2025-10-29 22:22:32,003 - vessel_data_pipeline - INFO - Discovered 4 XML files for download
2025-10-29 22:22:32,003 - vessel_data_pipeline - INFO - Downloading Arrived_in_last_36_hours.xml (attempt 1/3)
2025-10-29 22:22:32,291 - vessel_data_pipeline - INFO - File temp_Arrived_in_last_36_hours.xml passed validation checks
2025-10-29 22:22:32,292 - vessel_data_pipeline - INFO - Created backup: Arrived_in_last_36_hours_20251029_222232.xml
2025-10-29 22:22:32,293 - vessel_data_pipeline - INFO - Updated metadata for Arrived_in_last_36_hours.xml
2025-10-29 22:22:32,293 - vessel_data_pipeline - INFO - Successfully downloaded and validated Arrived_in_last_36_hours.xml
2025-10-29 22:22:34,298 - vessel_data_pipeline - INFO - Downloading Departed_in_last_36_hours.xml (attempt 1/3)
2025-10-29 22:22:35,224 - vessel_data_pipeline - INFO - File temp_Departed_in_last_36_hours.xml passed validation checks
2025-10-29 22:22:35,225 - vessel_data_pipeline - INFO - Created backup: Departed_in_last_36_hours_20251029_222235.xml
2025-10-29 22:22:35,226 - vessel_data_pipeline - INFO - Updated metadata for Departed_in_last_36_hours.xml
2025-10-29 22:22:35,226 - vessel_data_pipeline - INFO - Successfully downloaded and validated Departed_in_last_36_hours.xml
2025-10-29 22:22:37,231 - vessel_data_pipeline - INFO - Downloading Expected_arrivals.xml (attempt 1/3)
2025-10-29 22:22:37,398 - vessel_data_pipeline - INFO - File temp_Expected_arrivals.xml passed validation checks
2025-10-29 22:22:37,399 - vessel_data_pipeline - INFO - Created backup: Expected_arrivals_20251029_222237.xml
2025-10-29 22:22:37,399 - vessel_data_pipeline - INFO - Updated metadata for Expected_arrivals.xml
2025-10-29 22:22:37,399 - vessel_data_pipeline - INFO - Successfully downloaded and validated Expected_arrivals.xml
2025-10-29 22:22:39,404 - vessel_data_pipeline - INFO - Downloading Expected_departures.xml (attempt 1/3)
2025-10-29 22:22:39,665 - vessel_data_pipeline - INFO - File temp_Expected_departures.xml passed validation checks
2025-10-29 22:22:39,665 - vessel_data_pipeline - INFO - Created backup: Expected_departures_20251029_222239.xml
2025-10-29 22:22:39,665 - vessel_data_pipeline - INFO - Updated metadata for Expected_departures.xml
2025-10-29 22:22:39,665 - vessel_data_pipeline - INFO - Successfully downloaded and validated Expected_departures.xml
2025-10-29 22:22:41,670 - vessel_data_pipeline - INFO - Fetch operation completed. Results: {'Arrived_in_last_36_hours.xml': True, 'Departed_in_last_36_hours.xml': True, 'Expected_arrivals.xml': True, 'Expected_departures.xml': True}
2025-10-29 22:22:41,675 - vessel_data_pipeline - INFO - VesselDataFetcher initialized. Pipeline enabled: True
2025-10-29 22:22:41,685 - vessel_data_pipeline - INFO - Starting vessel data fetch operation
2025-10-29 22:22:41,685 - vessel_data_pipeline - INFO - Discovering XML files from Hong Kong Marine Department portal
2025-10-29 22:22:42,255 - vessel_data_pipeline - INFO - Verified access to Arrived_in_last_36_hours.xml
2025-10-29 22:22:43,217 - vessel_data_pipeline - INFO - Verified access to Departed_in_last_36_hours.xml
2025-10-29 22:22:43,677 - vessel_data_pipeline - INFO - Verified access to Expected_arrivals.xml
2025-10-29 22:22:44,352 - vessel_data_pipeline - INFO - Verified access to Expected_departures.xml
2025-10-29 22:22:44,352 - vessel_data_pipeline - INFO - Discovered 4 XML files for download
2025-10-29 22:22:44,352 - vessel_data_pipeline - INFO - Downloading Arrived_in_last_36_hours.xml (attempt 1/3)
2025-10-29 22:22:44,685 - vessel_data_pipeline - INFO - File temp_Arrived_in_last_36_hours.xml passed validation checks
2025-10-29 22:22:44,685 - vessel_data_pipeline - INFO - Created backup: Arrived_in_last_36_hours_20251029_222244.xml
2025-10-29 22:22:44,686 - vessel_data_pipeline - INFO - Updated metadata for Arrived_in_last_36_hours.xml
2025-10-29 22:22:44,686 - vessel_data_pipeline - INFO - Successfully downloaded and validated Arrived_in_last_36_hours.xml
2025-10-29 22:22:46,688 - vessel_data_pipeline - INFO - Downloading Departed_in_last_36_hours.xml (attempt 1/3)
2025-10-29 22:22:47,593 - vessel_data_pipeline - INFO - File temp_Departed_in_last_36_hours.xml passed validation checks
2025-10-29 22:22:47,593 - vessel_data_pipeline - INFO - Created backup: Departed_in_last_36_hours_20251029_222247.xml
2025-10-29 22:22:47,594 - vessel_data_pipeline - INFO - Updated metadata for Departed_in_last_36_hours.xml
2025-10-29 22:22:47,594 - vessel_data_pipeline - INFO - Successfully downloaded and validated Departed_in_last_36_hours.xml
2025-10-29 22:22:49,599 - vessel_data_pipeline - INFO - Downloading Expected_arrivals.xml (attempt 1/3)
2025-10-29 22:22:49,655 - vessel_data_pipeline - INFO - File temp_Expected_arrivals.xml passed validation checks
2025-10-29 22:22:49,655 - vessel_data_pipeline - INFO - Created backup: Expected_arrivals_20251029_222249.xml
2025-10-29 22:22:49,656 - vessel_data_pipeline - INFO - Updated metadata for Expected_arrivals.xml
2025-10-29 22:22:49,656 - vessel_data_pipeline - INFO - Successfully downloaded and validated Expected_arrivals.xml
2025-10-29 22:22:51,659 - vessel_data_pipeline - INFO - Downloading Expected_departures.xml (attempt 1/3)
2025-10-29 22:22:51,924 - vessel_data_pipeline - INFO - File temp_Expected_departures.xml passed validation checks
2025-10-29 22:22:51,924 - vessel_data_pipeline - INFO - Created backup: Expected_departures_20251029_222251.xml
2025-10-29 22:22:51,924 - vessel_data_pipeline - INFO - Updated metadata for Expected_departures.xml
2025-10-29 22:22:51,924 - vessel_data_pipeline - INFO - Successfully downloaded and validated Expected_departures.xml
2025-10-29 22:22:53,930 - vessel_data_pipeline - INFO - Fetch operation completed. Results: {'Arrived_in_last_36_hours.xml': True, 'Departed_in_last_36_hours.xml': True, 'Expected_arrivals.xml': True, 'Expected_departures.xml': True}
2025-10-29 22:22:56,868 - vessel_data_pipeline - INFO - VesselDataFetcher initialized. Pipeline enabled: True
2025-10-29 22:22:56,869 - vessel_data_pipeline - INFO - Starting vessel data fetch operation
2025-10-29 22:22:56,869 - vessel_data_pipeline - INFO - Discovering XML files from Hong Kong Marine Department portal
2025-10-29 22:22:57,585 - vessel_data_pipeline - INFO - Verified access to Arrived_in_last_36_hours.xml
2025-10-29 22:22:58,469 - vessel_data_pipeline - INFO - Verified access to Departed_in_last_36_hours.xml
2025-10-29 22:22:58,987 - vessel_data_pipeline - INFO - Verified access to Expected_arrivals.xml
2025-10-29 22:22:59,469 - vessel_data_pipeline - INFO - Verified access to Expected_departures.xml
2025-10-29 22:22:59,469 - vessel_data_pipeline - INFO - Discovered 4 XML files for download
2025-10-29 22:22:59,469 - vessel_data_pipeline - INFO - Downloading Arrived_in_last_36_hours.xml (attempt 1/3)
2025-10-29 22:23:00,366 - vessel_data_pipeline - INFO - File temp_Arrived_in_last_36_hours.xml passed validation checks
2025-10-29 22:23:00,368 - vessel_data_pipeline - INFO - Created backup: Arrived_in_last_36_hours_20251029_222300.xml
2025-10-29 22:23:00,369 - vessel_data_pipeline - INFO - Updated metadata for Arrived_in_last_36_hours.xml
2025-10-29 22:23:00,369 - vessel_data_pipeline - INFO - Successfully downloaded and validated Arrived_in_last_36_hours.xml
2025-10-29 22:23:02,373 - vessel_data_pipeline - INFO - Downloading Departed_in_last_36_hours.xml (attempt 1/3)
2025-10-29 22:23:03,350 - vessel_data_pipeline - INFO - File temp_Departed_in_last_36_hours.xml passed validation checks
2025-10-29 22:23:03,351 - vessel_data_pipeline - INFO - Created backup: Departed_in_last_36_hours_20251029_222303.xml
2025-10-29 22:23:03,351 - vessel_data_pipeline - INFO - Updated metadata for Departed_in_last_36_hours.xml
2025-10-29 22:23:03,351 - vessel_data_pipeline - INFO - Successfully downloaded and validated Departed_in_last_36_hours.xml
2025-10-29 22:23:05,351 - vessel_data_pipeline - INFO - Downloading Expected_arrivals.xml (attempt 1/3)
2025-10-29 22:23:06,261 - vessel_data_pipeline - INFO - File temp_Expected_arrivals.xml passed validation checks
2025-10-29 22:23:06,262 - vessel_data_pipeline - INFO - Created backup: Expected_arrivals_20251029_222306.xml
2025-10-29 22:23:06,262 - vessel_data_pipeline - INFO - Updated metadata for Expected_arrivals.xml
2025-10-29 22:23:06,262 - vessel_data_pipeline - INFO - Successfully downloaded and validated Expected_arrivals.xml
2025-10-29 22:23:08,265 - vessel_data_pipeline - INFO - Downloading Expected_departures.xml (attempt 1/3)
2025-10-29 22:23:08,643 - vessel_data_pipeline - INFO - File temp_Expected_departures.xml passed validation checks
2025-10-29 22:23:08,644 - vessel_data_pipeline - INFO - Created backup: Expected_departures_20251029_222308.xml
2025-10-29 22:23:08,644 - vessel_data_pipeline - INFO - Updated metadata for Expected_departures.xml
2025-10-29 22:23:08,644 - vessel_data_pipeline - INFO - Successfully downloaded and validated Expected_departures.xml
2025-10-29 22:23:10,649 - vessel_data_pipeline - INFO - Fetch operation completed. Results: {'Arrived_in_last_36_hours.xml': True, 'Departed_in_last_36_hours.xml': True, 'Expected_arrivals.xml': True, 'Expected_departures.xml': True}
2025-10-29 22:23:10,653 - vessel_data_pipeline - INFO - VesselDataFetcher initialized. Pipeline enabled: True
2025-10-29 22:23:10,654 - vessel_data_pipeline - INFO - Starting vessel data fetch operation
2025-10-29 22:23:10,654 - vessel_data_pipeline - INFO - Discovering XML files from Hong Kong Marine Department portal
2025-10-29 22:23:11,172 - vessel_data_pipeline - INFO - Verified access to Arrived_in_last_36_hours.xml
2025-10-29 22:23:11,856 - vessel_data_pipeline - INFO - Verified access to Departed_in_last_36_hours.xml
2025-10-29 22:23:12,347 - vessel_data_pipeline - INFO - Verified access to Expected_arrivals.xml
2025-10-29 22:23:12,914 - vessel_data_pipeline - INFO - Verified access to Expected_departures.xml
2025-10-29 22:23:12,917 - vessel_data_pipeline - INFO - Discovered 4 XML files for download
2025-10-29 22:23:12,917 - vessel_data_pipeline - INFO - Downloading Arrived_in_last_36_hours.xml (attempt 1/3)
2025-10-29 22:23:13,429 - vessel_data_pipeline - INFO - File temp_Arrived_in_last_36_hours.xml passed validation checks
2025-10-29 22:23:13,429 - vessel_data_pipeline - INFO - Created backup: Arrived_in_last_36_hours_20251029_222313.xml
2025-10-29 22:23:13,429 - vessel_data_pipeline - INFO - Updated metadata for Arrived_in_last_36_hours.xml
2025-10-29 22:23:13,429 - vessel_data_pipeline - INFO - Successfully downloaded and validated Arrived_in_last_36_hours.xml
2025-10-29 22:23:15,434 - vessel_data_pipeline - INFO - Downloading Departed_in_last_36_hours.xml (attempt 1/3)
2025-10-29 22:23:15,958 - vessel_data_pipeline - INFO - File temp_Departed_in_last_36_hours.xml passed validation checks
2025-10-29 22:23:15,959 - vessel_data_pipeline - INFO - Created backup: Departed_in_last_36_hours_20251029_222315.xml
2025-10-29 22:23:15,960 - vessel_data_pipeline - INFO - Updated metadata for Departed_in_last_36_hours.xml
2025-10-29 22:23:15,960 - vessel_data_pipeline - INFO - Successfully downloaded and validated Departed_in_last_36_hours.xml
2025-10-29 22:23:17,965 - vessel_data_pipeline - INFO - Downloading Expected_arrivals.xml (attempt 1/3)
2025-10-29 22:23:18,700 - vessel_data_pipeline - INFO - File temp_Expected_arrivals.xml passed validation checks
2025-10-29 22:23:18,701 - vessel_data_pipeline - INFO - Created backup: Expected_arrivals_20251029_222318.xml
2025-10-29 22:23:18,701 - vessel_data_pipeline - INFO - Updated metadata for Expected_arrivals.xml
2025-10-29 22:23:18,701 - vessel_data_pipeline - INFO - Successfully downloaded and validated Expected_arrivals.xml
2025-10-29 22:23:20,706 - vessel_data_pipeline - INFO - Downloading Expected_departures.xml (attempt 1/3)
2025-10-29 22:23:21,198 - vessel_data_pipeline - INFO - File temp_Expected_departures.xml passed validation checks
2025-10-29 22:23:21,198 - vessel_data_pipeline - INFO - Created backup: Expected_departures_20251029_222321.xml
2025-10-29 22:23:21,199 - vessel_data_pipeline - INFO - Updated metadata for Expected_departures.xml
2025-10-29 22:23:21,199 - vessel_data_pipeline - INFO - Successfully downloaded and validated Expected_departures.xml
2025-10-29 22:23:23,203 - vessel_data_pipeline - INFO - Fetch operation completed. Results: {'Arrived_in_last_36_hours.xml': True, 'Departed_in_last_36_hours.xml': True, 'Expected_arrivals.xml': True, 'Expected_departures.xml': True}
2025-10-29 22:23:23,218 - vessel_data_pipeline - INFO - VesselDataFetcher initialized. Pipeline enabled: True
2025-10-29 22:23:23,218 - vessel_data_pipeline - INFO - Starting vessel data fetch operation
2025-10-29 22:23:23,218 - vessel_data_pipeline - INFO - Discovering XML files from Hong Kong Marine Department portal
2025-10-29 22:23:23,564 - vessel_data_pipeline - INFO - Verified access to Arrived_in_last_36_hours.xml
2025-10-29 22:23:24,024 - vessel_data_pipeline - INFO - Verified access to Departed_in_last_36_hours.xml
2025-10-29 22:23:24,429 - vessel_data_pipeline - INFO - Verified access to Expected_arrivals.xml
2025-10-29 22:23:24,956 - vessel_data_pipeline - INFO - Verified access to Expected_departures.xml
2025-10-29 22:23:24,956 - vessel_data_pipeline - INFO - Discovered 4 XML files for download
2025-10-29 22:23:24,956 - vessel_data_pipeline - INFO - Downloading Arrived_in_last_36_hours.xml (attempt 1/3)
2025-10-29 22:23:25,246 - vessel_data_pipeline - INFO - File temp_Arrived_in_last_36_hours.xml passed validation checks
2025-10-29 22:23:25,248 - vessel_data_pipeline - INFO - Created backup: Arrived_in_last_36_hours_20251029_222325.xml
2025-10-29 22:23:25,249 - vessel_data_pipeline - INFO - Updated metadata for Arrived_in_last_36_hours.xml
2025-10-29 22:23:25,249 - vessel_data_pipeline - INFO - Successfully downloaded and validated Arrived_in_last_36_hours.xml
2025-10-29 22:23:27,254 - vessel_data_pipeline - INFO - Downloading Departed_in_last_36_hours.xml (attempt 1/3)
2025-10-29 22:23:27,832 - vessel_data_pipeline - INFO - File temp_Departed_in_last_36_hours.xml passed validation checks
2025-10-29 22:23:27,833 - vessel_data_pipeline - INFO - Created backup: Departed_in_last_36_hours_20251029_222327.xml
2025-10-29 22:23:27,833 - vessel_data_pipeline - INFO - Updated metadata for Departed_in_last_36_hours.xml
2025-10-29 22:23:27,833 - vessel_data_pipeline - INFO - Successfully downloaded and validated Departed_in_last_36_hours.xml
2025-10-29 22:23:29,838 - vessel_data_pipeline - INFO - Downloading Expected_arrivals.xml (attempt 1/3)
2025-10-29 22:23:30,362 - vessel_data_pipeline - INFO - File temp_Expected_arrivals.xml passed validation checks
2025-10-29 22:23:30,363 - vessel_data_pipeline - INFO - Created backup: Expected_arrivals_20251029_222330.xml
2025-10-29 22:23:30,363 - vessel_data_pipeline - INFO - Updated metadata for Expected_arrivals.xml
2025-10-29 22:23:30,363 - vessel_data_pipeline - INFO - Successfully downloaded and validated Expected_arrivals.xml
2025-10-29 22:23:32,368 - vessel_data_pipeline - INFO - Downloading Expected_departures.xml (attempt 1/3)
2025-10-29 22:23:32,777 - vessel_data_pipeline - INFO - File temp_Expected_departures.xml passed validation checks
2025-10-29 22:23:32,778 - vessel_data_pipeline - INFO - Created backup: Expected_departures_20251029_222332.xml
2025-10-29 22:23:32,778 - vessel_data_pipeline - INFO - Updated metadata for Expected_departures.xml
2025-10-29 22:23:32,778 - vessel_data_pipeline - INFO - Successfully downloaded and validated Expected_departures.xml
2025-10-29 22:23:34,783 - vessel_data_pipeline - INFO - Fetch operation completed. Results: {'Arrived_in_last_36_hours.xml': True, 'Departed_in_last_36_hours.xml': True, 'Expected_arrivals.xml': True, 'Expected_departures.xml': True}
2025-10-29 22:23:34,788 - vessel_data_pipeline - INFO - VesselDataFetcher initialized. Pipeline enabled: True
2025-10-29 22:23:34,789 - vessel_data_pipeline - INFO - Starting vessel data fetch operation
2025-10-29 22:23:34,789 - vessel_data_pipeline - INFO - Discovering XML files from Hong Kong Marine Department portal
2025-10-29 22:23:35,174 - vessel_data_pipeline - INFO - Verified access to Arrived_in_last_36_hours.xml
2025-10-29 22:23:35,870 - vessel_data_pipeline - INFO - Verified access to Departed_in_last_36_hours.xml
2025-10-29 22:23:36,364 - vessel_data_pipeline - INFO - Verified access to Expected_arrivals.xml
2025-10-29 22:23:36,867 - vessel_data_pipeline - INFO - Verified access to Expected_departures.xml
2025-10-29 22:23:36,867 - vessel_data_pipeline - INFO - Discovered 4 XML files for download
2025-10-29 22:23:36,867 - vessel_data_pipeline - INFO - Downloading Arrived_in_last_36_hours.xml (attempt 1/3)
2025-10-29 22:23:37,233 - vessel_data_pipeline - INFO - File temp_Arrived_in_last_36_hours.xml passed validation checks
2025-10-29 22:23:37,236 - vessel_data_pipeline - INFO - Created backup: Arrived_in_last_36_hours_20251029_222337.xml
2025-10-29 22:23:37,237 - vessel_data_pipeline - INFO - Updated metadata for Arrived_in_last_36_hours.xml
2025-10-29 22:23:37,237 - vessel_data_pipeline - INFO - Successfully downloaded and validated Arrived_in_last_36_hours.xml
2025-10-29 22:23:39,238 - vessel_data_pipeline - INFO - Downloading Departed_in_last_36_hours.xml (attempt 1/3)
2025-10-29 22:23:39,335 - vessel_data_pipeline - INFO - File temp_Departed_in_last_36_hours.xml passed validation checks
2025-10-29 22:23:39,335 - vessel_data_pipeline - INFO - Created backup: Departed_in_last_36_hours_20251029_222339.xml
2025-10-29 22:23:39,335 - vessel_data_pipeline - INFO - Updated metadata for Departed_in_last_36_hours.xml
2025-10-29 22:23:39,336 - vessel_data_pipeline - INFO - Successfully downloaded and validated Departed_in_last_36_hours.xml
2025-10-29 22:23:41,340 - vessel_data_pipeline - INFO - Downloading Expected_arrivals.xml (attempt 1/3)
2025-10-29 22:23:42,039 - vessel_data_pipeline - INFO - File temp_Expected_arrivals.xml passed validation checks
2025-10-29 22:23:42,040 - vessel_data_pipeline - INFO - Created backup: Expected_arrivals_20251029_222342.xml
2025-10-29 22:23:42,040 - vessel_data_pipeline - INFO - Updated metadata for Expected_arrivals.xml
2025-10-29 22:23:42,040 - vessel_data_pipeline - INFO - Successfully downloaded and validated Expected_arrivals.xml
2025-10-29 22:23:44,045 - vessel_data_pipeline - INFO - Downloading Expected_departures.xml (attempt 1/3)
2025-10-29 22:23:44,348 - vessel_data_pipeline - INFO - File temp_Expected_departures.xml passed validation checks
2025-10-29 22:23:44,364 - vessel_data_pipeline - INFO - Created backup: Expected_departures_20251029_222344.xml
2025-10-29 22:23:44,364 - vessel_data_pipeline - INFO - Updated metadata for Expected_departures.xml
2025-10-29 22:23:44,364 - vessel_data_pipeline - INFO - Successfully downloaded and validated Expected_departures.xml
2025-10-29 22:23:46,370 - vessel_data_pipeline - INFO - Fetch operation completed. Results: {'Arrived_in_last_36_hours.xml': True, 'Departed_in_last_36_hours.xml': True, 'Expected_arrivals.xml': True, 'Expected_departures.xml': True}
2025-10-29 22:23:47,582 - vessel_data_pipeline - INFO - VesselDataFetcher initialized. Pipeline enabled: True
2025-10-29 22:23:47,583 - vessel_data_pipeline - INFO - VesselDataFetcher initialized. Pipeline enabled: True
2025-10-29 22:23:47,583 - vessel_data_pipeline - INFO - Starting vessel data fetch operation
2025-10-29 22:23:47,583 - vessel_data_pipeline - INFO - Discovering XML files from Hong Kong Marine Department portal
2025-10-29 22:23:48,526 - vessel_data_pipeline - INFO - Verified access to Arrived_in_last_36_hours.xml
2025-10-29 22:23:49,880 - vessel_data_pipeline - INFO - Verified access to Departed_in_last_36_hours.xml
2025-10-29 22:23:50,363 - vessel_data_pipeline - INFO - Verified access to Expected_arrivals.xml
2025-10-29 22:23:50,624 - vessel_data_pipeline - INFO - Verified access to Expected_departures.xml
2025-10-29 22:23:50,624 - vessel_data_pipeline - INFO - Discovered 4 XML files for download
2025-10-29 22:23:50,624 - vessel_data_pipeline - INFO - Downloading Arrived_in_last_36_hours.xml (attempt 1/3)
2025-10-29 22:23:51,323 - vessel_data_pipeline - INFO - File temp_Arrived_in_last_36_hours.xml passed validation checks
2025-10-29 22:23:51,326 - vessel_data_pipeline - INFO - Created backup: Arrived_in_last_36_hours_20251029_222351.xml
2025-10-29 22:23:51,326 - vessel_data_pipeline - INFO - Updated metadata for Arrived_in_last_36_hours.xml
2025-10-29 22:23:51,327 - vessel_data_pipeline - INFO - Successfully downloaded and validated Arrived_in_last_36_hours.xml
2025-10-29 22:23:53,332 - vessel_data_pipeline - INFO - Downloading Departed_in_last_36_hours.xml (attempt 1/3)
2025-10-29 22:23:54,059 - vessel_data_pipeline - INFO - File temp_Departed_in_last_36_hours.xml passed validation checks
2025-10-29 22:23:54,060 - vessel_data_pipeline - INFO - Created backup: Departed_in_last_36_hours_20251029_222354.xml
2025-10-29 22:23:54,060 - vessel_data_pipeline - INFO - Updated metadata for Departed_in_last_36_hours.xml
2025-10-29 22:23:54,060 - vessel_data_pipeline - INFO - Successfully downloaded and validated Departed_in_last_36_hours.xml
2025-10-29 22:23:56,061 - vessel_data_pipeline - INFO - Downloading Expected_arrivals.xml (attempt 1/3)
2025-10-29 22:23:56,751 - vessel_data_pipeline - INFO - File temp_Expected_arrivals.xml passed validation checks
2025-10-29 22:23:56,752 - vessel_data_pipeline - INFO - Created backup: Expected_arrivals_20251029_222356.xml
2025-10-29 22:23:56,752 - vessel_data_pipeline - INFO - Updated metadata for Expected_arrivals.xml
2025-10-29 22:23:56,752 - vessel_data_pipeline - INFO - Successfully downloaded and validated Expected_arrivals.xml
2025-10-29 22:23:58,757 - vessel_data_pipeline - INFO - Downloading Expected_departures.xml (attempt 1/3)
2025-10-29 22:23:59,459 - vessel_data_pipeline - INFO - File temp_Expected_departures.xml passed validation checks
2025-10-29 22:23:59,464 - vessel_data_pipeline - INFO - Created backup: Expected_departures_20251029_222359.xml
2025-10-29 22:23:59,466 - vessel_data_pipeline - INFO - Updated metadata for Expected_departures.xml
2025-10-29 22:23:59,466 - vessel_data_pipeline - INFO - Successfully downloaded and validated Expected_departures.xml
2025-10-29 22:24:01,469 - vessel_data_pipeline - INFO - Fetch operation completed. Results: {'Arrived_in_last_36_hours.xml': True, 'Departed_in_last_36_hours.xml': True, 'Expected_arrivals.xml': True, 'Expected_departures.xml': True}
2025-10-29 22:24:31,470 - vessel_data_pipeline - INFO - VesselDataFetcher initialized. Pipeline enabled: True
2025-10-29 22:24:31,471 - vessel_data_pipeline - INFO - Starting vessel data fetch operation
2025-10-29 22:24:31,471 - vessel_data_pipeline - INFO - Discovering XML files from Hong Kong Marine Department portal
2025-10-29 22:24:31,993 - vessel_data_pipeline - INFO - Verified access to Arrived_in_last_36_hours.xml
2025-10-29 22:24:32,731 - vessel_data_pipeline - INFO - Verified access to Departed_in_last_36_hours.xml
2025-10-29 22:24:33,215 - vessel_data_pipeline - INFO - Verified access to Expected_arrivals.xml
2025-10-29 22:24:33,519 - vessel_data_pipeline - INFO - Verified access to Expected_departures.xml
2025-10-29 22:24:33,520 - vessel_data_pipeline - INFO - Discovered 4 XML files for download
2025-10-29 22:24:33,520 - vessel_data_pipeline - INFO - Downloading Arrived_in_last_36_hours.xml (attempt 1/3)
2025-10-29 22:24:34,226 - vessel_data_pipeline - INFO - File temp_Arrived_in_last_36_hours.xml passed validation checks
2025-10-29 22:24:34,228 - vessel_data_pipeline - INFO - Created backup: Arrived_in_last_36_hours_20251029_222434.xml
2025-10-29 22:24:34,229 - vessel_data_pipeline - INFO - Updated metadata for Arrived_in_last_36_hours.xml
2025-10-29 22:24:34,230 - vessel_data_pipeline - INFO - Successfully downloaded and validated Arrived_in_last_36_hours.xml
2025-10-29 22:24:36,234 - vessel_data_pipeline - INFO - Downloading Departed_in_last_36_hours.xml (attempt 1/3)
2025-10-29 22:24:37,028 - vessel_data_pipeline - INFO - File temp_Departed_in_last_36_hours.xml passed validation checks
2025-10-29 22:24:37,029 - vessel_data_pipeline - INFO - Created backup: Departed_in_last_36_hours_20251029_222437.xml
2025-10-29 22:24:37,029 - vessel_data_pipeline - INFO - Updated metadata for Departed_in_last_36_hours.xml
2025-10-29 22:24:37,029 - vessel_data_pipeline - INFO - Successfully downloaded and validated Departed_in_last_36_hours.xml
2025-10-29 22:24:39,034 - vessel_data_pipeline - INFO - Downloading Expected_arrivals.xml (attempt 1/3)
2025-10-29 22:24:39,688 - vessel_data_pipeline - INFO - File temp_Expected_arrivals.xml passed validation checks
2025-10-29 22:24:39,689 - vessel_data_pipeline - INFO - Created backup: Expected_arrivals_20251029_222439.xml
2025-10-29 22:24:39,689 - vessel_data_pipeline - INFO - Updated metadata for Expected_arrivals.xml
2025-10-29 22:24:39,689 - vessel_data_pipeline - INFO - Successfully downloaded and validated Expected_arrivals.xml
2025-10-29 22:24:41,693 - vessel_data_pipeline - INFO - Downloading Expected_departures.xml (attempt 1/3)
2025-10-29 22:24:42,108 - vessel_data_pipeline - INFO - File temp_Expected_departures.xml passed validation checks
2025-10-29 22:24:42,110 - vessel_data_pipeline - INFO - Created backup: Expected_departures_20251029_222442.xml
2025-10-29 22:24:42,111 - vessel_data_pipeline - INFO - Updated metadata for Expected_departures.xml
2025-10-29 22:24:42,112 - vessel_data_pipeline - INFO - Successfully downloaded and validated Expected_departures.xml
2025-10-29 22:24:44,114 - vessel_data_pipeline - INFO - Fetch operation completed. Results: {'Arrived_in_last_36_hours.xml': True, 'Departed_in_last_36_hours.xml': True, 'Expected_arrivals.xml': True, 'Expected_departures.xml': True}
2025-10-29 22:24:44,466 - vessel_data_pipeline - INFO - VesselDataFetcher initialized. Pipeline enabled: True
2025-10-29 22:24:44,468 - vessel_data_pipeline - INFO - Starting vessel data fetch operation
2025-10-29 22:24:44,468 - vessel_data_pipeline - INFO - Discovering XML files from Hong Kong Marine Department portal
2025-10-29 22:24:45,044 - vessel_data_pipeline - INFO - Verified access to Arrived_in_last_36_hours.xml
2025-10-29 22:24:46,147 - vessel_data_pipeline - INFO - Verified access to Departed_in_last_36_hours.xml
2025-10-29 22:24:46,839 - vessel_data_pipeline - INFO - Verified access to Expected_arrivals.xml
2025-10-29 22:24:47,317 - vessel_data_pipeline - INFO - Verified access to Expected_departures.xml
2025-10-29 22:24:47,317 - vessel_data_pipeline - INFO - Discovered 4 XML files for download
2025-10-29 22:24:47,317 - vessel_data_pipeline - INFO - Downloading Arrived_in_last_36_hours.xml (attempt 1/3)
2025-10-29 22:24:47,788 - vessel_data_pipeline - INFO - File temp_Arrived_in_last_36_hours.xml passed validation checks
2025-10-29 22:24:47,788 - vessel_data_pipeline - INFO - Created backup: Arrived_in_last_36_hours_20251029_222447.xml
2025-10-29 22:24:47,788 - vessel_data_pipeline - INFO - Updated metadata for Arrived_in_last_36_hours.xml
2025-10-29 22:24:47,788 - vessel_data_pipeline - INFO - Successfully downloaded and validated Arrived_in_last_36_hours.xml
2025-10-29 22:24:49,793 - vessel_data_pipeline - INFO - Downloading Departed_in_last_36_hours.xml (attempt 1/3)
2025-10-29 22:24:50,691 - vessel_data_pipeline - INFO - File temp_Departed_in_last_36_hours.xml passed validation checks
2025-10-29 22:24:50,691 - vessel_data_pipeline - INFO - Created backup: Departed_in_last_36_hours_20251029_222450.xml
2025-10-29 22:24:50,691 - vessel_data_pipeline - INFO - Updated metadata for Departed_in_last_36_hours.xml
2025-10-29 22:24:50,691 - vessel_data_pipeline - INFO - Successfully downloaded and validated Departed_in_last_36_hours.xml
2025-10-29 22:24:52,696 - vessel_data_pipeline - INFO - Downloading Expected_arrivals.xml (attempt 1/3)
2025-10-29 22:24:53,167 - vessel_data_pipeline - INFO - File temp_Expected_arrivals.xml passed validation checks
2025-10-29 22:24:53,168 - vessel_data_pipeline - INFO - Created backup: Expected_arrivals_20251029_222453.xml
2025-10-29 22:24:53,168 - vessel_data_pipeline - INFO - Updated metadata for Expected_arrivals.xml
2025-10-29 22:24:53,168 - vessel_data_pipeline - INFO - Successfully downloaded and validated Expected_arrivals.xml
2025-10-29 22:24:55,172 - vessel_data_pipeline - INFO - Downloading Expected_departures.xml (attempt 1/3)
2025-10-29 22:24:55,483 - vessel_data_pipeline - INFO - File temp_Expected_departures.xml passed validation checks
2025-10-29 22:24:55,483 - vessel_data_pipeline - INFO - Created backup: Expected_departures_20251029_222455.xml
2025-10-29 22:24:55,483 - vessel_data_pipeline - INFO - Updated metadata for Expected_departures.xml
2025-10-29 22:24:55,483 - vessel_data_pipeline - INFO - Successfully downloaded and validated Expected_departures.xml
2025-10-29 22:24:57,489 - vessel_data_pipeline - INFO - Fetch operation completed. Results: {'Arrived_in_last_36_hours.xml': True, 'Departed_in_last_36_hours.xml': True, 'Expected_arrivals.xml': True, 'Expected_departures.xml': True}
2025-10-29 22:24:57,506 - vessel_data_pipeline - INFO - VesselDataFetcher initialized. Pipeline enabled: True
2025-10-29 22:24:57,506 - vessel_data_pipeline - INFO - Starting vessel data fetch operation
2025-10-29 22:24:57,514 - vessel_data_pipeline - INFO - Discovering XML files from Hong Kong Marine Department portal
2025-10-29 22:24:58,156 - vessel_data_pipeline - INFO - Verified access to Arrived_in_last_36_hours.xml
2025-10-29 22:24:58,409 - vessel_data_pipeline - INFO - Verified access to Departed_in_last_36_hours.xml
2025-10-29 22:24:58,674 - vessel_data_pipeline - INFO - Verified access to Expected_arrivals.xml
2025-10-29 22:24:59,206 - vessel_data_pipeline - INFO - Verified access to Expected_departures.xml
2025-10-29 22:24:59,206 - vessel_data_pipeline - INFO - Discovered 4 XML files for download
2025-10-29 22:24:59,206 - vessel_data_pipeline - INFO - Downloading Arrived_in_last_36_hours.xml (attempt 1/3)
2025-10-29 22:24:59,928 - vessel_data_pipeline - INFO - File temp_Arrived_in_last_36_hours.xml passed validation checks
2025-10-29 22:24:59,930 - vessel_data_pipeline - INFO - Created backup: Arrived_in_last_36_hours_20251029_222459.xml
2025-10-29 22:24:59,931 - vessel_data_pipeline - INFO - Updated metadata for Arrived_in_last_36_hours.xml
2025-10-29 22:24:59,931 - vessel_data_pipeline - INFO - Successfully downloaded and validated Arrived_in_last_36_hours.xml
2025-10-29 22:25:01,936 - vessel_data_pipeline - INFO - Downloading Departed_in_last_36_hours.xml (attempt 1/3)
2025-10-29 22:25:02,647 - vessel_data_pipeline - INFO - File temp_Departed_in_last_36_hours.xml passed validation checks
2025-10-29 22:25:02,647 - vessel_data_pipeline - INFO - Created backup: Departed_in_last_36_hours_20251029_222502.xml
2025-10-29 22:25:02,648 - vessel_data_pipeline - INFO - Updated metadata for Departed_in_last_36_hours.xml
2025-10-29 22:25:02,648 - vessel_data_pipeline - INFO - Successfully downloaded and validated Departed_in_last_36_hours.xml
2025-10-29 22:25:04,651 - vessel_data_pipeline - INFO - Downloading Expected_arrivals.xml (attempt 1/3)
2025-10-29 22:25:05,165 - vessel_data_pipeline - INFO - File temp_Expected_arrivals.xml passed validation checks
2025-10-29 22:25:05,166 - vessel_data_pipeline - INFO - Created backup: Expected_arrivals_20251029_222505.xml
2025-10-29 22:25:05,166 - vessel_data_pipeline - INFO - Updated metadata for Expected_arrivals.xml
2025-10-29 22:25:05,166 - vessel_data_pipeline - INFO - Successfully downloaded and validated Expected_arrivals.xml
2025-10-29 22:25:07,170 - vessel_data_pipeline - INFO - Downloading Expected_departures.xml (attempt 1/3)
2025-10-29 22:25:07,445 - vessel_data_pipeline - INFO - File temp_Expected_departures.xml passed validation checks
2025-10-29 22:25:07,446 - vessel_data_pipeline - INFO - Created backup: Expected_departures_20251029_222507.xml
2025-10-29 22:25:07,446 - vessel_data_pipeline - INFO - Updated metadata for Expected_departures.xml
2025-10-29 22:25:07,446 - vessel_data_pipeline - INFO - Successfully downloaded and validated Expected_departures.xml
2025-10-29 22:25:09,451 - vessel_data_pipeline - INFO - Fetch operation completed. Results: {'Arrived_in_last_36_hours.xml': True, 'Departed_in_last_36_hours.xml': True, 'Expected_arrivals.xml': True, 'Expected_departures.xml': True}
2025-10-29 22:25:12,393 - vessel_data_pipeline - INFO - VesselDataFetcher initialized. Pipeline enabled: True
2025-10-29 22:25:12,393 - vessel_data_pipeline - INFO - Starting vessel data fetch operation
2025-10-29 22:25:12,393 - vessel_data_pipeline - INFO - Discovering XML files from Hong Kong Marine Department portal
2025-10-29 22:25:12,930 - vessel_data_pipeline - INFO - Verified access to Arrived_in_last_36_hours.xml
2025-10-29 22:25:13,944 - vessel_data_pipeline - INFO - Verified access to Departed_in_last_36_hours.xml
2025-10-29 22:25:14,772 - vessel_data_pipeline - INFO - Verified access to Expected_arrivals.xml
2025-10-29 22:25:15,245 - vessel_data_pipeline - INFO - Verified access to Expected_departures.xml
2025-10-29 22:25:15,246 - vessel_data_pipeline - INFO - Discovered 4 XML files for download
2025-10-29 22:25:15,246 - vessel_data_pipeline - INFO - Downloading Arrived_in_last_36_hours.xml (attempt 1/3)
2025-10-29 22:25:15,902 - vessel_data_pipeline - INFO - File temp_Arrived_in_last_36_hours.xml passed validation checks
2025-10-29 22:25:15,904 - vessel_data_pipeline - INFO - Created backup: Arrived_in_last_36_hours_20251029_222515.xml
2025-10-29 22:25:15,905 - vessel_data_pipeline - INFO - Updated metadata for Arrived_in_last_36_hours.xml
2025-10-29 22:25:15,905 - vessel_data_pipeline - INFO - Successfully downloaded and validated Arrived_in_last_36_hours.xml
2025-10-29 22:25:17,910 - vessel_data_pipeline - INFO - Downloading Departed_in_last_36_hours.xml (attempt 1/3)
2025-10-29 22:25:18,617 - vessel_data_pipeline - INFO - File temp_Departed_in_last_36_hours.xml passed validation checks
2025-10-29 22:25:18,618 - vessel_data_pipeline - INFO - Created backup: Departed_in_last_36_hours_20251029_222518.xml
2025-10-29 22:25:18,618 - vessel_data_pipeline - INFO - Updated metadata for Departed_in_last_36_hours.xml
2025-10-29 22:25:18,618 - vessel_data_pipeline - INFO - Successfully downloaded and validated Departed_in_last_36_hours.xml
2025-10-29 22:25:20,624 - vessel_data_pipeline - INFO - Downloading Expected_arrivals.xml (attempt 1/3)
2025-10-29 22:25:20,808 - vessel_data_pipeline - INFO - File temp_Expected_arrivals.xml passed validation checks
2025-10-29 22:25:20,809 - vessel_data_pipeline - INFO - Created backup: Expected_arrivals_20251029_222520.xml
2025-10-29 22:25:20,809 - vessel_data_pipeline - INFO - Updated metadata for Expected_arrivals.xml
2025-10-29 22:25:20,809 - vessel_data_pipeline - INFO - Successfully downloaded and validated Expected_arrivals.xml
2025-10-29 22:25:22,814 - vessel_data_pipeline - INFO - Downloading Expected_departures.xml (attempt 1/3)
2025-10-29 22:25:22,990 - vessel_data_pipeline - INFO - File temp_Expected_departures.xml passed validation checks
2025-10-29 22:25:22,991 - vessel_data_pipeline - INFO - Created backup: Expected_departures_20251029_222522.xml
2025-10-29 22:25:22,991 - vessel_data_pipeline - INFO - Updated metadata for Expected_departures.xml
2025-10-29 22:25:22,991 - vessel_data_pipeline - INFO - Successfully downloaded and validated Expected_departures.xml
2025-10-29 22:25:24,991 - vessel_data_pipeline - INFO - Fetch operation completed. Results: {'Arrived_in_last_36_hours.xml': True, 'Departed_in_last_36_hours.xml': True, 'Expected_arrivals.xml': True, 'Expected_departures.xml': True}
2025-10-29 22:25:24,995 - vessel_data_pipeline - INFO - VesselDataFetcher initialized. Pipeline enabled: True
2025-10-29 22:25:24,995 - vessel_data_pipeline - INFO - Starting vessel data fetch operation
2025-10-29 22:25:24,995 - vessel_data_pipeline - INFO - Discovering XML files from Hong Kong Marine Department portal
2025-10-29 22:25:25,343 - vessel_data_pipeline - INFO - Verified access to Arrived_in_last_36_hours.xml
2025-10-29 22:25:26,017 - vessel_data_pipeline - INFO - Verified access to Departed_in_last_36_hours.xml
2025-10-29 22:25:26,546 - vessel_data_pipeline - INFO - Verified access to Expected_arrivals.xml
2025-10-29 22:25:26,855 - vessel_data_pipeline - INFO - Verified access to Expected_departures.xml
2025-10-29 22:25:26,855 - vessel_data_pipeline - INFO - Discovered 4 XML files for download
2025-10-29 22:25:26,855 - vessel_data_pipeline - INFO - Downloading Arrived_in_last_36_hours.xml (attempt 1/3)
2025-10-29 22:25:26,922 - vessel_data_pipeline - INFO - File temp_Arrived_in_last_36_hours.xml passed validation checks
2025-10-29 22:25:26,924 - vessel_data_pipeline - INFO - Created backup: Arrived_in_last_36_hours_20251029_222526.xml
2025-10-29 22:25:26,925 - vessel_data_pipeline - INFO - Updated metadata for Arrived_in_last_36_hours.xml
2025-10-29 22:25:26,925 - vessel_data_pipeline - INFO - Successfully downloaded and validated Arrived_in_last_36_hours.xml
2025-10-29 22:25:28,929 - vessel_data_pipeline - INFO - Downloading Departed_in_last_36_hours.xml (attempt 1/3)
2025-10-29 22:25:29,489 - vessel_data_pipeline - INFO - File temp_Departed_in_last_36_hours.xml passed validation checks
2025-10-29 22:25:29,490 - vessel_data_pipeline - INFO - Created backup: Departed_in_last_36_hours_20251029_222529.xml
2025-10-29 22:25:29,491 - vessel_data_pipeline - INFO - Updated metadata for Departed_in_last_36_hours.xml
2025-10-29 22:25:29,491 - vessel_data_pipeline - INFO - Successfully downloaded and validated Departed_in_last_36_hours.xml
2025-10-29 22:25:31,496 - vessel_data_pipeline - INFO - Downloading Expected_arrivals.xml (attempt 1/3)
2025-10-29 22:25:32,453 - vessel_data_pipeline - INFO - File temp_Expected_arrivals.xml passed validation checks
2025-10-29 22:25:32,454 - vessel_data_pipeline - INFO - Created backup: Expected_arrivals_20251029_222532.xml
2025-10-29 22:25:32,454 - vessel_data_pipeline - INFO - Updated metadata for Expected_arrivals.xml
2025-10-29 22:25:32,454 - vessel_data_pipeline - INFO - Successfully downloaded and validated Expected_arrivals.xml
2025-10-29 22:25:34,455 - vessel_data_pipeline - INFO - Downloading Expected_departures.xml (attempt 1/3)
2025-10-29 22:25:35,016 - vessel_data_pipeline - INFO - File temp_Expected_departures.xml passed validation checks
2025-10-29 22:25:35,018 - vessel_data_pipeline - INFO - Created backup: Expected_departures_20251029_222535.xml
2025-10-29 22:25:35,019 - vessel_data_pipeline - INFO - Updated metadata for Expected_departures.xml
2025-10-29 22:25:35,019 - vessel_data_pipeline - INFO - Successfully downloaded and validated Expected_departures.xml
2025-10-29 22:25:37,020 - vessel_data_pipeline - INFO - Fetch operation completed. Results: {'Arrived_in_last_36_hours.xml': True, 'Departed_in_last_36_hours.xml': True, 'Expected_arrivals.xml': True, 'Expected_departures.xml': True}
2025-10-29 22:25:37,032 - vessel_data_pipeline - INFO - VesselDataFetcher initialized. Pipeline enabled: True
2025-10-29 22:25:37,032 - vessel_data_pipeline - INFO - Starting vessel data fetch operation
2025-10-29 22:25:37,032 - vessel_data_pipeline - INFO - Discovering XML files from Hong Kong Marine Department portal
2025-10-29 22:25:37,793 - vessel_data_pipeline - INFO - Verified access to Arrived_in_last_36_hours.xml
2025-10-29 22:25:37,848 - vessel_data_pipeline - INFO - Verified access to Departed_in_last_36_hours.xml
2025-10-29 22:25:38,156 - vessel_data_pipeline - INFO - Verified access to Expected_arrivals.xml
2025-10-29 22:25:38,426 - vessel_data_pipeline - INFO - Verified access to Expected_departures.xml
2025-10-29 22:25:38,426 - vessel_data_pipeline - INFO - Discovered 4 XML files for download
2025-10-29 22:25:38,426 - vessel_data_pipeline - INFO - Downloading Arrived_in_last_36_hours.xml (attempt 1/3)
2025-10-29 22:25:39,120 - vessel_data_pipeline - INFO - File temp_Arrived_in_last_36_hours.xml passed validation checks
2025-10-29 22:25:39,122 - vessel_data_pipeline - INFO - Created backup: Arrived_in_last_36_hours_20251029_222539.xml
2025-10-29 22:25:39,123 - vessel_data_pipeline - INFO - Updated metadata for Arrived_in_last_36_hours.xml
2025-10-29 22:25:39,123 - vessel_data_pipeline - INFO - Successfully downloaded and validated Arrived_in_last_36_hours.xml
2025-10-29 22:25:41,128 - vessel_data_pipeline - INFO - Downloading Departed_in_last_36_hours.xml (attempt 1/3)
2025-10-29 22:25:41,632 - vessel_data_pipeline - INFO - File temp_Departed_in_last_36_hours.xml passed validation checks
2025-10-29 22:25:41,632 - vessel_data_pipeline - INFO - Created backup: Departed_in_last_36_hours_20251029_222541.xml
2025-10-29 22:25:41,633 - vessel_data_pipeline - INFO - Updated metadata for Departed_in_last_36_hours.xml
2025-10-29 22:25:41,633 - vessel_data_pipeline - INFO - Successfully downloaded and validated Departed_in_last_36_hours.xml
2025-10-29 22:25:43,638 - vessel_data_pipeline - INFO - Downloading Expected_arrivals.xml (attempt 1/3)
2025-10-29 22:25:44,264 - vessel_data_pipeline - INFO - File temp_Expected_arrivals.xml passed validation checks
2025-10-29 22:25:44,275 - vessel_data_pipeline - INFO - Created backup: Expected_arrivals_20251029_222544.xml
2025-10-29 22:25:44,279 - vessel_data_pipeline - INFO - Updated metadata for Expected_arrivals.xml
2025-10-29 22:25:44,279 - vessel_data_pipeline - INFO - Successfully downloaded and validated Expected_arrivals.xml
2025-10-29 22:25:46,284 - vessel_data_pipeline - INFO - Downloading Expected_departures.xml (attempt 1/3)
2025-10-29 22:25:46,575 - vessel_data_pipeline - INFO - File temp_Expected_departures.xml passed validation checks
2025-10-29 22:25:46,576 - vessel_data_pipeline - INFO - Created backup: Expected_departures_20251029_222546.xml
2025-10-29 22:25:46,576 - vessel_data_pipeline - INFO - Updated metadata for Expected_departures.xml
2025-10-29 22:25:46,576 - vessel_data_pipeline - INFO - Successfully downloaded and validated Expected_departures.xml
2025-10-29 22:25:48,581 - vessel_data_pipeline - INFO - Fetch operation completed. Results: {'Arrived_in_last_36_hours.xml': True, 'Departed_in_last_36_hours.xml': True, 'Expected_arrivals.xml': True, 'Expected_departures.xml': True}
2025-10-29 22:25:48,585 - vessel_data_pipeline - INFO - VesselDataFetcher initialized. Pipeline enabled: True
2025-10-29 22:25:48,586 - vessel_data_pipeline - INFO - Starting vessel data fetch operation
2025-10-29 22:25:48,586 - vessel_data_pipeline - INFO - Discovering XML files from Hong Kong Marine Department portal
2025-10-29 22:25:48,889 - vessel_data_pipeline - INFO - Verified access to Arrived_in_last_36_hours.xml
2025-10-29 22:25:49,930 - vessel_data_pipeline - INFO - Verified access to Departed_in_last_36_hours.xml
2025-10-29 22:25:49,962 - vessel_data_pipeline - INFO - Verified access to Expected_arrivals.xml
2025-10-29 22:25:50,640 - vessel_data_pipeline - INFO - Verified access to Expected_departures.xml
2025-10-29 22:25:50,640 - vessel_data_pipeline - INFO - Discovered 4 XML files for download
2025-10-29 22:25:50,641 - vessel_data_pipeline - INFO - Downloading Arrived_in_last_36_hours.xml (attempt 1/3)
2025-10-29 22:25:50,937 - vessel_data_pipeline - INFO - File temp_Arrived_in_last_36_hours.xml passed validation checks
2025-10-29 22:25:50,938 - vessel_data_pipeline - INFO - Created backup: Arrived_in_last_36_hours_20251029_222550.xml
2025-10-29 22:25:50,938 - vessel_data_pipeline - INFO - Updated metadata for Arrived_in_last_36_hours.xml
2025-10-29 22:25:50,938 - vessel_data_pipeline - INFO - Successfully downloaded and validated Arrived_in_last_36_hours.xml
2025-10-29 22:25:52,943 - vessel_data_pipeline - INFO - Downloading Departed_in_last_36_hours.xml (attempt 1/3)
2025-10-29 22:25:53,756 - vessel_data_pipeline - INFO - File temp_Departed_in_last_36_hours.xml passed validation checks
2025-10-29 22:25:53,757 - vessel_data_pipeline - INFO - Created backup: Departed_in_last_36_hours_20251029_222553.xml
2025-10-29 22:25:53,757 - vessel_data_pipeline - INFO - Updated metadata for Departed_in_last_36_hours.xml
2025-10-29 22:25:53,757 - vessel_data_pipeline - INFO - Successfully downloaded and validated Departed_in_last_36_hours.xml
2025-10-29 22:25:55,762 - vessel_data_pipeline - INFO - Downloading Expected_arrivals.xml (attempt 1/3)
2025-10-29 22:25:56,246 - vessel_data_pipeline - INFO - File temp_Expected_arrivals.xml passed validation checks
2025-10-29 22:25:56,247 - vessel_data_pipeline - INFO - Created backup: Expected_arrivals_20251029_222556.xml
2025-10-29 22:25:56,247 - vessel_data_pipeline - INFO - Updated metadata for Expected_arrivals.xml
2025-10-29 22:25:56,247 - vessel_data_pipeline - INFO - Successfully downloaded and validated Expected_arrivals.xml
2025-10-29 22:25:58,248 - vessel_data_pipeline - INFO - Downloading Expected_departures.xml (attempt 1/3)
2025-10-29 22:25:58,738 - vessel_data_pipeline - INFO - File temp_Expected_departures.xml passed validation checks
2025-10-29 22:25:58,739 - vessel_data_pipeline - INFO - Created backup: Expected_departures_20251029_222558.xml
2025-10-29 22:25:58,739 - vessel_data_pipeline - INFO - Updated metadata for Expected_departures.xml
2025-10-29 22:25:58,739 - vessel_data_pipeline - INFO - Successfully downloaded and validated Expected_departures.xml
2025-10-29 22:26:00,740 - vessel_data_pipeline - INFO - Fetch operation completed. Results: {'Arrived_in_last_36_hours.xml': True, 'Departed_in_last_36_hours.xml': True, 'Expected_arrivals.xml': True, 'Expected_departures.xml': True}
2025-10-29 22:26:01,908 - vessel_data_pipeline - INFO - VesselDataFetcher initialized. Pipeline enabled: True
2025-10-29 22:26:01,909 - vessel_data_pipeline - INFO - VesselDataFetcher initialized. Pipeline enabled: True
2025-10-29 22:26:01,909 - vessel_data_pipeline - INFO - Starting vessel data fetch operation
2025-10-29 22:26:01,909 - vessel_data_pipeline - INFO - Discovering XML files from Hong Kong Marine Department portal
2025-10-29 22:26:02,332 - vessel_data_pipeline - INFO - Verified access to Arrived_in_last_36_hours.xml
2025-10-29 22:26:03,013 - vessel_data_pipeline - INFO - Verified access to Departed_in_last_36_hours.xml
2025-10-29 22:26:03,658 - vessel_data_pipeline - INFO - Verified access to Expected_arrivals.xml
2025-10-29 22:26:03,927 - vessel_data_pipeline - INFO - Verified access to Expected_departures.xml
2025-10-29 22:26:03,927 - vessel_data_pipeline - INFO - Discovered 4 XML files for download
2025-10-29 22:26:03,927 - vessel_data_pipeline - INFO - Downloading Arrived_in_last_36_hours.xml (attempt 1/3)
2025-10-29 22:26:04,408 - vessel_data_pipeline - INFO - File temp_Arrived_in_last_36_hours.xml passed validation checks
2025-10-29 22:26:04,410 - vessel_data_pipeline - INFO - Created backup: Arrived_in_last_36_hours_20251029_222604.xml
2025-10-29 22:26:04,410 - vessel_data_pipeline - INFO - Updated metadata for Arrived_in_last_36_hours.xml
2025-10-29 22:26:04,410 - vessel_data_pipeline - INFO - Successfully downloaded and validated Arrived_in_last_36_hours.xml
2025-10-29 22:26:06,415 - vessel_data_pipeline - INFO - Downloading Departed_in_last_36_hours.xml (attempt 1/3)
2025-10-29 22:26:06,944 - vessel_data_pipeline - INFO - File temp_Departed_in_last_36_hours.xml passed validation checks
2025-10-29 22:26:06,944 - vessel_data_pipeline - INFO - Created backup: Departed_in_last_36_hours_20251029_222606.xml
2025-10-29 22:26:06,944 - vessel_data_pipeline - INFO - Updated metadata for Departed_in_last_36_hours.xml
2025-10-29 22:26:06,944 - vessel_data_pipeline - INFO - Successfully downloaded and validated Departed_in_last_36_hours.xml
2025-10-29 22:26:08,950 - vessel_data_pipeline - INFO - Downloading Expected_arrivals.xml (attempt 1/3)
2025-10-29 22:26:09,849 - vessel_data_pipeline - INFO - File temp_Expected_arrivals.xml passed validation checks
2025-10-29 22:26:09,850 - vessel_data_pipeline - INFO - Created backup: Expected_arrivals_20251029_222609.xml
2025-10-29 22:26:09,850 - vessel_data_pipeline - INFO - Updated metadata for Expected_arrivals.xml
2025-10-29 22:26:09,850 - vessel_data_pipeline - INFO - Successfully downloaded and validated Expected_arrivals.xml
2025-10-29 22:26:11,855 - vessel_data_pipeline - INFO - Downloading Expected_departures.xml (attempt 1/3)
2025-10-29 22:26:12,120 - vessel_data_pipeline - INFO - File temp_Expected_departures.xml passed validation checks
2025-10-29 22:26:12,121 - vessel_data_pipeline - INFO - Created backup: Expected_departures_20251029_222612.xml
2025-10-29 22:26:12,121 - vessel_data_pipeline - INFO - Updated metadata for Expected_departures.xml
2025-10-29 22:26:12,121 - vessel_data_pipeline - INFO - Successfully downloaded and validated Expected_departures.xml
2025-10-29 22:26:14,126 - vessel_data_pipeline - INFO - Fetch operation completed. Results: {'Arrived_in_last_36_hours.xml': True, 'Departed_in_last_36_hours.xml': True, 'Expected_arrivals.xml': True, 'Expected_departures.xml': True}
2025-10-29 22:26:44,987 - vessel_data_pipeline - INFO - VesselDataFetcher initialized. Pipeline enabled: True
2025-10-29 22:26:44,988 - vessel_data_pipeline - INFO - Starting vessel data fetch operation
2025-10-29 22:26:44,988 - vessel_data_pipeline - INFO - Discovering XML files from Hong Kong Marine Department portal
2025-10-29 22:26:45,334 - vessel_data_pipeline - INFO - Verified access to Arrived_in_last_36_hours.xml
2025-10-29 22:26:46,626 - vessel_data_pipeline - INFO - Verified access to Departed_in_last_36_hours.xml
2025-10-29 22:26:46,919 - vessel_data_pipeline - INFO - Verified access to Expected_arrivals.xml
2025-10-29 22:26:47,616 - vessel_data_pipeline - INFO - Verified access to Expected_departures.xml
2025-10-29 22:26:47,616 - vessel_data_pipeline - INFO - Discovered 4 XML files for download
2025-10-29 22:26:47,616 - vessel_data_pipeline - INFO - Downloading Arrived_in_last_36_hours.xml (attempt 1/3)
2025-10-29 22:26:48,364 - vessel_data_pipeline - INFO - File temp_Arrived_in_last_36_hours.xml passed validation checks
2025-10-29 22:26:48,367 - vessel_data_pipeline - INFO - Created backup: Arrived_in_last_36_hours_20251029_222648.xml
2025-10-29 22:26:48,368 - vessel_data_pipeline - INFO - Updated metadata for Arrived_in_last_36_hours.xml
2025-10-29 22:26:48,368 - vessel_data_pipeline - INFO - Successfully downloaded and validated Arrived_in_last_36_hours.xml
2025-10-29 22:26:50,369 - vessel_data_pipeline - INFO - Downloading Departed_in_last_36_hours.xml (attempt 1/3)
2025-10-29 22:26:51,212 - vessel_data_pipeline - INFO - File temp_Departed_in_last_36_hours.xml passed validation checks
2025-10-29 22:26:51,213 - vessel_data_pipeline - INFO - Created backup: Departed_in_last_36_hours_20251029_222651.xml
2025-10-29 22:26:51,213 - vessel_data_pipeline - INFO - Updated metadata for Departed_in_last_36_hours.xml
2025-10-29 22:26:51,213 - vessel_data_pipeline - INFO - Successfully downloaded and validated Departed_in_last_36_hours.xml
2025-10-29 22:26:53,218 - vessel_data_pipeline - INFO - Downloading Expected_arrivals.xml (attempt 1/3)
2025-10-29 22:26:53,912 - vessel_data_pipeline - INFO - File temp_Expected_arrivals.xml passed validation checks
2025-10-29 22:26:53,913 - vessel_data_pipeline - INFO - Created backup: Expected_arrivals_20251029_222653.xml
2025-10-29 22:26:53,913 - vessel_data_pipeline - INFO - Updated metadata for Expected_arrivals.xml
2025-10-29 22:26:53,913 - vessel_data_pipeline - INFO - Successfully downloaded and validated Expected_arrivals.xml
2025-10-29 22:26:55,916 - vessel_data_pipeline - INFO - Downloading Expected_departures.xml (attempt 1/3)
2025-10-29 22:26:56,396 - vessel_data_pipeline - INFO - File temp_Expected_departures.xml passed validation checks
2025-10-29 22:26:56,397 - vessel_data_pipeline - INFO - Created backup: Expected_departures_20251029_222656.xml
2025-10-29 22:26:56,397 - vessel_data_pipeline - INFO - Updated metadata for Expected_departures.xml
2025-10-29 22:26:56,397 - vessel_data_pipeline - INFO - Successfully downloaded and validated Expected_departures.xml
2025-10-29 22:26:58,401 - vessel_data_pipeline - INFO - Fetch operation completed. Results: {'Arrived_in_last_36_hours.xml': True, 'Departed_in_last_36_hours.xml': True, 'Expected_arrivals.xml': True, 'Expected_departures.xml': True}
2025-10-29 22:26:58,667 - vessel_data_pipeline - INFO - VesselDataFetcher initialized. Pipeline enabled: True
2025-10-29 22:26:58,668 - vessel_data_pipeline - INFO - Starting vessel data fetch operation
2025-10-29 22:26:58,668 - vessel_data_pipeline - INFO - Discovering XML files from Hong Kong Marine Department portal
2025-10-29 22:26:59,820 - vessel_data_pipeline - INFO - Verified access to Arrived_in_last_36_hours.xml
2025-10-29 22:27:00,140 - vessel_data_pipeline - INFO - Verified access to Departed_in_last_36_hours.xml
2025-10-29 22:27:01,167 - vessel_data_pipeline - INFO - Verified access to Expected_arrivals.xml
2025-10-29 22:27:01,551 - vessel_data_pipeline - INFO - Verified access to Expected_departures.xml
2025-10-29 22:27:01,551 - vessel_data_pipeline - INFO - Discovered 4 XML files for download
2025-10-29 22:27:01,551 - vessel_data_pipeline - INFO - Downloading Arrived_in_last_36_hours.xml (attempt 1/3)
2025-10-29 22:27:02,082 - vessel_data_pipeline - INFO - File temp_Arrived_in_last_36_hours.xml passed validation checks
2025-10-29 22:27:02,082 - vessel_data_pipeline - INFO - Created backup: Arrived_in_last_36_hours_20251029_222702.xml
2025-10-29 22:27:02,083 - vessel_data_pipeline - INFO - Updated metadata for Arrived_in_last_36_hours.xml
2025-10-29 22:27:02,083 - vessel_data_pipeline - INFO - Successfully downloaded and validated Arrived_in_last_36_hours.xml
2025-10-29 22:27:04,087 - vessel_data_pipeline - INFO - Downloading Departed_in_last_36_hours.xml (attempt 1/3)
2025-10-29 22:27:05,210 - vessel_data_pipeline - INFO - File temp_Departed_in_last_36_hours.xml passed validation checks
2025-10-29 22:27:05,211 - vessel_data_pipeline - INFO - Created backup: Departed_in_last_36_hours_20251029_222705.xml
2025-10-29 22:27:05,212 - vessel_data_pipeline - INFO - Updated metadata for Departed_in_last_36_hours.xml
2025-10-29 22:27:05,212 - vessel_data_pipeline - INFO - Successfully downloaded and validated Departed_in_last_36_hours.xml
2025-10-29 22:27:07,215 - vessel_data_pipeline - INFO - Downloading Expected_arrivals.xml (attempt 1/3)
2025-10-29 22:27:07,701 - vessel_data_pipeline - INFO - File temp_Expected_arrivals.xml passed validation checks
2025-10-29 22:27:07,701 - vessel_data_pipeline - INFO - Created backup: Expected_arrivals_20251029_222707.xml
2025-10-29 22:27:07,702 - vessel_data_pipeline - INFO - Updated metadata for Expected_arrivals.xml
2025-10-29 22:27:07,702 - vessel_data_pipeline - INFO - Successfully downloaded and validated Expected_arrivals.xml
2025-10-29 22:27:09,707 - vessel_data_pipeline - INFO - Downloading Expected_departures.xml (attempt 1/3)
2025-10-29 22:27:10,209 - vessel_data_pipeline - INFO - File temp_Expected_departures.xml passed validation checks
2025-10-29 22:27:10,210 - vessel_data_pipeline - INFO - Created backup: Expected_departures_20251029_222710.xml
2025-10-29 22:27:10,210 - vessel_data_pipeline - INFO - Updated metadata for Expected_departures.xml
2025-10-29 22:27:10,210 - vessel_data_pipeline - INFO - Successfully downloaded and validated Expected_departures.xml
2025-10-29 22:27:12,212 - vessel_data_pipeline - INFO - Fetch operation completed. Results: {'Arrived_in_last_36_hours.xml': True, 'Departed_in_last_36_hours.xml': True, 'Expected_arrivals.xml': True, 'Expected_departures.xml': True}
2025-10-29 22:27:12,215 - vessel_data_pipeline - INFO - VesselDataFetcher initialized. Pipeline enabled: True
2025-10-29 22:27:12,220 - vessel_data_pipeline - INFO - Starting vessel data fetch operation
2025-10-29 22:27:12,220 - vessel_data_pipeline - INFO - Discovering XML files from Hong Kong Marine Department portal
2025-10-29 22:27:12,735 - vessel_data_pipeline - INFO - Verified access to Arrived_in_last_36_hours.xml
2025-10-29 22:27:14,048 - vessel_data_pipeline - INFO - Verified access to Departed_in_last_36_hours.xml
2025-10-29 22:27:14,332 - vessel_data_pipeline - INFO - Verified access to Expected_arrivals.xml
2025-10-29 22:27:14,800 - vessel_data_pipeline - INFO - Verified access to Expected_departures.xml
2025-10-29 22:27:14,801 - vessel_data_pipeline - INFO - Discovered 4 XML files for download
2025-10-29 22:27:14,801 - vessel_data_pipeline - INFO - Downloading Arrived_in_last_36_hours.xml (attempt 1/3)
2025-10-29 22:27:15,527 - vessel_data_pipeline - INFO - File temp_Arrived_in_last_36_hours.xml passed validation checks
2025-10-29 22:27:15,528 - vessel_data_pipeline - INFO - Created backup: Arrived_in_last_36_hours_20251029_222715.xml
2025-10-29 22:27:15,528 - vessel_data_pipeline - INFO - Updated metadata for Arrived_in_last_36_hours.xml
2025-10-29 22:27:15,528 - vessel_data_pipeline - INFO - Successfully downloaded and validated Arrived_in_last_36_hours.xml
2025-10-29 22:27:17,532 - vessel_data_pipeline - INFO - Downloading Departed_in_last_36_hours.xml (attempt 1/3)
2025-10-29 22:27:17,856 - vessel_data_pipeline - INFO - File temp_Departed_in_last_36_hours.xml passed validation checks
2025-10-29 22:27:17,857 - vessel_data_pipeline - INFO - Created backup: Departed_in_last_36_hours_20251029_222717.xml
2025-10-29 22:27:17,857 - vessel_data_pipeline - INFO - Updated metadata for Departed_in_last_36_hours.xml
2025-10-29 22:27:17,857 - vessel_data_pipeline - INFO - Successfully downloaded and validated Departed_in_last_36_hours.xml
2025-10-29 22:27:19,862 - vessel_data_pipeline - INFO - Downloading Expected_arrivals.xml (attempt 1/3)
2025-10-29 22:27:20,141 - vessel_data_pipeline - INFO - File temp_Expected_arrivals.xml passed validation checks
2025-10-29 22:27:20,141 - vessel_data_pipeline - INFO - Created backup: Expected_arrivals_20251029_222720.xml
2025-10-29 22:27:20,141 - vessel_data_pipeline - INFO - Updated metadata for Expected_arrivals.xml
2025-10-29 22:27:20,141 - vessel_data_pipeline - INFO - Successfully downloaded and validated Expected_arrivals.xml
2025-10-29 22:27:22,147 - vessel_data_pipeline - INFO - Downloading Expected_departures.xml (attempt 1/3)
2025-10-29 22:27:22,416 - vessel_data_pipeline - INFO - File temp_Expected_departures.xml passed validation checks
2025-10-29 22:27:22,417 - vessel_data_pipeline - INFO - Created backup: Expected_departures_20251029_222722.xml
2025-10-29 22:27:22,417 - vessel_data_pipeline - INFO - Updated metadata for Expected_departures.xml
2025-10-29 22:27:22,417 - vessel_data_pipeline - INFO - Successfully downloaded and validated Expected_departures.xml
2025-10-29 22:27:24,419 - vessel_data_pipeline - INFO - Fetch operation completed. Results: {'Arrived_in_last_36_hours.xml': True, 'Departed_in_last_36_hours.xml': True, 'Expected_arrivals.xml': True, 'Expected_departures.xml': True}
2025-10-29 22:27:27,386 - vessel_data_pipeline - INFO - VesselDataFetcher initialized. Pipeline enabled: True
2025-10-29 22:27:27,386 - vessel_data_pipeline - INFO - Starting vessel data fetch operation
2025-10-29 22:27:27,387 - vessel_data_pipeline - INFO - Discovering XML files from Hong Kong Marine Department portal
2025-10-29 22:27:27,898 - vessel_data_pipeline - INFO - Verified access to Arrived_in_last_36_hours.xml
2025-10-29 22:27:28,871 - vessel_data_pipeline - INFO - Verified access to Departed_in_last_36_hours.xml
2025-10-29 22:27:29,355 - vessel_data_pipeline - INFO - Verified access to Expected_arrivals.xml
2025-10-29 22:27:29,633 - vessel_data_pipeline - INFO - Verified access to Expected_departures.xml
2025-10-29 22:27:29,633 - vessel_data_pipeline - INFO - Discovered 4 XML files for download
2025-10-29 22:27:29,634 - vessel_data_pipeline - INFO - Downloading Arrived_in_last_36_hours.xml (attempt 1/3)
2025-10-29 22:27:30,059 - vessel_data_pipeline - INFO - File temp_Arrived_in_last_36_hours.xml passed validation checks
2025-10-29 22:27:30,060 - vessel_data_pipeline - INFO - Created backup: Arrived_in_last_36_hours_20251029_222730.xml
2025-10-29 22:27:30,061 - vessel_data_pipeline - INFO - Updated metadata for Arrived_in_last_36_hours.xml
2025-10-29 22:27:30,061 - vessel_data_pipeline - INFO - Successfully downloaded and validated Arrived_in_last_36_hours.xml
2025-10-29 22:27:32,066 - vessel_data_pipeline - INFO - Downloading Departed_in_last_36_hours.xml (attempt 1/3)
2025-10-29 22:27:32,652 - vessel_data_pipeline - INFO - File temp_Departed_in_last_36_hours.xml passed validation checks
2025-10-29 22:27:32,653 - vessel_data_pipeline - INFO - Created backup: Departed_in_last_36_hours_20251029_222732.xml
2025-10-29 22:27:32,653 - vessel_data_pipeline - INFO - Updated metadata for Departed_in_last_36_hours.xml
2025-10-29 22:27:32,653 - vessel_data_pipeline - INFO - Successfully downloaded and validated Departed_in_last_36_hours.xml
2025-10-29 22:27:34,655 - vessel_data_pipeline - INFO - Downloading Expected_arrivals.xml (attempt 1/3)
2025-10-29 22:27:35,155 - vessel_data_pipeline - INFO - File temp_Expected_arrivals.xml passed validation checks
2025-10-29 22:27:35,156 - vessel_data_pipeline - INFO - Created backup: Expected_arrivals_20251029_222735.xml
2025-10-29 22:27:35,156 - vessel_data_pipeline - INFO - Updated metadata for Expected_arrivals.xml
2025-10-29 22:27:35,156 - vessel_data_pipeline - INFO - Successfully downloaded and validated Expected_arrivals.xml
2025-10-29 22:27:37,161 - vessel_data_pipeline - INFO - Downloading Expected_departures.xml (attempt 1/3)
2025-10-29 22:27:37,649 - vessel_data_pipeline - INFO - File temp_Expected_departures.xml passed validation checks
2025-10-29 22:27:37,649 - vessel_data_pipeline - INFO - Created backup: Expected_departures_20251029_222737.xml
2025-10-29 22:27:37,649 - vessel_data_pipeline - INFO - Updated metadata for Expected_departures.xml
2025-10-29 22:27:37,649 - vessel_data_pipeline - INFO - Successfully downloaded and validated Expected_departures.xml
2025-10-29 22:27:39,655 - vessel_data_pipeline - INFO - Fetch operation completed. Results: {'Arrived_in_last_36_hours.xml': True, 'Departed_in_last_36_hours.xml': True, 'Expected_arrivals.xml': True, 'Expected_departures.xml': True}
2025-10-29 22:27:39,665 - vessel_data_pipeline - INFO - VesselDataFetcher initialized. Pipeline enabled: True
2025-10-29 22:27:39,666 - vessel_data_pipeline - INFO - Starting vessel data fetch operation
2025-10-29 22:27:39,666 - vessel_data_pipeline - INFO - Discovering XML files from Hong Kong Marine Department portal
2025-10-29 22:27:40,173 - vessel_data_pipeline - INFO - Verified access to Arrived_in_last_36_hours.xml
2025-10-29 22:27:41,120 - vessel_data_pipeline - INFO - Verified access to Departed_in_last_36_hours.xml
2025-10-29 22:27:41,581 - vessel_data_pipeline - INFO - Verified access to Expected_arrivals.xml
2025-10-29 22:27:41,845 - vessel_data_pipeline - INFO - Verified access to Expected_departures.xml
2025-10-29 22:27:41,845 - vessel_data_pipeline - INFO - Discovered 4 XML files for download
2025-10-29 22:27:41,845 - vessel_data_pipeline - INFO - Downloading Arrived_in_last_36_hours.xml (attempt 1/3)
2025-10-29 22:27:42,338 - vessel_data_pipeline - INFO - File temp_Arrived_in_last_36_hours.xml passed validation checks
2025-10-29 22:27:42,338 - vessel_data_pipeline - INFO - Created backup: Arrived_in_last_36_hours_20251029_222742.xml
2025-10-29 22:27:42,338 - vessel_data_pipeline - INFO - Updated metadata for Arrived_in_last_36_hours.xml
2025-10-29 22:27:42,338 - vessel_data_pipeline - INFO - Successfully downloaded and validated Arrived_in_last_36_hours.xml
2025-10-29 22:27:44,343 - vessel_data_pipeline - INFO - Downloading Departed_in_last_36_hours.xml (attempt 1/3)
2025-10-29 22:27:44,740 - vessel_data_pipeline - INFO - File temp_Departed_in_last_36_hours.xml passed validation checks
2025-10-29 22:27:44,741 - vessel_data_pipeline - INFO - Created backup: Departed_in_last_36_hours_20251029_222744.xml
2025-10-29 22:27:44,741 - vessel_data_pipeline - INFO - Updated metadata for Departed_in_last_36_hours.xml
2025-10-29 22:27:44,741 - vessel_data_pipeline - INFO - Successfully downloaded and validated Departed_in_last_36_hours.xml
2025-10-29 22:27:46,743 - vessel_data_pipeline - INFO - Downloading Expected_arrivals.xml (attempt 1/3)
2025-10-29 22:27:47,263 - vessel_data_pipeline - INFO - File temp_Expected_arrivals.xml passed validation checks
2025-10-29 22:27:47,263 - vessel_data_pipeline - INFO - Created backup: Expected_arrivals_20251029_222747.xml
2025-10-29 22:27:47,264 - vessel_data_pipeline - INFO - Updated metadata for Expected_arrivals.xml
2025-10-29 22:27:47,264 - vessel_data_pipeline - INFO - Successfully downloaded and validated Expected_arrivals.xml
2025-10-29 22:27:49,269 - vessel_data_pipeline - INFO - Downloading Expected_departures.xml (attempt 1/3)
2025-10-29 22:27:49,557 - vessel_data_pipeline - INFO - File temp_Expected_departures.xml passed validation checks
2025-10-29 22:27:49,557 - vessel_data_pipeline - INFO - Created backup: Expected_departures_20251029_222749.xml
2025-10-29 22:27:49,558 - vessel_data_pipeline - INFO - Updated metadata for Expected_departures.xml
2025-10-29 22:27:49,558 - vessel_data_pipeline - INFO - Successfully downloaded and validated Expected_departures.xml
2025-10-29 22:27:51,563 - vessel_data_pipeline - INFO - Fetch operation completed. Results: {'Arrived_in_last_36_hours.xml': True, 'Departed_in_last_36_hours.xml': True, 'Expected_arrivals.xml': True, 'Expected_departures.xml': True}
2025-10-29 22:27:51,580 - vessel_data_pipeline - INFO - VesselDataFetcher initialized. Pipeline enabled: True
2025-10-29 22:27:51,581 - vessel_data_pipeline - INFO - Starting vessel data fetch operation
2025-10-29 22:27:51,581 - vessel_data_pipeline - INFO - Discovering XML files from Hong Kong Marine Department portal
2025-10-29 22:27:52,474 - vessel_data_pipeline - INFO - Verified access to Arrived_in_last_36_hours.xml
2025-10-29 22:27:52,738 - vessel_data_pipeline - INFO - Verified access to Departed_in_last_36_hours.xml
2025-10-29 22:27:53,298 - vessel_data_pipeline - INFO - Verified access to Expected_arrivals.xml
2025-10-29 22:27:53,805 - vessel_data_pipeline - INFO - Verified access to Expected_departures.xml
2025-10-29 22:27:53,806 - vessel_data_pipeline - INFO - Discovered 4 XML files for download
2025-10-29 22:27:53,806 - vessel_data_pipeline - INFO - Downloading Arrived_in_last_36_hours.xml (attempt 1/3)
2025-10-29 22:27:54,279 - vessel_data_pipeline - INFO - File temp_Arrived_in_last_36_hours.xml passed validation checks
2025-10-29 22:27:54,280 - vessel_data_pipeline - INFO - Created backup: Arrived_in_last_36_hours_20251029_222754.xml
2025-10-29 22:27:54,280 - vessel_data_pipeline - INFO - Updated metadata for Arrived_in_last_36_hours.xml
2025-10-29 22:27:54,280 - vessel_data_pipeline - INFO - Successfully downloaded and validated Arrived_in_last_36_hours.xml
2025-10-29 22:27:56,283 - vessel_data_pipeline - INFO - Downloading Departed_in_last_36_hours.xml (attempt 1/3)
2025-10-29 22:27:56,853 - vessel_data_pipeline - INFO - File temp_Departed_in_last_36_hours.xml passed validation checks
2025-10-29 22:27:56,853 - vessel_data_pipeline - INFO - Created backup: Departed_in_last_36_hours_20251029_222756.xml
2025-10-29 22:27:56,854 - vessel_data_pipeline - INFO - Updated metadata for Departed_in_last_36_hours.xml
2025-10-29 22:27:56,854 - vessel_data_pipeline - INFO - Successfully downloaded and validated Departed_in_last_36_hours.xml
2025-10-29 22:27:58,857 - vessel_data_pipeline - INFO - Downloading Expected_arrivals.xml (attempt 1/3)
2025-10-29 22:27:59,447 - vessel_data_pipeline - INFO - File temp_Expected_arrivals.xml passed validation checks
2025-10-29 22:27:59,457 - vessel_data_pipeline - INFO - Created backup: Expected_arrivals_20251029_222759.xml
2025-10-29 22:27:59,464 - vessel_data_pipeline - INFO - Updated metadata for Expected_arrivals.xml
2025-10-29 22:27:59,464 - vessel_data_pipeline - INFO - Successfully downloaded and validated Expected_arrivals.xml
2025-10-29 22:28:01,468 - vessel_data_pipeline - INFO - Downloading Expected_departures.xml (attempt 1/3)
2025-10-29 22:28:02,005 - vessel_data_pipeline - INFO - File temp_Expected_departures.xml passed validation checks
2025-10-29 22:28:02,005 - vessel_data_pipeline - INFO - Created backup: Expected_departures_20251029_222802.xml
2025-10-29 22:28:02,005 - vessel_data_pipeline - INFO - Updated metadata for Expected_departures.xml
2025-10-29 22:28:02,006 - vessel_data_pipeline - INFO - Successfully downloaded and validated Expected_departures.xml
2025-10-29 22:28:04,007 - vessel_data_pipeline - INFO - Fetch operation completed. Results: {'Arrived_in_last_36_hours.xml': True, 'Departed_in_last_36_hours.xml': True, 'Expected_arrivals.xml': True, 'Expected_departures.xml': True}
2025-10-29 22:28:04,011 - vessel_data_pipeline - INFO - VesselDataFetcher initialized. Pipeline enabled: True
2025-10-29 22:28:04,011 - vessel_data_pipeline - INFO - Starting vessel data fetch operation
2025-10-29 22:28:04,011 - vessel_data_pipeline - INFO - Discovering XML files from Hong Kong Marine Department portal
2025-10-29 22:28:04,644 - vessel_data_pipeline - INFO - Verified access to Arrived_in_last_36_hours.xml
2025-10-29 22:28:05,536 - vessel_data_pipeline - INFO - Verified access to Departed_in_last_36_hours.xml
2025-10-29 22:28:06,210 - vessel_data_pipeline - INFO - Verified access to Expected_arrivals.xml
2025-10-29 22:28:06,489 - vessel_data_pipeline - INFO - Verified access to Expected_departures.xml
2025-10-29 22:28:06,489 - vessel_data_pipeline - INFO - Discovered 4 XML files for download
2025-10-29 22:28:06,490 - vessel_data_pipeline - INFO - Downloading Arrived_in_last_36_hours.xml (attempt 1/3)
2025-10-29 22:28:06,771 - vessel_data_pipeline - INFO - File temp_Arrived_in_last_36_hours.xml passed validation checks
2025-10-29 22:28:06,772 - vessel_data_pipeline - INFO - Created backup: Arrived_in_last_36_hours_20251029_222806.xml
2025-10-29 22:28:06,772 - vessel_data_pipeline - INFO - Updated metadata for Arrived_in_last_36_hours.xml
2025-10-29 22:28:06,772 - vessel_data_pipeline - INFO - Successfully downloaded and validated Arrived_in_last_36_hours.xml
2025-10-29 22:28:08,777 - vessel_data_pipeline - INFO - Downloading Departed_in_last_36_hours.xml (attempt 1/3)
2025-10-29 22:28:09,246 - vessel_data_pipeline - INFO - File temp_Departed_in_last_36_hours.xml passed validation checks
2025-10-29 22:28:09,247 - vessel_data_pipeline - INFO - Created backup: Departed_in_last_36_hours_20251029_222809.xml
2025-10-29 22:28:09,247 - vessel_data_pipeline - INFO - Updated metadata for Departed_in_last_36_hours.xml
2025-10-29 22:28:09,247 - vessel_data_pipeline - INFO - Successfully downloaded and validated Departed_in_last_36_hours.xml
2025-10-29 22:28:11,251 - vessel_data_pipeline - INFO - Downloading Expected_arrivals.xml (attempt 1/3)
2025-10-29 22:28:11,817 - vessel_data_pipeline - INFO - File temp_Expected_arrivals.xml passed validation checks
2025-10-29 22:28:11,818 - vessel_data_pipeline - INFO - Created backup: Expected_arrivals_20251029_222811.xml
2025-10-29 22:28:11,819 - vessel_data_pipeline - INFO - Updated metadata for Expected_arrivals.xml
2025-10-29 22:28:11,819 - vessel_data_pipeline - INFO - Successfully downloaded and validated Expected_arrivals.xml
2025-10-29 22:28:13,824 - vessel_data_pipeline - INFO - Downloading Expected_departures.xml (attempt 1/3)
2025-10-29 22:28:14,138 - vessel_data_pipeline - INFO - File temp_Expected_departures.xml passed validation checks
2025-10-29 22:28:14,139 - vessel_data_pipeline - INFO - Created backup: Expected_departures_20251029_222814.xml
2025-10-29 22:28:14,139 - vessel_data_pipeline - INFO - Updated metadata for Expected_departures.xml
2025-10-29 22:28:14,139 - vessel_data_pipeline - INFO - Successfully downloaded and validated Expected_departures.xml
2025-10-29 22:28:16,144 - vessel_data_pipeline - INFO - Fetch operation completed. Results: {'Arrived_in_last_36_hours.xml': True, 'Departed_in_last_36_hours.xml': True, 'Expected_arrivals.xml': True, 'Expected_departures.xml': True}
2025-10-29 22:28:17,269 - vessel_data_pipeline - INFO - VesselDataFetcher initialized. Pipeline enabled: True
2025-10-29 22:28:17,270 - vessel_data_pipeline - INFO - VesselDataFetcher initialized. Pipeline enabled: True
2025-10-29 22:28:17,270 - vessel_data_pipeline - INFO - Starting vessel data fetch operation
2025-10-29 22:28:17,270 - vessel_data_pipeline - INFO - Discovering XML files from Hong Kong Marine Department portal
2025-10-29 22:28:17,906 - vessel_data_pipeline - INFO - Verified access to Arrived_in_last_36_hours.xml
2025-10-29 22:28:19,021 - vessel_data_pipeline - INFO - Verified access to Departed_in_last_36_hours.xml
2025-10-29 22:28:19,491 - vessel_data_pipeline - INFO - Verified access to Expected_arrivals.xml
2025-10-29 22:28:20,020 - vessel_data_pipeline - INFO - Verified access to Expected_departures.xml
2025-10-29 22:28:20,020 - vessel_data_pipeline - INFO - Discovered 4 XML files for download
2025-10-29 22:28:20,020 - vessel_data_pipeline - INFO - Downloading Arrived_in_last_36_hours.xml (attempt 1/3)
2025-10-29 22:28:20,397 - vessel_data_pipeline - INFO - File temp_Arrived_in_last_36_hours.xml passed validation checks
2025-10-29 22:28:20,398 - vessel_data_pipeline - INFO - Created backup: Arrived_in_last_36_hours_20251029_222820.xml
2025-10-29 22:28:20,399 - vessel_data_pipeline - INFO - Updated metadata for Arrived_in_last_36_hours.xml
2025-10-29 22:28:20,399 - vessel_data_pipeline - INFO - Successfully downloaded and validated Arrived_in_last_36_hours.xml
2025-10-29 22:28:22,403 - vessel_data_pipeline - INFO - Downloading Departed_in_last_36_hours.xml (attempt 1/3)
2025-10-29 22:28:23,201 - vessel_data_pipeline - INFO - File temp_Departed_in_last_36_hours.xml passed validation checks
2025-10-29 22:28:23,201 - vessel_data_pipeline - INFO - Created backup: Departed_in_last_36_hours_20251029_222823.xml
2025-10-29 22:28:23,202 - vessel_data_pipeline - INFO - Updated metadata for Departed_in_last_36_hours.xml
2025-10-29 22:28:23,202 - vessel_data_pipeline - INFO - Successfully downloaded and validated Departed_in_last_36_hours.xml
2025-10-29 22:28:25,202 - vessel_data_pipeline - INFO - Downloading Expected_arrivals.xml (attempt 1/3)
2025-10-29 22:28:25,982 - vessel_data_pipeline - INFO - File temp_Expected_arrivals.xml passed validation checks
2025-10-29 22:28:25,984 - vessel_data_pipeline - INFO - Created backup: Expected_arrivals_20251029_222825.xml
2025-10-29 22:28:25,984 - vessel_data_pipeline - INFO - Updated metadata for Expected_arrivals.xml
2025-10-29 22:28:25,984 - vessel_data_pipeline - INFO - Successfully downloaded and validated Expected_arrivals.xml
2025-10-29 22:28:27,989 - vessel_data_pipeline - INFO - Downloading Expected_departures.xml (attempt 1/3)
2025-10-29 22:28:28,268 - vessel_data_pipeline - INFO - File temp_Expected_departures.xml passed validation checks
2025-10-29 22:28:28,269 - vessel_data_pipeline - INFO - Created backup: Expected_departures_20251029_222828.xml
2025-10-29 22:28:28,269 - vessel_data_pipeline - INFO - Updated metadata for Expected_departures.xml
2025-10-29 22:28:28,269 - vessel_data_pipeline - INFO - Successfully downloaded and validated Expected_departures.xml
2025-10-29 22:28:30,278 - vessel_data_pipeline - INFO - Fetch operation completed. Results: {'Arrived_in_last_36_hours.xml': True, 'Departed_in_last_36_hours.xml': True, 'Expected_arrivals.xml': True, 'Expected_departures.xml': True}
2025-10-29 22:29:03,872 - vessel_data_pipeline - INFO - VesselDataFetcher initialized. Pipeline enabled: True
2025-10-29 22:29:03,872 - vessel_data_pipeline - INFO - Starting vessel data fetch operation
2025-10-29 22:29:03,872 - vessel_data_pipeline - INFO - Discovering XML files from Hong Kong Marine Department portal
2025-10-29 22:29:04,792 - vessel_data_pipeline - INFO - Verified access to Arrived_in_last_36_hours.xml
2025-10-29 22:29:05,268 - vessel_data_pipeline - INFO - Verified access to Departed_in_last_36_hours.xml
2025-10-29 22:29:05,751 - vessel_data_pipeline - INFO - Verified access to Expected_arrivals.xml
2025-10-29 22:29:06,040 - vessel_data_pipeline - INFO - Verified access to Expected_departures.xml
2025-10-29 22:29:06,040 - vessel_data_pipeline - INFO - Discovered 4 XML files for download
2025-10-29 22:29:06,040 - vessel_data_pipeline - INFO - Downloading Arrived_in_last_36_hours.xml (attempt 1/3)
2025-10-29 22:29:06,633 - vessel_data_pipeline - INFO - File temp_Arrived_in_last_36_hours.xml passed validation checks
2025-10-29 22:29:06,634 - vessel_data_pipeline - INFO - Created backup: Arrived_in_last_36_hours_20251029_222906.xml
2025-10-29 22:29:06,635 - vessel_data_pipeline - INFO - Updated metadata for Arrived_in_last_36_hours.xml
2025-10-29 22:29:06,635 - vessel_data_pipeline - INFO - Successfully downloaded and validated Arrived_in_last_36_hours.xml
2025-10-29 22:29:08,636 - vessel_data_pipeline - INFO - Downloading Departed_in_last_36_hours.xml (attempt 1/3)
2025-10-29 22:29:09,193 - vessel_data_pipeline - INFO - File temp_Departed_in_last_36_hours.xml passed validation checks
2025-10-29 22:29:09,193 - vessel_data_pipeline - INFO - Created backup: Departed_in_last_36_hours_20251029_222909.xml
2025-10-29 22:29:09,193 - vessel_data_pipeline - INFO - Updated metadata for Departed_in_last_36_hours.xml
2025-10-29 22:29:09,193 - vessel_data_pipeline - INFO - Successfully downloaded and validated Departed_in_last_36_hours.xml
2025-10-29 22:29:11,198 - vessel_data_pipeline - INFO - Downloading Expected_arrivals.xml (attempt 1/3)
2025-10-29 22:29:11,500 - vessel_data_pipeline - INFO - File temp_Expected_arrivals.xml passed validation checks
2025-10-29 22:29:11,500 - vessel_data_pipeline - INFO - Created backup: Expected_arrivals_20251029_222911.xml
2025-10-29 22:29:11,501 - vessel_data_pipeline - INFO - Updated metadata for Expected_arrivals.xml
2025-10-29 22:29:11,501 - vessel_data_pipeline - INFO - Successfully downloaded and validated Expected_arrivals.xml
2025-10-29 22:29:13,506 - vessel_data_pipeline - INFO - Downloading Expected_departures.xml (attempt 1/3)
2025-10-29 22:29:13,810 - vessel_data_pipeline - INFO - File temp_Expected_departures.xml passed validation checks
2025-10-29 22:29:13,810 - vessel_data_pipeline - INFO - Created backup: Expected_departures_20251029_222913.xml
2025-10-29 22:29:13,811 - vessel_data_pipeline - INFO - Updated metadata for Expected_departures.xml
2025-10-29 22:29:13,811 - vessel_data_pipeline - INFO - Successfully downloaded and validated Expected_departures.xml
2025-10-29 22:29:15,811 - vessel_data_pipeline - INFO - Fetch operation completed. Results: {'Arrived_in_last_36_hours.xml': True, 'Departed_in_last_36_hours.xml': True, 'Expected_arrivals.xml': True, 'Expected_departures.xml': True}
2025-10-29 22:29:16,109 - vessel_data_pipeline - INFO - VesselDataFetcher initialized. Pipeline enabled: True
2025-10-29 22:29:16,111 - vessel_data_pipeline - INFO - Starting vessel data fetch operation
2025-10-29 22:29:16,111 - vessel_data_pipeline - INFO - Discovering XML files from Hong Kong Marine Department portal
2025-10-29 22:29:16,428 - vessel_data_pipeline - INFO - Verified access to Arrived_in_last_36_hours.xml
2025-10-29 22:29:16,836 - vessel_data_pipeline - INFO - Verified access to Departed_in_last_36_hours.xml
2025-10-29 22:29:17,099 - vessel_data_pipeline - INFO - Verified access to Expected_arrivals.xml
2025-10-29 22:29:17,382 - vessel_data_pipeline - INFO - Verified access to Expected_departures.xml
2025-10-29 22:29:17,382 - vessel_data_pipeline - INFO - Discovered 4 XML files for download
2025-10-29 22:29:17,382 - vessel_data_pipeline - INFO - Downloading Arrived_in_last_36_hours.xml (attempt 1/3)
2025-10-29 22:29:17,654 - vessel_data_pipeline - INFO - File temp_Arrived_in_last_36_hours.xml passed validation checks
2025-10-29 22:29:17,655 - vessel_data_pipeline - INFO - Created backup: Arrived_in_last_36_hours_20251029_222917.xml
2025-10-29 22:29:17,656 - vessel_data_pipeline - INFO - Updated metadata for Arrived_in_last_36_hours.xml
2025-10-29 22:29:17,657 - vessel_data_pipeline - INFO - Successfully downloaded and validated Arrived_in_last_36_hours.xml
2025-10-29 22:29:19,661 - vessel_data_pipeline - INFO - Downloading Departed_in_last_36_hours.xml (attempt 1/3)
2025-10-29 22:29:19,961 - vessel_data_pipeline - INFO - File temp_Departed_in_last_36_hours.xml passed validation checks
2025-10-29 22:29:19,962 - vessel_data_pipeline - INFO - Created backup: Departed_in_last_36_hours_20251029_222919.xml
2025-10-29 22:29:19,962 - vessel_data_pipeline - INFO - Updated metadata for Departed_in_last_36_hours.xml
2025-10-29 22:29:19,962 - vessel_data_pipeline - INFO - Successfully downloaded and validated Departed_in_last_36_hours.xml
2025-10-29 22:29:21,967 - vessel_data_pipeline - INFO - Downloading Expected_arrivals.xml (attempt 1/3)
2025-10-29 22:29:22,240 - vessel_data_pipeline - INFO - File temp_Expected_arrivals.xml passed validation checks
2025-10-29 22:29:22,240 - vessel_data_pipeline - INFO - Created backup: Expected_arrivals_20251029_222922.xml
2025-10-29 22:29:22,240 - vessel_data_pipeline - INFO - Updated metadata for Expected_arrivals.xml
2025-10-29 22:29:22,241 - vessel_data_pipeline - INFO - Successfully downloaded and validated Expected_arrivals.xml
2025-10-29 22:29:24,246 - vessel_data_pipeline - INFO - Downloading Expected_departures.xml (attempt 1/3)
2025-10-29 22:29:24,657 - vessel_data_pipeline - INFO - File temp_Expected_departures.xml passed validation checks
2025-10-29 22:29:24,658 - vessel_data_pipeline - INFO - Created backup: Expected_departures_20251029_222924.xml
2025-10-29 22:29:24,658 - vessel_data_pipeline - INFO - Updated metadata for Expected_departures.xml
2025-10-29 22:29:24,658 - vessel_data_pipeline - INFO - Successfully downloaded and validated Expected_departures.xml
2025-10-29 22:29:26,663 - vessel_data_pipeline - INFO - Fetch operation completed. Results: {'Arrived_in_last_36_hours.xml': True, 'Departed_in_last_36_hours.xml': True, 'Expected_arrivals.xml': True, 'Expected_departures.xml': True}
2025-10-29 22:29:26,667 - vessel_data_pipeline - INFO - VesselDataFetcher initialized. Pipeline enabled: True
2025-10-29 22:29:26,675 - vessel_data_pipeline - INFO - Starting vessel data fetch operation
2025-10-29 22:29:26,675 - vessel_data_pipeline - INFO - Discovering XML files from Hong Kong Marine Department portal
2025-10-29 22:29:26,998 - vessel_data_pipeline - INFO - Verified access to Arrived_in_last_36_hours.xml
2025-10-29 22:29:27,683 - vessel_data_pipeline - INFO - Verified access to Departed_in_last_36_hours.xml
2025-10-29 22:29:28,267 - vessel_data_pipeline - INFO - Verified access to Expected_arrivals.xml
2025-10-29 22:29:28,575 - vessel_data_pipeline - INFO - Verified access to Expected_departures.xml
2025-10-29 22:29:28,575 - vessel_data_pipeline - INFO - Discovered 4 XML files for download
2025-10-29 22:29:28,575 - vessel_data_pipeline - INFO - Downloading Arrived_in_last_36_hours.xml (attempt 1/3)
2025-10-29 22:29:28,842 - vessel_data_pipeline - INFO - File temp_Arrived_in_last_36_hours.xml passed validation checks
2025-10-29 22:29:28,842 - vessel_data_pipeline - INFO - Created backup: Arrived_in_last_36_hours_20251029_222928.xml
2025-10-29 22:29:28,843 - vessel_data_pipeline - INFO - Updated metadata for Arrived_in_last_36_hours.xml
2025-10-29 22:29:28,843 - vessel_data_pipeline - INFO - Successfully downloaded and validated Arrived_in_last_36_hours.xml
2025-10-29 22:29:30,848 - vessel_data_pipeline - INFO - Downloading Departed_in_last_36_hours.xml (attempt 1/3)
2025-10-29 22:29:31,974 - vessel_data_pipeline - INFO - File temp_Departed_in_last_36_hours.xml passed validation checks
2025-10-29 22:29:31,975 - vessel_data_pipeline - INFO - Created backup: Departed_in_last_36_hours_20251029_222931.xml
2025-10-29 22:29:31,975 - vessel_data_pipeline - INFO - Updated metadata for Departed_in_last_36_hours.xml
2025-10-29 22:29:31,975 - vessel_data_pipeline - INFO - Successfully downloaded and validated Departed_in_last_36_hours.xml
2025-10-29 22:29:33,980 - vessel_data_pipeline - INFO - Downloading Expected_arrivals.xml (attempt 1/3)
2025-10-29 22:29:34,251 - vessel_data_pipeline - INFO - File temp_Expected_arrivals.xml passed validation checks
2025-10-29 22:29:34,251 - vessel_data_pipeline - INFO - Created backup: Expected_arrivals_20251029_222934.xml
2025-10-29 22:29:34,252 - vessel_data_pipeline - INFO - Updated metadata for Expected_arrivals.xml
2025-10-29 22:29:34,252 - vessel_data_pipeline - INFO - Successfully downloaded and validated Expected_arrivals.xml
2025-10-29 22:29:36,255 - vessel_data_pipeline - INFO - Downloading Expected_departures.xml (attempt 1/3)
2025-10-29 22:29:36,648 - vessel_data_pipeline - INFO - File temp_Expected_departures.xml passed validation checks
2025-10-29 22:29:36,649 - vessel_data_pipeline - INFO - Created backup: Expected_departures_20251029_222936.xml
2025-10-29 22:29:36,649 - vessel_data_pipeline - INFO - Updated metadata for Expected_departures.xml
2025-10-29 22:29:36,649 - vessel_data_pipeline - INFO - Successfully downloaded and validated Expected_departures.xml
2025-10-29 22:29:38,654 - vessel_data_pipeline - INFO - Fetch operation completed. Results: {'Arrived_in_last_36_hours.xml': True, 'Departed_in_last_36_hours.xml': True, 'Expected_arrivals.xml': True, 'Expected_departures.xml': True}
2025-10-29 22:29:41,589 - vessel_data_pipeline - INFO - VesselDataFetcher initialized. Pipeline enabled: True
2025-10-29 22:29:41,590 - vessel_data_pipeline - INFO - Starting vessel data fetch operation
2025-10-29 22:29:41,590 - vessel_data_pipeline - INFO - Discovering XML files from Hong Kong Marine Department portal
2025-10-29 22:29:42,288 - vessel_data_pipeline - INFO - Verified access to Arrived_in_last_36_hours.xml
2025-10-29 22:29:42,560 - vessel_data_pipeline - INFO - Verified access to Departed_in_last_36_hours.xml
2025-10-29 22:29:43,253 - vessel_data_pipeline - INFO - Verified access to Expected_arrivals.xml
2025-10-29 22:29:43,526 - vessel_data_pipeline - INFO - Verified access to Expected_departures.xml
2025-10-29 22:29:43,526 - vessel_data_pipeline - INFO - Discovered 4 XML files for download
2025-10-29 22:29:43,526 - vessel_data_pipeline - INFO - Downloading Arrived_in_last_36_hours.xml (attempt 1/3)
2025-10-29 22:29:43,811 - vessel_data_pipeline - INFO - File temp_Arrived_in_last_36_hours.xml passed validation checks
2025-10-29 22:29:43,812 - vessel_data_pipeline - INFO - Created backup: Arrived_in_last_36_hours_20251029_222943.xml
2025-10-29 22:29:43,813 - vessel_data_pipeline - INFO - Updated metadata for Arrived_in_last_36_hours.xml
2025-10-29 22:29:43,813 - vessel_data_pipeline - INFO - Successfully downloaded and validated Arrived_in_last_36_hours.xml
2025-10-29 22:29:45,814 - vessel_data_pipeline - INFO - Downloading Departed_in_last_36_hours.xml (attempt 1/3)
2025-10-29 22:29:46,305 - vessel_data_pipeline - INFO - File temp_Departed_in_last_36_hours.xml passed validation checks
2025-10-29 22:29:46,305 - vessel_data_pipeline - INFO - Created backup: Departed_in_last_36_hours_20251029_222946.xml
2025-10-29 22:29:46,305 - vessel_data_pipeline - INFO - Updated metadata for Departed_in_last_36_hours.xml
2025-10-29 22:29:46,306 - vessel_data_pipeline - INFO - Successfully downloaded and validated Departed_in_last_36_hours.xml
2025-10-29 22:29:48,306 - vessel_data_pipeline - INFO - Downloading Expected_arrivals.xml (attempt 1/3)
2025-10-29 22:29:49,225 - vessel_data_pipeline - INFO - File temp_Expected_arrivals.xml passed validation checks
2025-10-29 22:29:49,226 - vessel_data_pipeline - INFO - Created backup: Expected_arrivals_20251029_222949.xml
2025-10-29 22:29:49,226 - vessel_data_pipeline - INFO - Updated metadata for Expected_arrivals.xml
2025-10-29 22:29:49,226 - vessel_data_pipeline - INFO - Successfully downloaded and validated Expected_arrivals.xml
2025-10-29 22:29:51,229 - vessel_data_pipeline - INFO - Downloading Expected_departures.xml (attempt 1/3)
2025-10-29 22:29:51,504 - vessel_data_pipeline - INFO - File temp_Expected_departures.xml passed validation checks
2025-10-29 22:29:51,504 - vessel_data_pipeline - INFO - Created backup: Expected_departures_20251029_222951.xml
2025-10-29 22:29:51,504 - vessel_data_pipeline - INFO - Updated metadata for Expected_departures.xml
2025-10-29 22:29:51,504 - vessel_data_pipeline - INFO - Successfully downloaded and validated Expected_departures.xml
2025-10-29 22:29:53,509 - vessel_data_pipeline - INFO - Fetch operation completed. Results: {'Arrived_in_last_36_hours.xml': True, 'Departed_in_last_36_hours.xml': True, 'Expected_arrivals.xml': True, 'Expected_departures.xml': True}
2025-10-29 22:29:53,514 - vessel_data_pipeline - INFO - VesselDataFetcher initialized. Pipeline enabled: True
2025-10-29 22:29:53,514 - vessel_data_pipeline - INFO - Starting vessel data fetch operation
2025-10-29 22:29:53,514 - vessel_data_pipeline - INFO - Discovering XML files from Hong Kong Marine Department portal
2025-10-29 22:29:53,818 - vessel_data_pipeline - INFO - Verified access to Arrived_in_last_36_hours.xml
2025-10-29 22:29:54,086 - vessel_data_pipeline - INFO - Verified access to Departed_in_last_36_hours.xml
2025-10-29 22:29:54,394 - vessel_data_pipeline - INFO - Verified access to Expected_arrivals.xml
2025-10-29 22:29:54,428 - vessel_data_pipeline - INFO - Verified access to Expected_departures.xml
2025-10-29 22:29:54,429 - vessel_data_pipeline - INFO - Discovered 4 XML files for download
2025-10-29 22:29:54,429 - vessel_data_pipeline - INFO - Downloading Arrived_in_last_36_hours.xml (attempt 1/3)
2025-10-29 22:29:54,700 - vessel_data_pipeline - INFO - File temp_Arrived_in_last_36_hours.xml passed validation checks
2025-10-29 22:29:54,701 - vessel_data_pipeline - INFO - Created backup: Arrived_in_last_36_hours_20251029_222954.xml
2025-10-29 22:29:54,701 - vessel_data_pipeline - INFO - Updated metadata for Arrived_in_last_36_hours.xml
2025-10-29 22:29:54,701 - vessel_data_pipeline - INFO - Successfully downloaded and validated Arrived_in_last_36_hours.xml
2025-10-29 22:29:56,706 - vessel_data_pipeline - INFO - Downloading Departed_in_last_36_hours.xml (attempt 1/3)
2025-10-29 22:29:57,886 - vessel_data_pipeline - INFO - File temp_Departed_in_last_36_hours.xml passed validation checks
2025-10-29 22:29:57,893 - vessel_data_pipeline - INFO - Created backup: Departed_in_last_36_hours_20251029_222957.xml
2025-10-29 22:29:57,896 - vessel_data_pipeline - INFO - Updated metadata for Departed_in_last_36_hours.xml
2025-10-29 22:29:57,899 - vessel_data_pipeline - INFO - Successfully downloaded and validated Departed_in_last_36_hours.xml
2025-10-29 22:29:59,901 - vessel_data_pipeline - INFO - Downloading Expected_arrivals.xml (attempt 1/3)
2025-10-29 22:30:00,179 - vessel_data_pipeline - INFO - File temp_Expected_arrivals.xml passed validation checks
2025-10-29 22:30:00,179 - vessel_data_pipeline - INFO - Created backup: Expected_arrivals_20251029_223000.xml
2025-10-29 22:30:00,179 - vessel_data_pipeline - INFO - Updated metadata for Expected_arrivals.xml
2025-10-29 22:30:00,179 - vessel_data_pipeline - INFO - Successfully downloaded and validated Expected_arrivals.xml
2025-10-29 22:30:02,182 - vessel_data_pipeline - INFO - Downloading Expected_departures.xml (attempt 1/3)
2025-10-29 22:30:02,721 - vessel_data_pipeline - INFO - File temp_Expected_departures.xml passed validation checks
2025-10-29 22:30:02,721 - vessel_data_pipeline - INFO - Created backup: Expected_departures_20251029_223002.xml
2025-10-29 22:30:02,722 - vessel_data_pipeline - INFO - Updated metadata for Expected_departures.xml
2025-10-29 22:30:02,722 - vessel_data_pipeline - INFO - Successfully downloaded and validated Expected_departures.xml
2025-10-29 22:30:04,727 - vessel_data_pipeline - INFO - Fetch operation completed. Results: {'Arrived_in_last_36_hours.xml': True, 'Departed_in_last_36_hours.xml': True, 'Expected_arrivals.xml': True, 'Expected_departures.xml': True}
2025-10-29 22:30:04,741 - vessel_data_pipeline - INFO - VesselDataFetcher initialized. Pipeline enabled: True
2025-10-29 22:30:04,742 - vessel_data_pipeline - INFO - Starting vessel data fetch operation
2025-10-29 22:30:04,742 - vessel_data_pipeline - INFO - Discovering XML files from Hong Kong Marine Department portal
2025-10-29 22:30:05,259 - vessel_data_pipeline - INFO - Verified access to Arrived_in_last_36_hours.xml
2025-10-29 22:30:06,614 - vessel_data_pipeline - INFO - Verified access to Departed_in_last_36_hours.xml
2025-10-29 22:30:06,915 - vessel_data_pipeline - INFO - Verified access to Expected_arrivals.xml
2025-10-29 22:30:07,593 - vessel_data_pipeline - INFO - Verified access to Expected_departures.xml
2025-10-29 22:30:07,594 - vessel_data_pipeline - INFO - Discovered 4 XML files for download
2025-10-29 22:30:07,594 - vessel_data_pipeline - INFO - Downloading Arrived_in_last_36_hours.xml (attempt 1/3)
2025-10-29 22:30:07,873 - vessel_data_pipeline - INFO - File temp_Arrived_in_last_36_hours.xml passed validation checks
2025-10-29 22:30:07,873 - vessel_data_pipeline - INFO - Created backup: Arrived_in_last_36_hours_20251029_223007.xml
2025-10-29 22:30:07,874 - vessel_data_pipeline - INFO - Updated metadata for Arrived_in_last_36_hours.xml
2025-10-29 22:30:07,874 - vessel_data_pipeline - INFO - Successfully downloaded and validated Arrived_in_last_36_hours.xml
2025-10-29 22:30:09,879 - vessel_data_pipeline - INFO - Downloading Departed_in_last_36_hours.xml (attempt 1/3)
2025-10-29 22:30:10,153 - vessel_data_pipeline - INFO - File temp_Departed_in_last_36_hours.xml passed validation checks
2025-10-29 22:30:10,154 - vessel_data_pipeline - INFO - Created backup: Departed_in_last_36_hours_20251029_223010.xml
2025-10-29 22:30:10,154 - vessel_data_pipeline - INFO - Updated metadata for Departed_in_last_36_hours.xml
2025-10-29 22:30:10,154 - vessel_data_pipeline - INFO - Successfully downloaded and validated Departed_in_last_36_hours.xml
2025-10-29 22:30:12,159 - vessel_data_pipeline - INFO - Downloading Expected_arrivals.xml (attempt 1/3)
2025-10-29 22:30:12,629 - vessel_data_pipeline - INFO - File temp_Expected_arrivals.xml passed validation checks
2025-10-29 22:30:12,630 - vessel_data_pipeline - INFO - Created backup: Expected_arrivals_20251029_223012.xml
2025-10-29 22:30:12,630 - vessel_data_pipeline - INFO - Updated metadata for Expected_arrivals.xml
2025-10-29 22:30:12,630 - vessel_data_pipeline - INFO - Successfully downloaded and validated Expected_arrivals.xml
2025-10-29 22:30:14,631 - vessel_data_pipeline - INFO - Downloading Expected_departures.xml (attempt 1/3)
2025-10-29 22:30:14,899 - vessel_data_pipeline - INFO - File temp_Expected_departures.xml passed validation checks
2025-10-29 22:30:14,900 - vessel_data_pipeline - INFO - Created backup: Expected_departures_20251029_223014.xml
2025-10-29 22:30:14,900 - vessel_data_pipeline - INFO - Updated metadata for Expected_departures.xml
2025-10-29 22:30:14,900 - vessel_data_pipeline - INFO - Successfully downloaded and validated Expected_departures.xml
2025-10-29 22:30:16,907 - vessel_data_pipeline - INFO - Fetch operation completed. Results: {'Arrived_in_last_36_hours.xml': True, 'Departed_in_last_36_hours.xml': True, 'Expected_arrivals.xml': True, 'Expected_departures.xml': True}
2025-10-29 22:30:16,943 - vessel_data_pipeline - INFO - VesselDataFetcher initialized. Pipeline enabled: True
2025-10-29 22:30:16,949 - vessel_data_pipeline - INFO - Starting vessel data fetch operation
2025-10-29 22:30:16,949 - vessel_data_pipeline - INFO - Discovering XML files from Hong Kong Marine Department portal
2025-10-29 22:30:17,829 - vessel_data_pipeline - INFO - Verified access to Arrived_in_last_36_hours.xml
2025-10-29 22:30:18,388 - vessel_data_pipeline - INFO - Verified access to Departed_in_last_36_hours.xml
2025-10-29 22:30:19,105 - vessel_data_pipeline - INFO - Verified access to Expected_arrivals.xml
2025-10-29 22:30:19,378 - vessel_data_pipeline - INFO - Verified access to Expected_departures.xml
2025-10-29 22:30:19,378 - vessel_data_pipeline - INFO - Discovered 4 XML files for download
2025-10-29 22:30:19,378 - vessel_data_pipeline - INFO - Downloading Arrived_in_last_36_hours.xml (attempt 1/3)
2025-10-29 22:30:20,133 - vessel_data_pipeline - INFO - File temp_Arrived_in_last_36_hours.xml passed validation checks
2025-10-29 22:30:20,134 - vessel_data_pipeline - INFO - Created backup: Arrived_in_last_36_hours_20251029_223020.xml
2025-10-29 22:30:20,134 - vessel_data_pipeline - INFO - Updated metadata for Arrived_in_last_36_hours.xml
2025-10-29 22:30:20,134 - vessel_data_pipeline - INFO - Successfully downloaded and validated Arrived_in_last_36_hours.xml
2025-10-29 22:30:22,135 - vessel_data_pipeline - INFO - Downloading Departed_in_last_36_hours.xml (attempt 1/3)
2025-10-29 22:30:24,000 - vessel_data_pipeline - INFO - File temp_Departed_in_last_36_hours.xml passed validation checks
2025-10-29 22:30:24,001 - vessel_data_pipeline - INFO - Created backup: Departed_in_last_36_hours_20251029_223024.xml
2025-10-29 22:30:24,001 - vessel_data_pipeline - INFO - Updated metadata for Departed_in_last_36_hours.xml
2025-10-29 22:30:24,001 - vessel_data_pipeline - INFO - Successfully downloaded and validated Departed_in_last_36_hours.xml
2025-10-29 22:30:26,006 - vessel_data_pipeline - INFO - Downloading Expected_arrivals.xml (attempt 1/3)
2025-10-29 22:30:26,623 - vessel_data_pipeline - INFO - File temp_Expected_arrivals.xml passed validation checks
2025-10-29 22:30:26,625 - vessel_data_pipeline - INFO - Created backup: Expected_arrivals_20251029_223026.xml
2025-10-29 22:30:26,626 - vessel_data_pipeline - INFO - Updated metadata for Expected_arrivals.xml
2025-10-29 22:30:26,626 - vessel_data_pipeline - INFO - Successfully downloaded and validated Expected_arrivals.xml
2025-10-29 22:30:28,631 - vessel_data_pipeline - INFO - Downloading Expected_departures.xml (attempt 1/3)
2025-10-29 22:30:29,131 - vessel_data_pipeline - INFO - File temp_Expected_departures.xml passed validation checks
2025-10-29 22:30:29,151 - vessel_data_pipeline - INFO - Created backup: Expected_departures_20251029_223029.xml
2025-10-29 22:30:29,163 - vessel_data_pipeline - INFO - Updated metadata for Expected_departures.xml
2025-10-29 22:30:29,163 - vessel_data_pipeline - INFO - Successfully downloaded and validated Expected_departures.xml
2025-10-29 22:30:31,164 - vessel_data_pipeline - INFO - Fetch operation completed. Results: {'Arrived_in_last_36_hours.xml': True, 'Departed_in_last_36_hours.xml': True, 'Expected_arrivals.xml': True, 'Expected_departures.xml': True}
2025-10-29 22:30:32,331 - vessel_data_pipeline - INFO - VesselDataFetcher initialized. Pipeline enabled: True
2025-10-29 22:30:32,332 - vessel_data_pipeline - INFO - VesselDataFetcher initialized. Pipeline enabled: True
2025-10-29 22:30:32,333 - vessel_data_pipeline - INFO - Starting vessel data fetch operation
2025-10-29 22:30:32,333 - vessel_data_pipeline - INFO - Discovering XML files from Hong Kong Marine Department portal
2025-10-29 22:30:32,631 - vessel_data_pipeline - INFO - Verified access to Arrived_in_last_36_hours.xml
2025-10-29 22:30:33,749 - vessel_data_pipeline - INFO - Verified access to Departed_in_last_36_hours.xml
2025-10-29 22:30:34,056 - vessel_data_pipeline - INFO - Verified access to Expected_arrivals.xml
2025-10-29 22:30:34,355 - vessel_data_pipeline - INFO - Verified access to Expected_departures.xml
2025-10-29 22:30:34,355 - vessel_data_pipeline - INFO - Discovered 4 XML files for download
2025-10-29 22:30:34,355 - vessel_data_pipeline - INFO - Downloading Arrived_in_last_36_hours.xml (attempt 1/3)
2025-10-29 22:30:35,044 - vessel_data_pipeline - INFO - File temp_Arrived_in_last_36_hours.xml passed validation checks
2025-10-29 22:30:35,045 - vessel_data_pipeline - INFO - Created backup: Arrived_in_last_36_hours_20251029_223035.xml
2025-10-29 22:30:35,046 - vessel_data_pipeline - INFO - Updated metadata for Arrived_in_last_36_hours.xml
2025-10-29 22:30:35,046 - vessel_data_pipeline - INFO - Successfully downloaded and validated Arrived_in_last_36_hours.xml
2025-10-29 22:30:37,051 - vessel_data_pipeline - INFO - Downloading Departed_in_last_36_hours.xml (attempt 1/3)
2025-10-29 22:30:37,628 - vessel_data_pipeline - INFO - File temp_Departed_in_last_36_hours.xml passed validation checks
2025-10-29 22:30:37,628 - vessel_data_pipeline - INFO - Created backup: Departed_in_last_36_hours_20251029_223037.xml
2025-10-29 22:30:37,629 - vessel_data_pipeline - INFO - Updated metadata for Departed_in_last_36_hours.xml
2025-10-29 22:30:37,629 - vessel_data_pipeline - INFO - Successfully downloaded and validated Departed_in_last_36_hours.xml
2025-10-29 22:30:39,631 - vessel_data_pipeline - INFO - Downloading Expected_arrivals.xml (attempt 1/3)
2025-10-29 22:30:40,118 - vessel_data_pipeline - INFO - File temp_Expected_arrivals.xml passed validation checks
2025-10-29 22:30:40,118 - vessel_data_pipeline - INFO - Created backup: Expected_arrivals_20251029_223040.xml
2025-10-29 22:30:40,119 - vessel_data_pipeline - INFO - Updated metadata for Expected_arrivals.xml
2025-10-29 22:30:40,119 - vessel_data_pipeline - INFO - Successfully downloaded and validated Expected_arrivals.xml
2025-10-29 22:30:42,124 - vessel_data_pipeline - INFO - Downloading Expected_departures.xml (attempt 1/3)
2025-10-29 22:30:42,466 - vessel_data_pipeline - INFO - File temp_Expected_departures.xml passed validation checks
2025-10-29 22:30:42,467 - vessel_data_pipeline - INFO - Created backup: Expected_departures_20251029_223042.xml
2025-10-29 22:30:42,467 - vessel_data_pipeline - INFO - Updated metadata for Expected_departures.xml
2025-10-29 22:30:42,467 - vessel_data_pipeline - INFO - Successfully downloaded and validated Expected_departures.xml
2025-10-29 22:30:44,473 - vessel_data_pipeline - INFO - Fetch operation completed. Results: {'Arrived_in_last_36_hours.xml': True, 'Departed_in_last_36_hours.xml': True, 'Expected_arrivals.xml': True, 'Expected_departures.xml': True}
2025-10-29 22:31:16,081 - vessel_data_pipeline - INFO - VesselDataFetcher initialized. Pipeline enabled: True
2025-10-29 22:31:16,082 - vessel_data_pipeline - INFO - Starting vessel data fetch operation
2025-10-29 22:31:16,082 - vessel_data_pipeline - INFO - Discovering XML files from Hong Kong Marine Department portal
2025-10-29 22:31:16,774 - vessel_data_pipeline - INFO - Verified access to Arrived_in_last_36_hours.xml
2025-10-29 22:31:16,812 - vessel_data_pipeline - INFO - Verified access to Departed_in_last_36_hours.xml
2025-10-29 22:31:17,128 - vessel_data_pipeline - INFO - Verified access to Expected_arrivals.xml
2025-10-29 22:31:17,392 - vessel_data_pipeline - INFO - Verified access to Expected_departures.xml
2025-10-29 22:31:17,392 - vessel_data_pipeline - INFO - Discovered 4 XML files for download
2025-10-29 22:31:17,392 - vessel_data_pipeline - INFO - Downloading Arrived_in_last_36_hours.xml (attempt 1/3)
2025-10-29 22:31:17,665 - vessel_data_pipeline - INFO - File temp_Arrived_in_last_36_hours.xml passed validation checks
2025-10-29 22:31:17,667 - vessel_data_pipeline - INFO - Created backup: Arrived_in_last_36_hours_20251029_223117.xml
2025-10-29 22:31:17,668 - vessel_data_pipeline - INFO - Updated metadata for Arrived_in_last_36_hours.xml
2025-10-29 22:31:17,668 - vessel_data_pipeline - INFO - Successfully downloaded and validated Arrived_in_last_36_hours.xml
2025-10-29 22:31:19,671 - vessel_data_pipeline - INFO - Downloading Departed_in_last_36_hours.xml (attempt 1/3)
2025-10-29 22:31:20,397 - vessel_data_pipeline - INFO - File temp_Departed_in_last_36_hours.xml passed validation checks
2025-10-29 22:31:20,398 - vessel_data_pipeline - INFO - Created backup: Departed_in_last_36_hours_20251029_223120.xml
2025-10-29 22:31:20,398 - vessel_data_pipeline - INFO - Updated metadata for Departed_in_last_36_hours.xml
2025-10-29 22:31:20,398 - vessel_data_pipeline - INFO - Successfully downloaded and validated Departed_in_last_36_hours.xml
2025-10-29 22:31:22,403 - vessel_data_pipeline - INFO - Downloading Expected_arrivals.xml (attempt 1/3)
2025-10-29 22:31:22,716 - vessel_data_pipeline - INFO - File temp_Expected_arrivals.xml passed validation checks
2025-10-29 22:31:22,717 - vessel_data_pipeline - INFO - Created backup: Expected_arrivals_20251029_223122.xml
2025-10-29 22:31:22,717 - vessel_data_pipeline - INFO - Updated metadata for Expected_arrivals.xml
2025-10-29 22:31:22,717 - vessel_data_pipeline - INFO - Successfully downloaded and validated Expected_arrivals.xml
2025-10-29 22:31:24,723 - vessel_data_pipeline - INFO - Downloading Expected_departures.xml (attempt 1/3)
2025-10-29 22:31:25,318 - vessel_data_pipeline - INFO - File temp_Expected_departures.xml passed validation checks
2025-10-29 22:31:25,319 - vessel_data_pipeline - INFO - Created backup: Expected_departures_20251029_223125.xml
2025-10-29 22:31:25,320 - vessel_data_pipeline - INFO - Updated metadata for Expected_departures.xml
2025-10-29 22:31:25,320 - vessel_data_pipeline - INFO - Successfully downloaded and validated Expected_departures.xml
2025-10-29 22:31:27,323 - vessel_data_pipeline - INFO - Fetch operation completed. Results: {'Arrived_in_last_36_hours.xml': True, 'Departed_in_last_36_hours.xml': True, 'Expected_arrivals.xml': True, 'Expected_departures.xml': True}
2025-10-29 22:31:27,584 - vessel_data_pipeline - INFO - VesselDataFetcher initialized. Pipeline enabled: True
2025-10-29 22:31:27,585 - vessel_data_pipeline - INFO - Starting vessel data fetch operation
2025-10-29 22:31:27,585 - vessel_data_pipeline - INFO - Discovering XML files from Hong Kong Marine Department portal
2025-10-29 22:31:28,421 - vessel_data_pipeline - INFO - Verified access to Arrived_in_last_36_hours.xml
2025-10-29 22:31:29,170 - vessel_data_pipeline - INFO - Verified access to Departed_in_last_36_hours.xml
2025-10-29 22:31:29,457 - vessel_data_pipeline - INFO - Verified access to Expected_arrivals.xml
2025-10-29 22:31:29,925 - vessel_data_pipeline - INFO - Verified access to Expected_departures.xml
2025-10-29 22:31:29,925 - vessel_data_pipeline - INFO - Discovered 4 XML files for download
2025-10-29 22:31:29,925 - vessel_data_pipeline - INFO - Downloading Arrived_in_last_36_hours.xml (attempt 1/3)
2025-10-29 22:31:30,198 - vessel_data_pipeline - INFO - File temp_Arrived_in_last_36_hours.xml passed validation checks
2025-10-29 22:31:30,199 - vessel_data_pipeline - INFO - Created backup: Arrived_in_last_36_hours_20251029_223130.xml
2025-10-29 22:31:30,199 - vessel_data_pipeline - INFO - Updated metadata for Arrived_in_last_36_hours.xml
2025-10-29 22:31:30,199 - vessel_data_pipeline - INFO - Successfully downloaded and validated Arrived_in_last_36_hours.xml
2025-10-29 22:31:32,205 - vessel_data_pipeline - INFO - Downloading Departed_in_last_36_hours.xml (attempt 1/3)
2025-10-29 22:31:33,123 - vessel_data_pipeline - INFO - File temp_Departed_in_last_36_hours.xml passed validation checks
2025-10-29 22:31:33,124 - vessel_data_pipeline - INFO - Created backup: Departed_in_last_36_hours_20251029_223133.xml
2025-10-29 22:31:33,124 - vessel_data_pipeline - INFO - Updated metadata for Departed_in_last_36_hours.xml
2025-10-29 22:31:33,124 - vessel_data_pipeline - INFO - Successfully downloaded and validated Departed_in_last_36_hours.xml
2025-10-29 22:31:35,129 - vessel_data_pipeline - INFO - Downloading Expected_arrivals.xml (attempt 1/3)
2025-10-29 22:31:35,636 - vessel_data_pipeline - INFO - File temp_Expected_arrivals.xml passed validation checks
2025-10-29 22:31:35,636 - vessel_data_pipeline - INFO - Created backup: Expected_arrivals_20251029_223135.xml
2025-10-29 22:31:35,637 - vessel_data_pipeline - INFO - Updated metadata for Expected_arrivals.xml
2025-10-29 22:31:35,637 - vessel_data_pipeline - INFO - Successfully downloaded and validated Expected_arrivals.xml
2025-10-29 22:31:37,642 - vessel_data_pipeline - INFO - Downloading Expected_departures.xml (attempt 1/3)
2025-10-29 22:31:37,916 - vessel_data_pipeline - INFO - File temp_Expected_departures.xml passed validation checks
2025-10-29 22:31:37,916 - vessel_data_pipeline - INFO - Created backup: Expected_departures_20251029_223137.xml
2025-10-29 22:31:37,916 - vessel_data_pipeline - INFO - Updated metadata for Expected_departures.xml
2025-10-29 22:31:37,917 - vessel_data_pipeline - INFO - Successfully downloaded and validated Expected_departures.xml
2025-10-29 22:31:39,922 - vessel_data_pipeline - INFO - Fetch operation completed. Results: {'Arrived_in_last_36_hours.xml': True, 'Departed_in_last_36_hours.xml': True, 'Expected_arrivals.xml': True, 'Expected_departures.xml': True}
2025-10-29 22:31:39,926 - vessel_data_pipeline - INFO - VesselDataFetcher initialized. Pipeline enabled: True
2025-10-29 22:31:39,935 - vessel_data_pipeline - INFO - Starting vessel data fetch operation
2025-10-29 22:31:39,935 - vessel_data_pipeline - INFO - Discovering XML files from Hong Kong Marine Department portal
2025-10-29 22:31:40,465 - vessel_data_pipeline - INFO - Verified access to Arrived_in_last_36_hours.xml
2025-10-29 22:31:41,254 - vessel_data_pipeline - INFO - Verified access to Departed_in_last_36_hours.xml
2025-10-29 22:31:41,537 - vessel_data_pipeline - INFO - Verified access to Expected_arrivals.xml
2025-10-29 22:31:41,848 - vessel_data_pipeline - INFO - Verified access to Expected_departures.xml
2025-10-29 22:31:41,849 - vessel_data_pipeline - INFO - Discovered 4 XML files for download
2025-10-29 22:31:41,849 - vessel_data_pipeline - INFO - Downloading Arrived_in_last_36_hours.xml (attempt 1/3)
2025-10-29 22:31:42,178 - vessel_data_pipeline - INFO - File temp_Arrived_in_last_36_hours.xml passed validation checks
2025-10-29 22:31:42,179 - vessel_data_pipeline - INFO - Created backup: Arrived_in_last_36_hours_20251029_223142.xml
2025-10-29 22:31:42,179 - vessel_data_pipeline - INFO - Updated metadata for Arrived_in_last_36_hours.xml
2025-10-29 22:31:42,179 - vessel_data_pipeline - INFO - Successfully downloaded and validated Arrived_in_last_36_hours.xml
2025-10-29 22:31:44,179 - vessel_data_pipeline - INFO - Downloading Departed_in_last_36_hours.xml (attempt 1/3)
2025-10-29 22:31:44,270 - vessel_data_pipeline - INFO - File temp_Departed_in_last_36_hours.xml passed validation checks
2025-10-29 22:31:44,270 - vessel_data_pipeline - INFO - Created backup: Departed_in_last_36_hours_20251029_223144.xml
2025-10-29 22:31:44,271 - vessel_data_pipeline - INFO - Updated metadata for Departed_in_last_36_hours.xml
2025-10-29 22:31:44,271 - vessel_data_pipeline - INFO - Successfully downloaded and validated Departed_in_last_36_hours.xml
2025-10-29 22:31:46,276 - vessel_data_pipeline - INFO - Downloading Expected_arrivals.xml (attempt 1/3)
2025-10-29 22:31:46,607 - vessel_data_pipeline - INFO - File temp_Expected_arrivals.xml passed validation checks
2025-10-29 22:31:46,608 - vessel_data_pipeline - INFO - Created backup: Expected_arrivals_20251029_223146.xml
2025-10-29 22:31:46,608 - vessel_data_pipeline - INFO - Updated metadata for Expected_arrivals.xml
2025-10-29 22:31:46,608 - vessel_data_pipeline - INFO - Successfully downloaded and validated Expected_arrivals.xml
2025-10-29 22:31:48,613 - vessel_data_pipeline - INFO - Downloading Expected_departures.xml (attempt 1/3)
2025-10-29 22:31:49,501 - vessel_data_pipeline - INFO - File temp_Expected_departures.xml passed validation checks
2025-10-29 22:31:49,501 - vessel_data_pipeline - INFO - Created backup: Expected_departures_20251029_223149.xml
2025-10-29 22:31:49,502 - vessel_data_pipeline - INFO - Updated metadata for Expected_departures.xml
2025-10-29 22:31:49,502 - vessel_data_pipeline - INFO - Successfully downloaded and validated Expected_departures.xml
2025-10-29 22:31:51,507 - vessel_data_pipeline - INFO - Fetch operation completed. Results: {'Arrived_in_last_36_hours.xml': True, 'Departed_in_last_36_hours.xml': True, 'Expected_arrivals.xml': True, 'Expected_departures.xml': True}
2025-10-29 22:31:54,473 - vessel_data_pipeline - INFO - VesselDataFetcher initialized. Pipeline enabled: True
2025-10-29 22:31:54,474 - vessel_data_pipeline - INFO - Starting vessel data fetch operation
2025-10-29 22:31:54,474 - vessel_data_pipeline - INFO - Discovering XML files from Hong Kong Marine Department portal
2025-10-29 22:31:55,092 - vessel_data_pipeline - INFO - Verified access to Arrived_in_last_36_hours.xml
2025-10-29 22:31:56,457 - vessel_data_pipeline - INFO - Verified access to Departed_in_last_36_hours.xml
2025-10-29 22:31:56,730 - vessel_data_pipeline - INFO - Verified access to Expected_arrivals.xml
2025-10-29 22:31:57,104 - vessel_data_pipeline - INFO - Verified access to Expected_departures.xml
2025-10-29 22:31:57,105 - vessel_data_pipeline - INFO - Discovered 4 XML files for download
2025-10-29 22:31:57,105 - vessel_data_pipeline - INFO - Downloading Arrived_in_last_36_hours.xml (attempt 1/3)
2025-10-29 22:31:57,381 - vessel_data_pipeline - INFO - File temp_Arrived_in_last_36_hours.xml passed validation checks
2025-10-29 22:31:57,382 - vessel_data_pipeline - INFO - Created backup: Arrived_in_last_36_hours_20251029_223157.xml
2025-10-29 22:31:57,383 - vessel_data_pipeline - INFO - Updated metadata for Arrived_in_last_36_hours.xml
2025-10-29 22:31:57,383 - vessel_data_pipeline - INFO - Successfully downloaded and validated Arrived_in_last_36_hours.xml
2025-10-29 22:31:59,387 - vessel_data_pipeline - INFO - Downloading Departed_in_last_36_hours.xml (attempt 1/3)
2025-10-29 22:32:00,708 - vessel_data_pipeline - INFO - File temp_Departed_in_last_36_hours.xml passed validation checks
2025-10-29 22:32:00,709 - vessel_data_pipeline - INFO - Created backup: Departed_in_last_36_hours_20251029_223200.xml
2025-10-29 22:32:00,709 - vessel_data_pipeline - INFO - Updated metadata for Departed_in_last_36_hours.xml
2025-10-29 22:32:00,710 - vessel_data_pipeline - INFO - Successfully downloaded and validated Departed_in_last_36_hours.xml
2025-10-29 22:32:02,710 - vessel_data_pipeline - INFO - Downloading Expected_arrivals.xml (attempt 1/3)
2025-10-29 22:32:03,424 - vessel_data_pipeline - INFO - File temp_Expected_arrivals.xml passed validation checks
2025-10-29 22:32:03,425 - vessel_data_pipeline - INFO - Created backup: Expected_arrivals_20251029_223203.xml
2025-10-29 22:32:03,425 - vessel_data_pipeline - INFO - Updated metadata for Expected_arrivals.xml
2025-10-29 22:32:03,425 - vessel_data_pipeline - INFO - Successfully downloaded and validated Expected_arrivals.xml
2025-10-29 22:32:05,428 - vessel_data_pipeline - INFO - Downloading Expected_departures.xml (attempt 1/3)
2025-10-29 22:32:05,745 - vessel_data_pipeline - INFO - File temp_Expected_departures.xml passed validation checks
2025-10-29 22:32:05,745 - vessel_data_pipeline - INFO - Created backup: Expected_departures_20251029_223205.xml
2025-10-29 22:32:05,745 - vessel_data_pipeline - INFO - Updated metadata for Expected_departures.xml
2025-10-29 22:32:05,745 - vessel_data_pipeline - INFO - Successfully downloaded and validated Expected_departures.xml
2025-10-29 22:32:07,746 - vessel_data_pipeline - INFO - Fetch operation completed. Results: {'Arrived_in_last_36_hours.xml': True, 'Departed_in_last_36_hours.xml': True, 'Expected_arrivals.xml': True, 'Expected_departures.xml': True}
2025-10-29 22:32:07,752 - vessel_data_pipeline - INFO - VesselDataFetcher initialized. Pipeline enabled: True
2025-10-29 22:32:07,753 - vessel_data_pipeline - INFO - Starting vessel data fetch operation
2025-10-29 22:32:07,753 - vessel_data_pipeline - INFO - Discovering XML files from Hong Kong Marine Department portal
2025-10-29 22:32:08,250 - vessel_data_pipeline - INFO - Verified access to Arrived_in_last_36_hours.xml
2025-10-29 22:32:09,790 - vessel_data_pipeline - INFO - Verified access to Departed_in_last_36_hours.xml
2025-10-29 22:32:10,059 - vessel_data_pipeline - INFO - Verified access to Expected_arrivals.xml
2025-10-29 22:32:10,377 - vessel_data_pipeline - INFO - Verified access to Expected_departures.xml
2025-10-29 22:32:10,377 - vessel_data_pipeline - INFO - Discovered 4 XML files for download
2025-10-29 22:32:10,377 - vessel_data_pipeline - INFO - Downloading Arrived_in_last_36_hours.xml (attempt 1/3)
2025-10-29 22:32:10,948 - vessel_data_pipeline - INFO - File temp_Arrived_in_last_36_hours.xml passed validation checks
2025-10-29 22:32:10,949 - vessel_data_pipeline - INFO - Created backup: Arrived_in_last_36_hours_20251029_223210.xml
2025-10-29 22:32:10,949 - vessel_data_pipeline - INFO - Updated metadata for Arrived_in_last_36_hours.xml
2025-10-29 22:32:10,949 - vessel_data_pipeline - INFO - Successfully downloaded and validated Arrived_in_last_36_hours.xml
2025-10-29 22:32:12,953 - vessel_data_pipeline - INFO - Downloading Departed_in_last_36_hours.xml (attempt 1/3)
2025-10-29 22:32:13,920 - vessel_data_pipeline - INFO - File temp_Departed_in_last_36_hours.xml passed validation checks
2025-10-29 22:32:13,921 - vessel_data_pipeline - INFO - Created backup: Departed_in_last_36_hours_20251029_223213.xml
2025-10-29 22:32:13,921 - vessel_data_pipeline - INFO - Updated metadata for Departed_in_last_36_hours.xml
2025-10-29 22:32:13,921 - vessel_data_pipeline - INFO - Successfully downloaded and validated Departed_in_last_36_hours.xml
2025-10-29 22:32:15,926 - vessel_data_pipeline - INFO - Downloading Expected_arrivals.xml (attempt 1/3)
2025-10-29 22:32:16,427 - vessel_data_pipeline - INFO - File temp_Expected_arrivals.xml passed validation checks
2025-10-29 22:32:16,427 - vessel_data_pipeline - INFO - Created backup: Expected_arrivals_20251029_223216.xml
2025-10-29 22:32:16,427 - vessel_data_pipeline - INFO - Updated metadata for Expected_arrivals.xml
2025-10-29 22:32:16,428 - vessel_data_pipeline - INFO - Successfully downloaded and validated Expected_arrivals.xml
2025-10-29 22:32:18,433 - vessel_data_pipeline - INFO - Downloading Expected_departures.xml (attempt 1/3)
2025-10-29 22:32:18,952 - vessel_data_pipeline - INFO - File temp_Expected_departures.xml passed validation checks
2025-10-29 22:32:18,953 - vessel_data_pipeline - INFO - Created backup: Expected_departures_20251029_223218.xml
2025-10-29 22:32:18,953 - vessel_data_pipeline - INFO - Updated metadata for Expected_departures.xml
2025-10-29 22:32:18,953 - vessel_data_pipeline - INFO - Successfully downloaded and validated Expected_departures.xml
2025-10-29 22:32:20,958 - vessel_data_pipeline - INFO - Fetch operation completed. Results: {'Arrived_in_last_36_hours.xml': True, 'Departed_in_last_36_hours.xml': True, 'Expected_arrivals.xml': True, 'Expected_departures.xml': True}
2025-10-29 22:32:20,982 - vessel_data_pipeline - INFO - VesselDataFetcher initialized. Pipeline enabled: True
2025-10-29 22:32:20,983 - vessel_data_pipeline - INFO - Starting vessel data fetch operation
2025-10-29 22:32:20,983 - vessel_data_pipeline - INFO - Discovering XML files from Hong Kong Marine Department portal
2025-10-29 22:32:21,503 - vessel_data_pipeline - INFO - Verified access to Arrived_in_last_36_hours.xml
2025-10-29 22:32:22,184 - vessel_data_pipeline - INFO - Verified access to Departed_in_last_36_hours.xml
2025-10-29 22:32:22,455 - vessel_data_pipeline - INFO - Verified access to Expected_arrivals.xml
2025-10-29 22:32:22,703 - vessel_data_pipeline - INFO - Verified access to Expected_departures.xml
2025-10-29 22:32:22,703 - vessel_data_pipeline - INFO - Discovered 4 XML files for download
2025-10-29 22:32:22,703 - vessel_data_pipeline - INFO - Downloading Arrived_in_last_36_hours.xml (attempt 1/3)
2025-10-29 22:32:23,226 - vessel_data_pipeline - INFO - File temp_Arrived_in_last_36_hours.xml passed validation checks
2025-10-29 22:32:23,228 - vessel_data_pipeline - INFO - Created backup: Arrived_in_last_36_hours_20251029_223223.xml
2025-10-29 22:32:23,229 - vessel_data_pipeline - INFO - Updated metadata for Arrived_in_last_36_hours.xml
2025-10-29 22:32:23,229 - vessel_data_pipeline - INFO - Successfully downloaded and validated Arrived_in_last_36_hours.xml
2025-10-29 22:32:25,234 - vessel_data_pipeline - INFO - Downloading Departed_in_last_36_hours.xml (attempt 1/3)
2025-10-29 22:32:26,149 - vessel_data_pipeline - INFO - File temp_Departed_in_last_36_hours.xml passed validation checks
2025-10-29 22:32:26,150 - vessel_data_pipeline - INFO - Created backup: Departed_in_last_36_hours_20251029_223226.xml
2025-10-29 22:32:26,150 - vessel_data_pipeline - INFO - Updated metadata for Departed_in_last_36_hours.xml
2025-10-29 22:32:26,150 - vessel_data_pipeline - INFO - Successfully downloaded and validated Departed_in_last_36_hours.xml
2025-10-29 22:32:28,161 - vessel_data_pipeline - INFO - Downloading Expected_arrivals.xml (attempt 1/3)
2025-10-29 22:32:28,512 - vessel_data_pipeline - INFO - File temp_Expected_arrivals.xml passed validation checks
2025-10-29 22:32:28,527 - vessel_data_pipeline - INFO - Created backup: Expected_arrivals_20251029_223228.xml
2025-10-29 22:32:28,541 - vessel_data_pipeline - INFO - Updated metadata for Expected_arrivals.xml
2025-10-29 22:32:28,542 - vessel_data_pipeline - INFO - Successfully downloaded and validated Expected_arrivals.xml
2025-10-29 22:32:30,548 - vessel_data_pipeline - INFO - Downloading Expected_departures.xml (attempt 1/3)
2025-10-29 22:32:31,293 - vessel_data_pipeline - INFO - File temp_Expected_departures.xml passed validation checks
2025-10-29 22:32:31,293 - vessel_data_pipeline - INFO - Created backup: Expected_departures_20251029_223231.xml
2025-10-29 22:32:31,294 - vessel_data_pipeline - INFO - Updated metadata for Expected_departures.xml
2025-10-29 22:32:31,294 - vessel_data_pipeline - INFO - Successfully downloaded and validated Expected_departures.xml
2025-10-29 22:32:33,295 - vessel_data_pipeline - INFO - Fetch operation completed. Results: {'Arrived_in_last_36_hours.xml': True, 'Departed_in_last_36_hours.xml': True, 'Expected_arrivals.xml': True, 'Expected_departures.xml': True}
2025-10-29 22:32:33,300 - vessel_data_pipeline - INFO - VesselDataFetcher initialized. Pipeline enabled: True
2025-10-29 22:32:33,301 - vessel_data_pipeline - INFO - Starting vessel data fetch operation
2025-10-29 22:32:33,301 - vessel_data_pipeline - INFO - Discovering XML files from Hong Kong Marine Department portal
2025-10-29 22:32:34,018 - vessel_data_pipeline - INFO - Verified access to Arrived_in_last_36_hours.xml
2025-10-29 22:32:34,487 - vessel_data_pipeline - INFO - Verified access to Departed_in_last_36_hours.xml
2025-10-29 22:32:34,747 - vessel_data_pipeline - INFO - Verified access to Expected_arrivals.xml
2025-10-29 22:32:35,008 - vessel_data_pipeline - INFO - Verified access to Expected_departures.xml
2025-10-29 22:32:35,008 - vessel_data_pipeline - INFO - Discovered 4 XML files for download
2025-10-29 22:32:35,008 - vessel_data_pipeline - INFO - Downloading Arrived_in_last_36_hours.xml (attempt 1/3)
2025-10-29 22:32:35,333 - vessel_data_pipeline - INFO - File temp_Arrived_in_last_36_hours.xml passed validation checks
2025-10-29 22:32:35,334 - vessel_data_pipeline - INFO - Created backup: Arrived_in_last_36_hours_20251029_223235.xml
2025-10-29 22:32:35,334 - vessel_data_pipeline - INFO - Updated metadata for Arrived_in_last_36_hours.xml
2025-10-29 22:32:35,334 - vessel_data_pipeline - INFO - Successfully downloaded and validated Arrived_in_last_36_hours.xml
2025-10-29 22:32:37,338 - vessel_data_pipeline - INFO - Downloading Departed_in_last_36_hours.xml (attempt 1/3)
2025-10-29 22:32:38,642 - vessel_data_pipeline - INFO - File temp_Departed_in_last_36_hours.xml passed validation checks
2025-10-29 22:32:38,643 - vessel_data_pipeline - INFO - Created backup: Departed_in_last_36_hours_20251029_223238.xml
2025-10-29 22:32:38,644 - vessel_data_pipeline - INFO - Updated metadata for Departed_in_last_36_hours.xml
2025-10-29 22:32:38,644 - vessel_data_pipeline - INFO - Successfully downloaded and validated Departed_in_last_36_hours.xml
2025-10-29 22:32:40,649 - vessel_data_pipeline - INFO - Downloading Expected_arrivals.xml (attempt 1/3)
2025-10-29 22:32:40,926 - vessel_data_pipeline - INFO - File temp_Expected_arrivals.xml passed validation checks
2025-10-29 22:32:40,927 - vessel_data_pipeline - INFO - Created backup: Expected_arrivals_20251029_223240.xml
2025-10-29 22:32:40,927 - vessel_data_pipeline - INFO - Updated metadata for Expected_arrivals.xml
2025-10-29 22:32:40,927 - vessel_data_pipeline - INFO - Successfully downloaded and validated Expected_arrivals.xml
2025-10-29 22:32:42,933 - vessel_data_pipeline - INFO - Downloading Expected_departures.xml (attempt 1/3)
2025-10-29 22:32:43,619 - vessel_data_pipeline - INFO - File temp_Expected_departures.xml passed validation checks
2025-10-29 22:32:43,620 - vessel_data_pipeline - INFO - Created backup: Expected_departures_20251029_223243.xml
2025-10-29 22:32:43,620 - vessel_data_pipeline - INFO - Updated metadata for Expected_departures.xml
2025-10-29 22:32:43,620 - vessel_data_pipeline - INFO - Successfully downloaded and validated Expected_departures.xml
2025-10-29 22:32:45,623 - vessel_data_pipeline - INFO - Fetch operation completed. Results: {'Arrived_in_last_36_hours.xml': True, 'Departed_in_last_36_hours.xml': True, 'Expected_arrivals.xml': True, 'Expected_departures.xml': True}
2025-10-29 22:32:46,746 - vessel_data_pipeline - INFO - VesselDataFetcher initialized. Pipeline enabled: True
2025-10-29 22:32:46,748 - vessel_data_pipeline - INFO - VesselDataFetcher initialized. Pipeline enabled: True
2025-10-29 22:32:46,748 - vessel_data_pipeline - INFO - Starting vessel data fetch operation
2025-10-29 22:32:46,748 - vessel_data_pipeline - INFO - Discovering XML files from Hong Kong Marine Department portal
2025-10-29 22:32:47,466 - vessel_data_pipeline - INFO - Verified access to Arrived_in_last_36_hours.xml
2025-10-29 22:32:48,341 - vessel_data_pipeline - INFO - Verified access to Departed_in_last_36_hours.xml
2025-10-29 22:32:48,712 - vessel_data_pipeline - INFO - Verified access to Expected_arrivals.xml
2025-10-29 22:32:49,302 - vessel_data_pipeline - INFO - Verified access to Expected_departures.xml
2025-10-29 22:32:49,302 - vessel_data_pipeline - INFO - Discovered 4 XML files for download
2025-10-29 22:32:49,303 - vessel_data_pipeline - INFO - Downloading Arrived_in_last_36_hours.xml (attempt 1/3)
2025-10-29 22:32:49,612 - vessel_data_pipeline - INFO - File temp_Arrived_in_last_36_hours.xml passed validation checks
2025-10-29 22:32:49,614 - vessel_data_pipeline - INFO - Created backup: Arrived_in_last_36_hours_20251029_223249.xml
2025-10-29 22:32:49,615 - vessel_data_pipeline - INFO - Updated metadata for Arrived_in_last_36_hours.xml
2025-10-29 22:32:49,615 - vessel_data_pipeline - INFO - Successfully downloaded and validated Arrived_in_last_36_hours.xml
2025-10-29 22:32:51,616 - vessel_data_pipeline - INFO - Downloading Departed_in_last_36_hours.xml (attempt 1/3)
2025-10-29 22:32:52,127 - vessel_data_pipeline - INFO - File temp_Departed_in_last_36_hours.xml passed validation checks
2025-10-29 22:32:52,128 - vessel_data_pipeline - INFO - Created backup: Departed_in_last_36_hours_20251029_223252.xml
2025-10-29 22:32:52,128 - vessel_data_pipeline - INFO - Updated metadata for Departed_in_last_36_hours.xml
2025-10-29 22:32:52,128 - vessel_data_pipeline - INFO - Successfully downloaded and validated Departed_in_last_36_hours.xml
2025-10-29 22:32:54,134 - vessel_data_pipeline - INFO - Downloading Expected_arrivals.xml (attempt 1/3)
2025-10-29 22:32:54,627 - vessel_data_pipeline - INFO - File temp_Expected_arrivals.xml passed validation checks
2025-10-29 22:32:54,627 - vessel_data_pipeline - INFO - Created backup: Expected_arrivals_20251029_223254.xml
2025-10-29 22:32:54,628 - vessel_data_pipeline - INFO - Updated metadata for Expected_arrivals.xml
2025-10-29 22:32:54,628 - vessel_data_pipeline - INFO - Successfully downloaded and validated Expected_arrivals.xml
2025-10-29 22:32:56,633 - vessel_data_pipeline - INFO - Downloading Expected_departures.xml (attempt 1/3)
2025-10-29 22:32:56,889 - vessel_data_pipeline - INFO - File temp_Expected_departures.xml passed validation checks
2025-10-29 22:32:56,889 - vessel_data_pipeline - INFO - Created backup: Expected_departures_20251029_223256.xml
2025-10-29 22:32:56,890 - vessel_data_pipeline - INFO - Updated metadata for Expected_departures.xml
2025-10-29 22:32:56,890 - vessel_data_pipeline - INFO - Successfully downloaded and validated Expected_departures.xml
2025-10-29 22:32:58,895 - vessel_data_pipeline - INFO - Fetch operation completed. Results: {'Arrived_in_last_36_hours.xml': True, 'Departed_in_last_36_hours.xml': True, 'Expected_arrivals.xml': True, 'Expected_departures.xml': True}
2025-10-29 22:35:11,955 - vessel_data_pipeline - INFO - VesselDataFetcher initialized. Pipeline enabled: True
2025-10-29 22:35:11,955 - vessel_data_pipeline - INFO - Starting vessel data fetch operation
2025-10-29 22:35:11,955 - vessel_data_pipeline - INFO - Discovering XML files from Hong Kong Marine Department portal
2025-10-29 22:35:12,137 - vessel_data_pipeline - INFO - Verified access to Arrived_in_last_36_hours.xml
2025-10-29 22:35:12,957 - vessel_data_pipeline - INFO - Verified access to Departed_in_last_36_hours.xml
2025-10-29 22:35:13,231 - vessel_data_pipeline - INFO - Verified access to Expected_arrivals.xml
2025-10-29 22:35:13,529 - vessel_data_pipeline - INFO - Verified access to Expected_departures.xml
2025-10-29 22:35:13,530 - vessel_data_pipeline - INFO - Discovered 4 XML files for download
2025-10-29 22:35:13,530 - vessel_data_pipeline - INFO - Downloading Arrived_in_last_36_hours.xml (attempt 1/3)
2025-10-29 22:35:13,804 - vessel_data_pipeline - INFO - File temp_Arrived_in_last_36_hours.xml passed validation checks
2025-10-29 22:35:13,805 - vessel_data_pipeline - INFO - Created backup: Arrived_in_last_36_hours_20251029_223513.xml
2025-10-29 22:35:13,806 - vessel_data_pipeline - INFO - Updated metadata for Arrived_in_last_36_hours.xml
2025-10-29 22:35:13,806 - vessel_data_pipeline - INFO - Successfully downloaded and validated Arrived_in_last_36_hours.xml
2025-10-29 22:35:15,811 - vessel_data_pipeline - INFO - Downloading Departed_in_last_36_hours.xml (attempt 1/3)
2025-10-29 22:35:16,815 - vessel_data_pipeline - INFO - File temp_Departed_in_last_36_hours.xml passed validation checks
2025-10-29 22:35:16,815 - vessel_data_pipeline - INFO - Created backup: Departed_in_last_36_hours_20251029_223516.xml
2025-10-29 22:35:16,816 - vessel_data_pipeline - INFO - Updated metadata for Departed_in_last_36_hours.xml
2025-10-29 22:35:16,816 - vessel_data_pipeline - INFO - Successfully downloaded and validated Departed_in_last_36_hours.xml
2025-10-29 22:35:18,819 - vessel_data_pipeline - INFO - Downloading Expected_arrivals.xml (attempt 1/3)
2025-10-29 22:35:19,326 - vessel_data_pipeline - INFO - File temp_Expected_arrivals.xml passed validation checks
2025-10-29 22:35:19,327 - vessel_data_pipeline - INFO - Created backup: Expected_arrivals_20251029_223519.xml
2025-10-29 22:35:19,328 - vessel_data_pipeline - INFO - Updated metadata for Expected_arrivals.xml
2025-10-29 22:35:19,329 - vessel_data_pipeline - INFO - Successfully downloaded and validated Expected_arrivals.xml
2025-10-29 22:35:21,334 - vessel_data_pipeline - INFO - Downloading Expected_departures.xml (attempt 1/3)
2025-10-29 22:35:21,817 - vessel_data_pipeline - INFO - File temp_Expected_departures.xml passed validation checks
2025-10-29 22:35:21,817 - vessel_data_pipeline - INFO - Created backup: Expected_departures_20251029_223521.xml
2025-10-29 22:35:21,818 - vessel_data_pipeline - INFO - Updated metadata for Expected_departures.xml
2025-10-29 22:35:21,818 - vessel_data_pipeline - INFO - Successfully downloaded and validated Expected_departures.xml
2025-10-29 22:35:23,822 - vessel_data_pipeline - INFO - Fetch operation completed. Results: {'Arrived_in_last_36_hours.xml': True, 'Departed_in_last_36_hours.xml': True, 'Expected_arrivals.xml': True, 'Expected_departures.xml': True}
2025-10-29 22:35:24,094 - vessel_data_pipeline - INFO - VesselDataFetcher initialized. Pipeline enabled: True
2025-10-29 22:35:24,094 - vessel_data_pipeline - INFO - Starting vessel data fetch operation
2025-10-29 22:35:24,094 - vessel_data_pipeline - INFO - Discovering XML files from Hong Kong Marine Department portal
2025-10-29 22:35:24,299 - vessel_data_pipeline - INFO - Verified access to Arrived_in_last_36_hours.xml
2025-10-29 22:35:25,093 - vessel_data_pipeline - INFO - Verified access to Departed_in_last_36_hours.xml
2025-10-29 22:35:25,993 - vessel_data_pipeline - INFO - Verified access to Expected_arrivals.xml
2025-10-29 22:35:26,317 - vessel_data_pipeline - INFO - Verified access to Expected_departures.xml
2025-10-29 22:35:26,318 - vessel_data_pipeline - INFO - Discovered 4 XML files for download
2025-10-29 22:35:26,318 - vessel_data_pipeline - INFO - Downloading Arrived_in_last_36_hours.xml (attempt 1/3)
2025-10-29 22:35:27,022 - vessel_data_pipeline - INFO - File temp_Arrived_in_last_36_hours.xml passed validation checks
2025-10-29 22:35:27,022 - vessel_data_pipeline - INFO - Created backup: Arrived_in_last_36_hours_20251029_223527.xml
2025-10-29 22:35:27,022 - vessel_data_pipeline - INFO - Updated metadata for Arrived_in_last_36_hours.xml
2025-10-29 22:35:27,022 - vessel_data_pipeline - INFO - Successfully downloaded and validated Arrived_in_last_36_hours.xml
2025-10-29 22:35:29,025 - vessel_data_pipeline - INFO - Downloading Departed_in_last_36_hours.xml (attempt 1/3)
2025-10-29 22:35:29,774 - vessel_data_pipeline - INFO - File temp_Departed_in_last_36_hours.xml passed validation checks
2025-10-29 22:35:29,774 - vessel_data_pipeline - INFO - Created backup: Departed_in_last_36_hours_20251029_223529.xml
2025-10-29 22:35:29,775 - vessel_data_pipeline - INFO - Updated metadata for Departed_in_last_36_hours.xml
2025-10-29 22:35:29,775 - vessel_data_pipeline - INFO - Successfully downloaded and validated Departed_in_last_36_hours.xml
2025-10-29 22:35:31,777 - vessel_data_pipeline - INFO - Downloading Expected_arrivals.xml (attempt 1/3)
2025-10-29 22:35:32,280 - vessel_data_pipeline - INFO - File temp_Expected_arrivals.xml passed validation checks
2025-10-29 22:35:32,281 - vessel_data_pipeline - INFO - Created backup: Expected_arrivals_20251029_223532.xml
2025-10-29 22:35:32,281 - vessel_data_pipeline - INFO - Updated metadata for Expected_arrivals.xml
2025-10-29 22:35:32,281 - vessel_data_pipeline - INFO - Successfully downloaded and validated Expected_arrivals.xml
2025-10-29 22:35:34,282 - vessel_data_pipeline - INFO - Downloading Expected_departures.xml (attempt 1/3)
2025-10-29 22:35:35,146 - vessel_data_pipeline - INFO - File temp_Expected_departures.xml passed validation checks
2025-10-29 22:35:35,146 - vessel_data_pipeline - INFO - Created backup: Expected_departures_20251029_223535.xml
2025-10-29 22:35:35,146 - vessel_data_pipeline - INFO - Updated metadata for Expected_departures.xml
2025-10-29 22:35:35,146 - vessel_data_pipeline - INFO - Successfully downloaded and validated Expected_departures.xml
2025-10-29 22:35:37,152 - vessel_data_pipeline - INFO - Fetch operation completed. Results: {'Arrived_in_last_36_hours.xml': True, 'Departed_in_last_36_hours.xml': True, 'Expected_arrivals.xml': True, 'Expected_departures.xml': True}
2025-10-29 22:35:37,162 - vessel_data_pipeline - INFO - VesselDataFetcher initialized. Pipeline enabled: True
2025-10-29 22:35:37,165 - vessel_data_pipeline - INFO - Starting vessel data fetch operation
2025-10-29 22:35:37,165 - vessel_data_pipeline - INFO - Discovering XML files from Hong Kong Marine Department portal
2025-10-29 22:35:37,830 - vessel_data_pipeline - INFO - Verified access to Arrived_in_last_36_hours.xml
2025-10-29 22:35:38,524 - vessel_data_pipeline - INFO - Verified access to Departed_in_last_36_hours.xml
2025-10-29 22:35:39,012 - vessel_data_pipeline - INFO - Verified access to Expected_arrivals.xml
2025-10-29 22:35:39,333 - vessel_data_pipeline - INFO - Verified access to Expected_departures.xml
2025-10-29 22:35:39,333 - vessel_data_pipeline - INFO - Discovered 4 XML files for download
2025-10-29 22:35:39,334 - vessel_data_pipeline - INFO - Downloading Arrived_in_last_36_hours.xml (attempt 1/3)
2025-10-29 22:35:39,893 - vessel_data_pipeline - INFO - File temp_Arrived_in_last_36_hours.xml passed validation checks
2025-10-29 22:35:39,894 - vessel_data_pipeline - INFO - Created backup: Arrived_in_last_36_hours_20251029_223539.xml
2025-10-29 22:35:39,894 - vessel_data_pipeline - INFO - Updated metadata for Arrived_in_last_36_hours.xml
2025-10-29 22:35:39,894 - vessel_data_pipeline - INFO - Successfully downloaded and validated Arrived_in_last_36_hours.xml
2025-10-29 22:35:41,899 - vessel_data_pipeline - INFO - Downloading Departed_in_last_36_hours.xml (attempt 1/3)
2025-10-29 22:35:42,441 - vessel_data_pipeline - INFO - File temp_Departed_in_last_36_hours.xml passed validation checks
2025-10-29 22:35:42,441 - vessel_data_pipeline - INFO - Created backup: Departed_in_last_36_hours_20251029_223542.xml
2025-10-29 22:35:42,442 - vessel_data_pipeline - INFO - Updated metadata for Departed_in_last_36_hours.xml
2025-10-29 22:35:42,442 - vessel_data_pipeline - INFO - Successfully downloaded and validated Departed_in_last_36_hours.xml
2025-10-29 22:35:44,446 - vessel_data_pipeline - INFO - Downloading Expected_arrivals.xml (attempt 1/3)
2025-10-29 22:35:45,231 - vessel_data_pipeline - INFO - File temp_Expected_arrivals.xml passed validation checks
2025-10-29 22:35:45,232 - vessel_data_pipeline - INFO - Created backup: Expected_arrivals_20251029_223545.xml
2025-10-29 22:35:45,232 - vessel_data_pipeline - INFO - Updated metadata for Expected_arrivals.xml
2025-10-29 22:35:45,232 - vessel_data_pipeline - INFO - Successfully downloaded and validated Expected_arrivals.xml
2025-10-29 22:35:47,237 - vessel_data_pipeline - INFO - Downloading Expected_departures.xml (attempt 1/3)
2025-10-29 22:35:47,875 - vessel_data_pipeline - INFO - File temp_Expected_departures.xml passed validation checks
2025-10-29 22:35:47,876 - vessel_data_pipeline - INFO - Created backup: Expected_departures_20251029_223547.xml
2025-10-29 22:35:47,876 - vessel_data_pipeline - INFO - Updated metadata for Expected_departures.xml
2025-10-29 22:35:47,876 - vessel_data_pipeline - INFO - Successfully downloaded and validated Expected_departures.xml
2025-10-29 22:35:49,877 - vessel_data_pipeline - INFO - Fetch operation completed. Results: {'Arrived_in_last_36_hours.xml': True, 'Departed_in_last_36_hours.xml': True, 'Expected_arrivals.xml': True, 'Expected_departures.xml': True}
2025-10-29 22:35:52,830 - vessel_data_pipeline - INFO - VesselDataFetcher initialized. Pipeline enabled: True
2025-10-29 22:35:52,833 - vessel_data_pipeline - INFO - Starting vessel data fetch operation
2025-10-29 22:35:52,834 - vessel_data_pipeline - INFO - Discovering XML files from Hong Kong Marine Department portal
2025-10-29 22:35:53,277 - vessel_data_pipeline - INFO - Verified access to Arrived_in_last_36_hours.xml
2025-10-29 22:35:53,733 - vessel_data_pipeline - INFO - Verified access to Departed_in_last_36_hours.xml
2025-10-29 22:35:54,203 - vessel_data_pipeline - INFO - Verified access to Expected_arrivals.xml
2025-10-29 22:35:54,453 - vessel_data_pipeline - INFO - Verified access to Expected_departures.xml
2025-10-29 22:35:54,454 - vessel_data_pipeline - INFO - Discovered 4 XML files for download
2025-10-29 22:35:54,454 - vessel_data_pipeline - INFO - Downloading Arrived_in_last_36_hours.xml (attempt 1/3)
2025-10-29 22:35:54,758 - vessel_data_pipeline - INFO - File temp_Arrived_in_last_36_hours.xml passed validation checks
2025-10-29 22:35:54,760 - vessel_data_pipeline - INFO - Created backup: Arrived_in_last_36_hours_20251029_223554.xml
2025-10-29 22:35:54,761 - vessel_data_pipeline - INFO - Updated metadata for Arrived_in_last_36_hours.xml
2025-10-29 22:35:54,761 - vessel_data_pipeline - INFO - Successfully downloaded and validated Arrived_in_last_36_hours.xml
2025-10-29 22:35:56,763 - vessel_data_pipeline - INFO - Downloading Departed_in_last_36_hours.xml (attempt 1/3)
2025-10-29 22:35:57,464 - vessel_data_pipeline - INFO - File temp_Departed_in_last_36_hours.xml passed validation checks
2025-10-29 22:35:57,464 - vessel_data_pipeline - INFO - Created backup: Departed_in_last_36_hours_20251029_223557.xml
2025-10-29 22:35:57,465 - vessel_data_pipeline - INFO - Updated metadata for Departed_in_last_36_hours.xml
2025-10-29 22:35:57,465 - vessel_data_pipeline - INFO - Successfully downloaded and validated Departed_in_last_36_hours.xml
2025-10-29 22:35:59,468 - vessel_data_pipeline - INFO - Downloading Expected_arrivals.xml (attempt 1/3)
2025-10-29 22:35:59,743 - vessel_data_pipeline - INFO - File temp_Expected_arrivals.xml passed validation checks
2025-10-29 22:35:59,743 - vessel_data_pipeline - INFO - Created backup: Expected_arrivals_20251029_223559.xml
2025-10-29 22:35:59,744 - vessel_data_pipeline - INFO - Updated metadata for Expected_arrivals.xml
2025-10-29 22:35:59,744 - vessel_data_pipeline - INFO - Successfully downloaded and validated Expected_arrivals.xml
2025-10-29 22:36:01,746 - vessel_data_pipeline - INFO - Downloading Expected_departures.xml (attempt 1/3)
2025-10-29 22:36:02,020 - vessel_data_pipeline - INFO - File temp_Expected_departures.xml passed validation checks
2025-10-29 22:36:02,020 - vessel_data_pipeline - INFO - Created backup: Expected_departures_20251029_223602.xml
2025-10-29 22:36:02,021 - vessel_data_pipeline - INFO - Updated metadata for Expected_departures.xml
2025-10-29 22:36:02,021 - vessel_data_pipeline - INFO - Successfully downloaded and validated Expected_departures.xml
2025-10-29 22:36:04,021 - vessel_data_pipeline - INFO - Fetch operation completed. Results: {'Arrived_in_last_36_hours.xml': True, 'Departed_in_last_36_hours.xml': True, 'Expected_arrivals.xml': True, 'Expected_departures.xml': True}
2025-10-29 22:36:04,027 - vessel_data_pipeline - INFO - VesselDataFetcher initialized. Pipeline enabled: True
2025-10-29 22:36:04,027 - vessel_data_pipeline - INFO - Starting vessel data fetch operation
2025-10-29 22:36:04,027 - vessel_data_pipeline - INFO - Discovering XML files from Hong Kong Marine Department portal
2025-10-29 22:36:04,330 - vessel_data_pipeline - INFO - Verified access to Arrived_in_last_36_hours.xml
2025-10-29 22:36:05,247 - vessel_data_pipeline - INFO - Verified access to Departed_in_last_36_hours.xml
2025-10-29 22:36:05,735 - vessel_data_pipeline - INFO - Verified access to Expected_arrivals.xml
2025-10-29 22:36:05,775 - vessel_data_pipeline - INFO - Verified access to Expected_departures.xml
2025-10-29 22:36:05,776 - vessel_data_pipeline - INFO - Discovered 4 XML files for download
2025-10-29 22:36:05,776 - vessel_data_pipeline - INFO - Downloading Arrived_in_last_36_hours.xml (attempt 1/3)
2025-10-29 22:36:06,061 - vessel_data_pipeline - INFO - File temp_Arrived_in_last_36_hours.xml passed validation checks
2025-10-29 22:36:06,061 - vessel_data_pipeline - INFO - Created backup: Arrived_in_last_36_hours_20251029_223606.xml
2025-10-29 22:36:06,062 - vessel_data_pipeline - INFO - Updated metadata for Arrived_in_last_36_hours.xml
2025-10-29 22:36:06,062 - vessel_data_pipeline - INFO - Successfully downloaded and validated Arrived_in_last_36_hours.xml
2025-10-29 22:36:08,067 - vessel_data_pipeline - INFO - Downloading Departed_in_last_36_hours.xml (attempt 1/3)
2025-10-29 22:36:08,998 - vessel_data_pipeline - INFO - File temp_Departed_in_last_36_hours.xml passed validation checks
2025-10-29 22:36:08,999 - vessel_data_pipeline - INFO - Created backup: Departed_in_last_36_hours_20251029_223608.xml
2025-10-29 22:36:08,999 - vessel_data_pipeline - INFO - Updated metadata for Departed_in_last_36_hours.xml
2025-10-29 22:36:08,999 - vessel_data_pipeline - INFO - Successfully downloaded and validated Departed_in_last_36_hours.xml
2025-10-29 22:36:11,005 - vessel_data_pipeline - INFO - Downloading Expected_arrivals.xml (attempt 1/3)
2025-10-29 22:36:11,679 - vessel_data_pipeline - INFO - File temp_Expected_arrivals.xml passed validation checks
2025-10-29 22:36:11,680 - vessel_data_pipeline - INFO - Created backup: Expected_arrivals_20251029_223611.xml
2025-10-29 22:36:11,680 - vessel_data_pipeline - INFO - Updated metadata for Expected_arrivals.xml
2025-10-29 22:36:11,680 - vessel_data_pipeline - INFO - Successfully downloaded and validated Expected_arrivals.xml
2025-10-29 22:36:13,685 - vessel_data_pipeline - INFO - Downloading Expected_departures.xml (attempt 1/3)
2025-10-29 22:36:14,054 - vessel_data_pipeline - INFO - File temp_Expected_departures.xml passed validation checks
2025-10-29 22:36:14,055 - vessel_data_pipeline - INFO - Created backup: Expected_departures_20251029_223614.xml
2025-10-29 22:36:14,055 - vessel_data_pipeline - INFO - Updated metadata for Expected_departures.xml
2025-10-29 22:36:14,055 - vessel_data_pipeline - INFO - Successfully downloaded and validated Expected_departures.xml
2025-10-29 22:36:16,056 - vessel_data_pipeline - INFO - Fetch operation completed. Results: {'Arrived_in_last_36_hours.xml': True, 'Departed_in_last_36_hours.xml': True, 'Expected_arrivals.xml': True, 'Expected_departures.xml': True}
2025-10-29 22:36:16,070 - vessel_data_pipeline - INFO - VesselDataFetcher initialized. Pipeline enabled: True
2025-10-29 22:36:16,071 - vessel_data_pipeline - INFO - Starting vessel data fetch operation
2025-10-29 22:36:16,071 - vessel_data_pipeline - INFO - Discovering XML files from Hong Kong Marine Department portal
2025-10-29 22:36:16,301 - vessel_data_pipeline - INFO - Verified access to Arrived_in_last_36_hours.xml
2025-10-29 22:36:17,240 - vessel_data_pipeline - INFO - Verified access to Departed_in_last_36_hours.xml
2025-10-29 22:36:17,916 - vessel_data_pipeline - INFO - Verified access to Expected_arrivals.xml
2025-10-29 22:36:17,953 - vessel_data_pipeline - INFO - Verified access to Expected_departures.xml
2025-10-29 22:36:17,953 - vessel_data_pipeline - INFO - Discovered 4 XML files for download
2025-10-29 22:36:17,953 - vessel_data_pipeline - INFO - Downloading Arrived_in_last_36_hours.xml (attempt 1/3)
2025-10-29 22:36:18,456 - vessel_data_pipeline - INFO - File temp_Arrived_in_last_36_hours.xml passed validation checks
2025-10-29 22:36:18,457 - vessel_data_pipeline - INFO - Created backup: Arrived_in_last_36_hours_20251029_223618.xml
2025-10-29 22:36:18,458 - vessel_data_pipeline - INFO - Updated metadata for Arrived_in_last_36_hours.xml
2025-10-29 22:36:18,458 - vessel_data_pipeline - INFO - Successfully downloaded and validated Arrived_in_last_36_hours.xml
2025-10-29 22:36:20,462 - vessel_data_pipeline - INFO - Downloading Departed_in_last_36_hours.xml (attempt 1/3)
2025-10-29 22:36:21,194 - vessel_data_pipeline - INFO - File temp_Departed_in_last_36_hours.xml passed validation checks
2025-10-29 22:36:21,195 - vessel_data_pipeline - INFO - Created backup: Departed_in_last_36_hours_20251029_223621.xml
2025-10-29 22:36:21,195 - vessel_data_pipeline - INFO - Updated metadata for Departed_in_last_36_hours.xml
2025-10-29 22:36:21,195 - vessel_data_pipeline - INFO - Successfully downloaded and validated Departed_in_last_36_hours.xml
2025-10-29 22:36:23,198 - vessel_data_pipeline - INFO - Downloading Expected_arrivals.xml (attempt 1/3)
2025-10-29 22:36:23,791 - vessel_data_pipeline - INFO - File temp_Expected_arrivals.xml passed validation checks
2025-10-29 22:36:23,792 - vessel_data_pipeline - INFO - Created backup: Expected_arrivals_20251029_223623.xml
2025-10-29 22:36:23,792 - vessel_data_pipeline - INFO - Updated metadata for Expected_arrivals.xml
2025-10-29 22:36:23,792 - vessel_data_pipeline - INFO - Successfully downloaded and validated Expected_arrivals.xml
2025-10-29 22:36:25,797 - vessel_data_pipeline - INFO - Downloading Expected_departures.xml (attempt 1/3)
2025-10-29 22:36:26,062 - vessel_data_pipeline - INFO - File temp_Expected_departures.xml passed validation checks
2025-10-29 22:36:26,062 - vessel_data_pipeline - INFO - Created backup: Expected_departures_20251029_223626.xml
2025-10-29 22:36:26,063 - vessel_data_pipeline - INFO - Updated metadata for Expected_departures.xml
2025-10-29 22:36:26,063 - vessel_data_pipeline - INFO - Successfully downloaded and validated Expected_departures.xml
2025-10-29 22:36:28,068 - vessel_data_pipeline - INFO - Fetch operation completed. Results: {'Arrived_in_last_36_hours.xml': True, 'Departed_in_last_36_hours.xml': True, 'Expected_arrivals.xml': True, 'Expected_departures.xml': True}
2025-10-29 22:36:28,071 - vessel_data_pipeline - INFO - VesselDataFetcher initialized. Pipeline enabled: True
2025-10-29 22:36:28,072 - vessel_data_pipeline - INFO - Starting vessel data fetch operation
2025-10-29 22:36:28,072 - vessel_data_pipeline - INFO - Discovering XML files from Hong Kong Marine Department portal
2025-10-29 22:36:29,004 - vessel_data_pipeline - INFO - Verified access to Arrived_in_last_36_hours.xml
2025-10-29 22:36:29,708 - vessel_data_pipeline - INFO - Verified access to Departed_in_last_36_hours.xml
2025-10-29 22:36:30,354 - vessel_data_pipeline - INFO - Verified access to Expected_arrivals.xml
2025-10-29 22:36:30,605 - vessel_data_pipeline - INFO - Verified access to Expected_departures.xml
2025-10-29 22:36:30,605 - vessel_data_pipeline - INFO - Discovered 4 XML files for download
2025-10-29 22:36:30,606 - vessel_data_pipeline - INFO - Downloading Arrived_in_last_36_hours.xml (attempt 1/3)
2025-10-29 22:36:31,139 - vessel_data_pipeline - INFO - File temp_Arrived_in_last_36_hours.xml passed validation checks
2025-10-29 22:36:31,140 - vessel_data_pipeline - INFO - Created backup: Arrived_in_last_36_hours_20251029_223631.xml
2025-10-29 22:36:31,140 - vessel_data_pipeline - INFO - Updated metadata for Arrived_in_last_36_hours.xml
2025-10-29 22:36:31,140 - vessel_data_pipeline - INFO - Successfully downloaded and validated Arrived_in_last_36_hours.xml
2025-10-29 22:36:33,143 - vessel_data_pipeline - INFO - Downloading Departed_in_last_36_hours.xml (attempt 1/3)
2025-10-29 22:36:33,931 - vessel_data_pipeline - INFO - File temp_Departed_in_last_36_hours.xml passed validation checks
2025-10-29 22:36:33,932 - vessel_data_pipeline - INFO - Created backup: Departed_in_last_36_hours_20251029_223633.xml
2025-10-29 22:36:33,932 - vessel_data_pipeline - INFO - Updated metadata for Departed_in_last_36_hours.xml
2025-10-29 22:36:33,932 - vessel_data_pipeline - INFO - Successfully downloaded and validated Departed_in_last_36_hours.xml
2025-10-29 22:36:35,933 - vessel_data_pipeline - INFO - Downloading Expected_arrivals.xml (attempt 1/3)
2025-10-29 22:36:36,422 - vessel_data_pipeline - INFO - File temp_Expected_arrivals.xml passed validation checks
2025-10-29 22:36:36,423 - vessel_data_pipeline - INFO - Created backup: Expected_arrivals_20251029_223636.xml
2025-10-29 22:36:36,423 - vessel_data_pipeline - INFO - Updated metadata for Expected_arrivals.xml
2025-10-29 22:36:36,423 - vessel_data_pipeline - INFO - Successfully downloaded and validated Expected_arrivals.xml
2025-10-29 22:36:38,423 - vessel_data_pipeline - INFO - Downloading Expected_departures.xml (attempt 1/3)
2025-10-29 22:36:38,703 - vessel_data_pipeline - INFO - File temp_Expected_departures.xml passed validation checks
2025-10-29 22:36:38,704 - vessel_data_pipeline - INFO - Created backup: Expected_departures_20251029_223638.xml
2025-10-29 22:36:38,704 - vessel_data_pipeline - INFO - Updated metadata for Expected_departures.xml
2025-10-29 22:36:38,704 - vessel_data_pipeline - INFO - Successfully downloaded and validated Expected_departures.xml
2025-10-29 22:36:40,706 - vessel_data_pipeline - INFO - Fetch operation completed. Results: {'Arrived_in_last_36_hours.xml': True, 'Departed_in_last_36_hours.xml': True, 'Expected_arrivals.xml': True, 'Expected_departures.xml': True}
2025-10-29 22:38:52,150 - vessel_data_pipeline - INFO - VesselDataFetcher initialized. Pipeline enabled: True
2025-10-29 22:38:52,150 - vessel_data_pipeline - INFO - Starting vessel data fetch operation
2025-10-29 22:38:52,150 - vessel_data_pipeline - INFO - Discovering XML files from Hong Kong Marine Department portal
2025-10-29 22:38:52,733 - vessel_data_pipeline - INFO - Verified access to Arrived_in_last_36_hours.xml
2025-10-29 22:38:53,015 - vessel_data_pipeline - INFO - Verified access to Departed_in_last_36_hours.xml
2025-10-29 22:38:53,502 - vessel_data_pipeline - INFO - Verified access to Expected_arrivals.xml
2025-10-29 22:38:53,793 - vessel_data_pipeline - INFO - Verified access to Expected_departures.xml
2025-10-29 22:38:53,793 - vessel_data_pipeline - INFO - Discovered 4 XML files for download
2025-10-29 22:38:53,794 - vessel_data_pipeline - INFO - Downloading Arrived_in_last_36_hours.xml (attempt 1/3)
2025-10-29 22:38:54,476 - vessel_data_pipeline - INFO - File temp_Arrived_in_last_36_hours.xml passed validation checks
2025-10-29 22:38:54,477 - vessel_data_pipeline - INFO - Created backup: Arrived_in_last_36_hours_20251029_223854.xml
2025-10-29 22:38:54,478 - vessel_data_pipeline - INFO - Updated metadata for Arrived_in_last_36_hours.xml
2025-10-29 22:38:54,478 - vessel_data_pipeline - INFO - Successfully downloaded and validated Arrived_in_last_36_hours.xml
2025-10-29 22:38:56,479 - vessel_data_pipeline - INFO - Downloading Departed_in_last_36_hours.xml (attempt 1/3)
2025-10-29 22:38:56,952 - vessel_data_pipeline - INFO - File temp_Departed_in_last_36_hours.xml passed validation checks
2025-10-29 22:38:56,953 - vessel_data_pipeline - INFO - Created backup: Departed_in_last_36_hours_20251029_223856.xml
2025-10-29 22:38:56,953 - vessel_data_pipeline - INFO - Updated metadata for Departed_in_last_36_hours.xml
2025-10-29 22:38:56,953 - vessel_data_pipeline - INFO - Successfully downloaded and validated Departed_in_last_36_hours.xml
2025-10-29 22:38:58,959 - vessel_data_pipeline - INFO - Downloading Expected_arrivals.xml (attempt 1/3)
2025-10-29 22:38:59,324 - vessel_data_pipeline - INFO - File temp_Expected_arrivals.xml passed validation checks
2025-10-29 22:38:59,325 - vessel_data_pipeline - INFO - Created backup: Expected_arrivals_20251029_223859.xml
2025-10-29 22:38:59,325 - vessel_data_pipeline - INFO - Updated metadata for Expected_arrivals.xml
2025-10-29 22:38:59,325 - vessel_data_pipeline - INFO - Successfully downloaded and validated Expected_arrivals.xml
2025-10-29 22:39:01,330 - vessel_data_pipeline - INFO - Downloading Expected_departures.xml (attempt 1/3)
2025-10-29 22:39:02,043 - vessel_data_pipeline - INFO - File temp_Expected_departures.xml passed validation checks
2025-10-29 22:39:02,044 - vessel_data_pipeline - INFO - Created backup: Expected_departures_20251029_223902.xml
2025-10-29 22:39:02,044 - vessel_data_pipeline - INFO - Updated metadata for Expected_departures.xml
2025-10-29 22:39:02,044 - vessel_data_pipeline - INFO - Successfully downloaded and validated Expected_departures.xml
2025-10-29 22:39:04,047 - vessel_data_pipeline - INFO - Fetch operation completed. Results: {'Arrived_in_last_36_hours.xml': True, 'Departed_in_last_36_hours.xml': True, 'Expected_arrivals.xml': True, 'Expected_departures.xml': True}
2025-10-29 22:39:04,313 - vessel_data_pipeline - INFO - VesselDataFetcher initialized. Pipeline enabled: True
2025-10-29 22:39:04,314 - vessel_data_pipeline - INFO - Starting vessel data fetch operation
2025-10-29 22:39:04,314 - vessel_data_pipeline - INFO - Discovering XML files from Hong Kong Marine Department portal
2025-10-29 22:39:05,479 - vessel_data_pipeline - INFO - Verified access to Arrived_in_last_36_hours.xml
2025-10-29 22:39:06,165 - vessel_data_pipeline - INFO - Verified access to Departed_in_last_36_hours.xml
2025-10-29 22:39:06,483 - vessel_data_pipeline - INFO - Verified access to Expected_arrivals.xml
2025-10-29 22:39:06,774 - vessel_data_pipeline - INFO - Verified access to Expected_departures.xml
2025-10-29 22:39:06,774 - vessel_data_pipeline - INFO - Discovered 4 XML files for download
2025-10-29 22:39:06,774 - vessel_data_pipeline - INFO - Downloading Arrived_in_last_36_hours.xml (attempt 1/3)
2025-10-29 22:39:07,093 - vessel_data_pipeline - INFO - File temp_Arrived_in_last_36_hours.xml passed validation checks
2025-10-29 22:39:07,093 - vessel_data_pipeline - INFO - Created backup: Arrived_in_last_36_hours_20251029_223907.xml
2025-10-29 22:39:07,094 - vessel_data_pipeline - INFO - Updated metadata for Arrived_in_last_36_hours.xml
2025-10-29 22:39:07,094 - vessel_data_pipeline - INFO - Successfully downloaded and validated Arrived_in_last_36_hours.xml
2025-10-29 22:39:09,099 - vessel_data_pipeline - INFO - Downloading Departed_in_last_36_hours.xml (attempt 1/3)
2025-10-29 22:39:09,869 - vessel_data_pipeline - INFO - File temp_Departed_in_last_36_hours.xml passed validation checks
2025-10-29 22:39:09,869 - vessel_data_pipeline - INFO - Created backup: Departed_in_last_36_hours_20251029_223909.xml
2025-10-29 22:39:09,869 - vessel_data_pipeline - INFO - Updated metadata for Departed_in_last_36_hours.xml
2025-10-29 22:39:09,869 - vessel_data_pipeline - INFO - Successfully downloaded and validated Departed_in_last_36_hours.xml
2025-10-29 22:39:11,871 - vessel_data_pipeline - INFO - Downloading Expected_arrivals.xml (attempt 1/3)
2025-10-29 22:39:12,350 - vessel_data_pipeline - INFO - File temp_Expected_arrivals.xml passed validation checks
2025-10-29 22:39:12,350 - vessel_data_pipeline - INFO - Created backup: Expected_arrivals_20251029_223912.xml
2025-10-29 22:39:12,351 - vessel_data_pipeline - INFO - Updated metadata for Expected_arrivals.xml
2025-10-29 22:39:12,351 - vessel_data_pipeline - INFO - Successfully downloaded and validated Expected_arrivals.xml
2025-10-29 22:39:14,352 - vessel_data_pipeline - INFO - Downloading Expected_departures.xml (attempt 1/3)
2025-10-29 22:39:14,874 - vessel_data_pipeline - INFO - File temp_Expected_departures.xml passed validation checks
2025-10-29 22:39:14,875 - vessel_data_pipeline - INFO - Created backup: Expected_departures_20251029_223914.xml
2025-10-29 22:39:14,876 - vessel_data_pipeline - INFO - Updated metadata for Expected_departures.xml
2025-10-29 22:39:14,876 - vessel_data_pipeline - INFO - Successfully downloaded and validated Expected_departures.xml
2025-10-29 22:39:16,881 - vessel_data_pipeline - INFO - Fetch operation completed. Results: {'Arrived_in_last_36_hours.xml': True, 'Departed_in_last_36_hours.xml': True, 'Expected_arrivals.xml': True, 'Expected_departures.xml': True}
2025-10-29 22:39:16,902 - vessel_data_pipeline - INFO - VesselDataFetcher initialized. Pipeline enabled: True
2025-10-29 22:39:16,904 - vessel_data_pipeline - INFO - Starting vessel data fetch operation
2025-10-29 22:39:16,904 - vessel_data_pipeline - INFO - Discovering XML files from Hong Kong Marine Department portal
2025-10-29 22:39:17,642 - vessel_data_pipeline - INFO - Verified access to Arrived_in_last_36_hours.xml
2025-10-29 22:39:18,114 - vessel_data_pipeline - INFO - Verified access to Departed_in_last_36_hours.xml
2025-10-29 22:39:18,372 - vessel_data_pipeline - INFO - Verified access to Expected_arrivals.xml
2025-10-29 22:39:19,087 - vessel_data_pipeline - INFO - Verified access to Expected_departures.xml
2025-10-29 22:39:19,088 - vessel_data_pipeline - INFO - Discovered 4 XML files for download
2025-10-29 22:39:19,088 - vessel_data_pipeline - INFO - Downloading Arrived_in_last_36_hours.xml (attempt 1/3)
2025-10-29 22:39:19,979 - vessel_data_pipeline - INFO - File temp_Arrived_in_last_36_hours.xml passed validation checks
2025-10-29 22:39:19,980 - vessel_data_pipeline - INFO - Created backup: Arrived_in_last_36_hours_20251029_223919.xml
2025-10-29 22:39:19,980 - vessel_data_pipeline - INFO - Updated metadata for Arrived_in_last_36_hours.xml
2025-10-29 22:39:19,980 - vessel_data_pipeline - INFO - Successfully downloaded and validated Arrived_in_last_36_hours.xml
2025-10-29 22:39:21,985 - vessel_data_pipeline - INFO - Downloading Departed_in_last_36_hours.xml (attempt 1/3)
2025-10-29 22:39:22,528 - vessel_data_pipeline - INFO - File temp_Departed_in_last_36_hours.xml passed validation checks
2025-10-29 22:39:22,528 - vessel_data_pipeline - INFO - Created backup: Departed_in_last_36_hours_20251029_223922.xml
2025-10-29 22:39:22,529 - vessel_data_pipeline - INFO - Updated metadata for Departed_in_last_36_hours.xml
2025-10-29 22:39:22,529 - vessel_data_pipeline - INFO - Successfully downloaded and validated Departed_in_last_36_hours.xml
2025-10-29 22:39:24,534 - vessel_data_pipeline - INFO - Downloading Expected_arrivals.xml (attempt 1/3)
2025-10-29 22:39:24,802 - vessel_data_pipeline - INFO - File temp_Expected_arrivals.xml passed validation checks
2025-10-29 22:39:24,802 - vessel_data_pipeline - INFO - Created backup: Expected_arrivals_20251029_223924.xml
2025-10-29 22:39:24,803 - vessel_data_pipeline - INFO - Updated metadata for Expected_arrivals.xml
2025-10-29 22:39:24,803 - vessel_data_pipeline - INFO - Successfully downloaded and validated Expected_arrivals.xml
2025-10-29 22:39:26,808 - vessel_data_pipeline - INFO - Downloading Expected_departures.xml (attempt 1/3)
2025-10-29 22:39:27,318 - vessel_data_pipeline - INFO - File temp_Expected_departures.xml passed validation checks
2025-10-29 22:39:27,319 - vessel_data_pipeline - INFO - Created backup: Expected_departures_20251029_223927.xml
2025-10-29 22:39:27,319 - vessel_data_pipeline - INFO - Updated metadata for Expected_departures.xml
2025-10-29 22:39:27,319 - vessel_data_pipeline - INFO - Successfully downloaded and validated Expected_departures.xml
2025-10-29 22:39:29,324 - vessel_data_pipeline - INFO - Fetch operation completed. Results: {'Arrived_in_last_36_hours.xml': True, 'Departed_in_last_36_hours.xml': True, 'Expected_arrivals.xml': True, 'Expected_departures.xml': True}
2025-10-29 22:39:32,254 - vessel_data_pipeline - INFO - VesselDataFetcher initialized. Pipeline enabled: True
2025-10-29 22:39:32,255 - vessel_data_pipeline - INFO - Starting vessel data fetch operation
2025-10-29 22:39:32,255 - vessel_data_pipeline - INFO - Discovering XML files from Hong Kong Marine Department portal
2025-10-29 22:39:32,552 - vessel_data_pipeline - INFO - Verified access to Arrived_in_last_36_hours.xml
2025-10-29 22:39:33,229 - vessel_data_pipeline - INFO - Verified access to Departed_in_last_36_hours.xml
2025-10-29 22:39:33,696 - vessel_data_pipeline - INFO - Verified access to Expected_arrivals.xml
2025-10-29 22:39:34,028 - vessel_data_pipeline - INFO - Verified access to Expected_departures.xml
2025-10-29 22:39:34,028 - vessel_data_pipeline - INFO - Discovered 4 XML files for download
2025-10-29 22:39:34,028 - vessel_data_pipeline - INFO - Downloading Arrived_in_last_36_hours.xml (attempt 1/3)
2025-10-29 22:39:34,518 - vessel_data_pipeline - INFO - File temp_Arrived_in_last_36_hours.xml passed validation checks
2025-10-29 22:39:34,519 - vessel_data_pipeline - INFO - Created backup: Arrived_in_last_36_hours_20251029_223934.xml
2025-10-29 22:39:34,519 - vessel_data_pipeline - INFO - Updated metadata for Arrived_in_last_36_hours.xml
2025-10-29 22:39:34,520 - vessel_data_pipeline - INFO - Successfully downloaded and validated Arrived_in_last_36_hours.xml
2025-10-29 22:39:36,522 - vessel_data_pipeline - INFO - Downloading Departed_in_last_36_hours.xml (attempt 1/3)
2025-10-29 22:39:38,331 - vessel_data_pipeline - INFO - File temp_Departed_in_last_36_hours.xml passed validation checks
2025-10-29 22:39:38,332 - vessel_data_pipeline - INFO - Created backup: Departed_in_last_36_hours_20251029_223938.xml
2025-10-29 22:39:38,332 - vessel_data_pipeline - INFO - Updated metadata for Departed_in_last_36_hours.xml
2025-10-29 22:39:38,332 - vessel_data_pipeline - INFO - Successfully downloaded and validated Departed_in_last_36_hours.xml
2025-10-29 22:39:40,338 - vessel_data_pipeline - INFO - Downloading Expected_arrivals.xml (attempt 1/3)
2025-10-29 22:39:40,854 - vessel_data_pipeline - INFO - File temp_Expected_arrivals.xml passed validation checks
2025-10-29 22:39:40,854 - vessel_data_pipeline - INFO - Created backup: Expected_arrivals_20251029_223940.xml
2025-10-29 22:39:40,855 - vessel_data_pipeline - INFO - Updated metadata for Expected_arrivals.xml
2025-10-29 22:39:40,855 - vessel_data_pipeline - INFO - Successfully downloaded and validated Expected_arrivals.xml
2025-10-29 22:39:42,859 - vessel_data_pipeline - INFO - Downloading Expected_departures.xml (attempt 1/3)
2025-10-29 22:39:43,533 - vessel_data_pipeline - INFO - File temp_Expected_departures.xml passed validation checks
2025-10-29 22:39:43,534 - vessel_data_pipeline - INFO - Created backup: Expected_departures_20251029_223943.xml
2025-10-29 22:39:43,534 - vessel_data_pipeline - INFO - Updated metadata for Expected_departures.xml
2025-10-29 22:39:43,534 - vessel_data_pipeline - INFO - Successfully downloaded and validated Expected_departures.xml
2025-10-29 22:39:45,539 - vessel_data_pipeline - INFO - Fetch operation completed. Results: {'Arrived_in_last_36_hours.xml': True, 'Departed_in_last_36_hours.xml': True, 'Expected_arrivals.xml': True, 'Expected_departures.xml': True}
2025-10-29 22:39:45,550 - vessel_data_pipeline - INFO - VesselDataFetcher initialized. Pipeline enabled: True
2025-10-29 22:39:45,551 - vessel_data_pipeline - INFO - Starting vessel data fetch operation
2025-10-29 22:39:45,551 - vessel_data_pipeline - INFO - Discovering XML files from Hong Kong Marine Department portal
2025-10-29 22:39:46,068 - vessel_data_pipeline - INFO - Verified access to Arrived_in_last_36_hours.xml
2025-10-29 22:39:46,388 - vessel_data_pipeline - INFO - Verified access to Departed_in_last_36_hours.xml
2025-10-29 22:39:46,894 - vessel_data_pipeline - INFO - Verified access to Expected_arrivals.xml
2025-10-29 22:39:47,365 - vessel_data_pipeline - INFO - Verified access to Expected_departures.xml
2025-10-29 22:39:47,365 - vessel_data_pipeline - INFO - Discovered 4 XML files for download
2025-10-29 22:39:47,365 - vessel_data_pipeline - INFO - Downloading Arrived_in_last_36_hours.xml (attempt 1/3)
2025-10-29 22:39:48,170 - vessel_data_pipeline - INFO - File temp_Arrived_in_last_36_hours.xml passed validation checks
2025-10-29 22:39:48,181 - vessel_data_pipeline - INFO - Created backup: Arrived_in_last_36_hours_20251029_223948.xml
2025-10-29 22:39:48,183 - vessel_data_pipeline - INFO - Updated metadata for Arrived_in_last_36_hours.xml
2025-10-29 22:39:48,185 - vessel_data_pipeline - INFO - Successfully downloaded and validated Arrived_in_last_36_hours.xml
2025-10-29 22:39:50,190 - vessel_data_pipeline - INFO - Downloading Departed_in_last_36_hours.xml (attempt 1/3)
2025-10-29 22:39:51,219 - vessel_data_pipeline - INFO - File temp_Departed_in_last_36_hours.xml passed validation checks
2025-10-29 22:39:51,220 - vessel_data_pipeline - INFO - Created backup: Departed_in_last_36_hours_20251029_223951.xml
2025-10-29 22:39:51,221 - vessel_data_pipeline - INFO - Updated metadata for Departed_in_last_36_hours.xml
2025-10-29 22:39:51,221 - vessel_data_pipeline - INFO - Successfully downloaded and validated Departed_in_last_36_hours.xml
2025-10-29 22:39:53,226 - vessel_data_pipeline - INFO - Downloading Expected_arrivals.xml (attempt 1/3)
2025-10-29 22:39:53,815 - vessel_data_pipeline - INFO - File temp_Expected_arrivals.xml passed validation checks
2025-10-29 22:39:53,815 - vessel_data_pipeline - INFO - Created backup: Expected_arrivals_20251029_223953.xml
2025-10-29 22:39:53,815 - vessel_data_pipeline - INFO - Updated metadata for Expected_arrivals.xml
2025-10-29 22:39:53,816 - vessel_data_pipeline - INFO - Successfully downloaded and validated Expected_arrivals.xml
2025-10-29 22:39:55,816 - vessel_data_pipeline - INFO - Downloading Expected_departures.xml (attempt 1/3)
2025-10-29 22:39:56,091 - vessel_data_pipeline - INFO - File temp_Expected_departures.xml passed validation checks
2025-10-29 22:39:56,092 - vessel_data_pipeline - INFO - Created backup: Expected_departures_20251029_223956.xml
2025-10-29 22:39:56,092 - vessel_data_pipeline - INFO - Updated metadata for Expected_departures.xml
2025-10-29 22:39:56,092 - vessel_data_pipeline - INFO - Successfully downloaded and validated Expected_departures.xml
2025-10-29 22:39:58,093 - vessel_data_pipeline - INFO - Fetch operation completed. Results: {'Arrived_in_last_36_hours.xml': True, 'Departed_in_last_36_hours.xml': True, 'Expected_arrivals.xml': True, 'Expected_departures.xml': True}
2025-10-29 22:39:58,112 - vessel_data_pipeline - INFO - VesselDataFetcher initialized. Pipeline enabled: True
2025-10-29 22:39:58,113 - vessel_data_pipeline - INFO - Starting vessel data fetch operation
2025-10-29 22:39:58,113 - vessel_data_pipeline - INFO - Discovering XML files from Hong Kong Marine Department portal
2025-10-29 22:39:58,421 - vessel_data_pipeline - INFO - Verified access to Arrived_in_last_36_hours.xml
2025-10-29 22:39:59,320 - vessel_data_pipeline - INFO - Verified access to Departed_in_last_36_hours.xml
2025-10-29 22:39:59,808 - vessel_data_pipeline - INFO - Verified access to Expected_arrivals.xml
2025-10-29 22:40:00,069 - vessel_data_pipeline - INFO - Verified access to Expected_departures.xml
2025-10-29 22:40:00,069 - vessel_data_pipeline - INFO - Discovered 4 XML files for download
2025-10-29 22:40:00,069 - vessel_data_pipeline - INFO - Downloading Arrived_in_last_36_hours.xml (attempt 1/3)
2025-10-29 22:40:00,354 - vessel_data_pipeline - INFO - File temp_Arrived_in_last_36_hours.xml passed validation checks
2025-10-29 22:40:00,355 - vessel_data_pipeline - INFO - Created backup: Arrived_in_last_36_hours_20251029_224000.xml
2025-10-29 22:40:00,356 - vessel_data_pipeline - INFO - Updated metadata for Arrived_in_last_36_hours.xml
2025-10-29 22:40:00,356 - vessel_data_pipeline - INFO - Successfully downloaded and validated Arrived_in_last_36_hours.xml
2025-10-29 22:40:02,364 - vessel_data_pipeline - INFO - Downloading Departed_in_last_36_hours.xml (attempt 1/3)
2025-10-29 22:40:03,272 - vessel_data_pipeline - INFO - File temp_Departed_in_last_36_hours.xml passed validation checks
2025-10-29 22:40:03,273 - vessel_data_pipeline - INFO - Created backup: Departed_in_last_36_hours_20251029_224003.xml
2025-10-29 22:40:03,273 - vessel_data_pipeline - INFO - Updated metadata for Departed_in_last_36_hours.xml
2025-10-29 22:40:03,273 - vessel_data_pipeline - INFO - Successfully downloaded and validated Departed_in_last_36_hours.xml
2025-10-29 22:40:05,279 - vessel_data_pipeline - INFO - Downloading Expected_arrivals.xml (attempt 1/3)
2025-10-29 22:40:06,174 - vessel_data_pipeline - INFO - File temp_Expected_arrivals.xml passed validation checks
2025-10-29 22:40:06,174 - vessel_data_pipeline - INFO - Created backup: Expected_arrivals_20251029_224006.xml
2025-10-29 22:40:06,175 - vessel_data_pipeline - INFO - Updated metadata for Expected_arrivals.xml
2025-10-29 22:40:06,175 - vessel_data_pipeline - INFO - Successfully downloaded and validated Expected_arrivals.xml
2025-10-29 22:40:08,175 - vessel_data_pipeline - INFO - Downloading Expected_departures.xml (attempt 1/3)
2025-10-29 22:40:08,583 - vessel_data_pipeline - INFO - File temp_Expected_departures.xml passed validation checks
2025-10-29 22:40:08,584 - vessel_data_pipeline - INFO - Created backup: Expected_departures_20251029_224008.xml
2025-10-29 22:40:08,584 - vessel_data_pipeline - INFO - Updated metadata for Expected_departures.xml
2025-10-29 22:40:08,584 - vessel_data_pipeline - INFO - Successfully downloaded and validated Expected_departures.xml
2025-10-29 22:40:10,586 - vessel_data_pipeline - INFO - Fetch operation completed. Results: {'Arrived_in_last_36_hours.xml': True, 'Departed_in_last_36_hours.xml': True, 'Expected_arrivals.xml': True, 'Expected_departures.xml': True}
2025-10-29 22:40:10,596 - vessel_data_pipeline - INFO - VesselDataFetcher initialized. Pipeline enabled: True
2025-10-29 22:40:10,597 - vessel_data_pipeline - INFO - Starting vessel data fetch operation
2025-10-29 22:40:10,597 - vessel_data_pipeline - INFO - Discovering XML files from Hong Kong Marine Department portal
2025-10-29 22:40:11,670 - vessel_data_pipeline - INFO - Verified access to Arrived_in_last_36_hours.xml
2025-10-29 22:40:12,806 - vessel_data_pipeline - INFO - Verified access to Departed_in_last_36_hours.xml
2025-10-29 22:40:13,481 - vessel_data_pipeline - INFO - Verified access to Expected_arrivals.xml
2025-10-29 22:40:13,825 - vessel_data_pipeline - INFO - Verified access to Expected_departures.xml
2025-10-29 22:40:13,825 - vessel_data_pipeline - INFO - Discovered 4 XML files for download
2025-10-29 22:40:13,825 - vessel_data_pipeline - INFO - Downloading Arrived_in_last_36_hours.xml (attempt 1/3)
2025-10-29 22:40:14,110 - vessel_data_pipeline - INFO - File temp_Arrived_in_last_36_hours.xml passed validation checks
2025-10-29 22:40:14,110 - vessel_data_pipeline - INFO - Created backup: Arrived_in_last_36_hours_20251029_224014.xml
2025-10-29 22:40:14,111 - vessel_data_pipeline - INFO - Updated metadata for Arrived_in_last_36_hours.xml
2025-10-29 22:40:14,111 - vessel_data_pipeline - INFO - Successfully downloaded and validated Arrived_in_last_36_hours.xml
2025-10-29 22:40:16,113 - vessel_data_pipeline - INFO - Downloading Departed_in_last_36_hours.xml (attempt 1/3)
2025-10-29 22:40:16,985 - vessel_data_pipeline - INFO - File temp_Departed_in_last_36_hours.xml passed validation checks
2025-10-29 22:40:16,985 - vessel_data_pipeline - INFO - Created backup: Departed_in_last_36_hours_20251029_224016.xml
2025-10-29 22:40:16,985 - vessel_data_pipeline - INFO - Updated metadata for Departed_in_last_36_hours.xml
2025-10-29 22:40:16,985 - vessel_data_pipeline - INFO - Successfully downloaded and validated Departed_in_last_36_hours.xml
2025-10-29 22:40:18,989 - vessel_data_pipeline - INFO - Downloading Expected_arrivals.xml (attempt 1/3)
2025-10-29 22:40:19,476 - vessel_data_pipeline - INFO - File temp_Expected_arrivals.xml passed validation checks
2025-10-29 22:40:19,498 - vessel_data_pipeline - INFO - Created backup: Expected_arrivals_20251029_224019.xml
2025-10-29 22:40:19,509 - vessel_data_pipeline - INFO - Updated metadata for Expected_arrivals.xml
2025-10-29 22:40:19,509 - vessel_data_pipeline - INFO - Successfully downloaded and validated Expected_arrivals.xml
2025-10-29 22:40:21,512 - vessel_data_pipeline - INFO - Downloading Expected_departures.xml (attempt 1/3)
2025-10-29 22:40:21,810 - vessel_data_pipeline - INFO - File temp_Expected_departures.xml passed validation checks
2025-10-29 22:40:21,810 - vessel_data_pipeline - INFO - Created backup: Expected_departures_20251029_224021.xml
2025-10-29 22:40:21,810 - vessel_data_pipeline - INFO - Updated metadata for Expected_departures.xml
2025-10-29 22:40:21,810 - vessel_data_pipeline - INFO - Successfully downloaded and validated Expected_departures.xml
2025-10-29 22:40:23,815 - vessel_data_pipeline - INFO - Fetch operation completed. Results: {'Arrived_in_last_36_hours.xml': True, 'Departed_in_last_36_hours.xml': True, 'Expected_arrivals.xml': True, 'Expected_departures.xml': True}
2025-10-29 22:41:06,705 - vessel_data_pipeline - INFO - VesselDataFetcher initialized. Pipeline enabled: True
2025-10-29 22:41:06,706 - vessel_data_pipeline - INFO - Starting vessel data fetch operation
2025-10-29 22:41:06,706 - vessel_data_pipeline - INFO - Discovering XML files from Hong Kong Marine Department portal
2025-10-29 22:41:07,828 - vessel_data_pipeline - INFO - Verified access to Arrived_in_last_36_hours.xml
2025-10-29 22:41:09,073 - vessel_data_pipeline - INFO - Verified access to Departed_in_last_36_hours.xml
2025-10-29 22:41:10,110 - vessel_data_pipeline - INFO - Verified access to Expected_arrivals.xml
2025-10-29 22:41:10,742 - vessel_data_pipeline - INFO - Verified access to Expected_departures.xml
2025-10-29 22:41:10,742 - vessel_data_pipeline - INFO - Discovered 4 XML files for download
2025-10-29 22:41:10,743 - vessel_data_pipeline - INFO - Downloading Arrived_in_last_36_hours.xml (attempt 1/3)
2025-10-29 22:41:11,239 - vessel_data_pipeline - INFO - File temp_Arrived_in_last_36_hours.xml passed validation checks
2025-10-29 22:41:11,241 - vessel_data_pipeline - INFO - Created backup: Arrived_in_last_36_hours_20251029_224111.xml
2025-10-29 22:41:11,243 - vessel_data_pipeline - INFO - Updated metadata for Arrived_in_last_36_hours.xml
2025-10-29 22:41:11,243 - vessel_data_pipeline - INFO - Successfully downloaded and validated Arrived_in_last_36_hours.xml
2025-10-29 22:41:13,248 - vessel_data_pipeline - INFO - Downloading Departed_in_last_36_hours.xml (attempt 1/3)
2025-10-29 22:41:13,552 - vessel_data_pipeline - INFO - File temp_Departed_in_last_36_hours.xml passed validation checks
2025-10-29 22:41:13,553 - vessel_data_pipeline - INFO - Created backup: Departed_in_last_36_hours_20251029_224113.xml
2025-10-29 22:41:13,553 - vessel_data_pipeline - INFO - Updated metadata for Departed_in_last_36_hours.xml
2025-10-29 22:41:13,553 - vessel_data_pipeline - INFO - Successfully downloaded and validated Departed_in_last_36_hours.xml
2025-10-29 22:41:15,555 - vessel_data_pipeline - INFO - Downloading Expected_arrivals.xml (attempt 1/3)
2025-10-29 22:41:16,166 - vessel_data_pipeline - INFO - File temp_Expected_arrivals.xml passed validation checks
2025-10-29 22:41:16,167 - vessel_data_pipeline - INFO - Created backup: Expected_arrivals_20251029_224116.xml
2025-10-29 22:41:16,168 - vessel_data_pipeline - INFO - Updated metadata for Expected_arrivals.xml
2025-10-29 22:41:16,168 - vessel_data_pipeline - INFO - Successfully downloaded and validated Expected_arrivals.xml
2025-10-29 22:41:18,170 - vessel_data_pipeline - INFO - Downloading Expected_departures.xml (attempt 1/3)
2025-10-29 22:41:18,698 - vessel_data_pipeline - INFO - File temp_Expected_departures.xml passed validation checks
2025-10-29 22:41:18,700 - vessel_data_pipeline - INFO - Created backup: Expected_departures_20251029_224118.xml
2025-10-29 22:41:18,700 - vessel_data_pipeline - INFO - Updated metadata for Expected_departures.xml
2025-10-29 22:41:18,700 - vessel_data_pipeline - INFO - Successfully downloaded and validated Expected_departures.xml
2025-10-29 22:41:20,701 - vessel_data_pipeline - INFO - Fetch operation completed. Results: {'Arrived_in_last_36_hours.xml': True, 'Departed_in_last_36_hours.xml': True, 'Expected_arrivals.xml': True, 'Expected_departures.xml': True}
2025-10-29 22:41:20,972 - vessel_data_pipeline - INFO - VesselDataFetcher initialized. Pipeline enabled: True
2025-10-29 22:41:20,973 - vessel_data_pipeline - INFO - Starting vessel data fetch operation
2025-10-29 22:41:20,973 - vessel_data_pipeline - INFO - Discovering XML files from Hong Kong Marine Department portal
2025-10-29 22:41:21,275 - vessel_data_pipeline - INFO - Verified access to Arrived_in_last_36_hours.xml
2025-10-29 22:41:21,995 - vessel_data_pipeline - INFO - Verified access to Departed_in_last_36_hours.xml
2025-10-29 22:41:22,467 - vessel_data_pipeline - INFO - Verified access to Expected_arrivals.xml
2025-10-29 22:41:22,935 - vessel_data_pipeline - INFO - Verified access to Expected_departures.xml
2025-10-29 22:41:22,936 - vessel_data_pipeline - INFO - Discovered 4 XML files for download
2025-10-29 22:41:22,936 - vessel_data_pipeline - INFO - Downloading Arrived_in_last_36_hours.xml (attempt 1/3)
2025-10-29 22:41:23,454 - vessel_data_pipeline - INFO - File temp_Arrived_in_last_36_hours.xml passed validation checks
2025-10-29 22:41:23,455 - vessel_data_pipeline - INFO - Created backup: Arrived_in_last_36_hours_20251029_224123.xml
2025-10-29 22:41:23,455 - vessel_data_pipeline - INFO - Updated metadata for Arrived_in_last_36_hours.xml
2025-10-29 22:41:23,455 - vessel_data_pipeline - INFO - Successfully downloaded and validated Arrived_in_last_36_hours.xml
2025-10-29 22:41:25,460 - vessel_data_pipeline - INFO - Downloading Departed_in_last_36_hours.xml (attempt 1/3)
2025-10-29 22:41:26,148 - vessel_data_pipeline - INFO - File temp_Departed_in_last_36_hours.xml passed validation checks
2025-10-29 22:41:26,148 - vessel_data_pipeline - INFO - Created backup: Departed_in_last_36_hours_20251029_224126.xml
2025-10-29 22:41:26,148 - vessel_data_pipeline - INFO - Updated metadata for Departed_in_last_36_hours.xml
2025-10-29 22:41:26,148 - vessel_data_pipeline - INFO - Successfully downloaded and validated Departed_in_last_36_hours.xml
2025-10-29 22:41:28,150 - vessel_data_pipeline - INFO - Downloading Expected_arrivals.xml (attempt 1/3)
2025-10-29 22:41:28,646 - vessel_data_pipeline - INFO - File temp_Expected_arrivals.xml passed validation checks
2025-10-29 22:41:28,646 - vessel_data_pipeline - INFO - Created backup: Expected_arrivals_20251029_224128.xml
2025-10-29 22:41:28,646 - vessel_data_pipeline - INFO - Updated metadata for Expected_arrivals.xml
2025-10-29 22:41:28,646 - vessel_data_pipeline - INFO - Successfully downloaded and validated Expected_arrivals.xml
2025-10-29 22:41:30,647 - vessel_data_pipeline - INFO - Downloading Expected_departures.xml (attempt 1/3)
2025-10-29 22:41:30,951 - vessel_data_pipeline - INFO - File temp_Expected_departures.xml passed validation checks
2025-10-29 22:41:30,952 - vessel_data_pipeline - INFO - Created backup: Expected_departures_20251029_224130.xml
2025-10-29 22:41:30,952 - vessel_data_pipeline - INFO - Updated metadata for Expected_departures.xml
2025-10-29 22:41:30,952 - vessel_data_pipeline - INFO - Successfully downloaded and validated Expected_departures.xml
2025-10-29 22:41:32,957 - vessel_data_pipeline - INFO - Fetch operation completed. Results: {'Arrived_in_last_36_hours.xml': True, 'Departed_in_last_36_hours.xml': True, 'Expected_arrivals.xml': True, 'Expected_departures.xml': True}
2025-10-29 22:41:32,969 - vessel_data_pipeline - INFO - VesselDataFetcher initialized. Pipeline enabled: True
2025-10-29 22:41:32,975 - vessel_data_pipeline - INFO - Starting vessel data fetch operation
2025-10-29 22:41:32,975 - vessel_data_pipeline - INFO - Discovering XML files from Hong Kong Marine Department portal
2025-10-29 22:41:33,494 - vessel_data_pipeline - INFO - Verified access to Arrived_in_last_36_hours.xml
2025-10-29 22:41:34,145 - vessel_data_pipeline - INFO - Verified access to Departed_in_last_36_hours.xml
2025-10-29 22:41:34,628 - vessel_data_pipeline - INFO - Verified access to Expected_arrivals.xml
2025-10-29 22:41:34,684 - vessel_data_pipeline - INFO - Verified access to Expected_departures.xml
2025-10-29 22:41:34,684 - vessel_data_pipeline - INFO - Discovered 4 XML files for download
2025-10-29 22:41:34,685 - vessel_data_pipeline - INFO - Downloading Arrived_in_last_36_hours.xml (attempt 1/3)
2025-10-29 22:41:35,365 - vessel_data_pipeline - INFO - File temp_Arrived_in_last_36_hours.xml passed validation checks
2025-10-29 22:41:35,367 - vessel_data_pipeline - INFO - Created backup: Arrived_in_last_36_hours_20251029_224135.xml
2025-10-29 22:41:35,367 - vessel_data_pipeline - INFO - Updated metadata for Arrived_in_last_36_hours.xml
2025-10-29 22:41:35,367 - vessel_data_pipeline - INFO - Successfully downloaded and validated Arrived_in_last_36_hours.xml
2025-10-29 22:41:37,372 - vessel_data_pipeline - INFO - Downloading Departed_in_last_36_hours.xml (attempt 1/3)
2025-10-29 22:41:37,896 - vessel_data_pipeline - INFO - File temp_Departed_in_last_36_hours.xml passed validation checks
2025-10-29 22:41:37,896 - vessel_data_pipeline - INFO - Created backup: Departed_in_last_36_hours_20251029_224137.xml
2025-10-29 22:41:37,897 - vessel_data_pipeline - INFO - Updated metadata for Departed_in_last_36_hours.xml
2025-10-29 22:41:37,897 - vessel_data_pipeline - INFO - Successfully downloaded and validated Departed_in_last_36_hours.xml
2025-10-29 22:41:39,898 - vessel_data_pipeline - INFO - Downloading Expected_arrivals.xml (attempt 1/3)
2025-10-29 22:41:40,374 - vessel_data_pipeline - INFO - File temp_Expected_arrivals.xml passed validation checks
2025-10-29 22:41:40,374 - vessel_data_pipeline - INFO - Created backup: Expected_arrivals_20251029_224140.xml
2025-10-29 22:41:40,374 - vessel_data_pipeline - INFO - Updated metadata for Expected_arrivals.xml
2025-10-29 22:41:40,374 - vessel_data_pipeline - INFO - Successfully downloaded and validated Expected_arrivals.xml
2025-10-29 22:41:42,379 - vessel_data_pipeline - INFO - Downloading Expected_departures.xml (attempt 1/3)
2025-10-29 22:41:42,684 - vessel_data_pipeline - INFO - File temp_Expected_departures.xml passed validation checks
2025-10-29 22:41:42,685 - vessel_data_pipeline - INFO - Created backup: Expected_departures_20251029_224142.xml
2025-10-29 22:41:42,685 - vessel_data_pipeline - INFO - Updated metadata for Expected_departures.xml
2025-10-29 22:41:42,685 - vessel_data_pipeline - INFO - Successfully downloaded and validated Expected_departures.xml
2025-10-29 22:41:44,690 - vessel_data_pipeline - INFO - Fetch operation completed. Results: {'Arrived_in_last_36_hours.xml': True, 'Departed_in_last_36_hours.xml': True, 'Expected_arrivals.xml': True, 'Expected_departures.xml': True}
2025-10-29 22:41:47,623 - vessel_data_pipeline - INFO - VesselDataFetcher initialized. Pipeline enabled: True
2025-10-29 22:41:47,628 - vessel_data_pipeline - INFO - Starting vessel data fetch operation
2025-10-29 22:41:47,628 - vessel_data_pipeline - INFO - Discovering XML files from Hong Kong Marine Department portal
2025-10-29 22:41:47,941 - vessel_data_pipeline - INFO - Verified access to Arrived_in_last_36_hours.xml
2025-10-29 22:41:48,832 - vessel_data_pipeline - INFO - Verified access to Departed_in_last_36_hours.xml
2025-10-29 22:41:48,915 - vessel_data_pipeline - INFO - Verified access to Expected_arrivals.xml
2025-10-29 22:41:49,205 - vessel_data_pipeline - INFO - Verified access to Expected_departures.xml
2025-10-29 22:41:49,205 - vessel_data_pipeline - INFO - Discovered 4 XML files for download
2025-10-29 22:41:49,205 - vessel_data_pipeline - INFO - Downloading Arrived_in_last_36_hours.xml (attempt 1/3)
2025-10-29 22:41:49,699 - vessel_data_pipeline - INFO - File temp_Arrived_in_last_36_hours.xml passed validation checks
2025-10-29 22:41:49,700 - vessel_data_pipeline - INFO - Created backup: Arrived_in_last_36_hours_20251029_224149.xml
2025-10-29 22:41:49,700 - vessel_data_pipeline - INFO - Updated metadata for Arrived_in_last_36_hours.xml
2025-10-29 22:41:49,700 - vessel_data_pipeline - INFO - Successfully downloaded and validated Arrived_in_last_36_hours.xml
2025-10-29 22:41:51,706 - vessel_data_pipeline - INFO - Downloading Departed_in_last_36_hours.xml (attempt 1/3)
2025-10-29 22:41:53,111 - vessel_data_pipeline - INFO - File temp_Departed_in_last_36_hours.xml passed validation checks
2025-10-29 22:41:53,112 - vessel_data_pipeline - INFO - Created backup: Departed_in_last_36_hours_20251029_224153.xml
2025-10-29 22:41:53,112 - vessel_data_pipeline - INFO - Updated metadata for Departed_in_last_36_hours.xml
2025-10-29 22:41:53,112 - vessel_data_pipeline - INFO - Successfully downloaded and validated Departed_in_last_36_hours.xml
2025-10-29 22:41:55,115 - vessel_data_pipeline - INFO - Downloading Expected_arrivals.xml (attempt 1/3)
2025-10-29 22:41:55,386 - vessel_data_pipeline - INFO - File temp_Expected_arrivals.xml passed validation checks
2025-10-29 22:41:55,386 - vessel_data_pipeline - INFO - Created backup: Expected_arrivals_20251029_224155.xml
2025-10-29 22:41:55,387 - vessel_data_pipeline - INFO - Updated metadata for Expected_arrivals.xml
2025-10-29 22:41:55,387 - vessel_data_pipeline - INFO - Successfully downloaded and validated Expected_arrivals.xml
2025-10-29 22:41:57,392 - vessel_data_pipeline - INFO - Downloading Expected_departures.xml (attempt 1/3)
2025-10-29 22:41:57,455 - vessel_data_pipeline - INFO - File temp_Expected_departures.xml passed validation checks
2025-10-29 22:41:57,456 - vessel_data_pipeline - INFO - Created backup: Expected_departures_20251029_224157.xml
2025-10-29 22:41:57,456 - vessel_data_pipeline - INFO - Updated metadata for Expected_departures.xml
2025-10-29 22:41:57,456 - vessel_data_pipeline - INFO - Successfully downloaded and validated Expected_departures.xml
2025-10-29 22:41:59,461 - vessel_data_pipeline - INFO - Fetch operation completed. Results: {'Arrived_in_last_36_hours.xml': True, 'Departed_in_last_36_hours.xml': True, 'Expected_arrivals.xml': True, 'Expected_departures.xml': True}
2025-10-29 22:41:59,465 - vessel_data_pipeline - INFO - VesselDataFetcher initialized. Pipeline enabled: True
2025-10-29 22:41:59,465 - vessel_data_pipeline - INFO - Starting vessel data fetch operation
2025-10-29 22:41:59,465 - vessel_data_pipeline - INFO - Discovering XML files from Hong Kong Marine Department portal
2025-10-29 22:41:59,772 - vessel_data_pipeline - INFO - Verified access to Arrived_in_last_36_hours.xml
2025-10-29 22:42:00,770 - vessel_data_pipeline - INFO - Verified access to Departed_in_last_36_hours.xml
2025-10-29 22:42:01,042 - vessel_data_pipeline - INFO - Verified access to Expected_arrivals.xml
2025-10-29 22:42:01,304 - vessel_data_pipeline - INFO - Verified access to Expected_departures.xml
2025-10-29 22:42:01,304 - vessel_data_pipeline - INFO - Discovered 4 XML files for download
2025-10-29 22:42:01,304 - vessel_data_pipeline - INFO - Downloading Arrived_in_last_36_hours.xml (attempt 1/3)
2025-10-29 22:42:01,586 - vessel_data_pipeline - INFO - File temp_Arrived_in_last_36_hours.xml passed validation checks
2025-10-29 22:42:01,588 - vessel_data_pipeline - INFO - Created backup: Arrived_in_last_36_hours_20251029_224201.xml
2025-10-29 22:42:01,589 - vessel_data_pipeline - INFO - Updated metadata for Arrived_in_last_36_hours.xml
2025-10-29 22:42:01,589 - vessel_data_pipeline - INFO - Successfully downloaded and validated Arrived_in_last_36_hours.xml
2025-10-29 22:42:03,591 - vessel_data_pipeline - INFO - Downloading Departed_in_last_36_hours.xml (attempt 1/3)
2025-10-29 22:42:04,335 - vessel_data_pipeline - INFO - File temp_Departed_in_last_36_hours.xml passed validation checks
2025-10-29 22:42:04,355 - vessel_data_pipeline - INFO - Created backup: Departed_in_last_36_hours_20251029_224204.xml
2025-10-29 22:42:04,355 - vessel_data_pipeline - INFO - Updated metadata for Departed_in_last_36_hours.xml
2025-10-29 22:42:04,355 - vessel_data_pipeline - INFO - Successfully downloaded and validated Departed_in_last_36_hours.xml
2025-10-29 22:42:06,361 - vessel_data_pipeline - INFO - Downloading Expected_arrivals.xml (attempt 1/3)
2025-10-29 22:42:06,854 - vessel_data_pipeline - INFO - File temp_Expected_arrivals.xml passed validation checks
2025-10-29 22:42:06,855 - vessel_data_pipeline - INFO - Created backup: Expected_arrivals_20251029_224206.xml
2025-10-29 22:42:06,855 - vessel_data_pipeline - INFO - Updated metadata for Expected_arrivals.xml
2025-10-29 22:42:06,855 - vessel_data_pipeline - INFO - Successfully downloaded and validated Expected_arrivals.xml
2025-10-29 22:42:08,860 - vessel_data_pipeline - INFO - Downloading Expected_departures.xml (attempt 1/3)
2025-10-29 22:42:09,152 - vessel_data_pipeline - INFO - File temp_Expected_departures.xml passed validation checks
2025-10-29 22:42:09,153 - vessel_data_pipeline - INFO - Created backup: Expected_departures_20251029_224209.xml
2025-10-29 22:42:09,153 - vessel_data_pipeline - INFO - Updated metadata for Expected_departures.xml
2025-10-29 22:42:09,153 - vessel_data_pipeline - INFO - Successfully downloaded and validated Expected_departures.xml
2025-10-29 22:42:11,158 - vessel_data_pipeline - INFO - Fetch operation completed. Results: {'Arrived_in_last_36_hours.xml': True, 'Departed_in_last_36_hours.xml': True, 'Expected_arrivals.xml': True, 'Expected_departures.xml': True}
2025-10-29 22:42:11,170 - vessel_data_pipeline - INFO - VesselDataFetcher initialized. Pipeline enabled: True
2025-10-29 22:42:11,170 - vessel_data_pipeline - INFO - Starting vessel data fetch operation
2025-10-29 22:42:11,170 - vessel_data_pipeline - INFO - Discovering XML files from Hong Kong Marine Department portal
2025-10-29 22:42:11,765 - vessel_data_pipeline - INFO - Verified access to Arrived_in_last_36_hours.xml
2025-10-29 22:42:12,025 - vessel_data_pipeline - INFO - Verified access to Departed_in_last_36_hours.xml
2025-10-29 22:42:12,750 - vessel_data_pipeline - INFO - Verified access to Expected_arrivals.xml
2025-10-29 22:42:13,019 - vessel_data_pipeline - INFO - Verified access to Expected_departures.xml
2025-10-29 22:42:13,020 - vessel_data_pipeline - INFO - Discovered 4 XML files for download
2025-10-29 22:42:13,020 - vessel_data_pipeline - INFO - Downloading Arrived_in_last_36_hours.xml (attempt 1/3)
2025-10-29 22:42:13,384 - vessel_data_pipeline - INFO - File temp_Arrived_in_last_36_hours.xml passed validation checks
2025-10-29 22:42:13,385 - vessel_data_pipeline - INFO - Created backup: Arrived_in_last_36_hours_20251029_224213.xml
2025-10-29 22:42:13,386 - vessel_data_pipeline - INFO - Updated metadata for Arrived_in_last_36_hours.xml
2025-10-29 22:42:13,386 - vessel_data_pipeline - INFO - Successfully downloaded and validated Arrived_in_last_36_hours.xml
2025-10-29 22:42:15,390 - vessel_data_pipeline - INFO - Downloading Departed_in_last_36_hours.xml (attempt 1/3)
2025-10-29 22:42:16,137 - vessel_data_pipeline - INFO - File temp_Departed_in_last_36_hours.xml passed validation checks
2025-10-29 22:42:16,137 - vessel_data_pipeline - INFO - Created backup: Departed_in_last_36_hours_20251029_224216.xml
2025-10-29 22:42:16,138 - vessel_data_pipeline - INFO - Updated metadata for Departed_in_last_36_hours.xml
2025-10-29 22:42:16,138 - vessel_data_pipeline - INFO - Successfully downloaded and validated Departed_in_last_36_hours.xml
2025-10-29 22:42:18,142 - vessel_data_pipeline - INFO - Downloading Expected_arrivals.xml (attempt 1/3)
2025-10-29 22:42:18,732 - vessel_data_pipeline - INFO - File temp_Expected_arrivals.xml passed validation checks
2025-10-29 22:42:18,732 - vessel_data_pipeline - INFO - Created backup: Expected_arrivals_20251029_224218.xml
2025-10-29 22:42:18,733 - vessel_data_pipeline - INFO - Updated metadata for Expected_arrivals.xml
2025-10-29 22:42:18,733 - vessel_data_pipeline - INFO - Successfully downloaded and validated Expected_arrivals.xml
2025-10-29 22:42:20,736 - vessel_data_pipeline - INFO - Downloading Expected_departures.xml (attempt 1/3)
2025-10-29 22:42:21,007 - vessel_data_pipeline - INFO - File temp_Expected_departures.xml passed validation checks
2025-10-29 22:42:21,008 - vessel_data_pipeline - INFO - Created backup: Expected_departures_20251029_224221.xml
2025-10-29 22:42:21,008 - vessel_data_pipeline - INFO - Updated metadata for Expected_departures.xml
2025-10-29 22:42:21,008 - vessel_data_pipeline - INFO - Successfully downloaded and validated Expected_departures.xml
2025-10-29 22:42:23,011 - vessel_data_pipeline - INFO - Fetch operation completed. Results: {'Arrived_in_last_36_hours.xml': True, 'Departed_in_last_36_hours.xml': True, 'Expected_arrivals.xml': True, 'Expected_departures.xml': True}
2025-10-29 22:42:23,014 - vessel_data_pipeline - INFO - VesselDataFetcher initialized. Pipeline enabled: True
2025-10-29 22:42:23,015 - vessel_data_pipeline - INFO - Starting vessel data fetch operation
2025-10-29 22:42:23,015 - vessel_data_pipeline - INFO - Discovering XML files from Hong Kong Marine Department portal
2025-10-29 22:42:23,332 - vessel_data_pipeline - INFO - Verified access to Arrived_in_last_36_hours.xml
2025-10-29 22:42:24,205 - vessel_data_pipeline - INFO - Verified access to Departed_in_last_36_hours.xml
2025-10-29 22:42:24,937 - vessel_data_pipeline - INFO - Verified access to Expected_arrivals.xml
2025-10-29 22:42:25,447 - vessel_data_pipeline - INFO - Verified access to Expected_departures.xml
2025-10-29 22:42:25,447 - vessel_data_pipeline - INFO - Discovered 4 XML files for download
2025-10-29 22:42:25,447 - vessel_data_pipeline - INFO - Downloading Arrived_in_last_36_hours.xml (attempt 1/3)
2025-10-29 22:42:25,505 - vessel_data_pipeline - INFO - File temp_Arrived_in_last_36_hours.xml passed validation checks
2025-10-29 22:42:25,506 - vessel_data_pipeline - INFO - Created backup: Arrived_in_last_36_hours_20251029_224225.xml
2025-10-29 22:42:25,506 - vessel_data_pipeline - INFO - Updated metadata for Arrived_in_last_36_hours.xml
2025-10-29 22:42:25,506 - vessel_data_pipeline - INFO - Successfully downloaded and validated Arrived_in_last_36_hours.xml
2025-10-29 22:42:27,511 - vessel_data_pipeline - INFO - Downloading Departed_in_last_36_hours.xml (attempt 1/3)
2025-10-29 22:42:28,448 - vessel_data_pipeline - INFO - File temp_Departed_in_last_36_hours.xml passed validation checks
2025-10-29 22:42:28,449 - vessel_data_pipeline - INFO - Created backup: Departed_in_last_36_hours_20251029_224228.xml
2025-10-29 22:42:28,449 - vessel_data_pipeline - INFO - Updated metadata for Departed_in_last_36_hours.xml
2025-10-29 22:42:28,449 - vessel_data_pipeline - INFO - Successfully downloaded and validated Departed_in_last_36_hours.xml
2025-10-29 22:42:30,453 - vessel_data_pipeline - INFO - Downloading Expected_arrivals.xml (attempt 1/3)
2025-10-29 22:42:30,709 - vessel_data_pipeline - INFO - File temp_Expected_arrivals.xml passed validation checks
2025-10-29 22:42:30,709 - vessel_data_pipeline - INFO - Created backup: Expected_arrivals_20251029_224230.xml
2025-10-29 22:42:30,709 - vessel_data_pipeline - INFO - Updated metadata for Expected_arrivals.xml
2025-10-29 22:42:30,709 - vessel_data_pipeline - INFO - Successfully downloaded and validated Expected_arrivals.xml
2025-10-29 22:42:32,713 - vessel_data_pipeline - INFO - Downloading Expected_departures.xml (attempt 1/3)
2025-10-29 22:42:33,406 - vessel_data_pipeline - INFO - File temp_Expected_departures.xml passed validation checks
2025-10-29 22:42:33,407 - vessel_data_pipeline - INFO - Created backup: Expected_departures_20251029_224233.xml
2025-10-29 22:42:33,407 - vessel_data_pipeline - INFO - Updated metadata for Expected_departures.xml
2025-10-29 22:42:33,407 - vessel_data_pipeline - INFO - Successfully downloaded and validated Expected_departures.xml
2025-10-29 22:42:35,413 - vessel_data_pipeline - INFO - Fetch operation completed. Results: {'Arrived_in_last_36_hours.xml': True, 'Departed_in_last_36_hours.xml': True, 'Expected_arrivals.xml': True, 'Expected_departures.xml': True}
2025-10-29 22:43:40,174 - vessel_data_pipeline - INFO - VesselDataFetcher initialized. Pipeline enabled: True
2025-10-29 22:43:40,175 - vessel_data_pipeline - INFO - Starting vessel data fetch operation
2025-10-29 22:43:40,175 - vessel_data_pipeline - INFO - Discovering XML files from Hong Kong Marine Department portal
2025-10-29 22:43:40,816 - vessel_data_pipeline - INFO - Verified access to Arrived_in_last_36_hours.xml
2025-10-29 22:43:41,286 - vessel_data_pipeline - INFO - Verified access to Departed_in_last_36_hours.xml
2025-10-29 22:43:41,802 - vessel_data_pipeline - INFO - Verified access to Expected_arrivals.xml
2025-10-29 22:43:42,071 - vessel_data_pipeline - INFO - Verified access to Expected_departures.xml
2025-10-29 22:43:42,071 - vessel_data_pipeline - INFO - Discovered 4 XML files for download
2025-10-29 22:43:42,071 - vessel_data_pipeline - INFO - Downloading Arrived_in_last_36_hours.xml (attempt 1/3)
2025-10-29 22:43:42,563 - vessel_data_pipeline - INFO - File temp_Arrived_in_last_36_hours.xml passed validation checks
2025-10-29 22:43:42,565 - vessel_data_pipeline - INFO - Created backup: Arrived_in_last_36_hours_20251029_224342.xml
2025-10-29 22:43:42,567 - vessel_data_pipeline - INFO - Updated metadata for Arrived_in_last_36_hours.xml
2025-10-29 22:43:42,567 - vessel_data_pipeline - INFO - Successfully downloaded and validated Arrived_in_last_36_hours.xml
2025-10-29 22:43:44,572 - vessel_data_pipeline - INFO - Downloading Departed_in_last_36_hours.xml (attempt 1/3)
2025-10-29 22:43:45,735 - vessel_data_pipeline - INFO - File temp_Departed_in_last_36_hours.xml passed validation checks
2025-10-29 22:43:45,736 - vessel_data_pipeline - INFO - Created backup: Departed_in_last_36_hours_20251029_224345.xml
2025-10-29 22:43:45,736 - vessel_data_pipeline - INFO - Updated metadata for Departed_in_last_36_hours.xml
2025-10-29 22:43:45,736 - vessel_data_pipeline - INFO - Successfully downloaded and validated Departed_in_last_36_hours.xml
2025-10-29 22:43:47,740 - vessel_data_pipeline - INFO - Downloading Expected_arrivals.xml (attempt 1/3)
2025-10-29 22:43:48,016 - vessel_data_pipeline - INFO - File temp_Expected_arrivals.xml passed validation checks
2025-10-29 22:43:48,017 - vessel_data_pipeline - INFO - Created backup: Expected_arrivals_20251029_224348.xml
2025-10-29 22:43:48,018 - vessel_data_pipeline - INFO - Updated metadata for Expected_arrivals.xml
2025-10-29 22:43:48,018 - vessel_data_pipeline - INFO - Successfully downloaded and validated Expected_arrivals.xml
2025-10-29 22:43:50,022 - vessel_data_pipeline - INFO - Downloading Expected_departures.xml (attempt 1/3)
2025-10-29 22:43:50,556 - vessel_data_pipeline - INFO - File temp_Expected_departures.xml passed validation checks
2025-10-29 22:43:50,556 - vessel_data_pipeline - INFO - Created backup: Expected_departures_20251029_224350.xml
2025-10-29 22:43:50,557 - vessel_data_pipeline - INFO - Updated metadata for Expected_departures.xml
2025-10-29 22:43:50,557 - vessel_data_pipeline - INFO - Successfully downloaded and validated Expected_departures.xml
2025-10-29 22:43:52,561 - vessel_data_pipeline - INFO - Fetch operation completed. Results: {'Arrived_in_last_36_hours.xml': True, 'Departed_in_last_36_hours.xml': True, 'Expected_arrivals.xml': True, 'Expected_departures.xml': True}
2025-10-29 22:43:52,853 - vessel_data_pipeline - INFO - VesselDataFetcher initialized. Pipeline enabled: True
2025-10-29 22:43:52,855 - vessel_data_pipeline - INFO - Starting vessel data fetch operation
2025-10-29 22:43:52,855 - vessel_data_pipeline - INFO - Discovering XML files from Hong Kong Marine Department portal
2025-10-29 22:43:53,275 - vessel_data_pipeline - INFO - Verified access to Arrived_in_last_36_hours.xml
2025-10-29 22:43:54,026 - vessel_data_pipeline - INFO - Verified access to Departed_in_last_36_hours.xml
2025-10-29 22:43:54,639 - vessel_data_pipeline - INFO - Verified access to Expected_arrivals.xml
2025-10-29 22:43:55,122 - vessel_data_pipeline - INFO - Verified access to Expected_departures.xml
2025-10-29 22:43:55,122 - vessel_data_pipeline - INFO - Discovered 4 XML files for download
2025-10-29 22:43:55,123 - vessel_data_pipeline - INFO - Downloading Arrived_in_last_36_hours.xml (attempt 1/3)
2025-10-29 22:43:55,606 - vessel_data_pipeline - INFO - File temp_Arrived_in_last_36_hours.xml passed validation checks
2025-10-29 22:43:55,607 - vessel_data_pipeline - INFO - Created backup: Arrived_in_last_36_hours_20251029_224355.xml
2025-10-29 22:43:55,607 - vessel_data_pipeline - INFO - Updated metadata for Arrived_in_last_36_hours.xml
2025-10-29 22:43:55,607 - vessel_data_pipeline - INFO - Successfully downloaded and validated Arrived_in_last_36_hours.xml
2025-10-29 22:43:57,612 - vessel_data_pipeline - INFO - Downloading Departed_in_last_36_hours.xml (attempt 1/3)
2025-10-29 22:43:58,734 - vessel_data_pipeline - INFO - File temp_Departed_in_last_36_hours.xml passed validation checks
2025-10-29 22:43:58,735 - vessel_data_pipeline - INFO - Created backup: Departed_in_last_36_hours_20251029_224358.xml
2025-10-29 22:43:58,735 - vessel_data_pipeline - INFO - Updated metadata for Departed_in_last_36_hours.xml
2025-10-29 22:43:58,735 - vessel_data_pipeline - INFO - Successfully downloaded and validated Departed_in_last_36_hours.xml
2025-10-29 22:44:00,740 - vessel_data_pipeline - INFO - Downloading Expected_arrivals.xml (attempt 1/3)
2025-10-29 22:44:01,055 - vessel_data_pipeline - INFO - File temp_Expected_arrivals.xml passed validation checks
2025-10-29 22:44:01,055 - vessel_data_pipeline - INFO - Created backup: Expected_arrivals_20251029_224401.xml
2025-10-29 22:44:01,056 - vessel_data_pipeline - INFO - Updated metadata for Expected_arrivals.xml
2025-10-29 22:44:01,056 - vessel_data_pipeline - INFO - Successfully downloaded and validated Expected_arrivals.xml
2025-10-29 22:44:03,057 - vessel_data_pipeline - INFO - Downloading Expected_departures.xml (attempt 1/3)
2025-10-29 22:44:03,318 - vessel_data_pipeline - INFO - File temp_Expected_departures.xml passed validation checks
2025-10-29 22:44:03,319 - vessel_data_pipeline - INFO - Created backup: Expected_departures_20251029_224403.xml
2025-10-29 22:44:03,319 - vessel_data_pipeline - INFO - Updated metadata for Expected_departures.xml
2025-10-29 22:44:03,319 - vessel_data_pipeline - INFO - Successfully downloaded and validated Expected_departures.xml
2025-10-29 22:44:05,324 - vessel_data_pipeline - INFO - Fetch operation completed. Results: {'Arrived_in_last_36_hours.xml': True, 'Departed_in_last_36_hours.xml': True, 'Expected_arrivals.xml': True, 'Expected_departures.xml': True}
2025-10-29 22:44:05,335 - vessel_data_pipeline - INFO - VesselDataFetcher initialized. Pipeline enabled: True
2025-10-29 22:44:05,338 - vessel_data_pipeline - INFO - Starting vessel data fetch operation
2025-10-29 22:44:05,338 - vessel_data_pipeline - INFO - Discovering XML files from Hong Kong Marine Department portal
2025-10-29 22:44:05,967 - vessel_data_pipeline - INFO - Verified access to Arrived_in_last_36_hours.xml
2025-10-29 22:44:06,678 - vessel_data_pipeline - INFO - Verified access to Departed_in_last_36_hours.xml
2025-10-29 22:44:07,235 - vessel_data_pipeline - INFO - Verified access to Expected_arrivals.xml
2025-10-29 22:44:07,492 - vessel_data_pipeline - INFO - Verified access to Expected_departures.xml
2025-10-29 22:44:07,493 - vessel_data_pipeline - INFO - Discovered 4 XML files for download
2025-10-29 22:44:07,493 - vessel_data_pipeline - INFO - Downloading Arrived_in_last_36_hours.xml (attempt 1/3)
2025-10-29 22:44:07,959 - vessel_data_pipeline - INFO - File temp_Arrived_in_last_36_hours.xml passed validation checks
2025-10-29 22:44:07,960 - vessel_data_pipeline - INFO - Created backup: Arrived_in_last_36_hours_20251029_224407.xml
2025-10-29 22:44:07,960 - vessel_data_pipeline - INFO - Updated metadata for Arrived_in_last_36_hours.xml
2025-10-29 22:44:07,960 - vessel_data_pipeline - INFO - Successfully downloaded and validated Arrived_in_last_36_hours.xml
2025-10-29 22:44:09,965 - vessel_data_pipeline - INFO - Downloading Departed_in_last_36_hours.xml (attempt 1/3)
2025-10-29 22:44:10,908 - vessel_data_pipeline - INFO - File temp_Departed_in_last_36_hours.xml passed validation checks
2025-10-29 22:44:10,909 - vessel_data_pipeline - INFO - Created backup: Departed_in_last_36_hours_20251029_224410.xml
2025-10-29 22:44:10,909 - vessel_data_pipeline - INFO - Updated metadata for Departed_in_last_36_hours.xml
2025-10-29 22:44:10,910 - vessel_data_pipeline - INFO - Successfully downloaded and validated Departed_in_last_36_hours.xml
2025-10-29 22:44:12,915 - vessel_data_pipeline - INFO - Downloading Expected_arrivals.xml (attempt 1/3)
2025-10-29 22:44:13,403 - vessel_data_pipeline - INFO - File temp_Expected_arrivals.xml passed validation checks
2025-10-29 22:44:13,403 - vessel_data_pipeline - INFO - Created backup: Expected_arrivals_20251029_224413.xml
2025-10-29 22:44:13,403 - vessel_data_pipeline - INFO - Updated metadata for Expected_arrivals.xml
2025-10-29 22:44:13,403 - vessel_data_pipeline - INFO - Successfully downloaded and validated Expected_arrivals.xml
2025-10-29 22:44:15,408 - vessel_data_pipeline - INFO - Downloading Expected_departures.xml (attempt 1/3)
2025-10-29 22:44:15,695 - vessel_data_pipeline - INFO - File temp_Expected_departures.xml passed validation checks
2025-10-29 22:44:15,695 - vessel_data_pipeline - INFO - Created backup: Expected_departures_20251029_224415.xml
2025-10-29 22:44:15,696 - vessel_data_pipeline - INFO - Updated metadata for Expected_departures.xml
2025-10-29 22:44:15,696 - vessel_data_pipeline - INFO - Successfully downloaded and validated Expected_departures.xml
2025-10-29 22:44:17,701 - vessel_data_pipeline - INFO - Fetch operation completed. Results: {'Arrived_in_last_36_hours.xml': True, 'Departed_in_last_36_hours.xml': True, 'Expected_arrivals.xml': True, 'Expected_departures.xml': True}
2025-10-29 22:44:20,617 - vessel_data_pipeline - INFO - VesselDataFetcher initialized. Pipeline enabled: True
2025-10-29 22:44:20,617 - vessel_data_pipeline - INFO - Starting vessel data fetch operation
2025-10-29 22:44:20,617 - vessel_data_pipeline - INFO - Discovering XML files from Hong Kong Marine Department portal
2025-10-29 22:44:21,160 - vessel_data_pipeline - INFO - Verified access to Arrived_in_last_36_hours.xml
2025-10-29 22:44:21,842 - vessel_data_pipeline - INFO - Verified access to Departed_in_last_36_hours.xml
2025-10-29 22:44:22,099 - vessel_data_pipeline - INFO - Verified access to Expected_arrivals.xml
2025-10-29 22:44:22,792 - vessel_data_pipeline - INFO - Verified access to Expected_departures.xml
2025-10-29 22:44:22,792 - vessel_data_pipeline - INFO - Discovered 4 XML files for download
2025-10-29 22:44:22,792 - vessel_data_pipeline - INFO - Downloading Arrived_in_last_36_hours.xml (attempt 1/3)
2025-10-29 22:44:23,074 - vessel_data_pipeline - INFO - File temp_Arrived_in_last_36_hours.xml passed validation checks
2025-10-29 22:44:23,076 - vessel_data_pipeline - INFO - Created backup: Arrived_in_last_36_hours_20251029_224423.xml
2025-10-29 22:44:23,077 - vessel_data_pipeline - INFO - Updated metadata for Arrived_in_last_36_hours.xml
2025-10-29 22:44:23,077 - vessel_data_pipeline - INFO - Successfully downloaded and validated Arrived_in_last_36_hours.xml
2025-10-29 22:44:25,078 - vessel_data_pipeline - INFO - Downloading Departed_in_last_36_hours.xml (attempt 1/3)
2025-10-29 22:44:25,647 - vessel_data_pipeline - INFO - File temp_Departed_in_last_36_hours.xml passed validation checks
2025-10-29 22:44:25,647 - vessel_data_pipeline - INFO - Created backup: Departed_in_last_36_hours_20251029_224425.xml
2025-10-29 22:44:25,648 - vessel_data_pipeline - INFO - Updated metadata for Departed_in_last_36_hours.xml
2025-10-29 22:44:25,648 - vessel_data_pipeline - INFO - Successfully downloaded and validated Departed_in_last_36_hours.xml
2025-10-29 22:44:27,653 - vessel_data_pipeline - INFO - Downloading Expected_arrivals.xml (attempt 1/3)
2025-10-29 22:44:27,704 - vessel_data_pipeline - INFO - File temp_Expected_arrivals.xml passed validation checks
2025-10-29 22:44:27,705 - vessel_data_pipeline - INFO - Created backup: Expected_arrivals_20251029_224427.xml
2025-10-29 22:44:27,705 - vessel_data_pipeline - INFO - Updated metadata for Expected_arrivals.xml
2025-10-29 22:44:27,705 - vessel_data_pipeline - INFO - Successfully downloaded and validated Expected_arrivals.xml
2025-10-29 22:44:29,708 - vessel_data_pipeline - INFO - Downloading Expected_departures.xml (attempt 1/3)
2025-10-29 22:44:30,221 - vessel_data_pipeline - INFO - File temp_Expected_departures.xml passed validation checks
2025-10-29 22:44:30,221 - vessel_data_pipeline - INFO - Created backup: Expected_departures_20251029_224430.xml
2025-10-29 22:44:30,221 - vessel_data_pipeline - INFO - Updated metadata for Expected_departures.xml
2025-10-29 22:44:30,221 - vessel_data_pipeline - INFO - Successfully downloaded and validated Expected_departures.xml
2025-10-29 22:44:32,227 - vessel_data_pipeline - INFO - Fetch operation completed. Results: {'Arrived_in_last_36_hours.xml': True, 'Departed_in_last_36_hours.xml': True, 'Expected_arrivals.xml': True, 'Expected_departures.xml': True}
2025-10-29 22:44:32,230 - vessel_data_pipeline - INFO - VesselDataFetcher initialized. Pipeline enabled: True
2025-10-29 22:44:32,231 - vessel_data_pipeline - INFO - Starting vessel data fetch operation
2025-10-29 22:44:32,231 - vessel_data_pipeline - INFO - Discovering XML files from Hong Kong Marine Department portal
2025-10-29 22:44:32,535 - vessel_data_pipeline - INFO - Verified access to Arrived_in_last_36_hours.xml
2025-10-29 22:44:32,785 - vessel_data_pipeline - INFO - Verified access to Departed_in_last_36_hours.xml
2025-10-29 22:44:33,512 - vessel_data_pipeline - INFO - Verified access to Expected_arrivals.xml
2025-10-29 22:44:33,796 - vessel_data_pipeline - INFO - Verified access to Expected_departures.xml
2025-10-29 22:44:33,796 - vessel_data_pipeline - INFO - Discovered 4 XML files for download
2025-10-29 22:44:33,796 - vessel_data_pipeline - INFO - Downloading Arrived_in_last_36_hours.xml (attempt 1/3)
2025-10-29 22:44:34,072 - vessel_data_pipeline - INFO - File temp_Arrived_in_last_36_hours.xml passed validation checks
2025-10-29 22:44:34,074 - vessel_data_pipeline - INFO - Created backup: Arrived_in_last_36_hours_20251029_224434.xml
2025-10-29 22:44:34,075 - vessel_data_pipeline - INFO - Updated metadata for Arrived_in_last_36_hours.xml
2025-10-29 22:44:34,075 - vessel_data_pipeline - INFO - Successfully downloaded and validated Arrived_in_last_36_hours.xml
2025-10-29 22:44:36,078 - vessel_data_pipeline - INFO - Downloading Departed_in_last_36_hours.xml (attempt 1/3)
2025-10-29 22:44:37,358 - vessel_data_pipeline - INFO - File temp_Departed_in_last_36_hours.xml passed validation checks
2025-10-29 22:44:37,359 - vessel_data_pipeline - INFO - Created backup: Departed_in_last_36_hours_20251029_224437.xml
2025-10-29 22:44:37,360 - vessel_data_pipeline - INFO - Updated metadata for Departed_in_last_36_hours.xml
2025-10-29 22:44:37,360 - vessel_data_pipeline - INFO - Successfully downloaded and validated Departed_in_last_36_hours.xml
2025-10-29 22:44:39,364 - vessel_data_pipeline - INFO - Downloading Expected_arrivals.xml (attempt 1/3)
2025-10-29 22:44:39,883 - vessel_data_pipeline - INFO - File temp_Expected_arrivals.xml passed validation checks
2025-10-29 22:44:39,884 - vessel_data_pipeline - INFO - Created backup: Expected_arrivals_20251029_224439.xml
2025-10-29 22:44:39,884 - vessel_data_pipeline - INFO - Updated metadata for Expected_arrivals.xml
2025-10-29 22:44:39,884 - vessel_data_pipeline - INFO - Successfully downloaded and validated Expected_arrivals.xml
2025-10-29 22:44:41,887 - vessel_data_pipeline - INFO - Downloading Expected_departures.xml (attempt 1/3)
2025-10-29 22:44:42,409 - vessel_data_pipeline - INFO - File temp_Expected_departures.xml passed validation checks
2025-10-29 22:44:42,410 - vessel_data_pipeline - INFO - Created backup: Expected_departures_20251029_224442.xml
2025-10-29 22:44:42,410 - vessel_data_pipeline - INFO - Updated metadata for Expected_departures.xml
2025-10-29 22:44:42,410 - vessel_data_pipeline - INFO - Successfully downloaded and validated Expected_departures.xml
2025-10-29 22:44:44,414 - vessel_data_pipeline - INFO - Fetch operation completed. Results: {'Arrived_in_last_36_hours.xml': True, 'Departed_in_last_36_hours.xml': True, 'Expected_arrivals.xml': True, 'Expected_departures.xml': True}
2025-10-29 22:44:44,436 - vessel_data_pipeline - INFO - VesselDataFetcher initialized. Pipeline enabled: True
2025-10-29 22:44:44,437 - vessel_data_pipeline - INFO - Starting vessel data fetch operation
2025-10-29 22:44:44,437 - vessel_data_pipeline - INFO - Discovering XML files from Hong Kong Marine Department portal
2025-10-29 22:44:45,487 - vessel_data_pipeline - INFO - Verified access to Arrived_in_last_36_hours.xml
2025-10-29 22:44:45,954 - vessel_data_pipeline - INFO - Verified access to Departed_in_last_36_hours.xml
2025-10-29 22:44:46,253 - vessel_data_pipeline - INFO - Verified access to Expected_arrivals.xml
2025-10-29 22:44:46,746 - vessel_data_pipeline - INFO - Verified access to Expected_departures.xml
2025-10-29 22:44:46,746 - vessel_data_pipeline - INFO - Discovered 4 XML files for download
2025-10-29 22:44:46,746 - vessel_data_pipeline - INFO - Downloading Arrived_in_last_36_hours.xml (attempt 1/3)
2025-10-29 22:44:47,014 - vessel_data_pipeline - INFO - File temp_Arrived_in_last_36_hours.xml passed validation checks
2025-10-29 22:44:47,017 - vessel_data_pipeline - INFO - Created backup: Arrived_in_last_36_hours_20251029_224447.xml
2025-10-29 22:44:47,018 - vessel_data_pipeline - INFO - Updated metadata for Arrived_in_last_36_hours.xml
2025-10-29 22:44:47,018 - vessel_data_pipeline - INFO - Successfully downloaded and validated Arrived_in_last_36_hours.xml
2025-10-29 22:44:49,018 - vessel_data_pipeline - INFO - Downloading Departed_in_last_36_hours.xml (attempt 1/3)
2025-10-29 22:44:49,737 - vessel_data_pipeline - INFO - File temp_Departed_in_last_36_hours.xml passed validation checks
2025-10-29 22:44:49,737 - vessel_data_pipeline - INFO - Created backup: Departed_in_last_36_hours_20251029_224449.xml
2025-10-29 22:44:49,738 - vessel_data_pipeline - INFO - Updated metadata for Departed_in_last_36_hours.xml
2025-10-29 22:44:49,738 - vessel_data_pipeline - INFO - Successfully downloaded and validated Departed_in_last_36_hours.xml
2025-10-29 22:44:51,741 - vessel_data_pipeline - INFO - Downloading Expected_arrivals.xml (attempt 1/3)
2025-10-29 22:44:52,046 - vessel_data_pipeline - INFO - File temp_Expected_arrivals.xml passed validation checks
2025-10-29 22:44:52,049 - vessel_data_pipeline - INFO - Created backup: Expected_arrivals_20251029_224452.xml
2025-10-29 22:44:52,051 - vessel_data_pipeline - INFO - Updated metadata for Expected_arrivals.xml
2025-10-29 22:44:52,051 - vessel_data_pipeline - INFO - Successfully downloaded and validated Expected_arrivals.xml
2025-10-29 22:44:54,056 - vessel_data_pipeline - INFO - Downloading Expected_departures.xml (attempt 1/3)
2025-10-29 22:44:54,566 - vessel_data_pipeline - INFO - File temp_Expected_departures.xml passed validation checks
2025-10-29 22:44:54,567 - vessel_data_pipeline - INFO - Created backup: Expected_departures_20251029_224454.xml
2025-10-29 22:44:54,567 - vessel_data_pipeline - INFO - Updated metadata for Expected_departures.xml
2025-10-29 22:44:54,567 - vessel_data_pipeline - INFO - Successfully downloaded and validated Expected_departures.xml
2025-10-29 22:44:56,572 - vessel_data_pipeline - INFO - Fetch operation completed. Results: {'Arrived_in_last_36_hours.xml': True, 'Departed_in_last_36_hours.xml': True, 'Expected_arrivals.xml': True, 'Expected_departures.xml': True}
2025-10-29 22:44:56,576 - vessel_data_pipeline - INFO - VesselDataFetcher initialized. Pipeline enabled: True
2025-10-29 22:44:56,577 - vessel_data_pipeline - INFO - Starting vessel data fetch operation
2025-10-29 22:44:56,577 - vessel_data_pipeline - INFO - Discovering XML files from Hong Kong Marine Department portal
2025-10-29 22:44:56,889 - vessel_data_pipeline - INFO - Verified access to Arrived_in_last_36_hours.xml
2025-10-29 22:44:57,718 - vessel_data_pipeline - INFO - Verified access to Departed_in_last_36_hours.xml
2025-10-29 22:44:58,019 - vessel_data_pipeline - INFO - Verified access to Expected_arrivals.xml
2025-10-29 22:44:58,332 - vessel_data_pipeline - INFO - Verified access to Expected_departures.xml
2025-10-29 22:44:58,332 - vessel_data_pipeline - INFO - Discovered 4 XML files for download
2025-10-29 22:44:58,332 - vessel_data_pipeline - INFO - Downloading Arrived_in_last_36_hours.xml (attempt 1/3)
2025-10-29 22:44:58,601 - vessel_data_pipeline - INFO - File temp_Arrived_in_last_36_hours.xml passed validation checks
2025-10-29 22:44:58,602 - vessel_data_pipeline - INFO - Created backup: Arrived_in_last_36_hours_20251029_224458.xml
2025-10-29 22:44:58,602 - vessel_data_pipeline - INFO - Updated metadata for Arrived_in_last_36_hours.xml
2025-10-29 22:44:58,602 - vessel_data_pipeline - INFO - Successfully downloaded and validated Arrived_in_last_36_hours.xml
2025-10-29 22:45:00,607 - vessel_data_pipeline - INFO - Downloading Departed_in_last_36_hours.xml (attempt 1/3)
2025-10-29 22:45:01,540 - vessel_data_pipeline - INFO - File temp_Departed_in_last_36_hours.xml passed validation checks
2025-10-29 22:45:01,540 - vessel_data_pipeline - INFO - Created backup: Departed_in_last_36_hours_20251029_224501.xml
2025-10-29 22:45:01,541 - vessel_data_pipeline - INFO - Updated metadata for Departed_in_last_36_hours.xml
2025-10-29 22:45:01,541 - vessel_data_pipeline - INFO - Successfully downloaded and validated Departed_in_last_36_hours.xml
2025-10-29 22:45:03,541 - vessel_data_pipeline - INFO - Downloading Expected_arrivals.xml (attempt 1/3)
2025-10-29 22:45:04,264 - vessel_data_pipeline - INFO - File temp_Expected_arrivals.xml passed validation checks
2025-10-29 22:45:04,265 - vessel_data_pipeline - INFO - Created backup: Expected_arrivals_20251029_224504.xml
2025-10-29 22:45:04,265 - vessel_data_pipeline - INFO - Updated metadata for Expected_arrivals.xml
2025-10-29 22:45:04,265 - vessel_data_pipeline - INFO - Successfully downloaded and validated Expected_arrivals.xml
2025-10-29 22:45:06,265 - vessel_data_pipeline - INFO - Downloading Expected_departures.xml (attempt 1/3)
2025-10-29 22:45:06,745 - vessel_data_pipeline - INFO - File temp_Expected_departures.xml passed validation checks
2025-10-29 22:45:06,745 - vessel_data_pipeline - INFO - Created backup: Expected_departures_20251029_224506.xml
2025-10-29 22:45:06,746 - vessel_data_pipeline - INFO - Updated metadata for Expected_departures.xml
2025-10-29 22:45:06,746 - vessel_data_pipeline - INFO - Successfully downloaded and validated Expected_departures.xml
2025-10-29 22:45:08,746 - vessel_data_pipeline - INFO - Fetch operation completed. Results: {'Arrived_in_last_36_hours.xml': True, 'Departed_in_last_36_hours.xml': True, 'Expected_arrivals.xml': True, 'Expected_departures.xml': True}
2025-10-29 23:04:37,217 - vessel_data_pipeline - INFO - VesselDataFetcher initialized. Pipeline enabled: True
2025-10-29 23:04:37,218 - vessel_data_pipeline - INFO - Starting vessel data fetch operation
2025-10-29 23:04:37,218 - vessel_data_pipeline - INFO - Discovering XML files from Hong Kong Marine Department portal
2025-10-29 23:04:37,577 - vessel_data_pipeline - INFO - Verified access to Arrived_in_last_36_hours.xml
2025-10-29 23:04:37,837 - vessel_data_pipeline - INFO - Verified access to Departed_in_last_36_hours.xml
2025-10-29 23:04:38,104 - vessel_data_pipeline - INFO - Verified access to Expected_arrivals.xml
2025-10-29 23:04:38,873 - vessel_data_pipeline - INFO - Verified access to Expected_departures.xml
2025-10-29 23:04:38,874 - vessel_data_pipeline - INFO - Discovered 4 XML files for download
2025-10-29 23:04:38,874 - vessel_data_pipeline - INFO - Downloading Arrived_in_last_36_hours.xml (attempt 1/3)
2025-10-29 23:04:39,578 - vessel_data_pipeline - INFO - File temp_Arrived_in_last_36_hours.xml passed validation checks
2025-10-29 23:04:39,580 - vessel_data_pipeline - INFO - Created backup: Arrived_in_last_36_hours_20251029_230439.xml
2025-10-29 23:04:39,580 - vessel_data_pipeline - INFO - Updated metadata for Arrived_in_last_36_hours.xml
2025-10-29 23:04:39,580 - vessel_data_pipeline - INFO - Successfully downloaded and validated Arrived_in_last_36_hours.xml
2025-10-29 23:04:41,582 - vessel_data_pipeline - INFO - Downloading Departed_in_last_36_hours.xml (attempt 1/3)
2025-10-29 23:04:42,280 - vessel_data_pipeline - INFO - File temp_Departed_in_last_36_hours.xml passed validation checks
2025-10-29 23:04:42,280 - vessel_data_pipeline - INFO - Created backup: Departed_in_last_36_hours_20251029_230442.xml
2025-10-29 23:04:42,281 - vessel_data_pipeline - INFO - Updated metadata for Departed_in_last_36_hours.xml
2025-10-29 23:04:42,281 - vessel_data_pipeline - INFO - Successfully downloaded and validated Departed_in_last_36_hours.xml
2025-10-29 23:04:44,286 - vessel_data_pipeline - INFO - Downloading Expected_arrivals.xml (attempt 1/3)
2025-10-29 23:04:44,590 - vessel_data_pipeline - INFO - File temp_Expected_arrivals.xml passed validation checks
2025-10-29 23:04:44,591 - vessel_data_pipeline - INFO - Created backup: Expected_arrivals_20251029_230444.xml
2025-10-29 23:04:44,591 - vessel_data_pipeline - INFO - Updated metadata for Expected_arrivals.xml
2025-10-29 23:04:44,591 - vessel_data_pipeline - INFO - Successfully downloaded and validated Expected_arrivals.xml
2025-10-29 23:04:46,594 - vessel_data_pipeline - INFO - Downloading Expected_departures.xml (attempt 1/3)
2025-10-29 23:04:47,085 - vessel_data_pipeline - INFO - File temp_Expected_departures.xml passed validation checks
2025-10-29 23:04:47,086 - vessel_data_pipeline - INFO - Created backup: Expected_departures_20251029_230447.xml
2025-10-29 23:04:47,087 - vessel_data_pipeline - INFO - Updated metadata for Expected_departures.xml
2025-10-29 23:04:47,087 - vessel_data_pipeline - INFO - Successfully downloaded and validated Expected_departures.xml
2025-10-29 23:04:49,091 - vessel_data_pipeline - INFO - Fetch operation completed. Results: {'Arrived_in_last_36_hours.xml': True, 'Departed_in_last_36_hours.xml': True, 'Expected_arrivals.xml': True, 'Expected_departures.xml': True}
2025-10-29 23:04:49,365 - vessel_data_pipeline - INFO - VesselDataFetcher initialized. Pipeline enabled: True
2025-10-29 23:04:49,366 - vessel_data_pipeline - INFO - Starting vessel data fetch operation
2025-10-29 23:04:49,366 - vessel_data_pipeline - INFO - Discovering XML files from Hong Kong Marine Department portal
2025-10-29 23:04:50,232 - vessel_data_pipeline - INFO - Verified access to Arrived_in_last_36_hours.xml
2025-10-29 23:04:50,725 - vessel_data_pipeline - INFO - Verified access to Departed_in_last_36_hours.xml
2025-10-29 23:04:51,206 - vessel_data_pipeline - INFO - Verified access to Expected_arrivals.xml
2025-10-29 23:04:51,881 - vessel_data_pipeline - INFO - Verified access to Expected_departures.xml
2025-10-29 23:04:51,882 - vessel_data_pipeline - INFO - Discovered 4 XML files for download
2025-10-29 23:04:51,882 - vessel_data_pipeline - INFO - Downloading Arrived_in_last_36_hours.xml (attempt 1/3)
2025-10-29 23:04:52,395 - vessel_data_pipeline - INFO - File temp_Arrived_in_last_36_hours.xml passed validation checks
2025-10-29 23:04:52,395 - vessel_data_pipeline - INFO - Created backup: Arrived_in_last_36_hours_20251029_230452.xml
2025-10-29 23:04:52,396 - vessel_data_pipeline - INFO - Updated metadata for Arrived_in_last_36_hours.xml
2025-10-29 23:04:52,396 - vessel_data_pipeline - INFO - Successfully downloaded and validated Arrived_in_last_36_hours.xml
2025-10-29 23:04:54,397 - vessel_data_pipeline - INFO - Downloading Departed_in_last_36_hours.xml (attempt 1/3)
2025-10-29 23:04:55,089 - vessel_data_pipeline - INFO - File temp_Departed_in_last_36_hours.xml passed validation checks
2025-10-29 23:04:55,090 - vessel_data_pipeline - INFO - Created backup: Departed_in_last_36_hours_20251029_230455.xml
2025-10-29 23:04:55,090 - vessel_data_pipeline - INFO - Updated metadata for Departed_in_last_36_hours.xml
2025-10-29 23:04:55,090 - vessel_data_pipeline - INFO - Successfully downloaded and validated Departed_in_last_36_hours.xml
2025-10-29 23:04:57,095 - vessel_data_pipeline - INFO - Downloading Expected_arrivals.xml (attempt 1/3)
2025-10-29 23:04:57,683 - vessel_data_pipeline - INFO - File temp_Expected_arrivals.xml passed validation checks
2025-10-29 23:04:57,683 - vessel_data_pipeline - INFO - Created backup: Expected_arrivals_20251029_230457.xml
2025-10-29 23:04:57,683 - vessel_data_pipeline - INFO - Updated metadata for Expected_arrivals.xml
2025-10-29 23:04:57,683 - vessel_data_pipeline - INFO - Successfully downloaded and validated Expected_arrivals.xml
2025-10-29 23:04:59,684 - vessel_data_pipeline - INFO - Downloading Expected_departures.xml (attempt 1/3)
2025-10-29 23:05:00,152 - vessel_data_pipeline - INFO - File temp_Expected_departures.xml passed validation checks
2025-10-29 23:05:00,153 - vessel_data_pipeline - INFO - Created backup: Expected_departures_20251029_230500.xml
2025-10-29 23:05:00,153 - vessel_data_pipeline - INFO - Updated metadata for Expected_departures.xml
2025-10-29 23:05:00,153 - vessel_data_pipeline - INFO - Successfully downloaded and validated Expected_departures.xml
2025-10-29 23:05:02,158 - vessel_data_pipeline - INFO - Fetch operation completed. Results: {'Arrived_in_last_36_hours.xml': True, 'Departed_in_last_36_hours.xml': True, 'Expected_arrivals.xml': True, 'Expected_departures.xml': True}
2025-10-29 23:05:02,169 - vessel_data_pipeline - INFO - VesselDataFetcher initialized. Pipeline enabled: True
2025-10-29 23:05:02,180 - vessel_data_pipeline - INFO - Starting vessel data fetch operation
2025-10-29 23:05:02,181 - vessel_data_pipeline - INFO - Discovering XML files from Hong Kong Marine Department portal
2025-10-29 23:05:02,259 - vessel_data_pipeline - INFO - Verified access to Arrived_in_last_36_hours.xml
2025-10-29 23:05:02,954 - vessel_data_pipeline - INFO - Verified access to Departed_in_last_36_hours.xml
2025-10-29 23:05:03,224 - vessel_data_pipeline - INFO - Verified access to Expected_arrivals.xml
2025-10-29 23:05:03,489 - vessel_data_pipeline - INFO - Verified access to Expected_departures.xml
2025-10-29 23:05:03,490 - vessel_data_pipeline - INFO - Discovered 4 XML files for download
2025-10-29 23:05:03,490 - vessel_data_pipeline - INFO - Downloading Arrived_in_last_36_hours.xml (attempt 1/3)
2025-10-29 23:05:03,763 - vessel_data_pipeline - INFO - File temp_Arrived_in_last_36_hours.xml passed validation checks
2025-10-29 23:05:03,764 - vessel_data_pipeline - INFO - Created backup: Arrived_in_last_36_hours_20251029_230503.xml
2025-10-29 23:05:03,764 - vessel_data_pipeline - INFO - Updated metadata for Arrived_in_last_36_hours.xml
2025-10-29 23:05:03,764 - vessel_data_pipeline - INFO - Successfully downloaded and validated Arrived_in_last_36_hours.xml
2025-10-29 23:05:05,769 - vessel_data_pipeline - INFO - Downloading Departed_in_last_36_hours.xml (attempt 1/3)
2025-10-29 23:05:06,467 - vessel_data_pipeline - INFO - File temp_Departed_in_last_36_hours.xml passed validation checks
2025-10-29 23:05:06,467 - vessel_data_pipeline - INFO - Created backup: Departed_in_last_36_hours_20251029_230506.xml
2025-10-29 23:05:06,467 - vessel_data_pipeline - INFO - Updated metadata for Departed_in_last_36_hours.xml
2025-10-29 23:05:06,468 - vessel_data_pipeline - INFO - Successfully downloaded and validated Departed_in_last_36_hours.xml
2025-10-29 23:05:08,469 - vessel_data_pipeline - INFO - Downloading Expected_arrivals.xml (attempt 1/3)
2025-10-29 23:05:08,750 - vessel_data_pipeline - INFO - File temp_Expected_arrivals.xml passed validation checks
2025-10-29 23:05:08,750 - vessel_data_pipeline - INFO - Created backup: Expected_arrivals_20251029_230508.xml
2025-10-29 23:05:08,750 - vessel_data_pipeline - INFO - Updated metadata for Expected_arrivals.xml
2025-10-29 23:05:08,750 - vessel_data_pipeline - INFO - Successfully downloaded and validated Expected_arrivals.xml
2025-10-29 23:05:10,756 - vessel_data_pipeline - INFO - Downloading Expected_departures.xml (attempt 1/3)
2025-10-29 23:05:11,251 - vessel_data_pipeline - INFO - File temp_Expected_departures.xml passed validation checks
2025-10-29 23:05:11,252 - vessel_data_pipeline - INFO - Created backup: Expected_departures_20251029_230511.xml
2025-10-29 23:05:11,252 - vessel_data_pipeline - INFO - Updated metadata for Expected_departures.xml
2025-10-29 23:05:11,252 - vessel_data_pipeline - INFO - Successfully downloaded and validated Expected_departures.xml
2025-10-29 23:05:13,257 - vessel_data_pipeline - INFO - Fetch operation completed. Results: {'Arrived_in_last_36_hours.xml': True, 'Departed_in_last_36_hours.xml': True, 'Expected_arrivals.xml': True, 'Expected_departures.xml': True}
2025-10-29 23:05:16,171 - vessel_data_pipeline - INFO - VesselDataFetcher initialized. Pipeline enabled: True
2025-10-29 23:05:16,176 - vessel_data_pipeline - INFO - Starting vessel data fetch operation
2025-10-29 23:05:16,177 - vessel_data_pipeline - INFO - Discovering XML files from Hong Kong Marine Department portal
2025-10-29 23:05:16,913 - vessel_data_pipeline - INFO - Verified access to Arrived_in_last_36_hours.xml
2025-10-29 23:05:17,386 - vessel_data_pipeline - INFO - Verified access to Departed_in_last_36_hours.xml
2025-10-29 23:05:17,547 - vessel_data_pipeline - INFO - Verified access to Expected_arrivals.xml
2025-10-29 23:05:18,040 - vessel_data_pipeline - INFO - Verified access to Expected_departures.xml
2025-10-29 23:05:18,040 - vessel_data_pipeline - INFO - Discovered 4 XML files for download
2025-10-29 23:05:18,040 - vessel_data_pipeline - INFO - Downloading Arrived_in_last_36_hours.xml (attempt 1/3)
2025-10-29 23:05:18,316 - vessel_data_pipeline - INFO - File temp_Arrived_in_last_36_hours.xml passed validation checks
2025-10-29 23:05:18,316 - vessel_data_pipeline - INFO - Created backup: Arrived_in_last_36_hours_20251029_230518.xml
2025-10-29 23:05:18,317 - vessel_data_pipeline - INFO - Updated metadata for Arrived_in_last_36_hours.xml
2025-10-29 23:05:18,317 - vessel_data_pipeline - INFO - Successfully downloaded and validated Arrived_in_last_36_hours.xml
2025-10-29 23:05:20,321 - vessel_data_pipeline - INFO - Downloading Departed_in_last_36_hours.xml (attempt 1/3)
2025-10-29 23:05:21,071 - vessel_data_pipeline - INFO - File temp_Departed_in_last_36_hours.xml passed validation checks
2025-10-29 23:05:21,072 - vessel_data_pipeline - INFO - Created backup: Departed_in_last_36_hours_20251029_230521.xml
2025-10-29 23:05:21,072 - vessel_data_pipeline - INFO - Updated metadata for Departed_in_last_36_hours.xml
2025-10-29 23:05:21,073 - vessel_data_pipeline - INFO - Successfully downloaded and validated Departed_in_last_36_hours.xml
2025-10-29 23:05:23,078 - vessel_data_pipeline - INFO - Downloading Expected_arrivals.xml (attempt 1/3)
2025-10-29 23:05:23,446 - vessel_data_pipeline - INFO - File temp_Expected_arrivals.xml passed validation checks
2025-10-29 23:05:23,446 - vessel_data_pipeline - INFO - Created backup: Expected_arrivals_20251029_230523.xml
2025-10-29 23:05:23,446 - vessel_data_pipeline - INFO - Updated metadata for Expected_arrivals.xml
2025-10-29 23:05:23,446 - vessel_data_pipeline - INFO - Successfully downloaded and validated Expected_arrivals.xml
2025-10-29 23:05:25,451 - vessel_data_pipeline - INFO - Downloading Expected_departures.xml (attempt 1/3)
2025-10-29 23:05:26,110 - vessel_data_pipeline - INFO - File temp_Expected_departures.xml passed validation checks
2025-10-29 23:05:26,111 - vessel_data_pipeline - INFO - Created backup: Expected_departures_20251029_230526.xml
2025-10-29 23:05:26,111 - vessel_data_pipeline - INFO - Updated metadata for Expected_departures.xml
2025-10-29 23:05:26,111 - vessel_data_pipeline - INFO - Successfully downloaded and validated Expected_departures.xml
2025-10-29 23:05:28,114 - vessel_data_pipeline - INFO - Fetch operation completed. Results: {'Arrived_in_last_36_hours.xml': True, 'Departed_in_last_36_hours.xml': True, 'Expected_arrivals.xml': True, 'Expected_departures.xml': True}
2025-10-29 23:05:28,118 - vessel_data_pipeline - INFO - VesselDataFetcher initialized. Pipeline enabled: True
2025-10-29 23:05:28,119 - vessel_data_pipeline - INFO - Starting vessel data fetch operation
2025-10-29 23:05:28,119 - vessel_data_pipeline - INFO - Discovering XML files from Hong Kong Marine Department portal
2025-10-29 23:05:28,584 - vessel_data_pipeline - INFO - Verified access to Arrived_in_last_36_hours.xml
2025-10-29 23:05:28,964 - vessel_data_pipeline - INFO - Verified access to Departed_in_last_36_hours.xml
2025-10-29 23:05:29,788 - vessel_data_pipeline - INFO - Verified access to Expected_arrivals.xml
2025-10-29 23:05:30,183 - vessel_data_pipeline - INFO - Verified access to Expected_departures.xml
2025-10-29 23:05:30,183 - vessel_data_pipeline - INFO - Discovered 4 XML files for download
2025-10-29 23:05:30,184 - vessel_data_pipeline - INFO - Downloading Arrived_in_last_36_hours.xml (attempt 1/3)
2025-10-29 23:05:30,862 - vessel_data_pipeline - INFO - File temp_Arrived_in_last_36_hours.xml passed validation checks
2025-10-29 23:05:30,862 - vessel_data_pipeline - INFO - Created backup: Arrived_in_last_36_hours_20251029_230530.xml
2025-10-29 23:05:30,863 - vessel_data_pipeline - INFO - Updated metadata for Arrived_in_last_36_hours.xml
2025-10-29 23:05:30,863 - vessel_data_pipeline - INFO - Successfully downloaded and validated Arrived_in_last_36_hours.xml
2025-10-29 23:05:32,865 - vessel_data_pipeline - INFO - Downloading Departed_in_last_36_hours.xml (attempt 1/3)
2025-10-29 23:05:33,774 - vessel_data_pipeline - INFO - File temp_Departed_in_last_36_hours.xml passed validation checks
2025-10-29 23:05:33,774 - vessel_data_pipeline - INFO - Created backup: Departed_in_last_36_hours_20251029_230533.xml
2025-10-29 23:05:33,775 - vessel_data_pipeline - INFO - Updated metadata for Departed_in_last_36_hours.xml
2025-10-29 23:05:33,775 - vessel_data_pipeline - INFO - Successfully downloaded and validated Departed_in_last_36_hours.xml
2025-10-29 23:05:35,780 - vessel_data_pipeline - INFO - Downloading Expected_arrivals.xml (attempt 1/3)
2025-10-29 23:05:36,370 - vessel_data_pipeline - INFO - File temp_Expected_arrivals.xml passed validation checks
2025-10-29 23:05:36,370 - vessel_data_pipeline - INFO - Created backup: Expected_arrivals_20251029_230536.xml
2025-10-29 23:05:36,371 - vessel_data_pipeline - INFO - Updated metadata for Expected_arrivals.xml
2025-10-29 23:05:36,371 - vessel_data_pipeline - INFO - Successfully downloaded and validated Expected_arrivals.xml
2025-10-29 23:05:38,376 - vessel_data_pipeline - INFO - Downloading Expected_departures.xml (attempt 1/3)
2025-10-29 23:05:38,760 - vessel_data_pipeline - INFO - File temp_Expected_departures.xml passed validation checks
2025-10-29 23:05:38,760 - vessel_data_pipeline - INFO - Created backup: Expected_departures_20251029_230538.xml
2025-10-29 23:05:38,761 - vessel_data_pipeline - INFO - Updated metadata for Expected_departures.xml
2025-10-29 23:05:38,761 - vessel_data_pipeline - INFO - Successfully downloaded and validated Expected_departures.xml
2025-10-29 23:05:40,765 - vessel_data_pipeline - INFO - Fetch operation completed. Results: {'Arrived_in_last_36_hours.xml': True, 'Departed_in_last_36_hours.xml': True, 'Expected_arrivals.xml': True, 'Expected_departures.xml': True}
2025-10-29 23:05:40,779 - vessel_data_pipeline - INFO - VesselDataFetcher initialized. Pipeline enabled: True
2025-10-29 23:05:40,780 - vessel_data_pipeline - INFO - Starting vessel data fetch operation
2025-10-29 23:05:40,780 - vessel_data_pipeline - INFO - Discovering XML files from Hong Kong Marine Department portal
2025-10-29 23:05:41,170 - vessel_data_pipeline - INFO - Verified access to Arrived_in_last_36_hours.xml
2025-10-29 23:05:41,199 - vessel_data_pipeline - INFO - Verified access to Departed_in_last_36_hours.xml
2025-10-29 23:05:41,698 - vessel_data_pipeline - INFO - Verified access to Expected_arrivals.xml
2025-10-29 23:05:42,373 - vessel_data_pipeline - INFO - Verified access to Expected_departures.xml
2025-10-29 23:05:42,374 - vessel_data_pipeline - INFO - Discovered 4 XML files for download
2025-10-29 23:05:42,374 - vessel_data_pipeline - INFO - Downloading Arrived_in_last_36_hours.xml (attempt 1/3)
2025-10-29 23:05:42,641 - vessel_data_pipeline - INFO - File temp_Arrived_in_last_36_hours.xml passed validation checks
2025-10-29 23:05:42,642 - vessel_data_pipeline - INFO - Created backup: Arrived_in_last_36_hours_20251029_230542.xml
2025-10-29 23:05:42,643 - vessel_data_pipeline - INFO - Updated metadata for Arrived_in_last_36_hours.xml
2025-10-29 23:05:42,643 - vessel_data_pipeline - INFO - Successfully downloaded and validated Arrived_in_last_36_hours.xml
2025-10-29 23:05:44,646 - vessel_data_pipeline - INFO - Downloading Departed_in_last_36_hours.xml (attempt 1/3)
2025-10-29 23:05:45,264 - vessel_data_pipeline - INFO - File temp_Departed_in_last_36_hours.xml passed validation checks
2025-10-29 23:05:45,265 - vessel_data_pipeline - INFO - Created backup: Departed_in_last_36_hours_20251029_230545.xml
2025-10-29 23:05:45,265 - vessel_data_pipeline - INFO - Updated metadata for Departed_in_last_36_hours.xml
2025-10-29 23:05:45,265 - vessel_data_pipeline - INFO - Successfully downloaded and validated Departed_in_last_36_hours.xml
2025-10-29 23:05:47,268 - vessel_data_pipeline - INFO - Downloading Expected_arrivals.xml (attempt 1/3)
2025-10-29 23:05:47,521 - vessel_data_pipeline - INFO - File temp_Expected_arrivals.xml passed validation checks
2025-10-29 23:05:47,521 - vessel_data_pipeline - INFO - Created backup: Expected_arrivals_20251029_230547.xml
2025-10-29 23:05:47,522 - vessel_data_pipeline - INFO - Updated metadata for Expected_arrivals.xml
2025-10-29 23:05:47,522 - vessel_data_pipeline - INFO - Successfully downloaded and validated Expected_arrivals.xml
2025-10-29 23:05:49,527 - vessel_data_pipeline - INFO - Downloading Expected_departures.xml (attempt 1/3)
2025-10-29 23:05:49,795 - vessel_data_pipeline - INFO - File temp_Expected_departures.xml passed validation checks
2025-10-29 23:05:49,796 - vessel_data_pipeline - INFO - Created backup: Expected_departures_20251029_230549.xml
2025-10-29 23:05:49,796 - vessel_data_pipeline - INFO - Updated metadata for Expected_departures.xml
2025-10-29 23:05:49,796 - vessel_data_pipeline - INFO - Successfully downloaded and validated Expected_departures.xml
2025-10-29 23:05:51,798 - vessel_data_pipeline - INFO - Fetch operation completed. Results: {'Arrived_in_last_36_hours.xml': True, 'Departed_in_last_36_hours.xml': True, 'Expected_arrivals.xml': True, 'Expected_departures.xml': True}
2025-10-29 23:05:51,802 - vessel_data_pipeline - INFO - VesselDataFetcher initialized. Pipeline enabled: True
2025-10-29 23:05:51,803 - vessel_data_pipeline - INFO - Starting vessel data fetch operation
2025-10-29 23:05:51,803 - vessel_data_pipeline - INFO - Discovering XML files from Hong Kong Marine Department portal
2025-10-29 23:05:52,445 - vessel_data_pipeline - INFO - Verified access to Arrived_in_last_36_hours.xml
2025-10-29 23:05:53,338 - vessel_data_pipeline - INFO - Verified access to Departed_in_last_36_hours.xml
2025-10-29 23:05:54,013 - vessel_data_pipeline - INFO - Verified access to Expected_arrivals.xml
2025-10-29 23:05:54,318 - vessel_data_pipeline - INFO - Verified access to Expected_departures.xml
2025-10-29 23:05:54,319 - vessel_data_pipeline - INFO - Discovered 4 XML files for download
2025-10-29 23:05:54,319 - vessel_data_pipeline - INFO - Downloading Arrived_in_last_36_hours.xml (attempt 1/3)
2025-10-29 23:05:54,828 - vessel_data_pipeline - INFO - File temp_Arrived_in_last_36_hours.xml passed validation checks
2025-10-29 23:05:54,829 - vessel_data_pipeline - INFO - Created backup: Arrived_in_last_36_hours_20251029_230554.xml
2025-10-29 23:05:54,829 - vessel_data_pipeline - INFO - Updated metadata for Arrived_in_last_36_hours.xml
2025-10-29 23:05:54,829 - vessel_data_pipeline - INFO - Successfully downloaded and validated Arrived_in_last_36_hours.xml
2025-10-29 23:05:56,831 - vessel_data_pipeline - INFO - Downloading Departed_in_last_36_hours.xml (attempt 1/3)
2025-10-29 23:05:58,102 - vessel_data_pipeline - INFO - File temp_Departed_in_last_36_hours.xml passed validation checks
2025-10-29 23:05:58,102 - vessel_data_pipeline - INFO - Created backup: Departed_in_last_36_hours_20251029_230558.xml
2025-10-29 23:05:58,102 - vessel_data_pipeline - INFO - Updated metadata for Departed_in_last_36_hours.xml
2025-10-29 23:05:58,102 - vessel_data_pipeline - INFO - Successfully downloaded and validated Departed_in_last_36_hours.xml
2025-10-29 23:06:00,107 - vessel_data_pipeline - INFO - Downloading Expected_arrivals.xml (attempt 1/3)
2025-10-29 23:06:00,163 - vessel_data_pipeline - INFO - File temp_Expected_arrivals.xml passed validation checks
2025-10-29 23:06:00,164 - vessel_data_pipeline - INFO - Created backup: Expected_arrivals_20251029_230600.xml
2025-10-29 23:06:00,164 - vessel_data_pipeline - INFO - Updated metadata for Expected_arrivals.xml
2025-10-29 23:06:00,164 - vessel_data_pipeline - INFO - Successfully downloaded and validated Expected_arrivals.xml
2025-10-29 23:06:02,169 - vessel_data_pipeline - INFO - Downloading Expected_departures.xml (attempt 1/3)
2025-10-29 23:06:02,742 - vessel_data_pipeline - INFO - File temp_Expected_departures.xml passed validation checks
2025-10-29 23:06:02,743 - vessel_data_pipeline - INFO - Created backup: Expected_departures_20251029_230602.xml
2025-10-29 23:06:02,743 - vessel_data_pipeline - INFO - Updated metadata for Expected_departures.xml
2025-10-29 23:06:02,743 - vessel_data_pipeline - INFO - Successfully downloaded and validated Expected_departures.xml
2025-10-29 23:06:04,749 - vessel_data_pipeline - INFO - Fetch operation completed. Results: {'Arrived_in_last_36_hours.xml': True, 'Departed_in_last_36_hours.xml': True, 'Expected_arrivals.xml': True, 'Expected_departures.xml': True}
2025-10-29 23:09:01,198 - vessel_data_pipeline - INFO - VesselDataFetcher initialized. Pipeline enabled: True
2025-10-29 23:09:01,198 - vessel_data_pipeline - INFO - Starting vessel data fetch operation
2025-10-29 23:09:01,198 - vessel_data_pipeline - INFO - Discovering XML files from Hong Kong Marine Department portal
2025-10-29 23:09:01,734 - vessel_data_pipeline - INFO - Verified access to Arrived_in_last_36_hours.xml
2025-10-29 23:09:02,512 - vessel_data_pipeline - INFO - Verified access to Departed_in_last_36_hours.xml
2025-10-29 23:09:03,035 - vessel_data_pipeline - INFO - Verified access to Expected_arrivals.xml
2025-10-29 23:09:03,340 - vessel_data_pipeline - INFO - Verified access to Expected_departures.xml
2025-10-29 23:09:03,340 - vessel_data_pipeline - INFO - Discovered 4 XML files for download
2025-10-29 23:09:03,340 - vessel_data_pipeline - INFO - Downloading Arrived_in_last_36_hours.xml (attempt 1/3)
2025-10-29 23:09:03,835 - vessel_data_pipeline - INFO - File temp_Arrived_in_last_36_hours.xml passed validation checks
2025-10-29 23:09:03,838 - vessel_data_pipeline - INFO - Created backup: Arrived_in_last_36_hours_20251029_230903.xml
2025-10-29 23:09:03,839 - vessel_data_pipeline - INFO - Updated metadata for Arrived_in_last_36_hours.xml
2025-10-29 23:09:03,839 - vessel_data_pipeline - INFO - Successfully downloaded and validated Arrived_in_last_36_hours.xml
2025-10-29 23:09:05,840 - vessel_data_pipeline - INFO - Downloading Departed_in_last_36_hours.xml (attempt 1/3)
2025-10-29 23:09:07,364 - vessel_data_pipeline - INFO - File temp_Departed_in_last_36_hours.xml passed validation checks
2025-10-29 23:09:07,365 - vessel_data_pipeline - INFO - Created backup: Departed_in_last_36_hours_20251029_230907.xml
2025-10-29 23:09:07,365 - vessel_data_pipeline - INFO - Updated metadata for Departed_in_last_36_hours.xml
2025-10-29 23:09:07,365 - vessel_data_pipeline - INFO - Successfully downloaded and validated Departed_in_last_36_hours.xml
2025-10-29 23:09:09,366 - vessel_data_pipeline - INFO - Downloading Expected_arrivals.xml (attempt 1/3)
2025-10-29 23:09:09,671 - vessel_data_pipeline - INFO - File temp_Expected_arrivals.xml passed validation checks
2025-10-29 23:09:09,671 - vessel_data_pipeline - INFO - Created backup: Expected_arrivals_20251029_230909.xml
2025-10-29 23:09:09,672 - vessel_data_pipeline - INFO - Updated metadata for Expected_arrivals.xml
2025-10-29 23:09:09,672 - vessel_data_pipeline - INFO - Successfully downloaded and validated Expected_arrivals.xml
2025-10-29 23:09:11,676 - vessel_data_pipeline - INFO - Downloading Expected_departures.xml (attempt 1/3)
2025-10-29 23:09:12,150 - vessel_data_pipeline - INFO - File temp_Expected_departures.xml passed validation checks
2025-10-29 23:09:12,150 - vessel_data_pipeline - INFO - Created backup: Expected_departures_20251029_230912.xml
2025-10-29 23:09:12,151 - vessel_data_pipeline - INFO - Updated metadata for Expected_departures.xml
2025-10-29 23:09:12,151 - vessel_data_pipeline - INFO - Successfully downloaded and validated Expected_departures.xml
2025-10-29 23:09:14,154 - vessel_data_pipeline - INFO - Fetch operation completed. Results: {'Arrived_in_last_36_hours.xml': True, 'Departed_in_last_36_hours.xml': True, 'Expected_arrivals.xml': True, 'Expected_departures.xml': True}
2025-10-29 23:09:14,420 - vessel_data_pipeline - INFO - VesselDataFetcher initialized. Pipeline enabled: True
2025-10-29 23:09:14,420 - vessel_data_pipeline - INFO - Starting vessel data fetch operation
2025-10-29 23:09:14,420 - vessel_data_pipeline - INFO - Discovering XML files from Hong Kong Marine Department portal
2025-10-29 23:09:14,865 - vessel_data_pipeline - INFO - Verified access to Arrived_in_last_36_hours.xml
2025-10-29 23:09:15,332 - vessel_data_pipeline - INFO - Verified access to Departed_in_last_36_hours.xml
2025-10-29 23:09:15,915 - vessel_data_pipeline - INFO - Verified access to Expected_arrivals.xml
2025-10-29 23:09:16,408 - vessel_data_pipeline - INFO - Verified access to Expected_departures.xml
2025-10-29 23:09:16,408 - vessel_data_pipeline - INFO - Discovered 4 XML files for download
2025-10-29 23:09:16,408 - vessel_data_pipeline - INFO - Downloading Arrived_in_last_36_hours.xml (attempt 1/3)
2025-10-29 23:09:16,944 - vessel_data_pipeline - INFO - File temp_Arrived_in_last_36_hours.xml passed validation checks
2025-10-29 23:09:16,944 - vessel_data_pipeline - INFO - Created backup: Arrived_in_last_36_hours_20251029_230916.xml
2025-10-29 23:09:16,944 - vessel_data_pipeline - INFO - Updated metadata for Arrived_in_last_36_hours.xml
2025-10-29 23:09:16,944 - vessel_data_pipeline - INFO - Successfully downloaded and validated Arrived_in_last_36_hours.xml
2025-10-29 23:09:18,949 - vessel_data_pipeline - INFO - Downloading Departed_in_last_36_hours.xml (attempt 1/3)
2025-10-29 23:09:19,665 - vessel_data_pipeline - INFO - File temp_Departed_in_last_36_hours.xml passed validation checks
2025-10-29 23:09:19,665 - vessel_data_pipeline - INFO - Created backup: Departed_in_last_36_hours_20251029_230919.xml
2025-10-29 23:09:19,666 - vessel_data_pipeline - INFO - Updated metadata for Departed_in_last_36_hours.xml
2025-10-29 23:09:19,666 - vessel_data_pipeline - INFO - Successfully downloaded and validated Departed_in_last_36_hours.xml
2025-10-29 23:09:21,670 - vessel_data_pipeline - INFO - Downloading Expected_arrivals.xml (attempt 1/3)
2025-10-29 23:09:22,966 - vessel_data_pipeline - INFO - File temp_Expected_arrivals.xml passed validation checks
2025-10-29 23:09:22,968 - vessel_data_pipeline - INFO - Created backup: Expected_arrivals_20251029_230922.xml
2025-10-29 23:09:22,968 - vessel_data_pipeline - INFO - Updated metadata for Expected_arrivals.xml
2025-10-29 23:09:22,968 - vessel_data_pipeline - INFO - Successfully downloaded and validated Expected_arrivals.xml
2025-10-29 23:09:24,973 - vessel_data_pipeline - INFO - Downloading Expected_departures.xml (attempt 1/3)
2025-10-29 23:09:25,579 - vessel_data_pipeline - INFO - File temp_Expected_departures.xml passed validation checks
2025-10-29 23:09:25,580 - vessel_data_pipeline - INFO - Created backup: Expected_departures_20251029_230925.xml
2025-10-29 23:09:25,580 - vessel_data_pipeline - INFO - Updated metadata for Expected_departures.xml
2025-10-29 23:09:25,580 - vessel_data_pipeline - INFO - Successfully downloaded and validated Expected_departures.xml
2025-10-29 23:09:27,585 - vessel_data_pipeline - INFO - Fetch operation completed. Results: {'Arrived_in_last_36_hours.xml': True, 'Departed_in_last_36_hours.xml': True, 'Expected_arrivals.xml': True, 'Expected_departures.xml': True}
2025-10-29 23:09:27,593 - vessel_data_pipeline - INFO - VesselDataFetcher initialized. Pipeline enabled: True
2025-10-29 23:09:27,596 - vessel_data_pipeline - INFO - Starting vessel data fetch operation
2025-10-29 23:09:27,596 - vessel_data_pipeline - INFO - Discovering XML files from Hong Kong Marine Department portal
2025-10-29 23:09:28,002 - vessel_data_pipeline - INFO - Verified access to Arrived_in_last_36_hours.xml
2025-10-29 23:09:29,237 - vessel_data_pipeline - INFO - Verified access to Departed_in_last_36_hours.xml
2025-10-29 23:09:29,944 - vessel_data_pipeline - INFO - Verified access to Expected_arrivals.xml
2025-10-29 23:09:30,208 - vessel_data_pipeline - INFO - Verified access to Expected_departures.xml
2025-10-29 23:09:30,208 - vessel_data_pipeline - INFO - Discovered 4 XML files for download
2025-10-29 23:09:30,208 - vessel_data_pipeline - INFO - Downloading Arrived_in_last_36_hours.xml (attempt 1/3)
2025-10-29 23:09:30,849 - vessel_data_pipeline - INFO - File temp_Arrived_in_last_36_hours.xml passed validation checks
2025-10-29 23:09:30,851 - vessel_data_pipeline - INFO - Created backup: Arrived_in_last_36_hours_20251029_230930.xml
2025-10-29 23:09:30,852 - vessel_data_pipeline - INFO - Updated metadata for Arrived_in_last_36_hours.xml
2025-10-29 23:09:30,852 - vessel_data_pipeline - INFO - Successfully downloaded and validated Arrived_in_last_36_hours.xml
2025-10-29 23:09:32,863 - vessel_data_pipeline - INFO - Downloading Departed_in_last_36_hours.xml (attempt 1/3)
2025-10-29 23:09:34,141 - vessel_data_pipeline - INFO - File temp_Departed_in_last_36_hours.xml passed validation checks
2025-10-29 23:09:34,142 - vessel_data_pipeline - INFO - Created backup: Departed_in_last_36_hours_20251029_230934.xml
2025-10-29 23:09:34,143 - vessel_data_pipeline - INFO - Updated metadata for Departed_in_last_36_hours.xml
2025-10-29 23:09:34,143 - vessel_data_pipeline - INFO - Successfully downloaded and validated Departed_in_last_36_hours.xml
2025-10-29 23:09:36,153 - vessel_data_pipeline - INFO - Downloading Expected_arrivals.xml (attempt 1/3)
2025-10-29 23:09:37,127 - vessel_data_pipeline - INFO - File temp_Expected_arrivals.xml passed validation checks
2025-10-29 23:09:37,128 - vessel_data_pipeline - INFO - Created backup: Expected_arrivals_20251029_230937.xml
2025-10-29 23:09:37,129 - vessel_data_pipeline - INFO - Updated metadata for Expected_arrivals.xml
2025-10-29 23:09:37,129 - vessel_data_pipeline - INFO - Successfully downloaded and validated Expected_arrivals.xml
2025-10-29 23:09:39,131 - vessel_data_pipeline - INFO - Downloading Expected_departures.xml (attempt 1/3)
2025-10-29 23:09:39,620 - vessel_data_pipeline - INFO - File temp_Expected_departures.xml passed validation checks
2025-10-29 23:09:39,620 - vessel_data_pipeline - INFO - Created backup: Expected_departures_20251029_230939.xml
2025-10-29 23:09:39,621 - vessel_data_pipeline - INFO - Updated metadata for Expected_departures.xml
2025-10-29 23:09:39,621 - vessel_data_pipeline - INFO - Successfully downloaded and validated Expected_departures.xml
2025-10-29 23:09:41,622 - vessel_data_pipeline - INFO - Fetch operation completed. Results: {'Arrived_in_last_36_hours.xml': True, 'Departed_in_last_36_hours.xml': True, 'Expected_arrivals.xml': True, 'Expected_departures.xml': True}
2025-10-29 23:09:44,614 - vessel_data_pipeline - INFO - VesselDataFetcher initialized. Pipeline enabled: True
2025-10-29 23:09:44,616 - vessel_data_pipeline - INFO - Starting vessel data fetch operation
2025-10-29 23:09:44,616 - vessel_data_pipeline - INFO - Discovering XML files from Hong Kong Marine Department portal
2025-10-29 23:09:45,459 - vessel_data_pipeline - INFO - Verified access to Arrived_in_last_36_hours.xml
2025-10-29 23:09:46,357 - vessel_data_pipeline - INFO - Verified access to Departed_in_last_36_hours.xml
2025-10-29 23:09:46,617 - vessel_data_pipeline - INFO - Verified access to Expected_arrivals.xml
2025-10-29 23:09:47,344 - vessel_data_pipeline - INFO - Verified access to Expected_departures.xml
2025-10-29 23:09:47,344 - vessel_data_pipeline - INFO - Discovered 4 XML files for download
2025-10-29 23:09:47,344 - vessel_data_pipeline - INFO - Downloading Arrived_in_last_36_hours.xml (attempt 1/3)
2025-10-29 23:09:47,875 - vessel_data_pipeline - INFO - File temp_Arrived_in_last_36_hours.xml passed validation checks
2025-10-29 23:09:47,876 - vessel_data_pipeline - INFO - Created backup: Arrived_in_last_36_hours_20251029_230947.xml
2025-10-29 23:09:47,877 - vessel_data_pipeline - INFO - Updated metadata for Arrived_in_last_36_hours.xml
2025-10-29 23:09:47,877 - vessel_data_pipeline - INFO - Successfully downloaded and validated Arrived_in_last_36_hours.xml
2025-10-29 23:09:49,879 - vessel_data_pipeline - INFO - Downloading Departed_in_last_36_hours.xml (attempt 1/3)
2025-10-29 23:09:50,263 - vessel_data_pipeline - INFO - File temp_Departed_in_last_36_hours.xml passed validation checks
2025-10-29 23:09:50,264 - vessel_data_pipeline - INFO - Created backup: Departed_in_last_36_hours_20251029_230950.xml
2025-10-29 23:09:50,264 - vessel_data_pipeline - INFO - Updated metadata for Departed_in_last_36_hours.xml
2025-10-29 23:09:50,264 - vessel_data_pipeline - INFO - Successfully downloaded and validated Departed_in_last_36_hours.xml
2025-10-29 23:09:52,275 - vessel_data_pipeline - INFO - Downloading Expected_arrivals.xml (attempt 1/3)
2025-10-29 23:09:52,857 - vessel_data_pipeline - INFO - File temp_Expected_arrivals.xml passed validation checks
2025-10-29 23:09:52,857 - vessel_data_pipeline - INFO - Created backup: Expected_arrivals_20251029_230952.xml
2025-10-29 23:09:52,858 - vessel_data_pipeline - INFO - Updated metadata for Expected_arrivals.xml
2025-10-29 23:09:52,858 - vessel_data_pipeline - INFO - Successfully downloaded and validated Expected_arrivals.xml
2025-10-29 23:09:54,864 - vessel_data_pipeline - INFO - Downloading Expected_departures.xml (attempt 1/3)
2025-10-29 23:09:55,328 - vessel_data_pipeline - INFO - File temp_Expected_departures.xml passed validation checks
2025-10-29 23:09:55,329 - vessel_data_pipeline - INFO - Created backup: Expected_departures_20251029_230955.xml
2025-10-29 23:09:55,329 - vessel_data_pipeline - INFO - Updated metadata for Expected_departures.xml
2025-10-29 23:09:55,329 - vessel_data_pipeline - INFO - Successfully downloaded and validated Expected_departures.xml
2025-10-29 23:09:57,330 - vessel_data_pipeline - INFO - Fetch operation completed. Results: {'Arrived_in_last_36_hours.xml': True, 'Departed_in_last_36_hours.xml': True, 'Expected_arrivals.xml': True, 'Expected_departures.xml': True}
2025-10-29 23:09:57,333 - vessel_data_pipeline - INFO - VesselDataFetcher initialized. Pipeline enabled: True
2025-10-29 23:09:57,334 - vessel_data_pipeline - INFO - Starting vessel data fetch operation
2025-10-29 23:09:57,334 - vessel_data_pipeline - INFO - Discovering XML files from Hong Kong Marine Department portal
2025-10-29 23:09:58,688 - vessel_data_pipeline - INFO - Verified access to Arrived_in_last_36_hours.xml
2025-10-29 23:10:00,024 - vessel_data_pipeline - INFO - Verified access to Departed_in_last_36_hours.xml
2025-10-29 23:10:00,294 - vessel_data_pipeline - INFO - Verified access to Expected_arrivals.xml
2025-10-29 23:10:00,545 - vessel_data_pipeline - INFO - Verified access to Expected_departures.xml
2025-10-29 23:10:00,546 - vessel_data_pipeline - INFO - Discovered 4 XML files for download
2025-10-29 23:10:00,546 - vessel_data_pipeline - INFO - Downloading Arrived_in_last_36_hours.xml (attempt 1/3)
2025-10-29 23:10:00,824 - vessel_data_pipeline - INFO - File temp_Arrived_in_last_36_hours.xml passed validation checks
2025-10-29 23:10:00,825 - vessel_data_pipeline - INFO - Created backup: Arrived_in_last_36_hours_20251029_231000.xml
2025-10-29 23:10:00,825 - vessel_data_pipeline - INFO - Updated metadata for Arrived_in_last_36_hours.xml
2025-10-29 23:10:00,825 - vessel_data_pipeline - INFO - Successfully downloaded and validated Arrived_in_last_36_hours.xml
2025-10-29 23:10:02,836 - vessel_data_pipeline - INFO - Downloading Departed_in_last_36_hours.xml (attempt 1/3)
2025-10-29 23:10:03,595 - vessel_data_pipeline - INFO - File temp_Departed_in_last_36_hours.xml passed validation checks
2025-10-29 23:10:03,596 - vessel_data_pipeline - INFO - Created backup: Departed_in_last_36_hours_20251029_231003.xml
2025-10-29 23:10:03,596 - vessel_data_pipeline - INFO - Updated metadata for Departed_in_last_36_hours.xml
2025-10-29 23:10:03,596 - vessel_data_pipeline - INFO - Successfully downloaded and validated Departed_in_last_36_hours.xml
2025-10-29 23:10:05,605 - vessel_data_pipeline - INFO - Downloading Expected_arrivals.xml (attempt 1/3)
2025-10-29 23:10:06,233 - vessel_data_pipeline - INFO - File temp_Expected_arrivals.xml passed validation checks
2025-10-29 23:10:06,233 - vessel_data_pipeline - INFO - Created backup: Expected_arrivals_20251029_231006.xml
2025-10-29 23:10:06,234 - vessel_data_pipeline - INFO - Updated metadata for Expected_arrivals.xml
2025-10-29 23:10:06,234 - vessel_data_pipeline - INFO - Successfully downloaded and validated Expected_arrivals.xml
2025-10-29 23:10:08,234 - vessel_data_pipeline - INFO - Downloading Expected_departures.xml (attempt 1/3)
2025-10-29 23:10:08,844 - vessel_data_pipeline - INFO - File temp_Expected_departures.xml passed validation checks
2025-10-29 23:10:08,844 - vessel_data_pipeline - INFO - Created backup: Expected_departures_20251029_231008.xml
2025-10-29 23:10:08,845 - vessel_data_pipeline - INFO - Updated metadata for Expected_departures.xml
2025-10-29 23:10:08,845 - vessel_data_pipeline - INFO - Successfully downloaded and validated Expected_departures.xml
2025-10-29 23:10:10,855 - vessel_data_pipeline - INFO - Fetch operation completed. Results: {'Arrived_in_last_36_hours.xml': True, 'Departed_in_last_36_hours.xml': True, 'Expected_arrivals.xml': True, 'Expected_departures.xml': True}
2025-10-29 23:10:10,874 - vessel_data_pipeline - INFO - VesselDataFetcher initialized. Pipeline enabled: True
2025-10-29 23:10:10,874 - vessel_data_pipeline - INFO - Starting vessel data fetch operation
2025-10-29 23:10:10,874 - vessel_data_pipeline - INFO - Discovering XML files from Hong Kong Marine Department portal
2025-10-29 23:10:11,858 - vessel_data_pipeline - INFO - Verified access to Arrived_in_last_36_hours.xml
2025-10-29 23:10:12,309 - vessel_data_pipeline - INFO - Verified access to Departed_in_last_36_hours.xml
2025-10-29 23:10:12,792 - vessel_data_pipeline - INFO - Verified access to Expected_arrivals.xml
2025-10-29 23:10:13,058 - vessel_data_pipeline - INFO - Verified access to Expected_departures.xml
2025-10-29 23:10:13,058 - vessel_data_pipeline - INFO - Discovered 4 XML files for download
2025-10-29 23:10:13,058 - vessel_data_pipeline - INFO - Downloading Arrived_in_last_36_hours.xml (attempt 1/3)
2025-10-29 23:10:13,372 - vessel_data_pipeline - INFO - File temp_Arrived_in_last_36_hours.xml passed validation checks
2025-10-29 23:10:13,374 - vessel_data_pipeline - INFO - Created backup: Arrived_in_last_36_hours_20251029_231013.xml
2025-10-29 23:10:13,375 - vessel_data_pipeline - INFO - Updated metadata for Arrived_in_last_36_hours.xml
2025-10-29 23:10:13,375 - vessel_data_pipeline - INFO - Successfully downloaded and validated Arrived_in_last_36_hours.xml
2025-10-29 23:10:15,380 - vessel_data_pipeline - INFO - Downloading Departed_in_last_36_hours.xml (attempt 1/3)
2025-10-29 23:10:16,020 - vessel_data_pipeline - INFO - File temp_Departed_in_last_36_hours.xml passed validation checks
2025-10-29 23:10:16,021 - vessel_data_pipeline - INFO - Created backup: Departed_in_last_36_hours_20251029_231016.xml
2025-10-29 23:10:16,021 - vessel_data_pipeline - INFO - Updated metadata for Departed_in_last_36_hours.xml
2025-10-29 23:10:16,021 - vessel_data_pipeline - INFO - Successfully downloaded and validated Departed_in_last_36_hours.xml
2025-10-29 23:10:18,031 - vessel_data_pipeline - INFO - Downloading Expected_arrivals.xml (attempt 1/3)
2025-10-29 23:10:18,516 - vessel_data_pipeline - INFO - File temp_Expected_arrivals.xml passed validation checks
2025-10-29 23:10:18,517 - vessel_data_pipeline - INFO - Created backup: Expected_arrivals_20251029_231018.xml
2025-10-29 23:10:18,517 - vessel_data_pipeline - INFO - Updated metadata for Expected_arrivals.xml
2025-10-29 23:10:18,517 - vessel_data_pipeline - INFO - Successfully downloaded and validated Expected_arrivals.xml
2025-10-29 23:10:20,517 - vessel_data_pipeline - INFO - Downloading Expected_departures.xml (attempt 1/3)
2025-10-29 23:10:20,923 - vessel_data_pipeline - INFO - File temp_Expected_departures.xml passed validation checks
2025-10-29 23:10:20,923 - vessel_data_pipeline - INFO - Created backup: Expected_departures_20251029_231020.xml
2025-10-29 23:10:20,924 - vessel_data_pipeline - INFO - Updated metadata for Expected_departures.xml
2025-10-29 23:10:20,924 - vessel_data_pipeline - INFO - Successfully downloaded and validated Expected_departures.xml
2025-10-29 23:10:22,925 - vessel_data_pipeline - INFO - Fetch operation completed. Results: {'Arrived_in_last_36_hours.xml': True, 'Departed_in_last_36_hours.xml': True, 'Expected_arrivals.xml': True, 'Expected_departures.xml': True}
2025-10-29 23:10:22,938 - vessel_data_pipeline - INFO - VesselDataFetcher initialized. Pipeline enabled: True
2025-10-29 23:10:22,939 - vessel_data_pipeline - INFO - Starting vessel data fetch operation
2025-10-29 23:10:22,939 - vessel_data_pipeline - INFO - Discovering XML files from Hong Kong Marine Department portal
2025-10-29 23:10:23,286 - vessel_data_pipeline - INFO - Verified access to Arrived_in_last_36_hours.xml
2025-10-29 23:10:23,757 - vessel_data_pipeline - INFO - Verified access to Departed_in_last_36_hours.xml
2025-10-29 23:10:24,048 - vessel_data_pipeline - INFO - Verified access to Expected_arrivals.xml
2025-10-29 23:10:24,569 - vessel_data_pipeline - INFO - Verified access to Expected_departures.xml
2025-10-29 23:10:24,570 - vessel_data_pipeline - INFO - Discovered 4 XML files for download
2025-10-29 23:10:24,570 - vessel_data_pipeline - INFO - Downloading Arrived_in_last_36_hours.xml (attempt 1/3)
2025-10-29 23:10:25,659 - vessel_data_pipeline - INFO - File temp_Arrived_in_last_36_hours.xml passed validation checks
2025-10-29 23:10:25,661 - vessel_data_pipeline - INFO - Created backup: Arrived_in_last_36_hours_20251029_231025.xml
2025-10-29 23:10:25,662 - vessel_data_pipeline - INFO - Updated metadata for Arrived_in_last_36_hours.xml
2025-10-29 23:10:25,662 - vessel_data_pipeline - INFO - Successfully downloaded and validated Arrived_in_last_36_hours.xml
2025-10-29 23:10:27,673 - vessel_data_pipeline - INFO - Downloading Departed_in_last_36_hours.xml (attempt 1/3)
2025-10-29 23:10:29,193 - vessel_data_pipeline - INFO - File temp_Departed_in_last_36_hours.xml passed validation checks
2025-10-29 23:10:29,194 - vessel_data_pipeline - INFO - Created backup: Departed_in_last_36_hours_20251029_231029.xml
2025-10-29 23:10:29,195 - vessel_data_pipeline - INFO - Updated metadata for Departed_in_last_36_hours.xml
2025-10-29 23:10:29,195 - vessel_data_pipeline - INFO - Successfully downloaded and validated Departed_in_last_36_hours.xml
2025-10-29 23:10:31,205 - vessel_data_pipeline - INFO - Downloading Expected_arrivals.xml (attempt 1/3)
2025-10-29 23:10:32,254 - vessel_data_pipeline - INFO - File temp_Expected_arrivals.xml passed validation checks
2025-10-29 23:10:32,255 - vessel_data_pipeline - INFO - Created backup: Expected_arrivals_20251029_231032.xml
2025-10-29 23:10:32,255 - vessel_data_pipeline - INFO - Updated metadata for Expected_arrivals.xml
2025-10-29 23:10:32,255 - vessel_data_pipeline - INFO - Successfully downloaded and validated Expected_arrivals.xml
2025-10-29 23:10:34,262 - vessel_data_pipeline - INFO - Downloading Expected_departures.xml (attempt 1/3)
2025-10-29 23:10:35,323 - vessel_data_pipeline - INFO - File temp_Expected_departures.xml passed validation checks
2025-10-29 23:10:35,323 - vessel_data_pipeline - INFO - Created backup: Expected_departures_20251029_231035.xml
2025-10-29 23:10:35,323 - vessel_data_pipeline - INFO - Updated metadata for Expected_departures.xml
2025-10-29 23:10:35,323 - vessel_data_pipeline - INFO - Successfully downloaded and validated Expected_departures.xml
2025-10-29 23:10:37,327 - vessel_data_pipeline - INFO - Fetch operation completed. Results: {'Arrived_in_last_36_hours.xml': True, 'Departed_in_last_36_hours.xml': True, 'Expected_arrivals.xml': True, 'Expected_departures.xml': True}
2025-10-29 23:12:31,380 - vessel_data_pipeline - INFO - VesselDataFetcher initialized. Pipeline enabled: True
2025-10-29 23:12:31,381 - vessel_data_pipeline - INFO - Starting vessel data fetch operation
2025-10-29 23:12:31,381 - vessel_data_pipeline - INFO - Discovering XML files from Hong Kong Marine Department portal
2025-10-29 23:12:32,368 - vessel_data_pipeline - INFO - Verified access to Arrived_in_last_36_hours.xml
2025-10-29 23:12:34,341 - vessel_data_pipeline - INFO - Verified access to Departed_in_last_36_hours.xml
2025-10-29 23:12:34,608 - vessel_data_pipeline - INFO - Verified access to Expected_arrivals.xml
2025-10-29 23:12:35,076 - vessel_data_pipeline - INFO - Verified access to Expected_departures.xml
2025-10-29 23:12:35,077 - vessel_data_pipeline - INFO - Discovered 4 XML files for download
2025-10-29 23:12:35,077 - vessel_data_pipeline - INFO - Downloading Arrived_in_last_36_hours.xml (attempt 1/3)
2025-10-29 23:12:35,567 - vessel_data_pipeline - INFO - File temp_Arrived_in_last_36_hours.xml passed validation checks
2025-10-29 23:12:35,568 - vessel_data_pipeline - INFO - Created backup: Arrived_in_last_36_hours_20251029_231235.xml
2025-10-29 23:12:35,568 - vessel_data_pipeline - INFO - Updated metadata for Arrived_in_last_36_hours.xml
2025-10-29 23:12:35,569 - vessel_data_pipeline - INFO - Successfully downloaded and validated Arrived_in_last_36_hours.xml
2025-10-29 23:12:37,569 - vessel_data_pipeline - INFO - Downloading Departed_in_last_36_hours.xml (attempt 1/3)
2025-10-29 23:12:38,270 - vessel_data_pipeline - INFO - File temp_Departed_in_last_36_hours.xml passed validation checks
2025-10-29 23:12:38,271 - vessel_data_pipeline - INFO - Created backup: Departed_in_last_36_hours_20251029_231238.xml
2025-10-29 23:12:38,271 - vessel_data_pipeline - INFO - Updated metadata for Departed_in_last_36_hours.xml
2025-10-29 23:12:38,271 - vessel_data_pipeline - INFO - Successfully downloaded and validated Departed_in_last_36_hours.xml
2025-10-29 23:12:40,273 - vessel_data_pipeline - INFO - Downloading Expected_arrivals.xml (attempt 1/3)
2025-10-29 23:12:40,559 - vessel_data_pipeline - INFO - File temp_Expected_arrivals.xml passed validation checks
2025-10-29 23:12:40,560 - vessel_data_pipeline - INFO - Created backup: Expected_arrivals_20251029_231240.xml
2025-10-29 23:12:40,561 - vessel_data_pipeline - INFO - Updated metadata for Expected_arrivals.xml
2025-10-29 23:12:40,561 - vessel_data_pipeline - INFO - Successfully downloaded and validated Expected_arrivals.xml
2025-10-29 23:12:42,571 - vessel_data_pipeline - INFO - Downloading Expected_departures.xml (attempt 1/3)
2025-10-29 23:12:43,146 - vessel_data_pipeline - INFO - File temp_Expected_departures.xml passed validation checks
2025-10-29 23:12:43,148 - vessel_data_pipeline - INFO - Created backup: Expected_departures_20251029_231243.xml
2025-10-29 23:12:43,149 - vessel_data_pipeline - INFO - Updated metadata for Expected_departures.xml
2025-10-29 23:12:43,149 - vessel_data_pipeline - INFO - Successfully downloaded and validated Expected_departures.xml
2025-10-29 23:12:45,156 - vessel_data_pipeline - INFO - Fetch operation completed. Results: {'Arrived_in_last_36_hours.xml': True, 'Departed_in_last_36_hours.xml': True, 'Expected_arrivals.xml': True, 'Expected_departures.xml': True}
2025-10-29 23:12:45,442 - vessel_data_pipeline - INFO - VesselDataFetcher initialized. Pipeline enabled: True
2025-10-29 23:12:45,443 - vessel_data_pipeline - INFO - Starting vessel data fetch operation
2025-10-29 23:12:45,443 - vessel_data_pipeline - INFO - Discovering XML files from Hong Kong Marine Department portal
2025-10-29 23:12:46,306 - vessel_data_pipeline - INFO - Verified access to Arrived_in_last_36_hours.xml
2025-10-29 23:12:46,557 - vessel_data_pipeline - INFO - Verified access to Departed_in_last_36_hours.xml
2025-10-29 23:12:46,866 - vessel_data_pipeline - INFO - Verified access to Expected_arrivals.xml
2025-10-29 23:12:47,133 - vessel_data_pipeline - INFO - Verified access to Expected_departures.xml
2025-10-29 23:12:47,133 - vessel_data_pipeline - INFO - Discovered 4 XML files for download
2025-10-29 23:12:47,134 - vessel_data_pipeline - INFO - Downloading Arrived_in_last_36_hours.xml (attempt 1/3)
2025-10-29 23:12:47,883 - vessel_data_pipeline - INFO - File temp_Arrived_in_last_36_hours.xml passed validation checks
2025-10-29 23:12:47,885 - vessel_data_pipeline - INFO - Created backup: Arrived_in_last_36_hours_20251029_231247.xml
2025-10-29 23:12:47,886 - vessel_data_pipeline - INFO - Updated metadata for Arrived_in_last_36_hours.xml
2025-10-29 23:12:47,886 - vessel_data_pipeline - INFO - Successfully downloaded and validated Arrived_in_last_36_hours.xml
2025-10-29 23:12:49,897 - vessel_data_pipeline - INFO - Downloading Departed_in_last_36_hours.xml (attempt 1/3)
2025-10-29 23:12:50,774 - vessel_data_pipeline - INFO - File temp_Departed_in_last_36_hours.xml passed validation checks
2025-10-29 23:12:50,775 - vessel_data_pipeline - INFO - Created backup: Departed_in_last_36_hours_20251029_231250.xml
2025-10-29 23:12:50,775 - vessel_data_pipeline - INFO - Updated metadata for Departed_in_last_36_hours.xml
2025-10-29 23:12:50,775 - vessel_data_pipeline - INFO - Successfully downloaded and validated Departed_in_last_36_hours.xml
2025-10-29 23:12:52,777 - vessel_data_pipeline - INFO - Downloading Expected_arrivals.xml (attempt 1/3)
2025-10-29 23:12:53,087 - vessel_data_pipeline - INFO - File temp_Expected_arrivals.xml passed validation checks
2025-10-29 23:12:53,089 - vessel_data_pipeline - INFO - Created backup: Expected_arrivals_20251029_231253.xml
2025-10-29 23:12:53,089 - vessel_data_pipeline - INFO - Updated metadata for Expected_arrivals.xml
2025-10-29 23:12:53,089 - vessel_data_pipeline - INFO - Successfully downloaded and validated Expected_arrivals.xml
2025-10-29 23:12:55,100 - vessel_data_pipeline - INFO - Downloading Expected_departures.xml (attempt 1/3)
2025-10-29 23:12:55,581 - vessel_data_pipeline - INFO - File temp_Expected_departures.xml passed validation checks
2025-10-29 23:12:55,581 - vessel_data_pipeline - INFO - Created backup: Expected_departures_20251029_231255.xml
2025-10-29 23:12:55,581 - vessel_data_pipeline - INFO - Updated metadata for Expected_departures.xml
2025-10-29 23:12:55,581 - vessel_data_pipeline - INFO - Successfully downloaded and validated Expected_departures.xml
2025-10-29 23:12:57,582 - vessel_data_pipeline - INFO - Fetch operation completed. Results: {'Arrived_in_last_36_hours.xml': True, 'Departed_in_last_36_hours.xml': True, 'Expected_arrivals.xml': True, 'Expected_departures.xml': True}
2025-10-29 23:12:57,590 - vessel_data_pipeline - INFO - VesselDataFetcher initialized. Pipeline enabled: True
2025-10-29 23:12:57,593 - vessel_data_pipeline - INFO - Starting vessel data fetch operation
2025-10-29 23:12:57,593 - vessel_data_pipeline - INFO - Discovering XML files from Hong Kong Marine Department portal
2025-10-29 23:12:57,912 - vessel_data_pipeline - INFO - Verified access to Arrived_in_last_36_hours.xml
2025-10-29 23:12:58,986 - vessel_data_pipeline - INFO - Verified access to Departed_in_last_36_hours.xml
2025-10-29 23:12:59,506 - vessel_data_pipeline - INFO - Verified access to Expected_arrivals.xml
2025-10-29 23:12:59,766 - vessel_data_pipeline - INFO - Verified access to Expected_departures.xml
2025-10-29 23:12:59,766 - vessel_data_pipeline - INFO - Discovered 4 XML files for download
2025-10-29 23:12:59,766 - vessel_data_pipeline - INFO - Downloading Arrived_in_last_36_hours.xml (attempt 1/3)
2025-10-29 23:13:00,041 - vessel_data_pipeline - INFO - File temp_Arrived_in_last_36_hours.xml passed validation checks
2025-10-29 23:13:00,042 - vessel_data_pipeline - INFO - Created backup: Arrived_in_last_36_hours_20251029_231300.xml
2025-10-29 23:13:00,042 - vessel_data_pipeline - INFO - Updated metadata for Arrived_in_last_36_hours.xml
2025-10-29 23:13:00,042 - vessel_data_pipeline - INFO - Successfully downloaded and validated Arrived_in_last_36_hours.xml
2025-10-29 23:13:02,052 - vessel_data_pipeline - INFO - Downloading Departed_in_last_36_hours.xml (attempt 1/3)
2025-10-29 23:13:03,273 - vessel_data_pipeline - INFO - File temp_Departed_in_last_36_hours.xml passed validation checks
2025-10-29 23:13:03,274 - vessel_data_pipeline - INFO - Created backup: Departed_in_last_36_hours_20251029_231303.xml
2025-10-29 23:13:03,275 - vessel_data_pipeline - INFO - Updated metadata for Departed_in_last_36_hours.xml
2025-10-29 23:13:03,275 - vessel_data_pipeline - INFO - Successfully downloaded and validated Departed_in_last_36_hours.xml
2025-10-29 23:13:05,285 - vessel_data_pipeline - INFO - Downloading Expected_arrivals.xml (attempt 1/3)
2025-10-29 23:13:05,576 - vessel_data_pipeline - INFO - File temp_Expected_arrivals.xml passed validation checks
2025-10-29 23:13:05,577 - vessel_data_pipeline - INFO - Created backup: Expected_arrivals_20251029_231305.xml
2025-10-29 23:13:05,577 - vessel_data_pipeline - INFO - Updated metadata for Expected_arrivals.xml
2025-10-29 23:13:05,577 - vessel_data_pipeline - INFO - Successfully downloaded and validated Expected_arrivals.xml
2025-10-29 23:13:07,578 - vessel_data_pipeline - INFO - Downloading Expected_departures.xml (attempt 1/3)
2025-10-29 23:13:07,847 - vessel_data_pipeline - INFO - File temp_Expected_departures.xml passed validation checks
2025-10-29 23:13:07,847 - vessel_data_pipeline - INFO - Created backup: Expected_departures_20251029_231307.xml
2025-10-29 23:13:07,847 - vessel_data_pipeline - INFO - Updated metadata for Expected_departures.xml
2025-10-29 23:13:07,847 - vessel_data_pipeline - INFO - Successfully downloaded and validated Expected_departures.xml
2025-10-29 23:13:09,858 - vessel_data_pipeline - INFO - Fetch operation completed. Results: {'Arrived_in_last_36_hours.xml': True, 'Departed_in_last_36_hours.xml': True, 'Expected_arrivals.xml': True, 'Expected_departures.xml': True}
2025-10-29 23:13:12,756 - vessel_data_pipeline - INFO - VesselDataFetcher initialized. Pipeline enabled: True
2025-10-29 23:13:12,756 - vessel_data_pipeline - INFO - Starting vessel data fetch operation
2025-10-29 23:13:12,756 - vessel_data_pipeline - INFO - Discovering XML files from Hong Kong Marine Department portal
2025-10-29 23:13:13,488 - vessel_data_pipeline - INFO - Verified access to Arrived_in_last_36_hours.xml
2025-10-29 23:13:14,206 - vessel_data_pipeline - INFO - Verified access to Departed_in_last_36_hours.xml
2025-10-29 23:13:14,694 - vessel_data_pipeline - INFO - Verified access to Expected_arrivals.xml
2025-10-29 23:13:14,995 - vessel_data_pipeline - INFO - Verified access to Expected_departures.xml
2025-10-29 23:13:14,995 - vessel_data_pipeline - INFO - Discovered 4 XML files for download
2025-10-29 23:13:14,995 - vessel_data_pipeline - INFO - Downloading Arrived_in_last_36_hours.xml (attempt 1/3)
2025-10-29 23:13:15,286 - vessel_data_pipeline - INFO - File temp_Arrived_in_last_36_hours.xml passed validation checks
2025-10-29 23:13:15,286 - vessel_data_pipeline - INFO - Created backup: Arrived_in_last_36_hours_20251029_231315.xml
2025-10-29 23:13:15,287 - vessel_data_pipeline - INFO - Updated metadata for Arrived_in_last_36_hours.xml
2025-10-29 23:13:15,287 - vessel_data_pipeline - INFO - Successfully downloaded and validated Arrived_in_last_36_hours.xml
2025-10-29 23:13:17,294 - vessel_data_pipeline - INFO - Downloading Departed_in_last_36_hours.xml (attempt 1/3)
2025-10-29 23:13:17,976 - vessel_data_pipeline - INFO - File temp_Departed_in_last_36_hours.xml passed validation checks
2025-10-29 23:13:17,977 - vessel_data_pipeline - INFO - Created backup: Departed_in_last_36_hours_20251029_231317.xml
2025-10-29 23:13:17,977 - vessel_data_pipeline - INFO - Updated metadata for Departed_in_last_36_hours.xml
2025-10-29 23:13:17,977 - vessel_data_pipeline - INFO - Successfully downloaded and validated Departed_in_last_36_hours.xml
2025-10-29 23:13:19,977 - vessel_data_pipeline - INFO - Downloading Expected_arrivals.xml (attempt 1/3)
2025-10-29 23:13:20,491 - vessel_data_pipeline - INFO - File temp_Expected_arrivals.xml passed validation checks
2025-10-29 23:13:20,493 - vessel_data_pipeline - INFO - Created backup: Expected_arrivals_20251029_231320.xml
2025-10-29 23:13:20,493 - vessel_data_pipeline - INFO - Updated metadata for Expected_arrivals.xml
2025-10-29 23:13:20,493 - vessel_data_pipeline - INFO - Successfully downloaded and validated Expected_arrivals.xml
2025-10-29 23:13:22,503 - vessel_data_pipeline - INFO - Downloading Expected_departures.xml (attempt 1/3)
2025-10-29 23:13:22,780 - vessel_data_pipeline - INFO - File temp_Expected_departures.xml passed validation checks
2025-10-29 23:13:22,781 - vessel_data_pipeline - INFO - Created backup: Expected_departures_20251029_231322.xml
2025-10-29 23:13:22,781 - vessel_data_pipeline - INFO - Updated metadata for Expected_departures.xml
2025-10-29 23:13:22,781 - vessel_data_pipeline - INFO - Successfully downloaded and validated Expected_departures.xml
2025-10-29 23:13:24,783 - vessel_data_pipeline - INFO - Fetch operation completed. Results: {'Arrived_in_last_36_hours.xml': True, 'Departed_in_last_36_hours.xml': True, 'Expected_arrivals.xml': True, 'Expected_departures.xml': True}
2025-10-29 23:13:24,794 - vessel_data_pipeline - INFO - VesselDataFetcher initialized. Pipeline enabled: True
2025-10-29 23:13:24,795 - vessel_data_pipeline - INFO - Starting vessel data fetch operation
2025-10-29 23:13:24,795 - vessel_data_pipeline - INFO - Discovering XML files from Hong Kong Marine Department portal
2025-10-29 23:13:25,084 - vessel_data_pipeline - INFO - Verified access to Arrived_in_last_36_hours.xml
2025-10-29 23:13:26,200 - vessel_data_pipeline - INFO - Verified access to Departed_in_last_36_hours.xml
2025-10-29 23:13:26,483 - vessel_data_pipeline - INFO - Verified access to Expected_arrivals.xml
2025-10-29 23:13:26,817 - vessel_data_pipeline - INFO - Verified access to Expected_departures.xml
2025-10-29 23:13:26,817 - vessel_data_pipeline - INFO - Discovered 4 XML files for download
2025-10-29 23:13:26,818 - vessel_data_pipeline - INFO - Downloading Arrived_in_last_36_hours.xml (attempt 1/3)
2025-10-29 23:13:27,124 - vessel_data_pipeline - INFO - File temp_Arrived_in_last_36_hours.xml passed validation checks
2025-10-29 23:13:27,125 - vessel_data_pipeline - INFO - Created backup: Arrived_in_last_36_hours_20251029_231327.xml
2025-10-29 23:13:27,126 - vessel_data_pipeline - INFO - Updated metadata for Arrived_in_last_36_hours.xml
2025-10-29 23:13:27,126 - vessel_data_pipeline - INFO - Successfully downloaded and validated Arrived_in_last_36_hours.xml
2025-10-29 23:13:29,136 - vessel_data_pipeline - INFO - Downloading Departed_in_last_36_hours.xml (attempt 1/3)
2025-10-29 23:13:30,278 - vessel_data_pipeline - INFO - File temp_Departed_in_last_36_hours.xml passed validation checks
2025-10-29 23:13:30,279 - vessel_data_pipeline - INFO - Created backup: Departed_in_last_36_hours_20251029_231330.xml
2025-10-29 23:13:30,280 - vessel_data_pipeline - INFO - Updated metadata for Departed_in_last_36_hours.xml
2025-10-29 23:13:30,280 - vessel_data_pipeline - INFO - Successfully downloaded and validated Departed_in_last_36_hours.xml
2025-10-29 23:13:32,290 - vessel_data_pipeline - INFO - Downloading Expected_arrivals.xml (attempt 1/3)
2025-10-29 23:13:32,854 - vessel_data_pipeline - INFO - File temp_Expected_arrivals.xml passed validation checks
2025-10-29 23:13:32,855 - vessel_data_pipeline - INFO - Created backup: Expected_arrivals_20251029_231332.xml
2025-10-29 23:13:32,855 - vessel_data_pipeline - INFO - Updated metadata for Expected_arrivals.xml
2025-10-29 23:13:32,855 - vessel_data_pipeline - INFO - Successfully downloaded and validated Expected_arrivals.xml
2025-10-29 23:13:34,865 - vessel_data_pipeline - INFO - Downloading Expected_departures.xml (attempt 1/3)
2025-10-29 23:13:35,610 - vessel_data_pipeline - INFO - File temp_Expected_departures.xml passed validation checks
2025-10-29 23:13:35,610 - vessel_data_pipeline - INFO - Created backup: Expected_departures_20251029_231335.xml
2025-10-29 23:13:35,611 - vessel_data_pipeline - INFO - Updated metadata for Expected_departures.xml
2025-10-29 23:13:35,611 - vessel_data_pipeline - INFO - Successfully downloaded and validated Expected_departures.xml
2025-10-29 23:13:37,612 - vessel_data_pipeline - INFO - Fetch operation completed. Results: {'Arrived_in_last_36_hours.xml': True, 'Departed_in_last_36_hours.xml': True, 'Expected_arrivals.xml': True, 'Expected_departures.xml': True}
2025-10-29 23:13:37,623 - vessel_data_pipeline - INFO - VesselDataFetcher initialized. Pipeline enabled: True
2025-10-29 23:13:37,624 - vessel_data_pipeline - INFO - Starting vessel data fetch operation
2025-10-29 23:13:37,624 - vessel_data_pipeline - INFO - Discovering XML files from Hong Kong Marine Department portal
2025-10-29 23:13:37,968 - vessel_data_pipeline - INFO - Verified access to Arrived_in_last_36_hours.xml
2025-10-29 23:13:38,683 - vessel_data_pipeline - INFO - Verified access to Departed_in_last_36_hours.xml
2025-10-29 23:13:38,938 - vessel_data_pipeline - INFO - Verified access to Expected_arrivals.xml
2025-10-29 23:13:39,212 - vessel_data_pipeline - INFO - Verified access to Expected_departures.xml
2025-10-29 23:13:39,212 - vessel_data_pipeline - INFO - Discovered 4 XML files for download
2025-10-29 23:13:39,212 - vessel_data_pipeline - INFO - Downloading Arrived_in_last_36_hours.xml (attempt 1/3)
2025-10-29 23:13:40,011 - vessel_data_pipeline - INFO - File temp_Arrived_in_last_36_hours.xml passed validation checks
2025-10-29 23:13:40,011 - vessel_data_pipeline - INFO - Created backup: Arrived_in_last_36_hours_20251029_231340.xml
2025-10-29 23:13:40,012 - vessel_data_pipeline - INFO - Updated metadata for Arrived_in_last_36_hours.xml
2025-10-29 23:13:40,012 - vessel_data_pipeline - INFO - Successfully downloaded and validated Arrived_in_last_36_hours.xml
2025-10-29 23:13:42,013 - vessel_data_pipeline - INFO - Downloading Departed_in_last_36_hours.xml (attempt 1/3)
2025-10-29 23:13:42,725 - vessel_data_pipeline - INFO - File temp_Departed_in_last_36_hours.xml passed validation checks
2025-10-29 23:13:42,725 - vessel_data_pipeline - INFO - Created backup: Departed_in_last_36_hours_20251029_231342.xml
2025-10-29 23:13:42,726 - vessel_data_pipeline - INFO - Updated metadata for Departed_in_last_36_hours.xml
2025-10-29 23:13:42,726 - vessel_data_pipeline - INFO - Successfully downloaded and validated Departed_in_last_36_hours.xml
2025-10-29 23:13:44,727 - vessel_data_pipeline - INFO - Downloading Expected_arrivals.xml (attempt 1/3)
2025-10-29 23:13:45,238 - vessel_data_pipeline - INFO - File temp_Expected_arrivals.xml passed validation checks
2025-10-29 23:13:45,238 - vessel_data_pipeline - INFO - Created backup: Expected_arrivals_20251029_231345.xml
2025-10-29 23:13:45,238 - vessel_data_pipeline - INFO - Updated metadata for Expected_arrivals.xml
2025-10-29 23:13:45,238 - vessel_data_pipeline - INFO - Successfully downloaded and validated Expected_arrivals.xml
2025-10-29 23:13:47,239 - vessel_data_pipeline - INFO - Downloading Expected_departures.xml (attempt 1/3)
2025-10-29 23:13:47,724 - vessel_data_pipeline - INFO - File temp_Expected_departures.xml passed validation checks
2025-10-29 23:13:47,725 - vessel_data_pipeline - INFO - Created backup: Expected_departures_20251029_231347.xml
2025-10-29 23:13:47,725 - vessel_data_pipeline - INFO - Updated metadata for Expected_departures.xml
2025-10-29 23:13:47,725 - vessel_data_pipeline - INFO - Successfully downloaded and validated Expected_departures.xml
2025-10-29 23:13:49,735 - vessel_data_pipeline - INFO - Fetch operation completed. Results: {'Arrived_in_last_36_hours.xml': True, 'Departed_in_last_36_hours.xml': True, 'Expected_arrivals.xml': True, 'Expected_departures.xml': True}
2025-10-29 23:13:49,747 - vessel_data_pipeline - INFO - VesselDataFetcher initialized. Pipeline enabled: True
2025-10-29 23:13:49,748 - vessel_data_pipeline - INFO - Starting vessel data fetch operation
2025-10-29 23:13:49,748 - vessel_data_pipeline - INFO - Discovering XML files from Hong Kong Marine Department portal
2025-10-29 23:13:50,053 - vessel_data_pipeline - INFO - Verified access to Arrived_in_last_36_hours.xml
2025-10-29 23:13:50,752 - vessel_data_pipeline - INFO - Verified access to Departed_in_last_36_hours.xml
2025-10-29 23:13:51,551 - vessel_data_pipeline - INFO - Verified access to Expected_arrivals.xml
2025-10-29 23:13:51,822 - vessel_data_pipeline - INFO - Verified access to Expected_departures.xml
2025-10-29 23:13:51,823 - vessel_data_pipeline - INFO - Discovered 4 XML files for download
2025-10-29 23:13:51,823 - vessel_data_pipeline - INFO - Downloading Arrived_in_last_36_hours.xml (attempt 1/3)
2025-10-29 23:13:52,319 - vessel_data_pipeline - INFO - File temp_Arrived_in_last_36_hours.xml passed validation checks
2025-10-29 23:13:52,321 - vessel_data_pipeline - INFO - Created backup: Arrived_in_last_36_hours_20251029_231352.xml
2025-10-29 23:13:52,322 - vessel_data_pipeline - INFO - Updated metadata for Arrived_in_last_36_hours.xml
2025-10-29 23:13:52,322 - vessel_data_pipeline - INFO - Successfully downloaded and validated Arrived_in_last_36_hours.xml
2025-10-29 23:13:54,325 - vessel_data_pipeline - INFO - Downloading Departed_in_last_36_hours.xml (attempt 1/3)
2025-10-29 23:13:54,656 - vessel_data_pipeline - INFO - File temp_Departed_in_last_36_hours.xml passed validation checks
2025-10-29 23:13:54,656 - vessel_data_pipeline - INFO - Created backup: Departed_in_last_36_hours_20251029_231354.xml
2025-10-29 23:13:54,657 - vessel_data_pipeline - INFO - Updated metadata for Departed_in_last_36_hours.xml
2025-10-29 23:13:54,657 - vessel_data_pipeline - INFO - Successfully downloaded and validated Departed_in_last_36_hours.xml
2025-10-29 23:13:56,667 - vessel_data_pipeline - INFO - Downloading Expected_arrivals.xml (attempt 1/3)
2025-10-29 23:13:56,946 - vessel_data_pipeline - INFO - File temp_Expected_arrivals.xml passed validation checks
2025-10-29 23:13:56,946 - vessel_data_pipeline - INFO - Created backup: Expected_arrivals_20251029_231356.xml
2025-10-29 23:13:56,946 - vessel_data_pipeline - INFO - Updated metadata for Expected_arrivals.xml
2025-10-29 23:13:56,946 - vessel_data_pipeline - INFO - Successfully downloaded and validated Expected_arrivals.xml
2025-10-29 23:13:58,957 - vessel_data_pipeline - INFO - Downloading Expected_departures.xml (attempt 1/3)
2025-10-29 23:13:59,656 - vessel_data_pipeline - INFO - File temp_Expected_departures.xml passed validation checks
2025-10-29 23:13:59,662 - vessel_data_pipeline - INFO - Created backup: Expected_departures_20251029_231359.xml
2025-10-29 23:13:59,664 - vessel_data_pipeline - INFO - Updated metadata for Expected_departures.xml
2025-10-29 23:13:59,664 - vessel_data_pipeline - INFO - Successfully downloaded and validated Expected_departures.xml
2025-10-29 23:14:01,675 - vessel_data_pipeline - INFO - Fetch operation completed. Results: {'Arrived_in_last_36_hours.xml': True, 'Departed_in_last_36_hours.xml': True, 'Expected_arrivals.xml': True, 'Expected_departures.xml': True}
2025-10-29 23:14:44,791 - vessel_data_pipeline - INFO - VesselDataFetcher initialized. Pipeline enabled: True
2025-10-29 23:14:44,791 - vessel_data_pipeline - INFO - Starting vessel data fetch operation
2025-10-29 23:14:44,791 - vessel_data_pipeline - INFO - Discovering XML files from Hong Kong Marine Department portal
2025-10-29 23:14:45,355 - vessel_data_pipeline - INFO - Verified access to Arrived_in_last_36_hours.xml
2025-10-29 23:14:46,048 - vessel_data_pipeline - INFO - Verified access to Departed_in_last_36_hours.xml
2025-10-29 23:14:46,572 - vessel_data_pipeline - INFO - Verified access to Expected_arrivals.xml
2025-10-29 23:14:46,837 - vessel_data_pipeline - INFO - Verified access to Expected_departures.xml
2025-10-29 23:14:46,837 - vessel_data_pipeline - INFO - Discovered 4 XML files for download
2025-10-29 23:14:46,837 - vessel_data_pipeline - INFO - Downloading Arrived_in_last_36_hours.xml (attempt 1/3)
2025-10-29 23:14:47,328 - vessel_data_pipeline - INFO - File temp_Arrived_in_last_36_hours.xml passed validation checks
2025-10-29 23:14:47,329 - vessel_data_pipeline - INFO - Created backup: Arrived_in_last_36_hours_20251029_231447.xml
2025-10-29 23:14:47,330 - vessel_data_pipeline - INFO - Updated metadata for Arrived_in_last_36_hours.xml
2025-10-29 23:14:47,330 - vessel_data_pipeline - INFO - Successfully downloaded and validated Arrived_in_last_36_hours.xml
2025-10-29 23:14:49,333 - vessel_data_pipeline - INFO - Downloading Departed_in_last_36_hours.xml (attempt 1/3)
2025-10-29 23:14:50,495 - vessel_data_pipeline - INFO - File temp_Departed_in_last_36_hours.xml passed validation checks
2025-10-29 23:14:50,496 - vessel_data_pipeline - INFO - Created backup: Departed_in_last_36_hours_20251029_231450.xml
2025-10-29 23:14:50,496 - vessel_data_pipeline - INFO - Updated metadata for Departed_in_last_36_hours.xml
2025-10-29 23:14:50,496 - vessel_data_pipeline - INFO - Successfully downloaded and validated Departed_in_last_36_hours.xml
2025-10-29 23:14:52,506 - vessel_data_pipeline - INFO - Downloading Expected_arrivals.xml (attempt 1/3)
2025-10-29 23:14:53,010 - vessel_data_pipeline - INFO - File temp_Expected_arrivals.xml passed validation checks
2025-10-29 23:14:53,011 - vessel_data_pipeline - INFO - Created backup: Expected_arrivals_20251029_231453.xml
2025-10-29 23:14:53,011 - vessel_data_pipeline - INFO - Updated metadata for Expected_arrivals.xml
2025-10-29 23:14:53,011 - vessel_data_pipeline - INFO - Successfully downloaded and validated Expected_arrivals.xml
2025-10-29 23:14:55,013 - vessel_data_pipeline - INFO - Downloading Expected_departures.xml (attempt 1/3)
2025-10-29 23:14:55,290 - vessel_data_pipeline - INFO - File temp_Expected_departures.xml passed validation checks
2025-10-29 23:14:55,291 - vessel_data_pipeline - INFO - Created backup: Expected_departures_20251029_231455.xml
2025-10-29 23:14:55,292 - vessel_data_pipeline - INFO - Updated metadata for Expected_departures.xml
2025-10-29 23:14:55,292 - vessel_data_pipeline - INFO - Successfully downloaded and validated Expected_departures.xml
2025-10-29 23:14:57,302 - vessel_data_pipeline - INFO - Fetch operation completed. Results: {'Arrived_in_last_36_hours.xml': True, 'Departed_in_last_36_hours.xml': True, 'Expected_arrivals.xml': True, 'Expected_departures.xml': True}
2025-10-29 23:14:57,568 - vessel_data_pipeline - INFO - VesselDataFetcher initialized. Pipeline enabled: True
2025-10-29 23:14:57,570 - vessel_data_pipeline - INFO - Starting vessel data fetch operation
2025-10-29 23:14:57,570 - vessel_data_pipeline - INFO - Discovering XML files from Hong Kong Marine Department portal
2025-10-29 23:14:58,075 - vessel_data_pipeline - INFO - Verified access to Arrived_in_last_36_hours.xml
2025-10-29 23:14:59,002 - vessel_data_pipeline - INFO - Verified access to Departed_in_last_36_hours.xml
2025-10-29 23:14:59,501 - vessel_data_pipeline - INFO - Verified access to Expected_arrivals.xml
2025-10-29 23:14:59,767 - vessel_data_pipeline - INFO - Verified access to Expected_departures.xml
2025-10-29 23:14:59,767 - vessel_data_pipeline - INFO - Discovered 4 XML files for download
2025-10-29 23:14:59,767 - vessel_data_pipeline - INFO - Downloading Arrived_in_last_36_hours.xml (attempt 1/3)
2025-10-29 23:15:00,045 - vessel_data_pipeline - INFO - File temp_Arrived_in_last_36_hours.xml passed validation checks
2025-10-29 23:15:00,047 - vessel_data_pipeline - INFO - Created backup: Arrived_in_last_36_hours_20251029_231500.xml
2025-10-29 23:15:00,048 - vessel_data_pipeline - INFO - Updated metadata for Arrived_in_last_36_hours.xml
2025-10-29 23:15:00,048 - vessel_data_pipeline - INFO - Successfully downloaded and validated Arrived_in_last_36_hours.xml
2025-10-29 23:15:02,058 - vessel_data_pipeline - INFO - Downloading Departed_in_last_36_hours.xml (attempt 1/3)
2025-10-29 23:15:02,948 - vessel_data_pipeline - INFO - File temp_Departed_in_last_36_hours.xml passed validation checks
2025-10-29 23:15:02,948 - vessel_data_pipeline - INFO - Created backup: Departed_in_last_36_hours_20251029_231502.xml
2025-10-29 23:15:02,949 - vessel_data_pipeline - INFO - Updated metadata for Departed_in_last_36_hours.xml
2025-10-29 23:15:02,949 - vessel_data_pipeline - INFO - Successfully downloaded and validated Departed_in_last_36_hours.xml
2025-10-29 23:15:04,951 - vessel_data_pipeline - INFO - Downloading Expected_arrivals.xml (attempt 1/3)
2025-10-29 23:15:05,659 - vessel_data_pipeline - INFO - File temp_Expected_arrivals.xml passed validation checks
2025-10-29 23:15:05,659 - vessel_data_pipeline - INFO - Created backup: Expected_arrivals_20251029_231505.xml
2025-10-29 23:15:05,660 - vessel_data_pipeline - INFO - Updated metadata for Expected_arrivals.xml
2025-10-29 23:15:05,660 - vessel_data_pipeline - INFO - Successfully downloaded and validated Expected_arrivals.xml
2025-10-29 23:15:07,668 - vessel_data_pipeline - INFO - Downloading Expected_departures.xml (attempt 1/3)
2025-10-29 23:15:08,152 - vessel_data_pipeline - INFO - File temp_Expected_departures.xml passed validation checks
2025-10-29 23:15:08,152 - vessel_data_pipeline - INFO - Created backup: Expected_departures_20251029_231508.xml
2025-10-29 23:15:08,153 - vessel_data_pipeline - INFO - Updated metadata for Expected_departures.xml
2025-10-29 23:15:08,153 - vessel_data_pipeline - INFO - Successfully downloaded and validated Expected_departures.xml
2025-10-29 23:15:10,163 - vessel_data_pipeline - INFO - Fetch operation completed. Results: {'Arrived_in_last_36_hours.xml': True, 'Departed_in_last_36_hours.xml': True, 'Expected_arrivals.xml': True, 'Expected_departures.xml': True}
2025-10-29 23:15:10,171 - vessel_data_pipeline - INFO - VesselDataFetcher initialized. Pipeline enabled: True
2025-10-29 23:15:10,174 - vessel_data_pipeline - INFO - Starting vessel data fetch operation
2025-10-29 23:15:10,174 - vessel_data_pipeline - INFO - Discovering XML files from Hong Kong Marine Department portal
2025-10-29 23:15:10,705 - vessel_data_pipeline - INFO - Verified access to Arrived_in_last_36_hours.xml
2025-10-29 23:15:11,395 - vessel_data_pipeline - INFO - Verified access to Departed_in_last_36_hours.xml
2025-10-29 23:15:11,660 - vessel_data_pipeline - INFO - Verified access to Expected_arrivals.xml
2025-10-29 23:15:11,917 - vessel_data_pipeline - INFO - Verified access to Expected_departures.xml
2025-10-29 23:15:11,917 - vessel_data_pipeline - INFO - Discovered 4 XML files for download
2025-10-29 23:15:11,917 - vessel_data_pipeline - INFO - Downloading Arrived_in_last_36_hours.xml (attempt 1/3)
2025-10-29 23:15:12,236 - vessel_data_pipeline - INFO - File temp_Arrived_in_last_36_hours.xml passed validation checks
2025-10-29 23:15:12,237 - vessel_data_pipeline - INFO - Created backup: Arrived_in_last_36_hours_20251029_231512.xml
2025-10-29 23:15:12,237 - vessel_data_pipeline - INFO - Updated metadata for Arrived_in_last_36_hours.xml
2025-10-29 23:15:12,237 - vessel_data_pipeline - INFO - Successfully downloaded and validated Arrived_in_last_36_hours.xml
2025-10-29 23:15:14,247 - vessel_data_pipeline - INFO - Downloading Departed_in_last_36_hours.xml (attempt 1/3)
2025-10-29 23:15:15,782 - vessel_data_pipeline - INFO - File temp_Departed_in_last_36_hours.xml passed validation checks
2025-10-29 23:15:15,783 - vessel_data_pipeline - INFO - Created backup: Departed_in_last_36_hours_20251029_231515.xml
2025-10-29 23:15:15,783 - vessel_data_pipeline - INFO - Updated metadata for Departed_in_last_36_hours.xml
2025-10-29 23:15:15,783 - vessel_data_pipeline - INFO - Successfully downloaded and validated Departed_in_last_36_hours.xml
2025-10-29 23:15:17,793 - vessel_data_pipeline - INFO - Downloading Expected_arrivals.xml (attempt 1/3)
2025-10-29 23:15:18,054 - vessel_data_pipeline - INFO - File temp_Expected_arrivals.xml passed validation checks
2025-10-29 23:15:18,055 - vessel_data_pipeline - INFO - Created backup: Expected_arrivals_20251029_231518.xml
2025-10-29 23:15:18,055 - vessel_data_pipeline - INFO - Updated metadata for Expected_arrivals.xml
2025-10-29 23:15:18,055 - vessel_data_pipeline - INFO - Successfully downloaded and validated Expected_arrivals.xml
2025-10-29 23:15:20,065 - vessel_data_pipeline - INFO - Downloading Expected_departures.xml (attempt 1/3)
2025-10-29 23:15:20,559 - vessel_data_pipeline - INFO - File temp_Expected_departures.xml passed validation checks
2025-10-29 23:15:20,560 - vessel_data_pipeline - INFO - Created backup: Expected_departures_20251029_231520.xml
2025-10-29 23:15:20,561 - vessel_data_pipeline - INFO - Updated metadata for Expected_departures.xml
2025-10-29 23:15:20,561 - vessel_data_pipeline - INFO - Successfully downloaded and validated Expected_departures.xml
2025-10-29 23:15:22,571 - vessel_data_pipeline - INFO - Fetch operation completed. Results: {'Arrived_in_last_36_hours.xml': True, 'Departed_in_last_36_hours.xml': True, 'Expected_arrivals.xml': True, 'Expected_departures.xml': True}
2025-10-29 23:15:25,417 - vessel_data_pipeline - INFO - VesselDataFetcher initialized. Pipeline enabled: True
2025-10-29 23:15:25,418 - vessel_data_pipeline - INFO - Starting vessel data fetch operation
2025-10-29 23:15:25,418 - vessel_data_pipeline - INFO - Discovering XML files from Hong Kong Marine Department portal
2025-10-29 23:15:25,907 - vessel_data_pipeline - INFO - Verified access to Arrived_in_last_36_hours.xml
2025-10-29 23:15:26,795 - vessel_data_pipeline - INFO - Verified access to Departed_in_last_36_hours.xml
2025-10-29 23:15:27,062 - vessel_data_pipeline - INFO - Verified access to Expected_arrivals.xml
2025-10-29 23:15:27,637 - vessel_data_pipeline - INFO - Verified access to Expected_departures.xml
2025-10-29 23:15:27,638 - vessel_data_pipeline - INFO - Discovered 4 XML files for download
2025-10-29 23:15:27,638 - vessel_data_pipeline - INFO - Downloading Arrived_in_last_36_hours.xml (attempt 1/3)
2025-10-29 23:15:28,334 - vessel_data_pipeline - INFO - File temp_Arrived_in_last_36_hours.xml passed validation checks
2025-10-29 23:15:28,335 - vessel_data_pipeline - INFO - Created backup: Arrived_in_last_36_hours_20251029_231528.xml
2025-10-29 23:15:28,336 - vessel_data_pipeline - INFO - Updated metadata for Arrived_in_last_36_hours.xml
2025-10-29 23:15:28,336 - vessel_data_pipeline - INFO - Successfully downloaded and validated Arrived_in_last_36_hours.xml
2025-10-29 23:15:30,340 - vessel_data_pipeline - INFO - Downloading Departed_in_last_36_hours.xml (attempt 1/3)
2025-10-29 23:15:30,985 - vessel_data_pipeline - INFO - File temp_Departed_in_last_36_hours.xml passed validation checks
2025-10-29 23:15:30,986 - vessel_data_pipeline - INFO - Created backup: Departed_in_last_36_hours_20251029_231530.xml
2025-10-29 23:15:30,986 - vessel_data_pipeline - INFO - Updated metadata for Departed_in_last_36_hours.xml
2025-10-29 23:15:30,986 - vessel_data_pipeline - INFO - Successfully downloaded and validated Departed_in_last_36_hours.xml
2025-10-29 23:15:32,996 - vessel_data_pipeline - INFO - Downloading Expected_arrivals.xml (attempt 1/3)
2025-10-29 23:15:33,479 - vessel_data_pipeline - INFO - File temp_Expected_arrivals.xml passed validation checks
2025-10-29 23:15:33,480 - vessel_data_pipeline - INFO - Created backup: Expected_arrivals_20251029_231533.xml
2025-10-29 23:15:33,480 - vessel_data_pipeline - INFO - Updated metadata for Expected_arrivals.xml
2025-10-29 23:15:33,480 - vessel_data_pipeline - INFO - Successfully downloaded and validated Expected_arrivals.xml
2025-10-29 23:15:35,490 - vessel_data_pipeline - INFO - Downloading Expected_departures.xml (attempt 1/3)
2025-10-29 23:15:36,556 - vessel_data_pipeline - INFO - File temp_Expected_departures.xml passed validation checks
2025-10-29 23:15:36,556 - vessel_data_pipeline - INFO - Created backup: Expected_departures_20251029_231536.xml
2025-10-29 23:15:36,556 - vessel_data_pipeline - INFO - Updated metadata for Expected_departures.xml
2025-10-29 23:15:36,556 - vessel_data_pipeline - INFO - Successfully downloaded and validated Expected_departures.xml
2025-10-29 23:15:38,567 - vessel_data_pipeline - INFO - Fetch operation completed. Results: {'Arrived_in_last_36_hours.xml': True, 'Departed_in_last_36_hours.xml': True, 'Expected_arrivals.xml': True, 'Expected_departures.xml': True}
2025-10-29 23:15:38,577 - vessel_data_pipeline - INFO - VesselDataFetcher initialized. Pipeline enabled: True
2025-10-29 23:15:38,578 - vessel_data_pipeline - INFO - Starting vessel data fetch operation
2025-10-29 23:15:38,578 - vessel_data_pipeline - INFO - Discovering XML files from Hong Kong Marine Department portal
2025-10-29 23:15:39,087 - vessel_data_pipeline - INFO - Verified access to Arrived_in_last_36_hours.xml
2025-10-29 23:15:40,005 - vessel_data_pipeline - INFO - Verified access to Departed_in_last_36_hours.xml
2025-10-29 23:15:40,471 - vessel_data_pipeline - INFO - Verified access to Expected_arrivals.xml
2025-10-29 23:15:40,742 - vessel_data_pipeline - INFO - Verified access to Expected_departures.xml
2025-10-29 23:15:40,742 - vessel_data_pipeline - INFO - Discovered 4 XML files for download
2025-10-29 23:15:40,743 - vessel_data_pipeline - INFO - Downloading Arrived_in_last_36_hours.xml (attempt 1/3)
2025-10-29 23:15:41,010 - vessel_data_pipeline - INFO - File temp_Arrived_in_last_36_hours.xml passed validation checks
2025-10-29 23:15:41,011 - vessel_data_pipeline - INFO - Created backup: Arrived_in_last_36_hours_20251029_231541.xml
2025-10-29 23:15:41,011 - vessel_data_pipeline - INFO - Updated metadata for Arrived_in_last_36_hours.xml
2025-10-29 23:15:41,011 - vessel_data_pipeline - INFO - Successfully downloaded and validated Arrived_in_last_36_hours.xml
2025-10-29 23:15:43,021 - vessel_data_pipeline - INFO - Downloading Departed_in_last_36_hours.xml (attempt 1/3)
2025-10-29 23:15:43,510 - vessel_data_pipeline - INFO - File temp_Departed_in_last_36_hours.xml passed validation checks
2025-10-29 23:15:43,511 - vessel_data_pipeline - INFO - Created backup: Departed_in_last_36_hours_20251029_231543.xml
2025-10-29 23:15:43,512 - vessel_data_pipeline - INFO - Updated metadata for Departed_in_last_36_hours.xml
2025-10-29 23:15:43,512 - vessel_data_pipeline - INFO - Successfully downloaded and validated Departed_in_last_36_hours.xml
2025-10-29 23:15:45,521 - vessel_data_pipeline - INFO - Downloading Expected_arrivals.xml (attempt 1/3)
2025-10-29 23:15:46,047 - vessel_data_pipeline - INFO - File temp_Expected_arrivals.xml passed validation checks
2025-10-29 23:15:46,047 - vessel_data_pipeline - INFO - Created backup: Expected_arrivals_20251029_231546.xml
2025-10-29 23:15:46,047 - vessel_data_pipeline - INFO - Updated metadata for Expected_arrivals.xml
2025-10-29 23:15:46,047 - vessel_data_pipeline - INFO - Successfully downloaded and validated Expected_arrivals.xml
2025-10-29 23:15:48,047 - vessel_data_pipeline - INFO - Downloading Expected_departures.xml (attempt 1/3)
2025-10-29 23:15:48,556 - vessel_data_pipeline - INFO - File temp_Expected_departures.xml passed validation checks
2025-10-29 23:15:48,556 - vessel_data_pipeline - INFO - Created backup: Expected_departures_20251029_231548.xml
2025-10-29 23:15:48,557 - vessel_data_pipeline - INFO - Updated metadata for Expected_departures.xml
2025-10-29 23:15:48,557 - vessel_data_pipeline - INFO - Successfully downloaded and validated Expected_departures.xml
2025-10-29 23:15:50,567 - vessel_data_pipeline - INFO - Fetch operation completed. Results: {'Arrived_in_last_36_hours.xml': True, 'Departed_in_last_36_hours.xml': True, 'Expected_arrivals.xml': True, 'Expected_departures.xml': True}
2025-10-29 23:15:50,578 - vessel_data_pipeline - INFO - VesselDataFetcher initialized. Pipeline enabled: True
2025-10-29 23:15:50,579 - vessel_data_pipeline - INFO - Starting vessel data fetch operation
2025-10-29 23:15:50,579 - vessel_data_pipeline - INFO - Discovering XML files from Hong Kong Marine Department portal
2025-10-29 23:15:51,318 - vessel_data_pipeline - INFO - Verified access to Arrived_in_last_36_hours.xml
2025-10-29 23:15:51,566 - vessel_data_pipeline - INFO - Verified access to Departed_in_last_36_hours.xml
2025-10-29 23:15:52,462 - vessel_data_pipeline - INFO - Verified access to Expected_arrivals.xml
2025-10-29 23:15:52,735 - vessel_data_pipeline - INFO - Verified access to Expected_departures.xml
2025-10-29 23:15:52,735 - vessel_data_pipeline - INFO - Discovered 4 XML files for download
2025-10-29 23:15:52,735 - vessel_data_pipeline - INFO - Downloading Arrived_in_last_36_hours.xml (attempt 1/3)
2025-10-29 23:15:53,039 - vessel_data_pipeline - INFO - File temp_Arrived_in_last_36_hours.xml passed validation checks
2025-10-29 23:15:53,040 - vessel_data_pipeline - INFO - Created backup: Arrived_in_last_36_hours_20251029_231553.xml
2025-10-29 23:15:53,041 - vessel_data_pipeline - INFO - Updated metadata for Arrived_in_last_36_hours.xml
2025-10-29 23:15:53,041 - vessel_data_pipeline - INFO - Successfully downloaded and validated Arrived_in_last_36_hours.xml
2025-10-29 23:15:55,042 - vessel_data_pipeline - INFO - Downloading Departed_in_last_36_hours.xml (attempt 1/3)
2025-10-29 23:15:55,625 - vessel_data_pipeline - INFO - File temp_Departed_in_last_36_hours.xml passed validation checks
2025-10-29 23:15:55,626 - vessel_data_pipeline - INFO - Created backup: Departed_in_last_36_hours_20251029_231555.xml
2025-10-29 23:15:55,626 - vessel_data_pipeline - INFO - Updated metadata for Departed_in_last_36_hours.xml
2025-10-29 23:15:55,626 - vessel_data_pipeline - INFO - Successfully downloaded and validated Departed_in_last_36_hours.xml
2025-10-29 23:15:57,636 - vessel_data_pipeline - INFO - Downloading Expected_arrivals.xml (attempt 1/3)
2025-10-29 23:15:58,377 - vessel_data_pipeline - INFO - File temp_Expected_arrivals.xml passed validation checks
2025-10-29 23:15:58,378 - vessel_data_pipeline - INFO - Created backup: Expected_arrivals_20251029_231558.xml
2025-10-29 23:15:58,378 - vessel_data_pipeline - INFO - Updated metadata for Expected_arrivals.xml
2025-10-29 23:15:58,378 - vessel_data_pipeline - INFO - Successfully downloaded and validated Expected_arrivals.xml
2025-10-29 23:16:00,378 - vessel_data_pipeline - INFO - Downloading Expected_departures.xml (attempt 1/3)
2025-10-29 23:16:01,289 - vessel_data_pipeline - INFO - File temp_Expected_departures.xml passed validation checks
2025-10-29 23:16:01,291 - vessel_data_pipeline - INFO - Created backup: Expected_departures_20251029_231601.xml
2025-10-29 23:16:01,291 - vessel_data_pipeline - INFO - Updated metadata for Expected_departures.xml
2025-10-29 23:16:01,292 - vessel_data_pipeline - INFO - Successfully downloaded and validated Expected_departures.xml
2025-10-29 23:16:03,296 - vessel_data_pipeline - INFO - Fetch operation completed. Results: {'Arrived_in_last_36_hours.xml': True, 'Departed_in_last_36_hours.xml': True, 'Expected_arrivals.xml': True, 'Expected_departures.xml': True}
2025-10-29 23:16:03,304 - vessel_data_pipeline - INFO - VesselDataFetcher initialized. Pipeline enabled: True
2025-10-29 23:16:03,305 - vessel_data_pipeline - INFO - Starting vessel data fetch operation
2025-10-29 23:16:03,305 - vessel_data_pipeline - INFO - Discovering XML files from Hong Kong Marine Department portal
2025-10-29 23:16:03,604 - vessel_data_pipeline - INFO - Verified access to Arrived_in_last_36_hours.xml
2025-10-29 23:16:04,201 - vessel_data_pipeline - INFO - Verified access to Departed_in_last_36_hours.xml
2025-10-29 23:16:04,469 - vessel_data_pipeline - INFO - Verified access to Expected_arrivals.xml
2025-10-29 23:16:04,750 - vessel_data_pipeline - INFO - Verified access to Expected_departures.xml
2025-10-29 23:16:04,751 - vessel_data_pipeline - INFO - Discovered 4 XML files for download
2025-10-29 23:16:04,751 - vessel_data_pipeline - INFO - Downloading Arrived_in_last_36_hours.xml (attempt 1/3)
2025-10-29 23:16:05,672 - vessel_data_pipeline - INFO - File temp_Arrived_in_last_36_hours.xml passed validation checks
2025-10-29 23:16:05,673 - vessel_data_pipeline - INFO - Created backup: Arrived_in_last_36_hours_20251029_231605.xml
2025-10-29 23:16:05,674 - vessel_data_pipeline - INFO - Updated metadata for Arrived_in_last_36_hours.xml
2025-10-29 23:16:05,674 - vessel_data_pipeline - INFO - Successfully downloaded and validated Arrived_in_last_36_hours.xml
2025-10-29 23:16:07,683 - vessel_data_pipeline - INFO - Downloading Departed_in_last_36_hours.xml (attempt 1/3)
2025-10-29 23:16:08,198 - vessel_data_pipeline - INFO - File temp_Departed_in_last_36_hours.xml passed validation checks
2025-10-29 23:16:08,198 - vessel_data_pipeline - INFO - Created backup: Departed_in_last_36_hours_20251029_231608.xml
2025-10-29 23:16:08,199 - vessel_data_pipeline - INFO - Updated metadata for Departed_in_last_36_hours.xml
2025-10-29 23:16:08,199 - vessel_data_pipeline - INFO - Successfully downloaded and validated Departed_in_last_36_hours.xml
2025-10-29 23:16:10,209 - vessel_data_pipeline - INFO - Downloading Expected_arrivals.xml (attempt 1/3)
2025-10-29 23:16:10,495 - vessel_data_pipeline - INFO - File temp_Expected_arrivals.xml passed validation checks
2025-10-29 23:16:10,496 - vessel_data_pipeline - INFO - Created backup: Expected_arrivals_20251029_231610.xml
2025-10-29 23:16:10,496 - vessel_data_pipeline - INFO - Updated metadata for Expected_arrivals.xml
2025-10-29 23:16:10,496 - vessel_data_pipeline - INFO - Successfully downloaded and validated Expected_arrivals.xml
2025-10-29 23:16:12,502 - vessel_data_pipeline - INFO - Downloading Expected_departures.xml (attempt 1/3)
2025-10-29 23:16:13,331 - vessel_data_pipeline - INFO - File temp_Expected_departures.xml passed validation checks
2025-10-29 23:16:13,331 - vessel_data_pipeline - INFO - Created backup: Expected_departures_20251029_231613.xml
2025-10-29 23:16:13,332 - vessel_data_pipeline - INFO - Updated metadata for Expected_departures.xml
2025-10-29 23:16:13,332 - vessel_data_pipeline - INFO - Successfully downloaded and validated Expected_departures.xml
2025-10-29 23:16:15,333 - vessel_data_pipeline - INFO - Fetch operation completed. Results: {'Arrived_in_last_36_hours.xml': True, 'Departed_in_last_36_hours.xml': True, 'Expected_arrivals.xml': True, 'Expected_departures.xml': True}
2025-10-29 23:18:35,680 - vessel_data_pipeline - INFO - VesselDataFetcher initialized. Pipeline enabled: True
2025-10-29 23:18:35,680 - vessel_data_pipeline - INFO - Starting vessel data fetch operation
2025-10-29 23:18:35,680 - vessel_data_pipeline - INFO - Discovering XML files from Hong Kong Marine Department portal
2025-10-29 23:18:36,580 - vessel_data_pipeline - INFO - Verified access to Arrived_in_last_36_hours.xml
2025-10-29 23:18:38,469 - vessel_data_pipeline - INFO - Verified access to Departed_in_last_36_hours.xml
2025-10-29 23:18:38,803 - vessel_data_pipeline - INFO - Verified access to Expected_arrivals.xml
2025-10-29 23:18:39,486 - vessel_data_pipeline - INFO - Verified access to Expected_departures.xml
2025-10-29 23:18:39,486 - vessel_data_pipeline - INFO - Discovered 4 XML files for download
2025-10-29 23:18:39,487 - vessel_data_pipeline - INFO - Downloading Arrived_in_last_36_hours.xml (attempt 1/3)
2025-10-29 23:18:40,176 - vessel_data_pipeline - INFO - File temp_Arrived_in_last_36_hours.xml passed validation checks
2025-10-29 23:18:40,178 - vessel_data_pipeline - INFO - Created backup: Arrived_in_last_36_hours_20251029_231840.xml
2025-10-29 23:18:40,179 - vessel_data_pipeline - INFO - Updated metadata for Arrived_in_last_36_hours.xml
2025-10-29 23:18:40,179 - vessel_data_pipeline - INFO - Successfully downloaded and validated Arrived_in_last_36_hours.xml
2025-10-29 23:18:42,189 - vessel_data_pipeline - INFO - Downloading Departed_in_last_36_hours.xml (attempt 1/3)
2025-10-29 23:18:43,347 - vessel_data_pipeline - INFO - File temp_Departed_in_last_36_hours.xml passed validation checks
2025-10-29 23:18:43,348 - vessel_data_pipeline - INFO - Created backup: Departed_in_last_36_hours_20251029_231843.xml
2025-10-29 23:18:43,348 - vessel_data_pipeline - INFO - Updated metadata for Departed_in_last_36_hours.xml
2025-10-29 23:18:43,348 - vessel_data_pipeline - INFO - Successfully downloaded and validated Departed_in_last_36_hours.xml
2025-10-29 23:18:45,350 - vessel_data_pipeline - INFO - Downloading Expected_arrivals.xml (attempt 1/3)
2025-10-29 23:18:45,845 - vessel_data_pipeline - INFO - File temp_Expected_arrivals.xml passed validation checks
2025-10-29 23:18:45,845 - vessel_data_pipeline - INFO - Created backup: Expected_arrivals_20251029_231845.xml
2025-10-29 23:18:45,846 - vessel_data_pipeline - INFO - Updated metadata for Expected_arrivals.xml
2025-10-29 23:18:45,846 - vessel_data_pipeline - INFO - Successfully downloaded and validated Expected_arrivals.xml
2025-10-29 23:18:47,856 - vessel_data_pipeline - INFO - Downloading Expected_departures.xml (attempt 1/3)
2025-10-29 23:18:48,112 - vessel_data_pipeline - INFO - File temp_Expected_departures.xml passed validation checks
2025-10-29 23:18:48,112 - vessel_data_pipeline - INFO - Created backup: Expected_departures_20251029_231848.xml
2025-10-29 23:18:48,112 - vessel_data_pipeline - INFO - Updated metadata for Expected_departures.xml
2025-10-29 23:18:48,112 - vessel_data_pipeline - INFO - Successfully downloaded and validated Expected_departures.xml
2025-10-29 23:18:50,123 - vessel_data_pipeline - INFO - Fetch operation completed. Results: {'Arrived_in_last_36_hours.xml': True, 'Departed_in_last_36_hours.xml': True, 'Expected_arrivals.xml': True, 'Expected_departures.xml': True}
2025-10-29 23:18:50,387 - vessel_data_pipeline - INFO - VesselDataFetcher initialized. Pipeline enabled: True
2025-10-29 23:18:50,389 - vessel_data_pipeline - INFO - Starting vessel data fetch operation
2025-10-29 23:18:50,389 - vessel_data_pipeline - INFO - Discovering XML files from Hong Kong Marine Department portal
2025-10-29 23:18:50,715 - vessel_data_pipeline - INFO - Verified access to Arrived_in_last_36_hours.xml
2025-10-29 23:18:51,722 - vessel_data_pipeline - INFO - Verified access to Departed_in_last_36_hours.xml
2025-10-29 23:18:52,246 - vessel_data_pipeline - INFO - Verified access to Expected_arrivals.xml
2025-10-29 23:18:52,507 - vessel_data_pipeline - INFO - Verified access to Expected_departures.xml
2025-10-29 23:18:52,507 - vessel_data_pipeline - INFO - Discovered 4 XML files for download
2025-10-29 23:18:52,507 - vessel_data_pipeline - INFO - Downloading Arrived_in_last_36_hours.xml (attempt 1/3)
2025-10-29 23:18:52,866 - vessel_data_pipeline - INFO - File temp_Arrived_in_last_36_hours.xml passed validation checks
2025-10-29 23:18:52,867 - vessel_data_pipeline - INFO - Created backup: Arrived_in_last_36_hours_20251029_231852.xml
2025-10-29 23:18:52,867 - vessel_data_pipeline - INFO - Updated metadata for Arrived_in_last_36_hours.xml
2025-10-29 23:18:52,868 - vessel_data_pipeline - INFO - Successfully downloaded and validated Arrived_in_last_36_hours.xml
2025-10-29 23:18:54,871 - vessel_data_pipeline - INFO - Downloading Departed_in_last_36_hours.xml (attempt 1/3)
2025-10-29 23:18:55,564 - vessel_data_pipeline - INFO - File temp_Departed_in_last_36_hours.xml passed validation checks
2025-10-29 23:18:55,564 - vessel_data_pipeline - INFO - Created backup: Departed_in_last_36_hours_20251029_231855.xml
2025-10-29 23:18:55,565 - vessel_data_pipeline - INFO - Updated metadata for Departed_in_last_36_hours.xml
2025-10-29 23:18:55,565 - vessel_data_pipeline - INFO - Successfully downloaded and validated Departed_in_last_36_hours.xml
2025-10-29 23:18:57,575 - vessel_data_pipeline - INFO - Downloading Expected_arrivals.xml (attempt 1/3)
2025-10-29 23:18:57,836 - vessel_data_pipeline - INFO - File temp_Expected_arrivals.xml passed validation checks
2025-10-29 23:18:57,836 - vessel_data_pipeline - INFO - Created backup: Expected_arrivals_20251029_231857.xml
2025-10-29 23:18:57,837 - vessel_data_pipeline - INFO - Updated metadata for Expected_arrivals.xml
2025-10-29 23:18:57,837 - vessel_data_pipeline - INFO - Successfully downloaded and validated Expected_arrivals.xml
2025-10-29 23:18:59,843 - vessel_data_pipeline - INFO - Downloading Expected_departures.xml (attempt 1/3)
2025-10-29 23:19:00,140 - vessel_data_pipeline - INFO - File temp_Expected_departures.xml passed validation checks
2025-10-29 23:19:00,142 - vessel_data_pipeline - INFO - Created backup: Expected_departures_20251029_231900.xml
2025-10-29 23:19:00,142 - vessel_data_pipeline - INFO - Updated metadata for Expected_departures.xml
2025-10-29 23:19:00,143 - vessel_data_pipeline - INFO - Successfully downloaded and validated Expected_departures.xml
2025-10-29 23:19:02,146 - vessel_data_pipeline - INFO - Fetch operation completed. Results: {'Arrived_in_last_36_hours.xml': True, 'Departed_in_last_36_hours.xml': True, 'Expected_arrivals.xml': True, 'Expected_departures.xml': True}
2025-10-29 23:19:02,154 - vessel_data_pipeline - INFO - VesselDataFetcher initialized. Pipeline enabled: True
2025-10-29 23:19:02,161 - vessel_data_pipeline - INFO - Starting vessel data fetch operation
2025-10-29 23:19:02,162 - vessel_data_pipeline - INFO - Discovering XML files from Hong Kong Marine Department portal
2025-10-29 23:19:02,660 - vessel_data_pipeline - INFO - Verified access to Arrived_in_last_36_hours.xml
2025-10-29 23:19:03,390 - vessel_data_pipeline - INFO - Verified access to Departed_in_last_36_hours.xml
2025-10-29 23:19:03,656 - vessel_data_pipeline - INFO - Verified access to Expected_arrivals.xml
2025-10-29 23:19:04,162 - vessel_data_pipeline - INFO - Verified access to Expected_departures.xml
2025-10-29 23:19:04,162 - vessel_data_pipeline - INFO - Discovered 4 XML files for download
2025-10-29 23:19:04,162 - vessel_data_pipeline - INFO - Downloading Arrived_in_last_36_hours.xml (attempt 1/3)
2025-10-29 23:19:04,653 - vessel_data_pipeline - INFO - File temp_Arrived_in_last_36_hours.xml passed validation checks
2025-10-29 23:19:04,654 - vessel_data_pipeline - INFO - Created backup: Arrived_in_last_36_hours_20251029_231904.xml
2025-10-29 23:19:04,655 - vessel_data_pipeline - INFO - Updated metadata for Arrived_in_last_36_hours.xml
2025-10-29 23:19:04,656 - vessel_data_pipeline - INFO - Successfully downloaded and validated Arrived_in_last_36_hours.xml
2025-10-29 23:19:06,657 - vessel_data_pipeline - INFO - Downloading Departed_in_last_36_hours.xml (attempt 1/3)
2025-10-29 23:19:07,399 - vessel_data_pipeline - INFO - File temp_Departed_in_last_36_hours.xml passed validation checks
2025-10-29 23:19:07,400 - vessel_data_pipeline - INFO - Created backup: Departed_in_last_36_hours_20251029_231907.xml
2025-10-29 23:19:07,400 - vessel_data_pipeline - INFO - Updated metadata for Departed_in_last_36_hours.xml
2025-10-29 23:19:07,400 - vessel_data_pipeline - INFO - Successfully downloaded and validated Departed_in_last_36_hours.xml
2025-10-29 23:19:09,403 - vessel_data_pipeline - INFO - Downloading Expected_arrivals.xml (attempt 1/3)
2025-10-29 23:19:09,812 - vessel_data_pipeline - INFO - File temp_Expected_arrivals.xml passed validation checks
2025-10-29 23:19:09,812 - vessel_data_pipeline - INFO - Created backup: Expected_arrivals_20251029_231909.xml
2025-10-29 23:19:09,813 - vessel_data_pipeline - INFO - Updated metadata for Expected_arrivals.xml
2025-10-29 23:19:09,813 - vessel_data_pipeline - INFO - Successfully downloaded and validated Expected_arrivals.xml
2025-10-29 23:19:11,814 - vessel_data_pipeline - INFO - Downloading Expected_departures.xml (attempt 1/3)
2025-10-29 23:19:12,304 - vessel_data_pipeline - INFO - File temp_Expected_departures.xml passed validation checks
2025-10-29 23:19:12,305 - vessel_data_pipeline - INFO - Created backup: Expected_departures_20251029_231912.xml
2025-10-29 23:19:12,307 - vessel_data_pipeline - INFO - Updated metadata for Expected_departures.xml
2025-10-29 23:19:12,307 - vessel_data_pipeline - INFO - Successfully downloaded and validated Expected_departures.xml
2025-10-29 23:19:14,315 - vessel_data_pipeline - INFO - Fetch operation completed. Results: {'Arrived_in_last_36_hours.xml': True, 'Departed_in_last_36_hours.xml': True, 'Expected_arrivals.xml': True, 'Expected_departures.xml': True}
2025-10-29 23:19:17,227 - vessel_data_pipeline - INFO - VesselDataFetcher initialized. Pipeline enabled: True
2025-10-29 23:19:17,228 - vessel_data_pipeline - INFO - Starting vessel data fetch operation
2025-10-29 23:19:17,228 - vessel_data_pipeline - INFO - Discovering XML files from Hong Kong Marine Department portal
2025-10-29 23:19:17,546 - vessel_data_pipeline - INFO - Verified access to Arrived_in_last_36_hours.xml
2025-10-29 23:19:18,663 - vessel_data_pipeline - INFO - Verified access to Departed_in_last_36_hours.xml
2025-10-29 23:19:18,959 - vessel_data_pipeline - INFO - Verified access to Expected_arrivals.xml
2025-10-29 23:19:19,261 - vessel_data_pipeline - INFO - Verified access to Expected_departures.xml
2025-10-29 23:19:19,262 - vessel_data_pipeline - INFO - Discovered 4 XML files for download
2025-10-29 23:19:19,262 - vessel_data_pipeline - INFO - Downloading Arrived_in_last_36_hours.xml (attempt 1/3)
2025-10-29 23:19:19,734 - vessel_data_pipeline - INFO - File temp_Arrived_in_last_36_hours.xml passed validation checks
2025-10-29 23:19:19,736 - vessel_data_pipeline - INFO - Created backup: Arrived_in_last_36_hours_20251029_231919.xml
2025-10-29 23:19:19,737 - vessel_data_pipeline - INFO - Updated metadata for Arrived_in_last_36_hours.xml
2025-10-29 23:19:19,737 - vessel_data_pipeline - INFO - Successfully downloaded and validated Arrived_in_last_36_hours.xml
2025-10-29 23:19:21,740 - vessel_data_pipeline - INFO - Downloading Departed_in_last_36_hours.xml (attempt 1/3)
2025-10-29 23:19:22,467 - vessel_data_pipeline - INFO - File temp_Departed_in_last_36_hours.xml passed validation checks
2025-10-29 23:19:22,467 - vessel_data_pipeline - INFO - Created backup: Departed_in_last_36_hours_20251029_231922.xml
2025-10-29 23:19:22,468 - vessel_data_pipeline - INFO - Updated metadata for Departed_in_last_36_hours.xml
2025-10-29 23:19:22,468 - vessel_data_pipeline - INFO - Successfully downloaded and validated Departed_in_last_36_hours.xml
2025-10-29 23:19:24,478 - vessel_data_pipeline - INFO - Downloading Expected_arrivals.xml (attempt 1/3)
2025-10-29 23:19:24,764 - vessel_data_pipeline - INFO - File temp_Expected_arrivals.xml passed validation checks
2025-10-29 23:19:24,764 - vessel_data_pipeline - INFO - Created backup: Expected_arrivals_20251029_231924.xml
2025-10-29 23:19:24,764 - vessel_data_pipeline - INFO - Updated metadata for Expected_arrivals.xml
2025-10-29 23:19:24,765 - vessel_data_pipeline - INFO - Successfully downloaded and validated Expected_arrivals.xml
2025-10-29 23:19:26,766 - vessel_data_pipeline - INFO - Downloading Expected_departures.xml (attempt 1/3)
2025-10-29 23:19:27,039 - vessel_data_pipeline - INFO - File temp_Expected_departures.xml passed validation checks
2025-10-29 23:19:27,042 - vessel_data_pipeline - INFO - Created backup: Expected_departures_20251029_231927.xml
2025-10-29 23:19:27,043 - vessel_data_pipeline - INFO - Updated metadata for Expected_departures.xml
2025-10-29 23:19:27,043 - vessel_data_pipeline - INFO - Successfully downloaded and validated Expected_departures.xml
2025-10-29 23:19:29,043 - vessel_data_pipeline - INFO - Fetch operation completed. Results: {'Arrived_in_last_36_hours.xml': True, 'Departed_in_last_36_hours.xml': True, 'Expected_arrivals.xml': True, 'Expected_departures.xml': True}
2025-10-29 23:19:29,048 - vessel_data_pipeline - INFO - VesselDataFetcher initialized. Pipeline enabled: True
2025-10-29 23:19:29,048 - vessel_data_pipeline - INFO - Starting vessel data fetch operation
2025-10-29 23:19:29,048 - vessel_data_pipeline - INFO - Discovering XML files from Hong Kong Marine Department portal
2025-10-29 23:19:29,709 - vessel_data_pipeline - INFO - Verified access to Arrived_in_last_36_hours.xml
2025-10-29 23:19:30,375 - vessel_data_pipeline - INFO - Verified access to Departed_in_last_36_hours.xml
2025-10-29 23:19:31,351 - vessel_data_pipeline - INFO - Verified access to Expected_arrivals.xml
2025-10-29 23:19:31,659 - vessel_data_pipeline - INFO - Verified access to Expected_departures.xml
2025-10-29 23:19:31,659 - vessel_data_pipeline - INFO - Discovered 4 XML files for download
2025-10-29 23:19:31,659 - vessel_data_pipeline - INFO - Downloading Arrived_in_last_36_hours.xml (attempt 1/3)
2025-10-29 23:19:32,218 - vessel_data_pipeline - INFO - File temp_Arrived_in_last_36_hours.xml passed validation checks
2025-10-29 23:19:32,218 - vessel_data_pipeline - INFO - Created backup: Arrived_in_last_36_hours_20251029_231932.xml
2025-10-29 23:19:32,219 - vessel_data_pipeline - INFO - Updated metadata for Arrived_in_last_36_hours.xml
2025-10-29 23:19:32,219 - vessel_data_pipeline - INFO - Successfully downloaded and validated Arrived_in_last_36_hours.xml
2025-10-29 23:19:34,229 - vessel_data_pipeline - INFO - Downloading Departed_in_last_36_hours.xml (attempt 1/3)
2025-10-29 23:19:34,928 - vessel_data_pipeline - INFO - File temp_Departed_in_last_36_hours.xml passed validation checks
2025-10-29 23:19:34,929 - vessel_data_pipeline - INFO - Created backup: Departed_in_last_36_hours_20251029_231934.xml
2025-10-29 23:19:34,929 - vessel_data_pipeline - INFO - Updated metadata for Departed_in_last_36_hours.xml
2025-10-29 23:19:34,929 - vessel_data_pipeline - INFO - Successfully downloaded and validated Departed_in_last_36_hours.xml
2025-10-29 23:19:36,939 - vessel_data_pipeline - INFO - Downloading Expected_arrivals.xml (attempt 1/3)
2025-10-29 23:19:37,437 - vessel_data_pipeline - INFO - File temp_Expected_arrivals.xml passed validation checks
2025-10-29 23:19:37,438 - vessel_data_pipeline - INFO - Created backup: Expected_arrivals_20251029_231937.xml
2025-10-29 23:19:37,439 - vessel_data_pipeline - INFO - Updated metadata for Expected_arrivals.xml
2025-10-29 23:19:37,439 - vessel_data_pipeline - INFO - Successfully downloaded and validated Expected_arrivals.xml
2025-10-29 23:19:39,442 - vessel_data_pipeline - INFO - Downloading Expected_departures.xml (attempt 1/3)
2025-10-29 23:19:39,925 - vessel_data_pipeline - INFO - File temp_Expected_departures.xml passed validation checks
2025-10-29 23:19:39,926 - vessel_data_pipeline - INFO - Created backup: Expected_departures_20251029_231939.xml
2025-10-29 23:19:39,926 - vessel_data_pipeline - INFO - Updated metadata for Expected_departures.xml
2025-10-29 23:19:39,926 - vessel_data_pipeline - INFO - Successfully downloaded and validated Expected_departures.xml
2025-10-29 23:19:41,936 - vessel_data_pipeline - INFO - Fetch operation completed. Results: {'Arrived_in_last_36_hours.xml': True, 'Departed_in_last_36_hours.xml': True, 'Expected_arrivals.xml': True, 'Expected_departures.xml': True}
2025-10-29 23:19:41,959 - vessel_data_pipeline - INFO - VesselDataFetcher initialized. Pipeline enabled: True
2025-10-29 23:19:41,960 - vessel_data_pipeline - INFO - Starting vessel data fetch operation
2025-10-29 23:19:41,960 - vessel_data_pipeline - INFO - Discovering XML files from Hong Kong Marine Department portal
2025-10-29 23:19:42,475 - vessel_data_pipeline - INFO - Verified access to Arrived_in_last_36_hours.xml
2025-10-29 23:19:43,082 - vessel_data_pipeline - INFO - Verified access to Departed_in_last_36_hours.xml
2025-10-29 23:19:43,558 - vessel_data_pipeline - INFO - Verified access to Expected_arrivals.xml
2025-10-29 23:19:43,844 - vessel_data_pipeline - INFO - Verified access to Expected_departures.xml
2025-10-29 23:19:43,844 - vessel_data_pipeline - INFO - Discovered 4 XML files for download
2025-10-29 23:19:43,845 - vessel_data_pipeline - INFO - Downloading Arrived_in_last_36_hours.xml (attempt 1/3)
2025-10-29 23:19:44,297 - vessel_data_pipeline - INFO - File temp_Arrived_in_last_36_hours.xml passed validation checks
2025-10-29 23:19:44,299 - vessel_data_pipeline - INFO - Created backup: Arrived_in_last_36_hours_20251029_231944.xml
2025-10-29 23:19:44,300 - vessel_data_pipeline - INFO - Updated metadata for Arrived_in_last_36_hours.xml
2025-10-29 23:19:44,300 - vessel_data_pipeline - INFO - Successfully downloaded and validated Arrived_in_last_36_hours.xml
2025-10-29 23:19:46,306 - vessel_data_pipeline - INFO - Downloading Departed_in_last_36_hours.xml (attempt 1/3)
2025-10-29 23:19:46,606 - vessel_data_pipeline - INFO - File temp_Departed_in_last_36_hours.xml passed validation checks
2025-10-29 23:19:46,607 - vessel_data_pipeline - INFO - Created backup: Departed_in_last_36_hours_20251029_231946.xml
2025-10-29 23:19:46,607 - vessel_data_pipeline - INFO - Updated metadata for Departed_in_last_36_hours.xml
2025-10-29 23:19:46,607 - vessel_data_pipeline - INFO - Successfully downloaded and validated Departed_in_last_36_hours.xml
2025-10-29 23:19:48,609 - vessel_data_pipeline - INFO - Downloading Expected_arrivals.xml (attempt 1/3)
2025-10-29 23:19:48,892 - vessel_data_pipeline - INFO - File temp_Expected_arrivals.xml passed validation checks
2025-10-29 23:19:48,903 - vessel_data_pipeline - INFO - Created backup: Expected_arrivals_20251029_231948.xml
2025-10-29 23:19:48,908 - vessel_data_pipeline - INFO - Updated metadata for Expected_arrivals.xml
2025-10-29 23:19:48,908 - vessel_data_pipeline - INFO - Successfully downloaded and validated Expected_arrivals.xml
2025-10-29 23:19:50,924 - vessel_data_pipeline - INFO - Downloading Expected_departures.xml (attempt 1/3)
2025-10-29 23:19:51,404 - vessel_data_pipeline - INFO - File temp_Expected_departures.xml passed validation checks
2025-10-29 23:19:51,404 - vessel_data_pipeline - INFO - Created backup: Expected_departures_20251029_231951.xml
2025-10-29 23:19:51,405 - vessel_data_pipeline - INFO - Updated metadata for Expected_departures.xml
2025-10-29 23:19:51,405 - vessel_data_pipeline - INFO - Successfully downloaded and validated Expected_departures.xml
2025-10-29 23:19:53,415 - vessel_data_pipeline - INFO - Fetch operation completed. Results: {'Arrived_in_last_36_hours.xml': True, 'Departed_in_last_36_hours.xml': True, 'Expected_arrivals.xml': True, 'Expected_departures.xml': True}
2025-10-29 23:19:53,427 - vessel_data_pipeline - INFO - VesselDataFetcher initialized. Pipeline enabled: True
2025-10-29 23:19:53,428 - vessel_data_pipeline - INFO - Starting vessel data fetch operation
2025-10-29 23:19:53,428 - vessel_data_pipeline - INFO - Discovering XML files from Hong Kong Marine Department portal
2025-10-29 23:19:54,010 - vessel_data_pipeline - INFO - Verified access to Arrived_in_last_36_hours.xml
2025-10-29 23:19:54,476 - vessel_data_pipeline - INFO - Verified access to Departed_in_last_36_hours.xml
2025-10-29 23:19:55,210 - vessel_data_pipeline - INFO - Verified access to Expected_arrivals.xml
2025-10-29 23:19:55,523 - vessel_data_pipeline - INFO - Verified access to Expected_departures.xml
2025-10-29 23:19:55,524 - vessel_data_pipeline - INFO - Discovered 4 XML files for download
2025-10-29 23:19:55,524 - vessel_data_pipeline - INFO - Downloading Arrived_in_last_36_hours.xml (attempt 1/3)
2025-10-29 23:19:56,042 - vessel_data_pipeline - INFO - File temp_Arrived_in_last_36_hours.xml passed validation checks
2025-10-29 23:19:56,044 - vessel_data_pipeline - INFO - Created backup: Arrived_in_last_36_hours_20251029_231956.xml
2025-10-29 23:19:56,044 - vessel_data_pipeline - INFO - Updated metadata for Arrived_in_last_36_hours.xml
2025-10-29 23:19:56,044 - vessel_data_pipeline - INFO - Successfully downloaded and validated Arrived_in_last_36_hours.xml
2025-10-29 23:19:58,054 - vessel_data_pipeline - INFO - Downloading Departed_in_last_36_hours.xml (attempt 1/3)
2025-10-29 23:19:58,377 - vessel_data_pipeline - INFO - File temp_Departed_in_last_36_hours.xml passed validation checks
2025-10-29 23:19:58,377 - vessel_data_pipeline - INFO - Created backup: Departed_in_last_36_hours_20251029_231958.xml
2025-10-29 23:19:58,377 - vessel_data_pipeline - INFO - Updated metadata for Departed_in_last_36_hours.xml
2025-10-29 23:19:58,377 - vessel_data_pipeline - INFO - Successfully downloaded and validated Departed_in_last_36_hours.xml
2025-10-29 23:20:00,381 - vessel_data_pipeline - INFO - Downloading Expected_arrivals.xml (attempt 1/3)
2025-10-29 23:20:01,322 - vessel_data_pipeline - INFO - File temp_Expected_arrivals.xml passed validation checks
2025-10-29 23:20:01,325 - vessel_data_pipeline - INFO - Created backup: Expected_arrivals_20251029_232001.xml
2025-10-29 23:20:01,326 - vessel_data_pipeline - INFO - Updated metadata for Expected_arrivals.xml
2025-10-29 23:20:01,326 - vessel_data_pipeline - INFO - Successfully downloaded and validated Expected_arrivals.xml
2025-10-29 23:20:03,326 - vessel_data_pipeline - INFO - Downloading Expected_departures.xml (attempt 1/3)
2025-10-29 23:20:03,838 - vessel_data_pipeline - INFO - File temp_Expected_departures.xml passed validation checks
2025-10-29 23:20:03,839 - vessel_data_pipeline - INFO - Created backup: Expected_departures_20251029_232003.xml
2025-10-29 23:20:03,839 - vessel_data_pipeline - INFO - Updated metadata for Expected_departures.xml
2025-10-29 23:20:03,839 - vessel_data_pipeline - INFO - Successfully downloaded and validated Expected_departures.xml
2025-10-29 23:20:05,849 - vessel_data_pipeline - INFO - Fetch operation completed. Results: {'Arrived_in_last_36_hours.xml': True, 'Departed_in_last_36_hours.xml': True, 'Expected_arrivals.xml': True, 'Expected_departures.xml': True}
2025-10-29 23:22:13,072 - vessel_data_pipeline - INFO - VesselDataFetcher initialized. Pipeline enabled: True
2025-10-29 23:22:13,073 - vessel_data_pipeline - INFO - Starting vessel data fetch operation
2025-10-29 23:22:13,073 - vessel_data_pipeline - INFO - Discovering XML files from Hong Kong Marine Department portal
2025-10-29 23:22:13,392 - vessel_data_pipeline - INFO - Verified access to Arrived_in_last_36_hours.xml
2025-10-29 23:22:14,091 - vessel_data_pipeline - INFO - Verified access to Departed_in_last_36_hours.xml
2025-10-29 23:22:14,962 - vessel_data_pipeline - INFO - Verified access to Expected_arrivals.xml
2025-10-29 23:22:15,854 - vessel_data_pipeline - INFO - Verified access to Expected_departures.xml
2025-10-29 23:22:15,855 - vessel_data_pipeline - INFO - Discovered 4 XML files for download
2025-10-29 23:22:15,855 - vessel_data_pipeline - INFO - Downloading Arrived_in_last_36_hours.xml (attempt 1/3)
2025-10-29 23:22:16,236 - vessel_data_pipeline - INFO - File temp_Arrived_in_last_36_hours.xml passed validation checks
2025-10-29 23:22:16,237 - vessel_data_pipeline - INFO - Created backup: Arrived_in_last_36_hours_20251029_232216.xml
2025-10-29 23:22:16,237 - vessel_data_pipeline - INFO - Updated metadata for Arrived_in_last_36_hours.xml
2025-10-29 23:22:16,237 - vessel_data_pipeline - INFO - Successfully downloaded and validated Arrived_in_last_36_hours.xml
2025-10-29 23:22:18,248 - vessel_data_pipeline - INFO - Downloading Departed_in_last_36_hours.xml (attempt 1/3)
2025-10-29 23:22:18,720 - vessel_data_pipeline - INFO - File temp_Departed_in_last_36_hours.xml passed validation checks
2025-10-29 23:22:18,721 - vessel_data_pipeline - INFO - Created backup: Departed_in_last_36_hours_20251029_232218.xml
2025-10-29 23:22:18,721 - vessel_data_pipeline - INFO - Updated metadata for Departed_in_last_36_hours.xml
2025-10-29 23:22:18,721 - vessel_data_pipeline - INFO - Successfully downloaded and validated Departed_in_last_36_hours.xml
2025-10-29 23:22:20,728 - vessel_data_pipeline - INFO - Downloading Expected_arrivals.xml (attempt 1/3)
2025-10-29 23:22:21,014 - vessel_data_pipeline - INFO - File temp_Expected_arrivals.xml passed validation checks
2025-10-29 23:22:21,016 - vessel_data_pipeline - INFO - Created backup: Expected_arrivals_20251029_232221.xml
2025-10-29 23:22:21,017 - vessel_data_pipeline - INFO - Updated metadata for Expected_arrivals.xml
2025-10-29 23:22:21,017 - vessel_data_pipeline - INFO - Successfully downloaded and validated Expected_arrivals.xml
2025-10-29 23:22:23,018 - vessel_data_pipeline - INFO - Downloading Expected_departures.xml (attempt 1/3)
2025-10-29 23:22:23,715 - vessel_data_pipeline - INFO - File temp_Expected_departures.xml passed validation checks
2025-10-29 23:22:23,716 - vessel_data_pipeline - INFO - Created backup: Expected_departures_20251029_232223.xml
2025-10-29 23:22:23,716 - vessel_data_pipeline - INFO - Updated metadata for Expected_departures.xml
2025-10-29 23:22:23,716 - vessel_data_pipeline - INFO - Successfully downloaded and validated Expected_departures.xml
2025-10-29 23:22:25,718 - vessel_data_pipeline - INFO - Fetch operation completed. Results: {'Arrived_in_last_36_hours.xml': True, 'Departed_in_last_36_hours.xml': True, 'Expected_arrivals.xml': True, 'Expected_departures.xml': True}
2025-10-29 23:22:25,951 - vessel_data_pipeline - INFO - VesselDataFetcher initialized. Pipeline enabled: True
2025-10-29 23:22:25,952 - vessel_data_pipeline - INFO - Starting vessel data fetch operation
2025-10-29 23:22:25,952 - vessel_data_pipeline - INFO - Discovering XML files from Hong Kong Marine Department portal
2025-10-29 23:22:26,263 - vessel_data_pipeline - INFO - Verified access to Arrived_in_last_36_hours.xml
2025-10-29 23:22:26,516 - vessel_data_pipeline - INFO - Verified access to Departed_in_last_36_hours.xml
2025-10-29 23:22:27,045 - vessel_data_pipeline - INFO - Verified access to Expected_arrivals.xml
2025-10-29 23:22:27,303 - vessel_data_pipeline - INFO - Verified access to Expected_departures.xml
2025-10-29 23:22:27,304 - vessel_data_pipeline - INFO - Discovered 4 XML files for download
2025-10-29 23:22:27,304 - vessel_data_pipeline - INFO - Downloading Arrived_in_last_36_hours.xml (attempt 1/3)
2025-10-29 23:22:27,796 - vessel_data_pipeline - INFO - File temp_Arrived_in_last_36_hours.xml passed validation checks
2025-10-29 23:22:27,797 - vessel_data_pipeline - INFO - Created backup: Arrived_in_last_36_hours_20251029_232227.xml
2025-10-29 23:22:27,797 - vessel_data_pipeline - INFO - Updated metadata for Arrived_in_last_36_hours.xml
2025-10-29 23:22:27,797 - vessel_data_pipeline - INFO - Successfully downloaded and validated Arrived_in_last_36_hours.xml
2025-10-29 23:22:29,808 - vessel_data_pipeline - INFO - Downloading Departed_in_last_36_hours.xml (attempt 1/3)
2025-10-29 23:22:30,501 - vessel_data_pipeline - INFO - File temp_Departed_in_last_36_hours.xml passed validation checks
2025-10-29 23:22:30,502 - vessel_data_pipeline - INFO - Created backup: Departed_in_last_36_hours_20251029_232230.xml
2025-10-29 23:22:30,502 - vessel_data_pipeline - INFO - Updated metadata for Departed_in_last_36_hours.xml
2025-10-29 23:22:30,502 - vessel_data_pipeline - INFO - Successfully downloaded and validated Departed_in_last_36_hours.xml
2025-10-29 23:22:32,512 - vessel_data_pipeline - INFO - Downloading Expected_arrivals.xml (attempt 1/3)
2025-10-29 23:22:32,994 - vessel_data_pipeline - INFO - File temp_Expected_arrivals.xml passed validation checks
2025-10-29 23:22:32,994 - vessel_data_pipeline - INFO - Created backup: Expected_arrivals_20251029_232232.xml
2025-10-29 23:22:32,995 - vessel_data_pipeline - INFO - Updated metadata for Expected_arrivals.xml
2025-10-29 23:22:32,995 - vessel_data_pipeline - INFO - Successfully downloaded and validated Expected_arrivals.xml
2025-10-29 23:22:34,997 - vessel_data_pipeline - INFO - Downloading Expected_departures.xml (attempt 1/3)
2025-10-29 23:22:35,479 - vessel_data_pipeline - INFO - File temp_Expected_departures.xml passed validation checks
2025-10-29 23:22:35,479 - vessel_data_pipeline - INFO - Created backup: Expected_departures_20251029_232235.xml
2025-10-29 23:22:35,479 - vessel_data_pipeline - INFO - Updated metadata for Expected_departures.xml
2025-10-29 23:22:35,479 - vessel_data_pipeline - INFO - Successfully downloaded and validated Expected_departures.xml
2025-10-29 23:22:37,483 - vessel_data_pipeline - INFO - Fetch operation completed. Results: {'Arrived_in_last_36_hours.xml': True, 'Departed_in_last_36_hours.xml': True, 'Expected_arrivals.xml': True, 'Expected_departures.xml': True}
2025-10-29 23:22:37,503 - vessel_data_pipeline - INFO - VesselDataFetcher initialized. Pipeline enabled: True
2025-10-29 23:22:37,507 - vessel_data_pipeline - INFO - Starting vessel data fetch operation
2025-10-29 23:22:37,507 - vessel_data_pipeline - INFO - Discovering XML files from Hong Kong Marine Department portal
2025-10-29 23:22:37,928 - vessel_data_pipeline - INFO - Verified access to Arrived_in_last_36_hours.xml
2025-10-29 23:22:38,853 - vessel_data_pipeline - INFO - Verified access to Departed_in_last_36_hours.xml
2025-10-29 23:22:39,368 - vessel_data_pipeline - INFO - Verified access to Expected_arrivals.xml
2025-10-29 23:22:39,635 - vessel_data_pipeline - INFO - Verified access to Expected_departures.xml
2025-10-29 23:22:39,636 - vessel_data_pipeline - INFO - Discovered 4 XML files for download
2025-10-29 23:22:39,637 - vessel_data_pipeline - INFO - Downloading Arrived_in_last_36_hours.xml (attempt 1/3)
2025-10-29 23:22:39,915 - vessel_data_pipeline - INFO - File temp_Arrived_in_last_36_hours.xml passed validation checks
2025-10-29 23:22:39,916 - vessel_data_pipeline - INFO - Created backup: Arrived_in_last_36_hours_20251029_232239.xml
2025-10-29 23:22:39,916 - vessel_data_pipeline - INFO - Updated metadata for Arrived_in_last_36_hours.xml
2025-10-29 23:22:39,916 - vessel_data_pipeline - INFO - Successfully downloaded and validated Arrived_in_last_36_hours.xml
2025-10-29 23:22:41,918 - vessel_data_pipeline - INFO - Downloading Departed_in_last_36_hours.xml (attempt 1/3)
2025-10-29 23:22:42,225 - vessel_data_pipeline - INFO - File temp_Departed_in_last_36_hours.xml passed validation checks
2025-10-29 23:22:42,225 - vessel_data_pipeline - INFO - Created backup: Departed_in_last_36_hours_20251029_232242.xml
2025-10-29 23:22:42,226 - vessel_data_pipeline - INFO - Updated metadata for Departed_in_last_36_hours.xml
2025-10-29 23:22:42,226 - vessel_data_pipeline - INFO - Successfully downloaded and validated Departed_in_last_36_hours.xml
2025-10-29 23:22:44,229 - vessel_data_pipeline - INFO - Downloading Expected_arrivals.xml (attempt 1/3)
2025-10-29 23:22:44,515 - vessel_data_pipeline - INFO - File temp_Expected_arrivals.xml passed validation checks
2025-10-29 23:22:44,516 - vessel_data_pipeline - INFO - Created backup: Expected_arrivals_20251029_232244.xml
2025-10-29 23:22:44,516 - vessel_data_pipeline - INFO - Updated metadata for Expected_arrivals.xml
2025-10-29 23:22:44,516 - vessel_data_pipeline - INFO - Successfully downloaded and validated Expected_arrivals.xml
2025-10-29 23:22:46,519 - vessel_data_pipeline - INFO - Downloading Expected_departures.xml (attempt 1/3)
2025-10-29 23:22:46,580 - vessel_data_pipeline - INFO - File temp_Expected_departures.xml passed validation checks
2025-10-29 23:22:46,580 - vessel_data_pipeline - INFO - Created backup: Expected_departures_20251029_232246.xml
2025-10-29 23:22:46,580 - vessel_data_pipeline - INFO - Updated metadata for Expected_departures.xml
2025-10-29 23:22:46,580 - vessel_data_pipeline - INFO - Successfully downloaded and validated Expected_departures.xml
2025-10-29 23:22:48,590 - vessel_data_pipeline - INFO - Fetch operation completed. Results: {'Arrived_in_last_36_hours.xml': True, 'Departed_in_last_36_hours.xml': True, 'Expected_arrivals.xml': True, 'Expected_departures.xml': True}
2025-10-29 23:22:51,409 - vessel_data_pipeline - INFO - VesselDataFetcher initialized. Pipeline enabled: True
2025-10-29 23:22:51,409 - vessel_data_pipeline - INFO - Starting vessel data fetch operation
2025-10-29 23:22:51,409 - vessel_data_pipeline - INFO - Discovering XML files from Hong Kong Marine Department portal
2025-10-29 23:22:51,728 - vessel_data_pipeline - INFO - Verified access to Arrived_in_last_36_hours.xml
2025-10-29 23:22:52,466 - vessel_data_pipeline - INFO - Verified access to Departed_in_last_36_hours.xml
2025-10-29 23:22:52,928 - vessel_data_pipeline - INFO - Verified access to Expected_arrivals.xml
2025-10-29 23:22:52,963 - vessel_data_pipeline - INFO - Verified access to Expected_departures.xml
2025-10-29 23:22:52,963 - vessel_data_pipeline - INFO - Discovered 4 XML files for download
2025-10-29 23:22:52,963 - vessel_data_pipeline - INFO - Downloading Arrived_in_last_36_hours.xml (attempt 1/3)
2025-10-29 23:22:53,688 - vessel_data_pipeline - INFO - File temp_Arrived_in_last_36_hours.xml passed validation checks
2025-10-29 23:22:53,688 - vessel_data_pipeline - INFO - Created backup: Arrived_in_last_36_hours_20251029_232253.xml
2025-10-29 23:22:53,689 - vessel_data_pipeline - INFO - Updated metadata for Arrived_in_last_36_hours.xml
2025-10-29 23:22:53,689 - vessel_data_pipeline - INFO - Successfully downloaded and validated Arrived_in_last_36_hours.xml
2025-10-29 23:22:55,694 - vessel_data_pipeline - INFO - Downloading Departed_in_last_36_hours.xml (attempt 1/3)
2025-10-29 23:22:55,995 - vessel_data_pipeline - INFO - File temp_Departed_in_last_36_hours.xml passed validation checks
2025-10-29 23:22:55,995 - vessel_data_pipeline - INFO - Created backup: Departed_in_last_36_hours_20251029_232255.xml
2025-10-29 23:22:55,996 - vessel_data_pipeline - INFO - Updated metadata for Departed_in_last_36_hours.xml
2025-10-29 23:22:55,996 - vessel_data_pipeline - INFO - Successfully downloaded and validated Departed_in_last_36_hours.xml
2025-10-29 23:22:58,005 - vessel_data_pipeline - INFO - Downloading Expected_arrivals.xml (attempt 1/3)
2025-10-29 23:22:58,482 - vessel_data_pipeline - INFO - File temp_Expected_arrivals.xml passed validation checks
2025-10-29 23:22:58,483 - vessel_data_pipeline - INFO - Created backup: Expected_arrivals_20251029_232258.xml
2025-10-29 23:22:58,483 - vessel_data_pipeline - INFO - Updated metadata for Expected_arrivals.xml
2025-10-29 23:22:58,483 - vessel_data_pipeline - INFO - Successfully downloaded and validated Expected_arrivals.xml
2025-10-29 23:23:00,493 - vessel_data_pipeline - INFO - Downloading Expected_departures.xml (attempt 1/3)
2025-10-29 23:23:00,773 - vessel_data_pipeline - INFO - File temp_Expected_departures.xml passed validation checks
2025-10-29 23:23:00,774 - vessel_data_pipeline - INFO - Created backup: Expected_departures_20251029_232300.xml
2025-10-29 23:23:00,774 - vessel_data_pipeline - INFO - Updated metadata for Expected_departures.xml
2025-10-29 23:23:00,774 - vessel_data_pipeline - INFO - Successfully downloaded and validated Expected_departures.xml
2025-10-29 23:23:02,784 - vessel_data_pipeline - INFO - Fetch operation completed. Results: {'Arrived_in_last_36_hours.xml': True, 'Departed_in_last_36_hours.xml': True, 'Expected_arrivals.xml': True, 'Expected_departures.xml': True}
2025-10-29 23:23:02,795 - vessel_data_pipeline - INFO - VesselDataFetcher initialized. Pipeline enabled: True
2025-10-29 23:23:02,795 - vessel_data_pipeline - INFO - Starting vessel data fetch operation
2025-10-29 23:23:02,795 - vessel_data_pipeline - INFO - Discovering XML files from Hong Kong Marine Department portal
2025-10-29 23:23:03,306 - vessel_data_pipeline - INFO - Verified access to Arrived_in_last_36_hours.xml
2025-10-29 23:23:04,584 - vessel_data_pipeline - INFO - Verified access to Departed_in_last_36_hours.xml
2025-10-29 23:23:04,621 - vessel_data_pipeline - INFO - Verified access to Expected_arrivals.xml
2025-10-29 23:23:05,169 - vessel_data_pipeline - INFO - Verified access to Expected_departures.xml
2025-10-29 23:23:05,169 - vessel_data_pipeline - INFO - Discovered 4 XML files for download
2025-10-29 23:23:05,170 - vessel_data_pipeline - INFO - Downloading Arrived_in_last_36_hours.xml (attempt 1/3)
2025-10-29 23:23:05,882 - vessel_data_pipeline - INFO - File temp_Arrived_in_last_36_hours.xml passed validation checks
2025-10-29 23:23:05,884 - vessel_data_pipeline - INFO - Created backup: Arrived_in_last_36_hours_20251029_232305.xml
2025-10-29 23:23:05,885 - vessel_data_pipeline - INFO - Updated metadata for Arrived_in_last_36_hours.xml
2025-10-29 23:23:05,885 - vessel_data_pipeline - INFO - Successfully downloaded and validated Arrived_in_last_36_hours.xml
2025-10-29 23:23:07,895 - vessel_data_pipeline - INFO - Downloading Departed_in_last_36_hours.xml (attempt 1/3)
2025-10-29 23:23:08,577 - vessel_data_pipeline - INFO - File temp_Departed_in_last_36_hours.xml passed validation checks
2025-10-29 23:23:08,580 - vessel_data_pipeline - INFO - Created backup: Departed_in_last_36_hours_20251029_232308.xml
2025-10-29 23:23:08,581 - vessel_data_pipeline - INFO - Updated metadata for Departed_in_last_36_hours.xml
2025-10-29 23:23:08,581 - vessel_data_pipeline - INFO - Successfully downloaded and validated Departed_in_last_36_hours.xml
2025-10-29 23:23:10,591 - vessel_data_pipeline - INFO - Downloading Expected_arrivals.xml (attempt 1/3)
2025-10-29 23:23:10,866 - vessel_data_pipeline - INFO - File temp_Expected_arrivals.xml passed validation checks
2025-10-29 23:23:10,866 - vessel_data_pipeline - INFO - Created backup: Expected_arrivals_20251029_232310.xml
2025-10-29 23:23:10,866 - vessel_data_pipeline - INFO - Updated metadata for Expected_arrivals.xml
2025-10-29 23:23:10,866 - vessel_data_pipeline - INFO - Successfully downloaded and validated Expected_arrivals.xml
2025-10-29 23:23:12,876 - vessel_data_pipeline - INFO - Downloading Expected_departures.xml (attempt 1/3)
2025-10-29 23:23:13,155 - vessel_data_pipeline - INFO - File temp_Expected_departures.xml passed validation checks
2025-10-29 23:23:13,157 - vessel_data_pipeline - INFO - Created backup: Expected_departures_20251029_232313.xml
2025-10-29 23:23:13,157 - vessel_data_pipeline - INFO - Updated metadata for Expected_departures.xml
2025-10-29 23:23:13,157 - vessel_data_pipeline - INFO - Successfully downloaded and validated Expected_departures.xml
2025-10-29 23:23:15,167 - vessel_data_pipeline - INFO - Fetch operation completed. Results: {'Arrived_in_last_36_hours.xml': True, 'Departed_in_last_36_hours.xml': True, 'Expected_arrivals.xml': True, 'Expected_departures.xml': True}
2025-10-29 23:23:15,178 - vessel_data_pipeline - INFO - VesselDataFetcher initialized. Pipeline enabled: True
2025-10-29 23:23:15,178 - vessel_data_pipeline - INFO - Starting vessel data fetch operation
2025-10-29 23:23:15,178 - vessel_data_pipeline - INFO - Discovering XML files from Hong Kong Marine Department portal
2025-10-29 23:23:15,723 - vessel_data_pipeline - INFO - Verified access to Arrived_in_last_36_hours.xml
2025-10-29 23:23:16,201 - vessel_data_pipeline - INFO - Verified access to Departed_in_last_36_hours.xml
2025-10-29 23:23:16,462 - vessel_data_pipeline - INFO - Verified access to Expected_arrivals.xml
2025-10-29 23:23:16,721 - vessel_data_pipeline - INFO - Verified access to Expected_departures.xml
2025-10-29 23:23:16,722 - vessel_data_pipeline - INFO - Discovered 4 XML files for download
2025-10-29 23:23:16,722 - vessel_data_pipeline - INFO - Downloading Arrived_in_last_36_hours.xml (attempt 1/3)
2025-10-29 23:23:17,613 - vessel_data_pipeline - INFO - File temp_Arrived_in_last_36_hours.xml passed validation checks
2025-10-29 23:23:17,615 - vessel_data_pipeline - INFO - Created backup: Arrived_in_last_36_hours_20251029_232317.xml
2025-10-29 23:23:17,616 - vessel_data_pipeline - INFO - Updated metadata for Arrived_in_last_36_hours.xml
2025-10-29 23:23:17,616 - vessel_data_pipeline - INFO - Successfully downloaded and validated Arrived_in_last_36_hours.xml
2025-10-29 23:23:19,618 - vessel_data_pipeline - INFO - Downloading Departed_in_last_36_hours.xml (attempt 1/3)
2025-10-29 23:23:20,346 - vessel_data_pipeline - INFO - File temp_Departed_in_last_36_hours.xml passed validation checks
2025-10-29 23:23:20,347 - vessel_data_pipeline - INFO - Created backup: Departed_in_last_36_hours_20251029_232320.xml
2025-10-29 23:23:20,347 - vessel_data_pipeline - INFO - Updated metadata for Departed_in_last_36_hours.xml
2025-10-29 23:23:20,347 - vessel_data_pipeline - INFO - Successfully downloaded and validated Departed_in_last_36_hours.xml
2025-10-29 23:23:22,347 - vessel_data_pipeline - INFO - Downloading Expected_arrivals.xml (attempt 1/3)
2025-10-29 23:23:22,882 - vessel_data_pipeline - INFO - File temp_Expected_arrivals.xml passed validation checks
2025-10-29 23:23:22,883 - vessel_data_pipeline - INFO - Created backup: Expected_arrivals_20251029_232322.xml
2025-10-29 23:23:22,883 - vessel_data_pipeline - INFO - Updated metadata for Expected_arrivals.xml
2025-10-29 23:23:22,883 - vessel_data_pipeline - INFO - Successfully downloaded and validated Expected_arrivals.xml
2025-10-29 23:23:24,893 - vessel_data_pipeline - INFO - Downloading Expected_departures.xml (attempt 1/3)
2025-10-29 23:23:25,391 - vessel_data_pipeline - INFO - File temp_Expected_departures.xml passed validation checks
2025-10-29 23:23:25,391 - vessel_data_pipeline - INFO - Created backup: Expected_departures_20251029_232325.xml
2025-10-29 23:23:25,392 - vessel_data_pipeline - INFO - Updated metadata for Expected_departures.xml
2025-10-29 23:23:25,392 - vessel_data_pipeline - INFO - Successfully downloaded and validated Expected_departures.xml
2025-10-29 23:23:27,402 - vessel_data_pipeline - INFO - Fetch operation completed. Results: {'Arrived_in_last_36_hours.xml': True, 'Departed_in_last_36_hours.xml': True, 'Expected_arrivals.xml': True, 'Expected_departures.xml': True}
2025-10-29 23:23:27,414 - vessel_data_pipeline - INFO - VesselDataFetcher initialized. Pipeline enabled: True
2025-10-29 23:23:27,416 - vessel_data_pipeline - INFO - Starting vessel data fetch operation
2025-10-29 23:23:27,416 - vessel_data_pipeline - INFO - Discovering XML files from Hong Kong Marine Department portal
2025-10-29 23:23:28,049 - vessel_data_pipeline - INFO - Verified access to Arrived_in_last_36_hours.xml
2025-10-29 23:23:28,532 - vessel_data_pipeline - INFO - Verified access to Departed_in_last_36_hours.xml
2025-10-29 23:23:28,819 - vessel_data_pipeline - INFO - Verified access to Expected_arrivals.xml
2025-10-29 23:23:29,111 - vessel_data_pipeline - INFO - Verified access to Expected_departures.xml
2025-10-29 23:23:29,112 - vessel_data_pipeline - INFO - Discovered 4 XML files for download
2025-10-29 23:23:29,112 - vessel_data_pipeline - INFO - Downloading Arrived_in_last_36_hours.xml (attempt 1/3)
2025-10-29 23:23:29,638 - vessel_data_pipeline - INFO - File temp_Arrived_in_last_36_hours.xml passed validation checks
2025-10-29 23:23:29,639 - vessel_data_pipeline - INFO - Created backup: Arrived_in_last_36_hours_20251029_232329.xml
2025-10-29 23:23:29,639 - vessel_data_pipeline - INFO - Updated metadata for Arrived_in_last_36_hours.xml
2025-10-29 23:23:29,639 - vessel_data_pipeline - INFO - Successfully downloaded and validated Arrived_in_last_36_hours.xml
2025-10-29 23:23:31,646 - vessel_data_pipeline - INFO - Downloading Departed_in_last_36_hours.xml (attempt 1/3)
2025-10-29 23:23:32,388 - vessel_data_pipeline - INFO - File temp_Departed_in_last_36_hours.xml passed validation checks
2025-10-29 23:23:32,388 - vessel_data_pipeline - INFO - Created backup: Departed_in_last_36_hours_20251029_232332.xml
2025-10-29 23:23:32,389 - vessel_data_pipeline - INFO - Updated metadata for Departed_in_last_36_hours.xml
2025-10-29 23:23:32,389 - vessel_data_pipeline - INFO - Successfully downloaded and validated Departed_in_last_36_hours.xml
2025-10-29 23:23:34,392 - vessel_data_pipeline - INFO - Downloading Expected_arrivals.xml (attempt 1/3)
2025-10-29 23:23:35,180 - vessel_data_pipeline - INFO - File temp_Expected_arrivals.xml passed validation checks
2025-10-29 23:23:35,181 - vessel_data_pipeline - INFO - Created backup: Expected_arrivals_20251029_232335.xml
2025-10-29 23:23:35,182 - vessel_data_pipeline - INFO - Updated metadata for Expected_arrivals.xml
2025-10-29 23:23:35,182 - vessel_data_pipeline - INFO - Successfully downloaded and validated Expected_arrivals.xml
2025-10-29 23:23:37,193 - vessel_data_pipeline - INFO - Downloading Expected_departures.xml (attempt 1/3)
2025-10-29 23:23:37,996 - vessel_data_pipeline - INFO - File temp_Expected_departures.xml passed validation checks
2025-10-29 23:23:37,996 - vessel_data_pipeline - INFO - Created backup: Expected_departures_20251029_232337.xml
2025-10-29 23:23:37,997 - vessel_data_pipeline - INFO - Updated metadata for Expected_departures.xml
2025-10-29 23:23:37,997 - vessel_data_pipeline - INFO - Successfully downloaded and validated Expected_departures.xml
2025-10-29 23:23:40,007 - vessel_data_pipeline - INFO - Fetch operation completed. Results: {'Arrived_in_last_36_hours.xml': True, 'Departed_in_last_36_hours.xml': True, 'Expected_arrivals.xml': True, 'Expected_departures.xml': True}
2025-10-29 23:25:38,495 - vessel_data_pipeline - INFO - VesselDataFetcher initialized. Pipeline enabled: True
2025-10-29 23:25:38,495 - vessel_data_pipeline - INFO - Starting vessel data fetch operation
2025-10-29 23:25:38,495 - vessel_data_pipeline - INFO - Discovering XML files from Hong Kong Marine Department portal
2025-10-29 23:25:38,863 - vessel_data_pipeline - INFO - Verified access to Arrived_in_last_36_hours.xml
2025-10-29 23:25:39,578 - vessel_data_pipeline - INFO - Verified access to Departed_in_last_36_hours.xml
2025-10-29 23:25:39,894 - vessel_data_pipeline - INFO - Verified access to Expected_arrivals.xml
2025-10-29 23:25:40,182 - vessel_data_pipeline - INFO - Verified access to Expected_departures.xml
2025-10-29 23:25:40,182 - vessel_data_pipeline - INFO - Discovered 4 XML files for download
2025-10-29 23:25:40,182 - vessel_data_pipeline - INFO - Downloading Arrived_in_last_36_hours.xml (attempt 1/3)
2025-10-29 23:25:40,449 - vessel_data_pipeline - INFO - File temp_Arrived_in_last_36_hours.xml passed validation checks
2025-10-29 23:25:40,450 - vessel_data_pipeline - INFO - Created backup: Arrived_in_last_36_hours_20251029_232540.xml
2025-10-29 23:25:40,451 - vessel_data_pipeline - INFO - Updated metadata for Arrived_in_last_36_hours.xml
2025-10-29 23:25:40,451 - vessel_data_pipeline - INFO - Successfully downloaded and validated Arrived_in_last_36_hours.xml
2025-10-29 23:25:42,461 - vessel_data_pipeline - INFO - Downloading Departed_in_last_36_hours.xml (attempt 1/3)
2025-10-29 23:25:42,774 - vessel_data_pipeline - INFO - File temp_Departed_in_last_36_hours.xml passed validation checks
2025-10-29 23:25:42,774 - vessel_data_pipeline - INFO - Created backup: Departed_in_last_36_hours_20251029_232542.xml
2025-10-29 23:25:42,775 - vessel_data_pipeline - INFO - Updated metadata for Departed_in_last_36_hours.xml
2025-10-29 23:25:42,775 - vessel_data_pipeline - INFO - Successfully downloaded and validated Departed_in_last_36_hours.xml
2025-10-29 23:25:44,785 - vessel_data_pipeline - INFO - Downloading Expected_arrivals.xml (attempt 1/3)
2025-10-29 23:25:45,115 - vessel_data_pipeline - INFO - File temp_Expected_arrivals.xml passed validation checks
2025-10-29 23:25:45,117 - vessel_data_pipeline - INFO - Created backup: Expected_arrivals_20251029_232545.xml
2025-10-29 23:25:45,117 - vessel_data_pipeline - INFO - Updated metadata for Expected_arrivals.xml
2025-10-29 23:25:45,117 - vessel_data_pipeline - INFO - Successfully downloaded and validated Expected_arrivals.xml
2025-10-29 23:25:47,121 - vessel_data_pipeline - INFO - Downloading Expected_departures.xml (attempt 1/3)
2025-10-29 23:25:47,402 - vessel_data_pipeline - INFO - File temp_Expected_departures.xml passed validation checks
2025-10-29 23:25:47,403 - vessel_data_pipeline - INFO - Created backup: Expected_departures_20251029_232547.xml
2025-10-29 23:25:47,403 - vessel_data_pipeline - INFO - Updated metadata for Expected_departures.xml
2025-10-29 23:25:47,403 - vessel_data_pipeline - INFO - Successfully downloaded and validated Expected_departures.xml
2025-10-29 23:25:49,406 - vessel_data_pipeline - INFO - Fetch operation completed. Results: {'Arrived_in_last_36_hours.xml': True, 'Departed_in_last_36_hours.xml': True, 'Expected_arrivals.xml': True, 'Expected_departures.xml': True}
2025-10-29 23:25:49,675 - vessel_data_pipeline - INFO - VesselDataFetcher initialized. Pipeline enabled: True
2025-10-29 23:25:49,677 - vessel_data_pipeline - INFO - Starting vessel data fetch operation
2025-10-29 23:25:49,677 - vessel_data_pipeline - INFO - Discovering XML files from Hong Kong Marine Department portal
2025-10-29 23:25:50,370 - vessel_data_pipeline - INFO - Verified access to Arrived_in_last_36_hours.xml
2025-10-29 23:25:50,787 - vessel_data_pipeline - INFO - Verified access to Departed_in_last_36_hours.xml
2025-10-29 23:25:51,260 - vessel_data_pipeline - INFO - Verified access to Expected_arrivals.xml
2025-10-29 23:25:51,744 - vessel_data_pipeline - INFO - Verified access to Expected_departures.xml
2025-10-29 23:25:51,745 - vessel_data_pipeline - INFO - Discovered 4 XML files for download
2025-10-29 23:25:51,745 - vessel_data_pipeline - INFO - Downloading Arrived_in_last_36_hours.xml (attempt 1/3)
2025-10-29 23:25:52,102 - vessel_data_pipeline - INFO - File temp_Arrived_in_last_36_hours.xml passed validation checks
2025-10-29 23:25:52,103 - vessel_data_pipeline - INFO - Created backup: Arrived_in_last_36_hours_20251029_232552.xml
2025-10-29 23:25:52,103 - vessel_data_pipeline - INFO - Updated metadata for Arrived_in_last_36_hours.xml
2025-10-29 23:25:52,103 - vessel_data_pipeline - INFO - Successfully downloaded and validated Arrived_in_last_36_hours.xml
2025-10-29 23:25:54,114 - vessel_data_pipeline - INFO - Downloading Departed_in_last_36_hours.xml (attempt 1/3)
2025-10-29 23:25:54,806 - vessel_data_pipeline - INFO - File temp_Departed_in_last_36_hours.xml passed validation checks
2025-10-29 23:25:54,806 - vessel_data_pipeline - INFO - Created backup: Departed_in_last_36_hours_20251029_232554.xml
2025-10-29 23:25:54,807 - vessel_data_pipeline - INFO - Updated metadata for Departed_in_last_36_hours.xml
2025-10-29 23:25:54,807 - vessel_data_pipeline - INFO - Successfully downloaded and validated Departed_in_last_36_hours.xml
2025-10-29 23:25:56,817 - vessel_data_pipeline - INFO - Downloading Expected_arrivals.xml (attempt 1/3)
2025-10-29 23:25:56,889 - vessel_data_pipeline - INFO - File temp_Expected_arrivals.xml passed validation checks
2025-10-29 23:25:56,891 - vessel_data_pipeline - INFO - Created backup: Expected_arrivals_20251029_232556.xml
2025-10-29 23:25:56,892 - vessel_data_pipeline - INFO - Updated metadata for Expected_arrivals.xml
2025-10-29 23:25:56,892 - vessel_data_pipeline - INFO - Successfully downloaded and validated Expected_arrivals.xml
2025-10-29 23:25:58,903 - vessel_data_pipeline - INFO - Downloading Expected_departures.xml (attempt 1/3)
2025-10-29 23:25:59,404 - vessel_data_pipeline - INFO - File temp_Expected_departures.xml passed validation checks
2025-10-29 23:25:59,406 - vessel_data_pipeline - INFO - Created backup: Expected_departures_20251029_232559.xml
2025-10-29 23:25:59,407 - vessel_data_pipeline - INFO - Updated metadata for Expected_departures.xml
2025-10-29 23:25:59,407 - vessel_data_pipeline - INFO - Successfully downloaded and validated Expected_departures.xml
2025-10-29 23:26:01,417 - vessel_data_pipeline - INFO - Fetch operation completed. Results: {'Arrived_in_last_36_hours.xml': True, 'Departed_in_last_36_hours.xml': True, 'Expected_arrivals.xml': True, 'Expected_departures.xml': True}
2025-10-29 23:26:01,424 - vessel_data_pipeline - INFO - VesselDataFetcher initialized. Pipeline enabled: True
2025-10-29 23:26:01,427 - vessel_data_pipeline - INFO - Starting vessel data fetch operation
2025-10-29 23:26:01,427 - vessel_data_pipeline - INFO - Discovering XML files from Hong Kong Marine Department portal
2025-10-29 23:26:02,021 - vessel_data_pipeline - INFO - Verified access to Arrived_in_last_36_hours.xml
2025-10-29 23:26:02,771 - vessel_data_pipeline - INFO - Verified access to Departed_in_last_36_hours.xml
2025-10-29 23:26:03,747 - vessel_data_pipeline - INFO - Verified access to Expected_arrivals.xml
2025-10-29 23:26:04,000 - vessel_data_pipeline - INFO - Verified access to Expected_departures.xml
2025-10-29 23:26:04,000 - vessel_data_pipeline - INFO - Discovered 4 XML files for download
2025-10-29 23:26:04,001 - vessel_data_pipeline - INFO - Downloading Arrived_in_last_36_hours.xml (attempt 1/3)
2025-10-29 23:26:04,283 - vessel_data_pipeline - INFO - File temp_Arrived_in_last_36_hours.xml passed validation checks
2025-10-29 23:26:04,284 - vessel_data_pipeline - INFO - Created backup: Arrived_in_last_36_hours_20251029_232604.xml
2025-10-29 23:26:04,285 - vessel_data_pipeline - INFO - Updated metadata for Arrived_in_last_36_hours.xml
2025-10-29 23:26:04,285 - vessel_data_pipeline - INFO - Successfully downloaded and validated Arrived_in_last_36_hours.xml
2025-10-29 23:26:06,295 - vessel_data_pipeline - INFO - Downloading Departed_in_last_36_hours.xml (attempt 1/3)
2025-10-29 23:26:07,244 - vessel_data_pipeline - INFO - File temp_Departed_in_last_36_hours.xml passed validation checks
2025-10-29 23:26:07,246 - vessel_data_pipeline - INFO - Created backup: Departed_in_last_36_hours_20251029_232607.xml
2025-10-29 23:26:07,246 - vessel_data_pipeline - INFO - Updated metadata for Departed_in_last_36_hours.xml
2025-10-29 23:26:07,247 - vessel_data_pipeline - INFO - Successfully downloaded and validated Departed_in_last_36_hours.xml
2025-10-29 23:26:09,248 - vessel_data_pipeline - INFO - Downloading Expected_arrivals.xml (attempt 1/3)
2025-10-29 23:26:09,523 - vessel_data_pipeline - INFO - File temp_Expected_arrivals.xml passed validation checks
2025-10-29 23:26:09,524 - vessel_data_pipeline - INFO - Created backup: Expected_arrivals_20251029_232609.xml
2025-10-29 23:26:09,524 - vessel_data_pipeline - INFO - Updated metadata for Expected_arrivals.xml
2025-10-29 23:26:09,524 - vessel_data_pipeline - INFO - Successfully downloaded and validated Expected_arrivals.xml
2025-10-29 23:26:11,527 - vessel_data_pipeline - INFO - Downloading Expected_departures.xml (attempt 1/3)
2025-10-29 23:26:12,313 - vessel_data_pipeline - INFO - File temp_Expected_departures.xml passed validation checks
2025-10-29 23:26:12,313 - vessel_data_pipeline - INFO - Created backup: Expected_departures_20251029_232612.xml
2025-10-29 23:26:12,314 - vessel_data_pipeline - INFO - Updated metadata for Expected_departures.xml
2025-10-29 23:26:12,314 - vessel_data_pipeline - INFO - Successfully downloaded and validated Expected_departures.xml
2025-10-29 23:26:14,324 - vessel_data_pipeline - INFO - Fetch operation completed. Results: {'Arrived_in_last_36_hours.xml': True, 'Departed_in_last_36_hours.xml': True, 'Expected_arrivals.xml': True, 'Expected_departures.xml': True}
2025-10-29 23:26:17,149 - vessel_data_pipeline - INFO - VesselDataFetcher initialized. Pipeline enabled: True
2025-10-29 23:26:17,150 - vessel_data_pipeline - INFO - Starting vessel data fetch operation
2025-10-29 23:26:17,150 - vessel_data_pipeline - INFO - Discovering XML files from Hong Kong Marine Department portal
2025-10-29 23:26:17,459 - vessel_data_pipeline - INFO - Verified access to Arrived_in_last_36_hours.xml
2025-10-29 23:26:17,913 - vessel_data_pipeline - INFO - Verified access to Departed_in_last_36_hours.xml
2025-10-29 23:26:18,369 - vessel_data_pipeline - INFO - Verified access to Expected_arrivals.xml
2025-10-29 23:26:18,839 - vessel_data_pipeline - INFO - Verified access to Expected_departures.xml
2025-10-29 23:26:18,840 - vessel_data_pipeline - INFO - Discovered 4 XML files for download
2025-10-29 23:26:18,840 - vessel_data_pipeline - INFO - Downloading Arrived_in_last_36_hours.xml (attempt 1/3)
2025-10-29 23:26:19,121 - vessel_data_pipeline - INFO - File temp_Arrived_in_last_36_hours.xml passed validation checks
2025-10-29 23:26:19,123 - vessel_data_pipeline - INFO - Created backup: Arrived_in_last_36_hours_20251029_232619.xml
2025-10-29 23:26:19,124 - vessel_data_pipeline - INFO - Updated metadata for Arrived_in_last_36_hours.xml
2025-10-29 23:26:19,124 - vessel_data_pipeline - INFO - Successfully downloaded and validated Arrived_in_last_36_hours.xml
2025-10-29 23:26:21,134 - vessel_data_pipeline - INFO - Downloading Departed_in_last_36_hours.xml (attempt 1/3)
2025-10-29 23:26:21,670 - vessel_data_pipeline - INFO - File temp_Departed_in_last_36_hours.xml passed validation checks
2025-10-29 23:26:21,670 - vessel_data_pipeline - INFO - Created backup: Departed_in_last_36_hours_20251029_232621.xml
2025-10-29 23:26:21,670 - vessel_data_pipeline - INFO - Updated metadata for Departed_in_last_36_hours.xml
2025-10-29 23:26:21,670 - vessel_data_pipeline - INFO - Successfully downloaded and validated Departed_in_last_36_hours.xml
2025-10-29 23:26:23,681 - vessel_data_pipeline - INFO - Downloading Expected_arrivals.xml (attempt 1/3)
2025-10-29 23:26:23,951 - vessel_data_pipeline - INFO - File temp_Expected_arrivals.xml passed validation checks
2025-10-29 23:26:23,951 - vessel_data_pipeline - INFO - Created backup: Expected_arrivals_20251029_232623.xml
2025-10-29 23:26:23,952 - vessel_data_pipeline - INFO - Updated metadata for Expected_arrivals.xml
2025-10-29 23:26:23,952 - vessel_data_pipeline - INFO - Successfully downloaded and validated Expected_arrivals.xml
2025-10-29 23:26:25,962 - vessel_data_pipeline - INFO - Downloading Expected_departures.xml (attempt 1/3)
2025-10-29 23:26:26,701 - vessel_data_pipeline - INFO - File temp_Expected_departures.xml passed validation checks
2025-10-29 23:26:26,701 - vessel_data_pipeline - INFO - Created backup: Expected_departures_20251029_232626.xml
2025-10-29 23:26:26,702 - vessel_data_pipeline - INFO - Updated metadata for Expected_departures.xml
2025-10-29 23:26:26,702 - vessel_data_pipeline - INFO - Successfully downloaded and validated Expected_departures.xml
2025-10-29 23:26:28,704 - vessel_data_pipeline - INFO - Fetch operation completed. Results: {'Arrived_in_last_36_hours.xml': True, 'Departed_in_last_36_hours.xml': True, 'Expected_arrivals.xml': True, 'Expected_departures.xml': True}
2025-10-29 23:26:28,715 - vessel_data_pipeline - INFO - VesselDataFetcher initialized. Pipeline enabled: True
2025-10-29 23:26:28,716 - vessel_data_pipeline - INFO - Starting vessel data fetch operation
2025-10-29 23:26:28,716 - vessel_data_pipeline - INFO - Discovering XML files from Hong Kong Marine Department portal
2025-10-29 23:26:29,250 - vessel_data_pipeline - INFO - Verified access to Arrived_in_last_36_hours.xml
2025-10-29 23:26:30,162 - vessel_data_pipeline - INFO - Verified access to Departed_in_last_36_hours.xml
2025-10-29 23:26:30,410 - vessel_data_pipeline - INFO - Verified access to Expected_arrivals.xml
2025-10-29 23:26:30,444 - vessel_data_pipeline - INFO - Verified access to Expected_departures.xml
2025-10-29 23:26:30,444 - vessel_data_pipeline - INFO - Discovered 4 XML files for download
2025-10-29 23:26:30,444 - vessel_data_pipeline - INFO - Downloading Arrived_in_last_36_hours.xml (attempt 1/3)
2025-10-29 23:26:31,171 - vessel_data_pipeline - INFO - File temp_Arrived_in_last_36_hours.xml passed validation checks
2025-10-29 23:26:31,174 - vessel_data_pipeline - INFO - Created backup: Arrived_in_last_36_hours_20251029_232631.xml
2025-10-29 23:26:31,174 - vessel_data_pipeline - INFO - Updated metadata for Arrived_in_last_36_hours.xml
2025-10-29 23:26:31,174 - vessel_data_pipeline - INFO - Successfully downloaded and validated Arrived_in_last_36_hours.xml
2025-10-29 23:26:33,184 - vessel_data_pipeline - INFO - Downloading Departed_in_last_36_hours.xml (attempt 1/3)
2025-10-29 23:26:33,715 - vessel_data_pipeline - INFO - File temp_Departed_in_last_36_hours.xml passed validation checks
2025-10-29 23:26:33,715 - vessel_data_pipeline - INFO - Created backup: Departed_in_last_36_hours_20251029_232633.xml
2025-10-29 23:26:33,716 - vessel_data_pipeline - INFO - Updated metadata for Departed_in_last_36_hours.xml
2025-10-29 23:26:33,716 - vessel_data_pipeline - INFO - Successfully downloaded and validated Departed_in_last_36_hours.xml
2025-10-29 23:26:35,718 - vessel_data_pipeline - INFO - Downloading Expected_arrivals.xml (attempt 1/3)
2025-10-29 23:26:36,055 - vessel_data_pipeline - INFO - File temp_Expected_arrivals.xml passed validation checks
2025-10-29 23:26:36,057 - vessel_data_pipeline - INFO - Created backup: Expected_arrivals_20251029_232636.xml
2025-10-29 23:26:36,057 - vessel_data_pipeline - INFO - Updated metadata for Expected_arrivals.xml
2025-10-29 23:26:36,057 - vessel_data_pipeline - INFO - Successfully downloaded and validated Expected_arrivals.xml
2025-10-29 23:26:38,067 - vessel_data_pipeline - INFO - Downloading Expected_departures.xml (attempt 1/3)
2025-10-29 23:26:38,563 - vessel_data_pipeline - INFO - File temp_Expected_departures.xml passed validation checks
2025-10-29 23:26:38,563 - vessel_data_pipeline - INFO - Created backup: Expected_departures_20251029_232638.xml
2025-10-29 23:26:38,564 - vessel_data_pipeline - INFO - Updated metadata for Expected_departures.xml
2025-10-29 23:26:38,564 - vessel_data_pipeline - INFO - Successfully downloaded and validated Expected_departures.xml
2025-10-29 23:26:40,574 - vessel_data_pipeline - INFO - Fetch operation completed. Results: {'Arrived_in_last_36_hours.xml': True, 'Departed_in_last_36_hours.xml': True, 'Expected_arrivals.xml': True, 'Expected_departures.xml': True}
2025-10-29 23:26:40,585 - vessel_data_pipeline - INFO - VesselDataFetcher initialized. Pipeline enabled: True
2025-10-29 23:26:40,585 - vessel_data_pipeline - INFO - Starting vessel data fetch operation
2025-10-29 23:26:40,585 - vessel_data_pipeline - INFO - Discovering XML files from Hong Kong Marine Department portal
2025-10-29 23:26:41,304 - vessel_data_pipeline - INFO - Verified access to Arrived_in_last_36_hours.xml
2025-10-29 23:26:41,980 - vessel_data_pipeline - INFO - Verified access to Departed_in_last_36_hours.xml
2025-10-29 23:26:42,676 - vessel_data_pipeline - INFO - Verified access to Expected_arrivals.xml
2025-10-29 23:26:43,175 - vessel_data_pipeline - INFO - Verified access to Expected_departures.xml
2025-10-29 23:26:43,175 - vessel_data_pipeline - INFO - Discovered 4 XML files for download
2025-10-29 23:26:43,175 - vessel_data_pipeline - INFO - Downloading Arrived_in_last_36_hours.xml (attempt 1/3)
2025-10-29 23:26:44,289 - vessel_data_pipeline - INFO - File temp_Arrived_in_last_36_hours.xml passed validation checks
2025-10-29 23:26:44,289 - vessel_data_pipeline - INFO - Created backup: Arrived_in_last_36_hours_20251029_232644.xml
2025-10-29 23:26:44,290 - vessel_data_pipeline - INFO - Updated metadata for Arrived_in_last_36_hours.xml
2025-10-29 23:26:44,290 - vessel_data_pipeline - INFO - Successfully downloaded and validated Arrived_in_last_36_hours.xml
2025-10-29 23:26:46,290 - vessel_data_pipeline - INFO - Downloading Departed_in_last_36_hours.xml (attempt 1/3)
2025-10-29 23:26:47,195 - vessel_data_pipeline - INFO - File temp_Departed_in_last_36_hours.xml passed validation checks
2025-10-29 23:26:47,195 - vessel_data_pipeline - INFO - Created backup: Departed_in_last_36_hours_20251029_232647.xml
2025-10-29 23:26:47,196 - vessel_data_pipeline - INFO - Updated metadata for Departed_in_last_36_hours.xml
2025-10-29 23:26:47,196 - vessel_data_pipeline - INFO - Successfully downloaded and validated Departed_in_last_36_hours.xml
2025-10-29 23:26:49,199 - vessel_data_pipeline - INFO - Downloading Expected_arrivals.xml (attempt 1/3)
2025-10-29 23:26:49,258 - vessel_data_pipeline - INFO - File temp_Expected_arrivals.xml passed validation checks
2025-10-29 23:26:49,259 - vessel_data_pipeline - INFO - Created backup: Expected_arrivals_20251029_232649.xml
2025-10-29 23:26:49,259 - vessel_data_pipeline - INFO - Updated metadata for Expected_arrivals.xml
2025-10-29 23:26:49,259 - vessel_data_pipeline - INFO - Successfully downloaded and validated Expected_arrivals.xml
2025-10-29 23:26:51,269 - vessel_data_pipeline - INFO - Downloading Expected_departures.xml (attempt 1/3)
2025-10-29 23:26:51,756 - vessel_data_pipeline - INFO - File temp_Expected_departures.xml passed validation checks
2025-10-29 23:26:51,757 - vessel_data_pipeline - INFO - Created backup: Expected_departures_20251029_232651.xml
2025-10-29 23:26:51,757 - vessel_data_pipeline - INFO - Updated metadata for Expected_departures.xml
2025-10-29 23:26:51,757 - vessel_data_pipeline - INFO - Successfully downloaded and validated Expected_departures.xml
2025-10-29 23:26:53,760 - vessel_data_pipeline - INFO - Fetch operation completed. Results: {'Arrived_in_last_36_hours.xml': True, 'Departed_in_last_36_hours.xml': True, 'Expected_arrivals.xml': True, 'Expected_departures.xml': True}
2025-10-29 23:26:53,771 - vessel_data_pipeline - INFO - VesselDataFetcher initialized. Pipeline enabled: True
2025-10-29 23:26:53,772 - vessel_data_pipeline - INFO - Starting vessel data fetch operation
2025-10-29 23:26:53,772 - vessel_data_pipeline - INFO - Discovering XML files from Hong Kong Marine Department portal
2025-10-29 23:26:54,279 - vessel_data_pipeline - INFO - Verified access to Arrived_in_last_36_hours.xml
2025-10-29 23:26:55,416 - vessel_data_pipeline - INFO - Verified access to Departed_in_last_36_hours.xml
2025-10-29 23:26:55,883 - vessel_data_pipeline - INFO - Verified access to Expected_arrivals.xml
2025-10-29 23:26:56,369 - vessel_data_pipeline - INFO - Verified access to Expected_departures.xml
2025-10-29 23:26:56,370 - vessel_data_pipeline - INFO - Discovered 4 XML files for download
2025-10-29 23:26:56,370 - vessel_data_pipeline - INFO - Downloading Arrived_in_last_36_hours.xml (attempt 1/3)
2025-10-29 23:26:56,440 - vessel_data_pipeline - INFO - File temp_Arrived_in_last_36_hours.xml passed validation checks
2025-10-29 23:26:56,441 - vessel_data_pipeline - INFO - Created backup: Arrived_in_last_36_hours_20251029_232656.xml
2025-10-29 23:26:56,441 - vessel_data_pipeline - INFO - Updated metadata for Arrived_in_last_36_hours.xml
2025-10-29 23:26:56,442 - vessel_data_pipeline - INFO - Successfully downloaded and validated Arrived_in_last_36_hours.xml
2025-10-29 23:26:58,445 - vessel_data_pipeline - INFO - Downloading Departed_in_last_36_hours.xml (attempt 1/3)
2025-10-29 23:26:58,756 - vessel_data_pipeline - INFO - File temp_Departed_in_last_36_hours.xml passed validation checks
2025-10-29 23:26:58,758 - vessel_data_pipeline - INFO - Created backup: Departed_in_last_36_hours_20251029_232658.xml
2025-10-29 23:26:58,758 - vessel_data_pipeline - INFO - Updated metadata for Departed_in_last_36_hours.xml
2025-10-29 23:26:58,758 - vessel_data_pipeline - INFO - Successfully downloaded and validated Departed_in_last_36_hours.xml
2025-10-29 23:27:00,769 - vessel_data_pipeline - INFO - Downloading Expected_arrivals.xml (attempt 1/3)
2025-10-29 23:27:01,046 - vessel_data_pipeline - INFO - File temp_Expected_arrivals.xml passed validation checks
2025-10-29 23:27:01,046 - vessel_data_pipeline - INFO - Created backup: Expected_arrivals_20251029_232701.xml
2025-10-29 23:27:01,046 - vessel_data_pipeline - INFO - Updated metadata for Expected_arrivals.xml
2025-10-29 23:27:01,046 - vessel_data_pipeline - INFO - Successfully downloaded and validated Expected_arrivals.xml
2025-10-29 23:27:03,052 - vessel_data_pipeline - INFO - Downloading Expected_departures.xml (attempt 1/3)
2025-10-29 23:27:03,572 - vessel_data_pipeline - INFO - File temp_Expected_departures.xml passed validation checks
2025-10-29 23:27:03,579 - vessel_data_pipeline - INFO - Created backup: Expected_departures_20251029_232703.xml
2025-10-29 23:27:03,584 - vessel_data_pipeline - INFO - Updated metadata for Expected_departures.xml
2025-10-29 23:27:03,584 - vessel_data_pipeline - INFO - Successfully downloaded and validated Expected_departures.xml
2025-10-29 23:27:05,594 - vessel_data_pipeline - INFO - Fetch operation completed. Results: {'Arrived_in_last_36_hours.xml': True, 'Departed_in_last_36_hours.xml': True, 'Expected_arrivals.xml': True, 'Expected_departures.xml': True}
2025-10-29 23:28:40,075 - vessel_data_pipeline - INFO - VesselDataFetcher initialized. Pipeline enabled: True
2025-10-29 23:28:40,076 - vessel_data_pipeline - INFO - Starting vessel data fetch operation
2025-10-29 23:28:40,076 - vessel_data_pipeline - INFO - Discovering XML files from Hong Kong Marine Department portal
2025-10-29 23:28:40,821 - vessel_data_pipeline - INFO - Verified access to Arrived_in_last_36_hours.xml
2025-10-29 23:28:41,063 - vessel_data_pipeline - INFO - Verified access to Departed_in_last_36_hours.xml
2025-10-29 23:28:41,872 - vessel_data_pipeline - INFO - Verified access to Expected_arrivals.xml
2025-10-29 23:28:43,086 - vessel_data_pipeline - INFO - Verified access to Expected_departures.xml
2025-10-29 23:28:43,087 - vessel_data_pipeline - INFO - Discovered 4 XML files for download
2025-10-29 23:28:43,087 - vessel_data_pipeline - INFO - Downloading Arrived_in_last_36_hours.xml (attempt 1/3)
2025-10-29 23:28:43,567 - vessel_data_pipeline - INFO - File temp_Arrived_in_last_36_hours.xml passed validation checks
2025-10-29 23:28:43,570 - vessel_data_pipeline - INFO - Created backup: Arrived_in_last_36_hours_20251029_232843.xml
2025-10-29 23:28:43,571 - vessel_data_pipeline - INFO - Updated metadata for Arrived_in_last_36_hours.xml
2025-10-29 23:28:43,571 - vessel_data_pipeline - INFO - Successfully downloaded and validated Arrived_in_last_36_hours.xml
2025-10-29 23:28:45,581 - vessel_data_pipeline - INFO - Downloading Departed_in_last_36_hours.xml (attempt 1/3)
2025-10-29 23:28:46,102 - vessel_data_pipeline - INFO - File temp_Departed_in_last_36_hours.xml passed validation checks
2025-10-29 23:28:46,103 - vessel_data_pipeline - INFO - Created backup: Departed_in_last_36_hours_20251029_232846.xml
2025-10-29 23:28:46,103 - vessel_data_pipeline - INFO - Updated metadata for Departed_in_last_36_hours.xml
2025-10-29 23:28:46,103 - vessel_data_pipeline - INFO - Successfully downloaded and validated Departed_in_last_36_hours.xml
2025-10-29 23:28:48,113 - vessel_data_pipeline - INFO - Downloading Expected_arrivals.xml (attempt 1/3)
2025-10-29 23:28:48,644 - vessel_data_pipeline - INFO - File temp_Expected_arrivals.xml passed validation checks
2025-10-29 23:28:48,645 - vessel_data_pipeline - INFO - Created backup: Expected_arrivals_20251029_232848.xml
2025-10-29 23:28:48,645 - vessel_data_pipeline - INFO - Updated metadata for Expected_arrivals.xml
2025-10-29 23:28:48,645 - vessel_data_pipeline - INFO - Successfully downloaded and validated Expected_arrivals.xml
2025-10-29 23:28:50,652 - vessel_data_pipeline - INFO - Downloading Expected_departures.xml (attempt 1/3)
2025-10-29 23:28:51,109 - vessel_data_pipeline - INFO - File temp_Expected_departures.xml passed validation checks
2025-10-29 23:28:51,109 - vessel_data_pipeline - INFO - Created backup: Expected_departures_20251029_232851.xml
2025-10-29 23:28:51,109 - vessel_data_pipeline - INFO - Updated metadata for Expected_departures.xml
2025-10-29 23:28:51,109 - vessel_data_pipeline - INFO - Successfully downloaded and validated Expected_departures.xml
2025-10-29 23:28:53,120 - vessel_data_pipeline - INFO - Fetch operation completed. Results: {'Arrived_in_last_36_hours.xml': True, 'Departed_in_last_36_hours.xml': True, 'Expected_arrivals.xml': True, 'Expected_departures.xml': True}
2025-10-29 23:28:53,377 - vessel_data_pipeline - INFO - VesselDataFetcher initialized. Pipeline enabled: True
2025-10-29 23:28:53,379 - vessel_data_pipeline - INFO - Starting vessel data fetch operation
2025-10-29 23:28:53,379 - vessel_data_pipeline - INFO - Discovering XML files from Hong Kong Marine Department portal
2025-10-29 23:28:53,805 - vessel_data_pipeline - INFO - Verified access to Arrived_in_last_36_hours.xml
2025-10-29 23:28:54,501 - vessel_data_pipeline - INFO - Verified access to Departed_in_last_36_hours.xml
2025-10-29 23:28:54,779 - vessel_data_pipeline - INFO - Verified access to Expected_arrivals.xml
2025-10-29 23:28:55,084 - vessel_data_pipeline - INFO - Verified access to Expected_departures.xml
2025-10-29 23:28:55,084 - vessel_data_pipeline - INFO - Discovered 4 XML files for download
2025-10-29 23:28:55,084 - vessel_data_pipeline - INFO - Downloading Arrived_in_last_36_hours.xml (attempt 1/3)
2025-10-29 23:28:55,376 - vessel_data_pipeline - INFO - File temp_Arrived_in_last_36_hours.xml passed validation checks
2025-10-29 23:28:55,377 - vessel_data_pipeline - INFO - Created backup: Arrived_in_last_36_hours_20251029_232855.xml
2025-10-29 23:28:55,378 - vessel_data_pipeline - INFO - Updated metadata for Arrived_in_last_36_hours.xml
2025-10-29 23:28:55,378 - vessel_data_pipeline - INFO - Successfully downloaded and validated Arrived_in_last_36_hours.xml
2025-10-29 23:28:57,385 - vessel_data_pipeline - INFO - Downloading Departed_in_last_36_hours.xml (attempt 1/3)
2025-10-29 23:28:57,473 - vessel_data_pipeline - INFO - File temp_Departed_in_last_36_hours.xml passed validation checks
2025-10-29 23:28:57,474 - vessel_data_pipeline - INFO - Created backup: Departed_in_last_36_hours_20251029_232857.xml
2025-10-29 23:28:57,474 - vessel_data_pipeline - INFO - Updated metadata for Departed_in_last_36_hours.xml
2025-10-29 23:28:57,474 - vessel_data_pipeline - INFO - Successfully downloaded and validated Departed_in_last_36_hours.xml
2025-10-29 23:28:59,484 - vessel_data_pipeline - INFO - Downloading Expected_arrivals.xml (attempt 1/3)
2025-10-29 23:28:59,803 - vessel_data_pipeline - INFO - File temp_Expected_arrivals.xml passed validation checks
2025-10-29 23:28:59,803 - vessel_data_pipeline - INFO - Created backup: Expected_arrivals_20251029_232859.xml
2025-10-29 23:28:59,804 - vessel_data_pipeline - INFO - Updated metadata for Expected_arrivals.xml
2025-10-29 23:28:59,804 - vessel_data_pipeline - INFO - Successfully downloaded and validated Expected_arrivals.xml
2025-10-29 23:29:01,804 - vessel_data_pipeline - INFO - Downloading Expected_departures.xml (attempt 1/3)
2025-10-29 23:29:02,106 - vessel_data_pipeline - INFO - File temp_Expected_departures.xml passed validation checks
2025-10-29 23:29:02,107 - vessel_data_pipeline - INFO - Created backup: Expected_departures_20251029_232902.xml
2025-10-29 23:29:02,108 - vessel_data_pipeline - INFO - Updated metadata for Expected_departures.xml
2025-10-29 23:29:02,108 - vessel_data_pipeline - INFO - Successfully downloaded and validated Expected_departures.xml
2025-10-29 23:29:04,115 - vessel_data_pipeline - INFO - Fetch operation completed. Results: {'Arrived_in_last_36_hours.xml': True, 'Departed_in_last_36_hours.xml': True, 'Expected_arrivals.xml': True, 'Expected_departures.xml': True}
2025-10-29 23:29:04,127 - vessel_data_pipeline - INFO - VesselDataFetcher initialized. Pipeline enabled: True
2025-10-29 23:29:04,129 - vessel_data_pipeline - INFO - Starting vessel data fetch operation
2025-10-29 23:29:04,129 - vessel_data_pipeline - INFO - Discovering XML files from Hong Kong Marine Department portal
2025-10-29 23:29:04,490 - vessel_data_pipeline - INFO - Verified access to Arrived_in_last_36_hours.xml
2025-10-29 23:29:05,695 - vessel_data_pipeline - INFO - Verified access to Departed_in_last_36_hours.xml
2025-10-29 23:29:06,156 - vessel_data_pipeline - INFO - Verified access to Expected_arrivals.xml
2025-10-29 23:29:06,516 - vessel_data_pipeline - INFO - Verified access to Expected_departures.xml
2025-10-29 23:29:06,516 - vessel_data_pipeline - INFO - Discovered 4 XML files for download
2025-10-29 23:29:06,516 - vessel_data_pipeline - INFO - Downloading Arrived_in_last_36_hours.xml (attempt 1/3)
2025-10-29 23:29:06,779 - vessel_data_pipeline - INFO - File temp_Arrived_in_last_36_hours.xml passed validation checks
2025-10-29 23:29:06,781 - vessel_data_pipeline - INFO - Created backup: Arrived_in_last_36_hours_20251029_232906.xml
2025-10-29 23:29:06,783 - vessel_data_pipeline - INFO - Updated metadata for Arrived_in_last_36_hours.xml
2025-10-29 23:29:06,783 - vessel_data_pipeline - INFO - Successfully downloaded and validated Arrived_in_last_36_hours.xml
2025-10-29 23:29:08,793 - vessel_data_pipeline - INFO - Downloading Departed_in_last_36_hours.xml (attempt 1/3)
2025-10-29 23:29:09,707 - vessel_data_pipeline - INFO - File temp_Departed_in_last_36_hours.xml passed validation checks
2025-10-29 23:29:09,707 - vessel_data_pipeline - INFO - Created backup: Departed_in_last_36_hours_20251029_232909.xml
2025-10-29 23:29:09,708 - vessel_data_pipeline - INFO - Updated metadata for Departed_in_last_36_hours.xml
2025-10-29 23:29:09,708 - vessel_data_pipeline - INFO - Successfully downloaded and validated Departed_in_last_36_hours.xml
2025-10-29 23:29:11,718 - vessel_data_pipeline - INFO - Downloading Expected_arrivals.xml (attempt 1/3)
2025-10-29 23:29:12,189 - vessel_data_pipeline - INFO - File temp_Expected_arrivals.xml passed validation checks
2025-10-29 23:29:12,191 - vessel_data_pipeline - INFO - Created backup: Expected_arrivals_20251029_232912.xml
2025-10-29 23:29:12,191 - vessel_data_pipeline - INFO - Updated metadata for Expected_arrivals.xml
2025-10-29 23:29:12,191 - vessel_data_pipeline - INFO - Successfully downloaded and validated Expected_arrivals.xml
2025-10-29 23:29:14,201 - vessel_data_pipeline - INFO - Downloading Expected_departures.xml (attempt 1/3)
2025-10-29 23:29:14,712 - vessel_data_pipeline - INFO - File temp_Expected_departures.xml passed validation checks
2025-10-29 23:29:14,712 - vessel_data_pipeline - INFO - Created backup: Expected_departures_20251029_232914.xml
2025-10-29 23:29:14,712 - vessel_data_pipeline - INFO - Updated metadata for Expected_departures.xml
2025-10-29 23:29:14,712 - vessel_data_pipeline - INFO - Successfully downloaded and validated Expected_departures.xml
2025-10-29 23:29:16,723 - vessel_data_pipeline - INFO - Fetch operation completed. Results: {'Arrived_in_last_36_hours.xml': True, 'Departed_in_last_36_hours.xml': True, 'Expected_arrivals.xml': True, 'Expected_departures.xml': True}
2025-10-29 23:29:19,582 - vessel_data_pipeline - INFO - VesselDataFetcher initialized. Pipeline enabled: True
2025-10-29 23:29:19,583 - vessel_data_pipeline - INFO - Starting vessel data fetch operation
2025-10-29 23:29:19,583 - vessel_data_pipeline - INFO - Discovering XML files from Hong Kong Marine Department portal
2025-10-29 23:29:20,115 - vessel_data_pipeline - INFO - Verified access to Arrived_in_last_36_hours.xml
2025-10-29 23:29:20,582 - vessel_data_pipeline - INFO - Verified access to Departed_in_last_36_hours.xml
2025-10-29 23:29:20,821 - vessel_data_pipeline - INFO - Verified access to Expected_arrivals.xml
2025-10-29 23:29:21,092 - vessel_data_pipeline - INFO - Verified access to Expected_departures.xml
2025-10-29 23:29:21,092 - vessel_data_pipeline - INFO - Discovered 4 XML files for download
2025-10-29 23:29:21,092 - vessel_data_pipeline - INFO - Downloading Arrived_in_last_36_hours.xml (attempt 1/3)
2025-10-29 23:29:21,576 - vessel_data_pipeline - INFO - File temp_Arrived_in_last_36_hours.xml passed validation checks
2025-10-29 23:29:21,579 - vessel_data_pipeline - INFO - Created backup: Arrived_in_last_36_hours_20251029_232921.xml
2025-10-29 23:29:21,580 - vessel_data_pipeline - INFO - Updated metadata for Arrived_in_last_36_hours.xml
2025-10-29 23:29:21,580 - vessel_data_pipeline - INFO - Successfully downloaded and validated Arrived_in_last_36_hours.xml
2025-10-29 23:29:23,589 - vessel_data_pipeline - INFO - Downloading Departed_in_last_36_hours.xml (attempt 1/3)
2025-10-29 23:29:24,320 - vessel_data_pipeline - INFO - File temp_Departed_in_last_36_hours.xml passed validation checks
2025-10-29 23:29:24,320 - vessel_data_pipeline - INFO - Created backup: Departed_in_last_36_hours_20251029_232924.xml
2025-10-29 23:29:24,321 - vessel_data_pipeline - INFO - Updated metadata for Departed_in_last_36_hours.xml
2025-10-29 23:29:24,321 - vessel_data_pipeline - INFO - Successfully downloaded and validated Departed_in_last_36_hours.xml
2025-10-29 23:29:26,322 - vessel_data_pipeline - INFO - Downloading Expected_arrivals.xml (attempt 1/3)
2025-10-29 23:29:26,815 - vessel_data_pipeline - INFO - File temp_Expected_arrivals.xml passed validation checks
2025-10-29 23:29:26,816 - vessel_data_pipeline - INFO - Created backup: Expected_arrivals_20251029_232926.xml
2025-10-29 23:29:26,816 - vessel_data_pipeline - INFO - Updated metadata for Expected_arrivals.xml
2025-10-29 23:29:26,816 - vessel_data_pipeline - INFO - Successfully downloaded and validated Expected_arrivals.xml
2025-10-29 23:29:28,824 - vessel_data_pipeline - INFO - Downloading Expected_departures.xml (attempt 1/3)
2025-10-29 23:29:29,122 - vessel_data_pipeline - INFO - File temp_Expected_departures.xml passed validation checks
2025-10-29 23:29:29,123 - vessel_data_pipeline - INFO - Created backup: Expected_departures_20251029_232929.xml
2025-10-29 23:29:29,124 - vessel_data_pipeline - INFO - Updated metadata for Expected_departures.xml
2025-10-29 23:29:29,124 - vessel_data_pipeline - INFO - Successfully downloaded and validated Expected_departures.xml
2025-10-29 23:29:31,132 - vessel_data_pipeline - INFO - Fetch operation completed. Results: {'Arrived_in_last_36_hours.xml': True, 'Departed_in_last_36_hours.xml': True, 'Expected_arrivals.xml': True, 'Expected_departures.xml': True}
2025-10-29 23:29:31,136 - vessel_data_pipeline - INFO - VesselDataFetcher initialized. Pipeline enabled: True
2025-10-29 23:29:31,136 - vessel_data_pipeline - INFO - Starting vessel data fetch operation
2025-10-29 23:29:31,136 - vessel_data_pipeline - INFO - Discovering XML files from Hong Kong Marine Department portal
2025-10-29 23:29:31,893 - vessel_data_pipeline - INFO - Verified access to Arrived_in_last_36_hours.xml
2025-10-29 23:29:32,389 - vessel_data_pipeline - INFO - Verified access to Departed_in_last_36_hours.xml
2025-10-29 23:29:32,656 - vessel_data_pipeline - INFO - Verified access to Expected_arrivals.xml
2025-10-29 23:29:32,739 - vessel_data_pipeline - INFO - Verified access to Expected_departures.xml
2025-10-29 23:29:32,739 - vessel_data_pipeline - INFO - Discovered 4 XML files for download
2025-10-29 23:29:32,739 - vessel_data_pipeline - INFO - Downloading Arrived_in_last_36_hours.xml (attempt 1/3)
2025-10-29 23:29:32,812 - vessel_data_pipeline - INFO - File temp_Arrived_in_last_36_hours.xml passed validation checks
2025-10-29 23:29:32,812 - vessel_data_pipeline - INFO - Created backup: Arrived_in_last_36_hours_20251029_232932.xml
2025-10-29 23:29:32,812 - vessel_data_pipeline - INFO - Updated metadata for Arrived_in_last_36_hours.xml
2025-10-29 23:29:32,813 - vessel_data_pipeline - INFO - Successfully downloaded and validated Arrived_in_last_36_hours.xml
2025-10-29 23:29:34,822 - vessel_data_pipeline - INFO - Downloading Departed_in_last_36_hours.xml (attempt 1/3)
2025-10-29 23:29:35,369 - vessel_data_pipeline - INFO - File temp_Departed_in_last_36_hours.xml passed validation checks
2025-10-29 23:29:35,383 - vessel_data_pipeline - INFO - Created backup: Departed_in_last_36_hours_20251029_232935.xml
2025-10-29 23:29:35,393 - vessel_data_pipeline - INFO - Updated metadata for Departed_in_last_36_hours.xml
2025-10-29 23:29:35,394 - vessel_data_pipeline - INFO - Successfully downloaded and validated Departed_in_last_36_hours.xml
2025-10-29 23:29:37,396 - vessel_data_pipeline - INFO - Downloading Expected_arrivals.xml (attempt 1/3)
2025-10-29 23:29:37,662 - vessel_data_pipeline - INFO - File temp_Expected_arrivals.xml passed validation checks
2025-10-29 23:29:37,662 - vessel_data_pipeline - INFO - Created backup: Expected_arrivals_20251029_232937.xml
2025-10-29 23:29:37,663 - vessel_data_pipeline - INFO - Updated metadata for Expected_arrivals.xml
2025-10-29 23:29:37,663 - vessel_data_pipeline - INFO - Successfully downloaded and validated Expected_arrivals.xml
2025-10-29 23:29:39,673 - vessel_data_pipeline - INFO - Downloading Expected_departures.xml (attempt 1/3)
2025-10-29 23:29:40,174 - vessel_data_pipeline - INFO - File temp_Expected_departures.xml passed validation checks
2025-10-29 23:29:40,176 - vessel_data_pipeline - INFO - Created backup: Expected_departures_20251029_232940.xml
2025-10-29 23:29:40,176 - vessel_data_pipeline - INFO - Updated metadata for Expected_departures.xml
2025-10-29 23:29:40,177 - vessel_data_pipeline - INFO - Successfully downloaded and validated Expected_departures.xml
2025-10-29 23:29:42,187 - vessel_data_pipeline - INFO - Fetch operation completed. Results: {'Arrived_in_last_36_hours.xml': True, 'Departed_in_last_36_hours.xml': True, 'Expected_arrivals.xml': True, 'Expected_departures.xml': True}
2025-10-29 23:29:42,201 - vessel_data_pipeline - INFO - VesselDataFetcher initialized. Pipeline enabled: True
2025-10-29 23:29:42,202 - vessel_data_pipeline - INFO - Starting vessel data fetch operation
2025-10-29 23:29:42,202 - vessel_data_pipeline - INFO - Discovering XML files from Hong Kong Marine Department portal
2025-10-29 23:29:42,582 - vessel_data_pipeline - INFO - Verified access to Arrived_in_last_36_hours.xml
2025-10-29 23:29:43,482 - vessel_data_pipeline - INFO - Verified access to Departed_in_last_36_hours.xml
2025-10-29 23:29:43,957 - vessel_data_pipeline - INFO - Verified access to Expected_arrivals.xml
2025-10-29 23:29:44,456 - vessel_data_pipeline - INFO - Verified access to Expected_departures.xml
2025-10-29 23:29:44,457 - vessel_data_pipeline - INFO - Discovered 4 XML files for download
2025-10-29 23:29:44,457 - vessel_data_pipeline - INFO - Downloading Arrived_in_last_36_hours.xml (attempt 1/3)
2025-10-29 23:29:45,136 - vessel_data_pipeline - INFO - File temp_Arrived_in_last_36_hours.xml passed validation checks
2025-10-29 23:29:45,138 - vessel_data_pipeline - INFO - Created backup: Arrived_in_last_36_hours_20251029_232945.xml
2025-10-29 23:29:45,139 - vessel_data_pipeline - INFO - Updated metadata for Arrived_in_last_36_hours.xml
2025-10-29 23:29:45,139 - vessel_data_pipeline - INFO - Successfully downloaded and validated Arrived_in_last_36_hours.xml
2025-10-29 23:29:47,148 - vessel_data_pipeline - INFO - Downloading Departed_in_last_36_hours.xml (attempt 1/3)
2025-10-29 23:29:48,057 - vessel_data_pipeline - INFO - File temp_Departed_in_last_36_hours.xml passed validation checks
2025-10-29 23:29:48,058 - vessel_data_pipeline - INFO - Created backup: Departed_in_last_36_hours_20251029_232948.xml
2025-10-29 23:29:48,058 - vessel_data_pipeline - INFO - Updated metadata for Departed_in_last_36_hours.xml
2025-10-29 23:29:48,058 - vessel_data_pipeline - INFO - Successfully downloaded and validated Departed_in_last_36_hours.xml
2025-10-29 23:29:50,069 - vessel_data_pipeline - INFO - Downloading Expected_arrivals.xml (attempt 1/3)
2025-10-29 23:29:50,340 - vessel_data_pipeline - INFO - File temp_Expected_arrivals.xml passed validation checks
2025-10-29 23:29:50,341 - vessel_data_pipeline - INFO - Created backup: Expected_arrivals_20251029_232950.xml
2025-10-29 23:29:50,342 - vessel_data_pipeline - INFO - Updated metadata for Expected_arrivals.xml
2025-10-29 23:29:50,342 - vessel_data_pipeline - INFO - Successfully downloaded and validated Expected_arrivals.xml
2025-10-29 23:29:52,353 - vessel_data_pipeline - INFO - Downloading Expected_departures.xml (attempt 1/3)
2025-10-29 23:29:52,842 - vessel_data_pipeline - INFO - File temp_Expected_departures.xml passed validation checks
2025-10-29 23:29:52,843 - vessel_data_pipeline - INFO - Created backup: Expected_departures_20251029_232952.xml
2025-10-29 23:29:52,843 - vessel_data_pipeline - INFO - Updated metadata for Expected_departures.xml
2025-10-29 23:29:52,843 - vessel_data_pipeline - INFO - Successfully downloaded and validated Expected_departures.xml
2025-10-29 23:29:54,853 - vessel_data_pipeline - INFO - Fetch operation completed. Results: {'Arrived_in_last_36_hours.xml': True, 'Departed_in_last_36_hours.xml': True, 'Expected_arrivals.xml': True, 'Expected_departures.xml': True}
2025-10-29 23:29:54,864 - vessel_data_pipeline - INFO - VesselDataFetcher initialized. Pipeline enabled: True
2025-10-29 23:29:54,865 - vessel_data_pipeline - INFO - Starting vessel data fetch operation
2025-10-29 23:29:54,865 - vessel_data_pipeline - INFO - Discovering XML files from Hong Kong Marine Department portal
2025-10-29 23:29:55,392 - vessel_data_pipeline - INFO - Verified access to Arrived_in_last_36_hours.xml
2025-10-29 23:29:56,078 - vessel_data_pipeline - INFO - Verified access to Departed_in_last_36_hours.xml
2025-10-29 23:29:56,573 - vessel_data_pipeline - INFO - Verified access to Expected_arrivals.xml
2025-10-29 23:29:56,926 - vessel_data_pipeline - INFO - Verified access to Expected_departures.xml
2025-10-29 23:29:56,926 - vessel_data_pipeline - INFO - Discovered 4 XML files for download
2025-10-29 23:29:56,926 - vessel_data_pipeline - INFO - Downloading Arrived_in_last_36_hours.xml (attempt 1/3)
2025-10-29 23:29:57,247 - vessel_data_pipeline - INFO - File temp_Arrived_in_last_36_hours.xml passed validation checks
2025-10-29 23:29:57,247 - vessel_data_pipeline - INFO - Created backup: Arrived_in_last_36_hours_20251029_232957.xml
2025-10-29 23:29:57,248 - vessel_data_pipeline - INFO - Updated metadata for Arrived_in_last_36_hours.xml
2025-10-29 23:29:57,248 - vessel_data_pipeline - INFO - Successfully downloaded and validated Arrived_in_last_36_hours.xml
2025-10-29 23:29:59,258 - vessel_data_pipeline - INFO - Downloading Departed_in_last_36_hours.xml (attempt 1/3)
2025-10-29 23:30:00,380 - vessel_data_pipeline - INFO - File temp_Departed_in_last_36_hours.xml passed validation checks
2025-10-29 23:30:00,380 - vessel_data_pipeline - INFO - Created backup: Departed_in_last_36_hours_20251029_233000.xml
2025-10-29 23:30:00,380 - vessel_data_pipeline - INFO - Updated metadata for Departed_in_last_36_hours.xml
2025-10-29 23:30:00,381 - vessel_data_pipeline - INFO - Successfully downloaded and validated Departed_in_last_36_hours.xml
2025-10-29 23:30:02,383 - vessel_data_pipeline - INFO - Downloading Expected_arrivals.xml (attempt 1/3)
2025-10-29 23:30:02,691 - vessel_data_pipeline - INFO - File temp_Expected_arrivals.xml passed validation checks
2025-10-29 23:30:02,691 - vessel_data_pipeline - INFO - Created backup: Expected_arrivals_20251029_233002.xml
2025-10-29 23:30:02,691 - vessel_data_pipeline - INFO - Updated metadata for Expected_arrivals.xml
2025-10-29 23:30:02,691 - vessel_data_pipeline - INFO - Successfully downloaded and validated Expected_arrivals.xml
2025-10-29 23:30:04,702 - vessel_data_pipeline - INFO - Downloading Expected_departures.xml (attempt 1/3)
2025-10-29 23:30:05,190 - vessel_data_pipeline - INFO - File temp_Expected_departures.xml passed validation checks
2025-10-29 23:30:05,193 - vessel_data_pipeline - INFO - Created backup: Expected_departures_20251029_233005.xml
2025-10-29 23:30:05,194 - vessel_data_pipeline - INFO - Updated metadata for Expected_departures.xml
2025-10-29 23:30:05,194 - vessel_data_pipeline - INFO - Successfully downloaded and validated Expected_departures.xml
2025-10-29 23:30:07,205 - vessel_data_pipeline - INFO - Fetch operation completed. Results: {'Arrived_in_last_36_hours.xml': True, 'Departed_in_last_36_hours.xml': True, 'Expected_arrivals.xml': True, 'Expected_departures.xml': True}
2025-10-29 23:37:59,240 - vessel_data_pipeline - INFO - VesselDataFetcher initialized. Pipeline enabled: True
2025-10-29 23:37:59,241 - vessel_data_pipeline - INFO - Starting vessel data fetch operation
2025-10-29 23:37:59,241 - vessel_data_pipeline - INFO - Discovering XML files from Hong Kong Marine Department portal
2025-10-29 23:38:00,458 - vessel_data_pipeline - INFO - Verified access to Arrived_in_last_36_hours.xml
2025-10-29 23:38:02,112 - vessel_data_pipeline - INFO - Verified access to Departed_in_last_36_hours.xml
2025-10-29 23:38:02,813 - vessel_data_pipeline - INFO - Verified access to Expected_arrivals.xml
2025-10-29 23:38:03,289 - vessel_data_pipeline - INFO - Verified access to Expected_departures.xml
2025-10-29 23:38:03,289 - vessel_data_pipeline - INFO - Discovered 4 XML files for download
2025-10-29 23:38:03,289 - vessel_data_pipeline - INFO - Downloading Arrived_in_last_36_hours.xml (attempt 1/3)
2025-10-29 23:38:03,691 - vessel_data_pipeline - INFO - File temp_Arrived_in_last_36_hours.xml passed validation checks
2025-10-29 23:38:03,693 - vessel_data_pipeline - INFO - Created backup: Arrived_in_last_36_hours_20251029_233803.xml
2025-10-29 23:38:03,694 - vessel_data_pipeline - INFO - Updated metadata for Arrived_in_last_36_hours.xml
2025-10-29 23:38:03,694 - vessel_data_pipeline - INFO - Successfully downloaded and validated Arrived_in_last_36_hours.xml
2025-10-29 23:38:05,695 - vessel_data_pipeline - INFO - Downloading Departed_in_last_36_hours.xml (attempt 1/3)
2025-10-29 23:38:06,250 - vessel_data_pipeline - INFO - File temp_Departed_in_last_36_hours.xml passed validation checks
2025-10-29 23:38:06,251 - vessel_data_pipeline - INFO - Created backup: Departed_in_last_36_hours_20251029_233806.xml
2025-10-29 23:38:06,252 - vessel_data_pipeline - INFO - Updated metadata for Departed_in_last_36_hours.xml
2025-10-29 23:38:06,252 - vessel_data_pipeline - INFO - Successfully downloaded and validated Departed_in_last_36_hours.xml
2025-10-29 23:38:08,255 - vessel_data_pipeline - INFO - Downloading Expected_arrivals.xml (attempt 1/3)
2025-10-29 23:38:08,674 - vessel_data_pipeline - INFO - File temp_Expected_arrivals.xml passed validation checks
2025-10-29 23:38:08,674 - vessel_data_pipeline - INFO - Created backup: Expected_arrivals_20251029_233808.xml
2025-10-29 23:38:08,674 - vessel_data_pipeline - INFO - Updated metadata for Expected_arrivals.xml
2025-10-29 23:38:08,674 - vessel_data_pipeline - INFO - Successfully downloaded and validated Expected_arrivals.xml
2025-10-29 23:38:10,685 - vessel_data_pipeline - INFO - Downloading Expected_departures.xml (attempt 1/3)
2025-10-29 23:38:11,046 - vessel_data_pipeline - INFO - File temp_Expected_departures.xml passed validation checks
2025-10-29 23:38:11,048 - vessel_data_pipeline - INFO - Created backup: Expected_departures_20251029_233811.xml
2025-10-29 23:38:11,048 - vessel_data_pipeline - INFO - Updated metadata for Expected_departures.xml
2025-10-29 23:38:11,048 - vessel_data_pipeline - INFO - Successfully downloaded and validated Expected_departures.xml
2025-10-29 23:38:13,050 - vessel_data_pipeline - INFO - Fetch operation completed. Results: {'Arrived_in_last_36_hours.xml': True, 'Departed_in_last_36_hours.xml': True, 'Expected_arrivals.xml': True, 'Expected_departures.xml': True}
2025-10-29 23:38:13,301 - vessel_data_pipeline - INFO - VesselDataFetcher initialized. Pipeline enabled: True
2025-10-29 23:38:13,303 - vessel_data_pipeline - INFO - Starting vessel data fetch operation
2025-10-29 23:38:13,303 - vessel_data_pipeline - INFO - Discovering XML files from Hong Kong Marine Department portal
2025-10-29 23:38:14,548 - vessel_data_pipeline - INFO - Verified access to Arrived_in_last_36_hours.xml
2025-10-29 23:38:15,630 - vessel_data_pipeline - INFO - Verified access to Departed_in_last_36_hours.xml
2025-10-29 23:38:15,921 - vessel_data_pipeline - INFO - Verified access to Expected_arrivals.xml
2025-10-29 23:38:16,596 - vessel_data_pipeline - INFO - Verified access to Expected_departures.xml
2025-10-29 23:38:16,596 - vessel_data_pipeline - INFO - Discovered 4 XML files for download
2025-10-29 23:38:16,596 - vessel_data_pipeline - INFO - Downloading Arrived_in_last_36_hours.xml (attempt 1/3)
2025-10-29 23:38:16,958 - vessel_data_pipeline - INFO - File temp_Arrived_in_last_36_hours.xml passed validation checks
2025-10-29 23:38:16,958 - vessel_data_pipeline - INFO - Created backup: Arrived_in_last_36_hours_20251029_233816.xml
2025-10-29 23:38:16,959 - vessel_data_pipeline - INFO - Updated metadata for Arrived_in_last_36_hours.xml
2025-10-29 23:38:16,959 - vessel_data_pipeline - INFO - Successfully downloaded and validated Arrived_in_last_36_hours.xml
2025-10-29 23:38:18,969 - vessel_data_pipeline - INFO - Downloading Departed_in_last_36_hours.xml (attempt 1/3)
2025-10-29 23:38:19,503 - vessel_data_pipeline - INFO - File temp_Departed_in_last_36_hours.xml passed validation checks
2025-10-29 23:38:19,504 - vessel_data_pipeline - INFO - Created backup: Departed_in_last_36_hours_20251029_233819.xml
2025-10-29 23:38:19,504 - vessel_data_pipeline - INFO - Updated metadata for Departed_in_last_36_hours.xml
2025-10-29 23:38:19,504 - vessel_data_pipeline - INFO - Successfully downloaded and validated Departed_in_last_36_hours.xml
2025-10-29 23:38:21,506 - vessel_data_pipeline - INFO - Downloading Expected_arrivals.xml (attempt 1/3)
2025-10-29 23:38:21,800 - vessel_data_pipeline - INFO - File temp_Expected_arrivals.xml passed validation checks
2025-10-29 23:38:21,801 - vessel_data_pipeline - INFO - Created backup: Expected_arrivals_20251029_233821.xml
2025-10-29 23:38:21,801 - vessel_data_pipeline - INFO - Updated metadata for Expected_arrivals.xml
2025-10-29 23:38:21,801 - vessel_data_pipeline - INFO - Successfully downloaded and validated Expected_arrivals.xml
2025-10-29 23:38:23,811 - vessel_data_pipeline - INFO - Downloading Expected_departures.xml (attempt 1/3)
2025-10-29 23:38:24,302 - vessel_data_pipeline - INFO - File temp_Expected_departures.xml passed validation checks
2025-10-29 23:38:24,305 - vessel_data_pipeline - INFO - Created backup: Expected_departures_20251029_233824.xml
2025-10-29 23:38:24,306 - vessel_data_pipeline - INFO - Updated metadata for Expected_departures.xml
2025-10-29 23:38:24,306 - vessel_data_pipeline - INFO - Successfully downloaded and validated Expected_departures.xml
2025-10-29 23:38:26,316 - vessel_data_pipeline - INFO - Fetch operation completed. Results: {'Arrived_in_last_36_hours.xml': True, 'Departed_in_last_36_hours.xml': True, 'Expected_arrivals.xml': True, 'Expected_departures.xml': True}
2025-10-29 23:38:26,324 - vessel_data_pipeline - INFO - VesselDataFetcher initialized. Pipeline enabled: True
2025-10-29 23:38:26,327 - vessel_data_pipeline - INFO - Starting vessel data fetch operation
2025-10-29 23:38:26,332 - vessel_data_pipeline - INFO - Discovering XML files from Hong Kong Marine Department portal
2025-10-29 23:38:26,849 - vessel_data_pipeline - INFO - Verified access to Arrived_in_last_36_hours.xml
2025-10-29 23:38:28,209 - vessel_data_pipeline - INFO - Verified access to Departed_in_last_36_hours.xml
2025-10-29 23:38:28,886 - vessel_data_pipeline - INFO - Verified access to Expected_arrivals.xml
2025-10-29 23:38:29,348 - vessel_data_pipeline - INFO - Verified access to Expected_departures.xml
2025-10-29 23:38:29,348 - vessel_data_pipeline - INFO - Discovered 4 XML files for download
2025-10-29 23:38:29,348 - vessel_data_pipeline - INFO - Downloading Arrived_in_last_36_hours.xml (attempt 1/3)
2025-10-29 23:38:29,851 - vessel_data_pipeline - INFO - File temp_Arrived_in_last_36_hours.xml passed validation checks
2025-10-29 23:38:29,851 - vessel_data_pipeline - INFO - Created backup: Arrived_in_last_36_hours_20251029_233829.xml
2025-10-29 23:38:29,851 - vessel_data_pipeline - INFO - Updated metadata for Arrived_in_last_36_hours.xml
2025-10-29 23:38:29,851 - vessel_data_pipeline - INFO - Successfully downloaded and validated Arrived_in_last_36_hours.xml
2025-10-29 23:38:31,862 - vessel_data_pipeline - INFO - Downloading Departed_in_last_36_hours.xml (attempt 1/3)
2025-10-29 23:38:31,943 - vessel_data_pipeline - INFO - File temp_Departed_in_last_36_hours.xml passed validation checks
2025-10-29 23:38:31,943 - vessel_data_pipeline - INFO - Created backup: Departed_in_last_36_hours_20251029_233831.xml
2025-10-29 23:38:31,944 - vessel_data_pipeline - INFO - Updated metadata for Departed_in_last_36_hours.xml
2025-10-29 23:38:31,944 - vessel_data_pipeline - INFO - Successfully downloaded and validated Departed_in_last_36_hours.xml
2025-10-29 23:38:33,954 - vessel_data_pipeline - INFO - Downloading Expected_arrivals.xml (attempt 1/3)
2025-10-29 23:38:34,225 - vessel_data_pipeline - INFO - File temp_Expected_arrivals.xml passed validation checks
2025-10-29 23:38:34,226 - vessel_data_pipeline - INFO - Created backup: Expected_arrivals_20251029_233834.xml
2025-10-29 23:38:34,227 - vessel_data_pipeline - INFO - Updated metadata for Expected_arrivals.xml
2025-10-29 23:38:34,227 - vessel_data_pipeline - INFO - Successfully downloaded and validated Expected_arrivals.xml
2025-10-29 23:38:36,230 - vessel_data_pipeline - INFO - Downloading Expected_departures.xml (attempt 1/3)
2025-10-29 23:38:36,693 - vessel_data_pipeline - INFO - File temp_Expected_departures.xml passed validation checks
2025-10-29 23:38:36,693 - vessel_data_pipeline - INFO - Created backup: Expected_departures_20251029_233836.xml
2025-10-29 23:38:36,693 - vessel_data_pipeline - INFO - Updated metadata for Expected_departures.xml
2025-10-29 23:38:36,693 - vessel_data_pipeline - INFO - Successfully downloaded and validated Expected_departures.xml
2025-10-29 23:38:38,703 - vessel_data_pipeline - INFO - Fetch operation completed. Results: {'Arrived_in_last_36_hours.xml': True, 'Departed_in_last_36_hours.xml': True, 'Expected_arrivals.xml': True, 'Expected_departures.xml': True}
2025-10-29 23:38:41,570 - vessel_data_pipeline - INFO - VesselDataFetcher initialized. Pipeline enabled: True
2025-10-29 23:38:41,571 - vessel_data_pipeline - INFO - Starting vessel data fetch operation
2025-10-29 23:38:41,571 - vessel_data_pipeline - INFO - Discovering XML files from Hong Kong Marine Department portal
2025-10-29 23:38:41,890 - vessel_data_pipeline - INFO - Verified access to Arrived_in_last_36_hours.xml
2025-10-29 23:38:42,243 - vessel_data_pipeline - INFO - Verified access to Departed_in_last_36_hours.xml
2025-10-29 23:38:42,520 - vessel_data_pipeline - INFO - Verified access to Expected_arrivals.xml
2025-10-29 23:38:42,782 - vessel_data_pipeline - INFO - Verified access to Expected_departures.xml
2025-10-29 23:38:42,782 - vessel_data_pipeline - INFO - Discovered 4 XML files for download
2025-10-29 23:38:42,782 - vessel_data_pipeline - INFO - Downloading Arrived_in_last_36_hours.xml (attempt 1/3)
2025-10-29 23:38:43,100 - vessel_data_pipeline - INFO - File temp_Arrived_in_last_36_hours.xml passed validation checks
2025-10-29 23:38:43,100 - vessel_data_pipeline - INFO - Created backup: Arrived_in_last_36_hours_20251029_233843.xml
2025-10-29 23:38:43,100 - vessel_data_pipeline - INFO - Updated metadata for Arrived_in_last_36_hours.xml
2025-10-29 23:38:43,100 - vessel_data_pipeline - INFO - Successfully downloaded and validated Arrived_in_last_36_hours.xml
2025-10-29 23:38:45,110 - vessel_data_pipeline - INFO - Downloading Departed_in_last_36_hours.xml (attempt 1/3)
2025-10-29 23:38:45,985 - vessel_data_pipeline - INFO - File temp_Departed_in_last_36_hours.xml passed validation checks
2025-10-29 23:38:45,986 - vessel_data_pipeline - INFO - Created backup: Departed_in_last_36_hours_20251029_233845.xml
2025-10-29 23:38:45,986 - vessel_data_pipeline - INFO - Updated metadata for Departed_in_last_36_hours.xml
2025-10-29 23:38:45,986 - vessel_data_pipeline - INFO - Successfully downloaded and validated Departed_in_last_36_hours.xml
2025-10-29 23:38:47,988 - vessel_data_pipeline - INFO - Downloading Expected_arrivals.xml (attempt 1/3)
2025-10-29 23:38:48,388 - vessel_data_pipeline - INFO - File temp_Expected_arrivals.xml passed validation checks
2025-10-29 23:38:48,389 - vessel_data_pipeline - INFO - Created backup: Expected_arrivals_20251029_233848.xml
2025-10-29 23:38:48,389 - vessel_data_pipeline - INFO - Updated metadata for Expected_arrivals.xml
2025-10-29 23:38:48,389 - vessel_data_pipeline - INFO - Successfully downloaded and validated Expected_arrivals.xml
2025-10-29 23:38:50,397 - vessel_data_pipeline - INFO - Downloading Expected_departures.xml (attempt 1/3)
2025-10-29 23:38:50,661 - vessel_data_pipeline - INFO - File temp_Expected_departures.xml passed validation checks
2025-10-29 23:38:50,661 - vessel_data_pipeline - INFO - Created backup: Expected_departures_20251029_233850.xml
2025-10-29 23:38:50,661 - vessel_data_pipeline - INFO - Updated metadata for Expected_departures.xml
2025-10-29 23:38:50,661 - vessel_data_pipeline - INFO - Successfully downloaded and validated Expected_departures.xml
2025-10-29 23:38:52,672 - vessel_data_pipeline - INFO - Fetch operation completed. Results: {'Arrived_in_last_36_hours.xml': True, 'Departed_in_last_36_hours.xml': True, 'Expected_arrivals.xml': True, 'Expected_departures.xml': True}
2025-10-29 23:38:52,681 - vessel_data_pipeline - INFO - VesselDataFetcher initialized. Pipeline enabled: True
2025-10-29 23:38:52,682 - vessel_data_pipeline - INFO - Starting vessel data fetch operation
2025-10-29 23:38:52,682 - vessel_data_pipeline - INFO - Discovering XML files from Hong Kong Marine Department portal
2025-10-29 23:38:53,135 - vessel_data_pipeline - INFO - Verified access to Arrived_in_last_36_hours.xml
2025-10-29 23:38:53,819 - vessel_data_pipeline - INFO - Verified access to Departed_in_last_36_hours.xml
2025-10-29 23:38:54,076 - vessel_data_pipeline - INFO - Verified access to Expected_arrivals.xml
2025-10-29 23:38:54,372 - vessel_data_pipeline - INFO - Verified access to Expected_departures.xml
2025-10-29 23:38:54,372 - vessel_data_pipeline - INFO - Discovered 4 XML files for download
2025-10-29 23:38:54,373 - vessel_data_pipeline - INFO - Downloading Arrived_in_last_36_hours.xml (attempt 1/3)
2025-10-29 23:38:54,670 - vessel_data_pipeline - INFO - File temp_Arrived_in_last_36_hours.xml passed validation checks
2025-10-29 23:38:54,671 - vessel_data_pipeline - INFO - Created backup: Arrived_in_last_36_hours_20251029_233854.xml
2025-10-29 23:38:54,672 - vessel_data_pipeline - INFO - Updated metadata for Arrived_in_last_36_hours.xml
2025-10-29 23:38:54,672 - vessel_data_pipeline - INFO - Successfully downloaded and validated Arrived_in_last_36_hours.xml
2025-10-29 23:38:56,678 - vessel_data_pipeline - INFO - Downloading Departed_in_last_36_hours.xml (attempt 1/3)
2025-10-29 23:38:57,786 - vessel_data_pipeline - INFO - File temp_Departed_in_last_36_hours.xml passed validation checks
2025-10-29 23:38:57,786 - vessel_data_pipeline - INFO - Created backup: Departed_in_last_36_hours_20251029_233857.xml
2025-10-29 23:38:57,787 - vessel_data_pipeline - INFO - Updated metadata for Departed_in_last_36_hours.xml
2025-10-29 23:38:57,787 - vessel_data_pipeline - INFO - Successfully downloaded and validated Departed_in_last_36_hours.xml
2025-10-29 23:38:59,797 - vessel_data_pipeline - INFO - Downloading Expected_arrivals.xml (attempt 1/3)
2025-10-29 23:39:00,544 - vessel_data_pipeline - INFO - File temp_Expected_arrivals.xml passed validation checks
2025-10-29 23:39:00,544 - vessel_data_pipeline - INFO - Created backup: Expected_arrivals_20251029_233900.xml
2025-10-29 23:39:00,545 - vessel_data_pipeline - INFO - Updated metadata for Expected_arrivals.xml
2025-10-29 23:39:00,545 - vessel_data_pipeline - INFO - Successfully downloaded and validated Expected_arrivals.xml
2025-10-29 23:39:02,546 - vessel_data_pipeline - INFO - Downloading Expected_departures.xml (attempt 1/3)
2025-10-29 23:39:03,141 - vessel_data_pipeline - INFO - File temp_Expected_departures.xml passed validation checks
2025-10-29 23:39:03,141 - vessel_data_pipeline - INFO - Created backup: Expected_departures_20251029_233903.xml
2025-10-29 23:39:03,141 - vessel_data_pipeline - INFO - Updated metadata for Expected_departures.xml
2025-10-29 23:39:03,141 - vessel_data_pipeline - INFO - Successfully downloaded and validated Expected_departures.xml
2025-10-29 23:39:05,152 - vessel_data_pipeline - INFO - Fetch operation completed. Results: {'Arrived_in_last_36_hours.xml': True, 'Departed_in_last_36_hours.xml': True, 'Expected_arrivals.xml': True, 'Expected_departures.xml': True}
2025-10-29 23:39:05,175 - vessel_data_pipeline - INFO - VesselDataFetcher initialized. Pipeline enabled: True
2025-10-29 23:39:05,176 - vessel_data_pipeline - INFO - Starting vessel data fetch operation
2025-10-29 23:39:05,176 - vessel_data_pipeline - INFO - Discovering XML files from Hong Kong Marine Department portal
2025-10-29 23:39:05,684 - vessel_data_pipeline - INFO - Verified access to Arrived_in_last_36_hours.xml
2025-10-29 23:39:06,578 - vessel_data_pipeline - INFO - Verified access to Departed_in_last_36_hours.xml
2025-10-29 23:39:07,062 - vessel_data_pipeline - INFO - Verified access to Expected_arrivals.xml
2025-10-29 23:39:07,350 - vessel_data_pipeline - INFO - Verified access to Expected_departures.xml
2025-10-29 23:39:07,351 - vessel_data_pipeline - INFO - Discovered 4 XML files for download
2025-10-29 23:39:07,351 - vessel_data_pipeline - INFO - Downloading Arrived_in_last_36_hours.xml (attempt 1/3)
2025-10-29 23:39:07,645 - vessel_data_pipeline - INFO - File temp_Arrived_in_last_36_hours.xml passed validation checks
2025-10-29 23:39:07,646 - vessel_data_pipeline - INFO - Created backup: Arrived_in_last_36_hours_20251029_233907.xml
2025-10-29 23:39:07,647 - vessel_data_pipeline - INFO - Updated metadata for Arrived_in_last_36_hours.xml
2025-10-29 23:39:07,647 - vessel_data_pipeline - INFO - Successfully downloaded and validated Arrived_in_last_36_hours.xml
2025-10-29 23:39:09,652 - vessel_data_pipeline - INFO - Downloading Departed_in_last_36_hours.xml (attempt 1/3)
2025-10-29 23:39:11,206 - vessel_data_pipeline - INFO - File temp_Departed_in_last_36_hours.xml passed validation checks
2025-10-29 23:39:11,207 - vessel_data_pipeline - INFO - Created backup: Departed_in_last_36_hours_20251029_233911.xml
2025-10-29 23:39:11,208 - vessel_data_pipeline - INFO - Updated metadata for Departed_in_last_36_hours.xml
2025-10-29 23:39:11,208 - vessel_data_pipeline - INFO - Successfully downloaded and validated Departed_in_last_36_hours.xml
2025-10-29 23:39:13,219 - vessel_data_pipeline - INFO - Downloading Expected_arrivals.xml (attempt 1/3)
2025-10-29 23:39:13,491 - vessel_data_pipeline - INFO - File temp_Expected_arrivals.xml passed validation checks
2025-10-29 23:39:13,492 - vessel_data_pipeline - INFO - Created backup: Expected_arrivals_20251029_233913.xml
2025-10-29 23:39:13,492 - vessel_data_pipeline - INFO - Updated metadata for Expected_arrivals.xml
2025-10-29 23:39:13,492 - vessel_data_pipeline - INFO - Successfully downloaded and validated Expected_arrivals.xml
2025-10-29 23:39:15,502 - vessel_data_pipeline - INFO - Downloading Expected_departures.xml (attempt 1/3)
2025-10-29 23:39:15,765 - vessel_data_pipeline - INFO - File temp_Expected_departures.xml passed validation checks
2025-10-29 23:39:15,765 - vessel_data_pipeline - INFO - Created backup: Expected_departures_20251029_233915.xml
2025-10-29 23:39:15,765 - vessel_data_pipeline - INFO - Updated metadata for Expected_departures.xml
2025-10-29 23:39:15,765 - vessel_data_pipeline - INFO - Successfully downloaded and validated Expected_departures.xml
2025-10-29 23:39:17,776 - vessel_data_pipeline - INFO - Fetch operation completed. Results: {'Arrived_in_last_36_hours.xml': True, 'Departed_in_last_36_hours.xml': True, 'Expected_arrivals.xml': True, 'Expected_departures.xml': True}
2025-10-29 23:39:17,787 - vessel_data_pipeline - INFO - VesselDataFetcher initialized. Pipeline enabled: True
2025-10-29 23:39:17,788 - vessel_data_pipeline - INFO - Starting vessel data fetch operation
2025-10-29 23:39:17,788 - vessel_data_pipeline - INFO - Discovering XML files from Hong Kong Marine Department portal
2025-10-29 23:39:18,504 - vessel_data_pipeline - INFO - Verified access to Arrived_in_last_36_hours.xml
2025-10-29 23:39:19,186 - vessel_data_pipeline - INFO - Verified access to Departed_in_last_36_hours.xml
2025-10-29 23:39:19,774 - vessel_data_pipeline - INFO - Verified access to Expected_arrivals.xml
2025-10-29 23:39:20,053 - vessel_data_pipeline - INFO - Verified access to Expected_departures.xml
2025-10-29 23:39:20,053 - vessel_data_pipeline - INFO - Discovered 4 XML files for download
2025-10-29 23:39:20,053 - vessel_data_pipeline - INFO - Downloading Arrived_in_last_36_hours.xml (attempt 1/3)
2025-10-29 23:39:20,355 - vessel_data_pipeline - INFO - File temp_Arrived_in_last_36_hours.xml passed validation checks
2025-10-29 23:39:20,357 - vessel_data_pipeline - INFO - Created backup: Arrived_in_last_36_hours_20251029_233920.xml
2025-10-29 23:39:20,358 - vessel_data_pipeline - INFO - Updated metadata for Arrived_in_last_36_hours.xml
2025-10-29 23:39:20,358 - vessel_data_pipeline - INFO - Successfully downloaded and validated Arrived_in_last_36_hours.xml
2025-10-29 23:39:22,367 - vessel_data_pipeline - INFO - Downloading Departed_in_last_36_hours.xml (attempt 1/3)
2025-10-29 23:39:22,882 - vessel_data_pipeline - INFO - File temp_Departed_in_last_36_hours.xml passed validation checks
2025-10-29 23:39:22,882 - vessel_data_pipeline - INFO - Created backup: Departed_in_last_36_hours_20251029_233922.xml
2025-10-29 23:39:22,883 - vessel_data_pipeline - INFO - Updated metadata for Departed_in_last_36_hours.xml
2025-10-29 23:39:22,883 - vessel_data_pipeline - INFO - Successfully downloaded and validated Departed_in_last_36_hours.xml
2025-10-29 23:39:24,893 - vessel_data_pipeline - INFO - Downloading Expected_arrivals.xml (attempt 1/3)
2025-10-29 23:39:25,170 - vessel_data_pipeline - INFO - File temp_Expected_arrivals.xml passed validation checks
2025-10-29 23:39:25,170 - vessel_data_pipeline - INFO - Created backup: Expected_arrivals_20251029_233925.xml
2025-10-29 23:39:25,170 - vessel_data_pipeline - INFO - Updated metadata for Expected_arrivals.xml
2025-10-29 23:39:25,170 - vessel_data_pipeline - INFO - Successfully downloaded and validated Expected_arrivals.xml
2025-10-29 23:39:27,173 - vessel_data_pipeline - INFO - Downloading Expected_departures.xml (attempt 1/3)
2025-10-29 23:39:27,460 - vessel_data_pipeline - INFO - File temp_Expected_departures.xml passed validation checks
2025-10-29 23:39:27,461 - vessel_data_pipeline - INFO - Created backup: Expected_departures_20251029_233927.xml
2025-10-29 23:39:27,461 - vessel_data_pipeline - INFO - Updated metadata for Expected_departures.xml
2025-10-29 23:39:27,461 - vessel_data_pipeline - INFO - Successfully downloaded and validated Expected_departures.xml
2025-10-29 23:39:29,464 - vessel_data_pipeline - INFO - Fetch operation completed. Results: {'Arrived_in_last_36_hours.xml': True, 'Departed_in_last_36_hours.xml': True, 'Expected_arrivals.xml': True, 'Expected_departures.xml': True}
