{
  "container_throughput_teu_hour": [
    36.38186390659823,
    43.49280696416707,
    48.09663399296438,
    46.45326261822786,
    47.57534725488874,
    48.47045529405423,
    39.8003676515434,
    45.48699604986989,
    47.760347396862755,
    41.588572290919664,
    46.49310379236605,
    49.71646483419239
  ],
  "berth_utilization_rate": [
    55.624515565287,
    78.28089079741693,
    73.91747567927064,
    85.35766382091097,
    85.02242676680535,
    70.66498913895863,
    67.285041344197,
    59.378254392276766,
    36.66607748896827,
    50.96592299919951,
    53.83388251849403,
    51.556906854006925
  ],
  "ship_turnaround_time": [
    20.275908674619483,
    19.851346242510594,
    28.147114722189908,
    22.425808684024858,
    23.567076048238235,
    31.45048183596702,
    26.376307397805977,
    21.946377200117112,
    26.33856304507453,
    20.758636108326183,
    22.001544744590618,
    21.787322410105748
  ],
  "queue_waiting_time": [
    3.569708721090442,
    4.398292781937222,
    5.274251934543207,
    5.2826274256536445,
    4.514146865969961,
    3.949793934297034,
    5.011672296625525,
    3.8392785002035517,
    4.967882966990258,
    3.7094370350217236,
    3.5332341926867077,
    4.681887819317101
  ],
  "crane_productivity": [
    26.631935455568453,
    34.287517531818615,
    26.27571168868949,
    29.322114865732267,
    18.052164077038277,
    25.01729106129619,
    28.17794003800939,
    27.752731038301818,
    22.015405497421597,
    24.988168616319584,
    20.253544402805016,
    30.983741290574272
  ],
  "yard_utilization": [
    72.74469275250233,
    77.29825109259046,
    87.41280870390784,
    65.37937265621946,
    64.62449308072695,
    73.38853464270836,
    63.81958797803142,
    70.30571159753863,
    56.323008170135694,
    62.29226426118198,
    46.87821063656017,
    74.07427441527952
  ],
  "energy_efficiency": [
    10.979496002018672,
    18.06015249732558,
    18.430655580175383,
    16.076340295296273,
    15.216524995506276,
    14.579232780391514,
    17.97988388436022,
    13.680128036587705,
    12.40953026382106,
    15.737768225587011,
    14.219233119191605,
    12.464208101469394
  ],
  "cost_per_teu": [
    101.9618018050725,
    105.53483582913232,
    135.2714616263445,
    122.13657804620178,
    129.79746283955808,
    160.96493196696088,
    88.06051835922021,
    113.68859667527104,
    96.42919597061801,
    110.24009926544782,
    107.37605540569383,
    106.94637352988994
  ]
}