{
  "container_throughput_teu_hour": [
    53.1896240581022,
    40.606742523690585,
    48.648614669542496,
    48.89112105066158,
    33.78232018594306,
    50.3030774747721,
    47.92299399876086,
    52.95277085753987,
    38.273722891853424,
    40.3130830619557,
    44.22339925963656,
    48.76268187900035
  ],
  "berth_utilization_rate": [
    62.83910265516235,
    76.69993154698545,
    61.368269895908924,
    73.58148668088297,
    63.318497189535336,
    71.11348821300673,
    67.43529772362112,
    69.64930177037532,
    67.98662410076808,
    42.50633055704051,
    69.46238169103442,
    69.85546189903215
  ],
  "ship_turnaround_time": [
    23.475322016417334,
    35.31239607237319,
    25.71162752103229,
    22.292953641989865,
    27.508060635006938,
    32.98969024405973,
    26.51981307629064,
    21.467923409177367,
    20.280401217723217,
    23.953857975373094,
    18.68611720047063,
    23.261066632862036
  ],
  "queue_waiting_time": [
    4.423602603678328,
    5.121921914117914,
    4.206269634626991,
    5.529519513797333,
    4.613453507565152,
    4.479625793511071,
    4.275162964046223,
    4.5551408513430225,
    4.417866308102704,
    3.7928980063070137,
    3.787277524430687,
    4.768256608519788
  ],
  "crane_productivity": [
    26.19762787705859,
    21.665841133352448,
    24.376811933060146,
    30.43601243833738,
    22.957409423806887,
    26.972312865775343,
    26.5864919528868,
    19.963499890877735,
    26.89413451266644,
    26.387557590811486,
    19.82314522321508,
    23.720305068465613
  ],
  "yard_utilization": [
    63.01094105581309,
    83.54462559888337,
    57.183567210142044,
    71.9882119465925,
    60.97970093618236,
    89.03655229419479,
    81.17865961810485,
    85.00861637584529,
    69.34016258398043,
    52.29193083341521,
    57.01695980983655,
    62.25647211688592
  ],
  "energy_efficiency": [
    15.07438666147139,
    13.159755858066864,
    19.307607668632606,
    15.13673074106704,
    18.55324046626493,
    14.562110649945843,
    16.758685975057208,
    17.6408762417875,
    13.783762030780887,
    12.730144976677147,
    11.18857763307272,
    14.271013227341946
  ],
  "cost_per_teu": [
    107.76948873219064,
    122.15287856402415,
    134.4880350354114,
    138.96402420822568,
    117.8176539387077,
    128.0214801563402,
    110.39274041426611,
    100.60548026994549,
    111.21876286884988,
    108.42422042767502,
    117.73549794364868,
    113.52401354118889
  ]
}