{
  "container_throughput_teu_hour": [
    36.88105264172039,
    46.07738163495274,
    60.65597227298449,
    49.715493357751555,
    50.668631774729256,
    43.67681115769753,
    41.985715446357645,
    33.53749319245928,
    38.7765407252591,
    38.47313283475136,
    48.94512138784095,
    29.66624551223726
  ],
  "berth_utilization_rate": [
    64.67069555681776,
    67.70921364633573,
    89.61127773302056,
    76.41009177356817,
    74.90138968994549,
    70.12050093976626,
    60.39156569551564,
    41.29306520821568,
    63.695576047481765,
    40.99370170744018,
    67.22727146306188,
    49.34149928013066
  ],
  "ship_turnaround_time": [
    24.89837099434974,
    26.03108483360361,
    29.344105161096827,
    30.291818083252316,
    26.229458766067697,
    20.335271541617736,
    26.111380542813496,
    26.594481918718934,
    24.444562289883418,
    22.88754888773985,
    16.56869862796948,
    22.18437265129705
  ],
  "queue_waiting_time": [
    3.9048705848700345,
    4.68314154408081,
    3.594421038789134,
    5.415378002465968,
    4.368792406954815,
    5.646466788346809,
    3.493665244360785,
    3.725795587012345,
    4.718781567723427,
    3.1090816141577187,
    4.075632783440944,
    4.300631148102998
  ],
  "crane_productivity": [
    24.42136245595545,
    30.596006240945584,
    30.81795771008717,
    30.007894174385715,
    31.043985396027495,
    28.147242382813765,
    27.38716141436655,
    25.00320784996397,
    26.32602280731423,
    21.543536944756834,
    20.29539222851192,
    25.142350987514668
  ],
  "yard_utilization": [
    80.85405827891408,
    91.16061958016095,
    58.60297899647764,
    66.46130514216833,
    60.7078254618873,
    86.14868422861849,
    86.62721734739318,
    57.14284071895914,
    70.19316623232734,
    56.06832983366375,
    68.66735988929422,
    73.95511699049896
  ],
  "energy_efficiency": [
    16.05515003949361,
    13.677292979889394,
    13.611407946100602,
    14.7272827774933,
    20.03571611482851,
    14.819144454390614,
    12.780708977047201,
    19.154767105375104,
    10.352910262400945,
    15.236633417036987,
    8.748416032793207,
    13.92745680696581
  ],
  "cost_per_teu": [
    116.72168212893597,
    108.89773830453223,
    108.57144918226983,
    113.51697537555322,
    140.98901147986967,
    123.34626090590001,
    122.91095431824223,
    120.72364084337514,
    123.90684892193687,
    128.02817101233182,
    90.50831915542223,
    131.89041872817154
  ]
}